{
"type": "FeatureCollection",
"name": "potential_heritage_precaution",
"crs": { "type": "name", "properties": { "name": "urn:ogc:def:crs:EPSG::7844" } },
"features": [
{ "type": "Feature", "properties": { "potential_heritage_precaution_level": 1.0, "hazard_score": 2.0, "hazard_level": 1.0, "granite_score": 2, "potential_heritage_precaution_score": 0.33333333333333331 }, "geometry": { "type": "MultiPolygon", "coordinates": [ [ [ [ 117.814970088, -35.125633354219779 ], [ 117.814970088, -35.124757741263736 ], [ 117.814970088, -35.123882128307692 ], [ 117.814970088, -35.123006515351648 ], [ 117.814970088, -35.122130902395604 ], [ 117.814970088, -35.12125528943956 ], [ 117.814970088, -35.120379676483516 ], [ 117.814970088, -35.119504063527472 ], [ 117.814970088, -35.118628450571428 ], [ 117.814970088, -35.117752837615384 ], [ 117.814970088, -35.116877224659341 ], [ 117.814970088, -35.116001611703297 ], [ 117.814970088, -35.115125998747253 ], [ 117.814970088, -35.114250385791209 ], [ 117.814970088, -35.113374772835165 ], [ 117.814970088, -35.112499159879121 ], [ 117.814970088, -35.111623546923077 ], [ 117.814970088, -35.110747933967033 ], [ 117.814970088, -35.10987232101099 ], [ 117.814970088, -35.108996708054946 ], [ 117.814970088, -35.108121095098902 ], [ 117.814970088, -35.107245482142858 ], [ 117.814970088, -35.106369869186814 ], [ 117.814970088, -35.10549425623077 ], [ 117.814970088, -35.104618643274726 ], [ 117.814970088, -35.103743030318682 ], [ 117.814970088, -35.102867417362638 ], [ 117.814970088, -35.101991804406595 ], [ 117.814970088, -35.101116191450551 ], [ 117.814970088, -35.100240578494507 ], [ 117.814970088, -35.099364965538463 ], [ 117.814970088, -35.098489352582419 ], [ 117.814970088, -35.097613739626375 ], [ 117.814970088, -35.096738126670331 ], [ 117.814970088, -35.095862513714287 ], [ 117.814970088, -35.094986900758244 ], [ 117.814970088, -35.0941112878022 ], [ 117.814970088, -35.093235674846156 ], [ 117.814970088, -35.092360061890112 ], [ 117.814970088, -35.091484448934068 ], [ 117.814970088, -35.090608835978024 ], [ 117.814970088, -35.089733223021973 ], [ 117.814970088, -35.088857610065929 ], [ 117.814970088, -35.087981997109885 ], [ 117.814970088, -35.087106384153842 ], [ 117.814970088, -35.086230771197798 ], [ 117.814970088, -35.085355158241754 ], [ 117.814970088, -35.08447954528571 ], [ 117.814970088, -35.083603932329666 ], [ 117.814970088, -35.082728319373622 ], [ 117.814970088, -35.081852706417578 ], [ 117.814970088, -35.080977093461534 ], [ 117.814970088, -35.08010148050549 ], [ 117.814970088, -35.079225867549447 ], [ 117.814970088, -35.078350254593403 ], [ 117.814970088, -35.077474641637359 ], [ 117.814970088, -35.076599028681315 ], [ 117.815845700962342, -35.076599028681315 ], [ 117.815845700962342, -35.077474641637359 ], [ 117.816721313924688, -35.077474641637359 ], [ 117.816721313924688, -35.078350254593403 ], [ 117.816721313924688, -35.079225867549447 ], [ 117.81759692688702, -35.079225867549447 ], [ 117.81759692688702, -35.078350254593403 ], [ 117.818472539849367, -35.078350254593403 ], [ 117.819348152811713, -35.078350254593403 ], [ 117.819348152811713, -35.079225867549447 ], [ 117.82022376577406, -35.079225867549447 ], [ 117.821099378736392, -35.079225867549447 ], [ 117.821974991698738, -35.079225867549447 ], [ 117.821974991698738, -35.08010148050549 ], [ 117.822850604661085, -35.08010148050549 ], [ 117.822850604661085, -35.080977093461534 ], [ 117.823726217623431, -35.080977093461534 ], [ 117.824601830585763, -35.080977093461534 ], [ 117.824601830585763, -35.081852706417578 ], [ 117.82547744354811, -35.081852706417578 ], [ 117.826353056510456, -35.081852706417578 ], [ 117.827228669472802, -35.081852706417578 ], [ 117.827228669472802, -35.082728319373622 ], [ 117.828104282435149, -35.082728319373622 ], [ 117.828979895397481, -35.082728319373622 ], [ 117.828979895397481, -35.083603932329666 ], [ 117.829855508359827, -35.083603932329666 ], [ 117.830731121322174, -35.083603932329666 ], [ 117.83160673428452, -35.083603932329666 ], [ 117.83160673428452, -35.08447954528571 ], [ 117.832482347246852, -35.08447954528571 ], [ 117.833357960209199, -35.08447954528571 ], [ 117.833357960209199, -35.085355158241754 ], [ 117.834233573171545, -35.085355158241754 ], [ 117.834233573171545, -35.086230771197798 ], [ 117.835109186133892, -35.086230771197798 ], [ 117.835984799096224, -35.086230771197798 ], [ 117.83686041205857, -35.086230771197798 ], [ 117.83686041205857, -35.087106384153842 ], [ 117.837736025020916, -35.087106384153842 ], [ 117.838611637983263, -35.087106384153842 ], [ 117.838611637983263, -35.087981997109885 ], [ 117.838611637983263, -35.088857610065929 ], [ 117.839487250945609, -35.088857610065929 ], [ 117.840362863907941, -35.088857610065929 ], [ 117.841238476870288, -35.088857610065929 ], [ 117.841238476870288, -35.089733223021973 ], [ 117.842114089832634, -35.089733223021973 ], [ 117.842989702794981, -35.089733223021973 ], [ 117.842989702794981, -35.090608835978024 ], [ 117.843865315757313, -35.090608835978024 ], [ 117.843865315757313, -35.091484448934068 ], [ 117.844740928719659, -35.091484448934068 ], [ 117.845616541682006, -35.091484448934068 ], [ 117.846492154644352, -35.091484448934068 ], [ 117.846492154644352, -35.092360061890112 ], [ 117.846492154644352, -35.093235674846156 ], [ 117.846492154644352, -35.0941112878022 ], [ 117.847367767606684, -35.0941112878022 ], [ 117.847367767606684, -35.093235674846156 ], [ 117.848243380569031, -35.093235674846156 ], [ 117.849118993531377, -35.093235674846156 ], [ 117.849994606493723, -35.093235674846156 ], [ 117.849994606493723, -35.0941112878022 ], [ 117.85087021945607, -35.0941112878022 ], [ 117.85087021945607, -35.094986900758244 ], [ 117.85087021945607, -35.095862513714287 ], [ 117.85087021945607, -35.096738126670331 ], [ 117.85087021945607, -35.097613739626375 ], [ 117.851745832418402, -35.097613739626375 ], [ 117.851745832418402, -35.098489352582419 ], [ 117.852621445380748, -35.098489352582419 ], [ 117.853497058343095, -35.098489352582419 ], [ 117.854372671305441, -35.098489352582419 ], [ 117.854372671305441, -35.099364965538463 ], [ 117.855248284267773, -35.099364965538463 ], [ 117.855248284267773, -35.100240578494507 ], [ 117.85612389723012, -35.100240578494507 ], [ 117.85612389723012, -35.101116191450551 ], [ 117.856999510192466, -35.101116191450551 ], [ 117.857875123154813, -35.101116191450551 ], [ 117.858750736117145, -35.101116191450551 ], [ 117.858750736117145, -35.101991804406595 ], [ 117.859626349079491, -35.101991804406595 ], [ 117.860501962041837, -35.101991804406595 ], [ 117.860501962041837, -35.102867417362638 ], [ 117.861377575004184, -35.102867417362638 ], [ 117.861377575004184, -35.103743030318682 ], [ 117.86225318796653, -35.103743030318682 ], [ 117.86225318796653, -35.104618643274726 ], [ 117.863128800928862, -35.104618643274726 ], [ 117.863128800928862, -35.10549425623077 ], [ 117.863128800928862, -35.106369869186814 ], [ 117.864004413891209, -35.106369869186814 ], [ 117.864880026853555, -35.106369869186814 ], [ 117.864880026853555, -35.107245482142858 ], [ 117.864880026853555, -35.108121095098902 ], [ 117.865755639815902, -35.108121095098902 ], [ 117.865755639815902, -35.108996708054946 ], [ 117.866631252778234, -35.108996708054946 ], [ 117.86750686574058, -35.108996708054946 ], [ 117.868382478702927, -35.108996708054946 ], [ 117.868382478702927, -35.108121095098902 ], [ 117.869258091665273, -35.108121095098902 ], [ 117.870133704627619, -35.108121095098902 ], [ 117.871009317589952, -35.108121095098902 ], [ 117.871009317589952, -35.107245482142858 ], [ 117.871884930552298, -35.107245482142858 ], [ 117.871884930552298, -35.106369869186814 ], [ 117.872760543514644, -35.106369869186814 ], [ 117.873636156476991, -35.106369869186814 ], [ 117.873636156476991, -35.107245482142858 ], [ 117.874511769439323, -35.107245482142858 ], [ 117.875387382401669, -35.107245482142858 ], [ 117.876262995364016, -35.107245482142858 ], [ 117.876262995364016, -35.108121095098902 ], [ 117.876262995364016, -35.108996708054946 ], [ 117.877138608326362, -35.108996708054946 ], [ 117.878014221288694, -35.108996708054946 ], [ 117.878014221288694, -35.108121095098902 ], [ 117.878889834251041, -35.108121095098902 ], [ 117.879765447213387, -35.108121095098902 ], [ 117.880641060175734, -35.108121095098902 ], [ 117.88151667313808, -35.108121095098902 ], [ 117.88151667313808, -35.108996708054946 ], [ 117.882392286100412, -35.108996708054946 ], [ 117.883267899062758, -35.108996708054946 ], [ 117.884143512025105, -35.108996708054946 ], [ 117.884143512025105, -35.10987232101099 ], [ 117.884143512025105, -35.110747933967033 ], [ 117.884143512025105, -35.111623546923077 ], [ 117.885019124987451, -35.111623546923077 ], [ 117.885894737949783, -35.111623546923077 ], [ 117.885894737949783, -35.112499159879121 ], [ 117.88677035091213, -35.112499159879121 ], [ 117.88677035091213, -35.113374772835165 ], [ 117.88677035091213, -35.114250385791209 ], [ 117.887645963874476, -35.114250385791209 ], [ 117.888521576836823, -35.114250385791209 ], [ 117.889397189799155, -35.114250385791209 ], [ 117.889397189799155, -35.115125998747253 ], [ 117.889397189799155, -35.116001611703297 ], [ 117.890272802761501, -35.116001611703297 ], [ 117.891148415723848, -35.116001611703297 ], [ 117.892024028686194, -35.116001611703297 ], [ 117.89289964164854, -35.116001611703297 ], [ 117.893775254610873, -35.116001611703297 ], [ 117.893775254610873, -35.116877224659341 ], [ 117.894650867573219, -35.116877224659341 ], [ 117.894650867573219, -35.117752837615384 ], [ 117.895526480535565, -35.117752837615384 ], [ 117.895526480535565, -35.118628450571428 ], [ 117.896402093497912, -35.118628450571428 ], [ 117.897277706460244, -35.118628450571428 ], [ 117.89815331942259, -35.118628450571428 ], [ 117.89815331942259, -35.119504063527472 ], [ 117.899028932384937, -35.119504063527472 ], [ 117.899028932384937, -35.120379676483516 ], [ 117.899904545347283, -35.120379676483516 ], [ 117.899904545347283, -35.119504063527472 ], [ 117.899904545347283, -35.118628450571428 ], [ 117.900780158309615, -35.118628450571428 ], [ 117.901655771271962, -35.118628450571428 ], [ 117.901655771271962, -35.117752837615384 ], [ 117.900780158309615, -35.117752837615384 ], [ 117.900780158309615, -35.116877224659341 ], [ 117.900780158309615, -35.116001611703297 ], [ 117.901655771271962, -35.116001611703297 ], [ 117.902531384234308, -35.116001611703297 ], [ 117.903406997196655, -35.116001611703297 ], [ 117.904282610159001, -35.116001611703297 ], [ 117.905158223121333, -35.116001611703297 ], [ 117.905158223121333, -35.116877224659341 ], [ 117.906033836083679, -35.116877224659341 ], [ 117.906033836083679, -35.116001611703297 ], [ 117.906033836083679, -35.115125998747253 ], [ 117.906033836083679, -35.114250385791209 ], [ 117.906033836083679, -35.113374772835165 ], [ 117.906033836083679, -35.112499159879121 ], [ 117.906909449046026, -35.112499159879121 ], [ 117.906909449046026, -35.113374772835165 ], [ 117.907785062008372, -35.113374772835165 ], [ 117.907785062008372, -35.114250385791209 ], [ 117.908660674970704, -35.114250385791209 ], [ 117.908660674970704, -35.113374772835165 ], [ 117.909536287933051, -35.113374772835165 ], [ 117.909536287933051, -35.114250385791209 ], [ 117.910411900895397, -35.114250385791209 ], [ 117.911287513857744, -35.114250385791209 ], [ 117.911287513857744, -35.115125998747253 ], [ 117.911287513857744, -35.116001611703297 ], [ 117.912163126820076, -35.116001611703297 ], [ 117.913038739782422, -35.116001611703297 ], [ 117.913914352744769, -35.116001611703297 ], [ 117.913914352744769, -35.116877224659341 ], [ 117.914789965707115, -35.116877224659341 ], [ 117.915665578669461, -35.116877224659341 ], [ 117.915665578669461, -35.116001611703297 ], [ 117.916541191631794, -35.116001611703297 ], [ 117.91741680459414, -35.116001611703297 ], [ 117.918292417556486, -35.116001611703297 ], [ 117.919168030518833, -35.116001611703297 ], [ 117.920043643481165, -35.116001611703297 ], [ 117.920919256443511, -35.116001611703297 ], [ 117.920919256443511, -35.116877224659341 ], [ 117.920919256443511, -35.117752837615384 ], [ 117.920919256443511, -35.118628450571428 ], [ 117.920919256443511, -35.119504063527472 ], [ 117.921794869405858, -35.119504063527472 ], [ 117.921794869405858, -35.120379676483516 ], [ 117.920919256443511, -35.120379676483516 ], [ 117.920919256443511, -35.12125528943956 ], [ 117.921794869405858, -35.12125528943956 ], [ 117.922670482368204, -35.12125528943956 ], [ 117.923546095330536, -35.12125528943956 ], [ 117.924421708292883, -35.12125528943956 ], [ 117.924421708292883, -35.122130902395604 ], [ 117.925297321255229, -35.122130902395604 ], [ 117.925297321255229, -35.12125528943956 ], [ 117.926172934217576, -35.12125528943956 ], [ 117.927048547179922, -35.12125528943956 ], [ 117.927924160142254, -35.12125528943956 ], [ 117.9287997731046, -35.12125528943956 ], [ 117.929675386066947, -35.12125528943956 ], [ 117.930550999029293, -35.12125528943956 ], [ 117.931426611991625, -35.12125528943956 ], [ 117.931426611991625, -35.120379676483516 ], [ 117.932302224953972, -35.120379676483516 ], [ 117.932302224953972, -35.119504063527472 ], [ 117.933177837916318, -35.119504063527472 ], [ 117.933177837916318, -35.118628450571428 ], [ 117.934053450878665, -35.118628450571428 ], [ 117.934929063840997, -35.118628450571428 ], [ 117.935804676803343, -35.118628450571428 ], [ 117.93668028976569, -35.118628450571428 ], [ 117.937555902728036, -35.118628450571428 ], [ 117.938431515690382, -35.118628450571428 ], [ 117.938431515690382, -35.117752837615384 ], [ 117.938431515690382, -35.116877224659341 ], [ 117.939307128652715, -35.116877224659341 ], [ 117.940182741615061, -35.116877224659341 ], [ 117.940182741615061, -35.116001611703297 ], [ 117.941058354577407, -35.116001611703297 ], [ 117.941058354577407, -35.116877224659341 ], [ 117.941058354577407, -35.117752837615384 ], [ 117.941058354577407, -35.118628450571428 ], [ 117.941058354577407, -35.119504063527472 ], [ 117.941058354577407, -35.120379676483516 ], [ 117.941058354577407, -35.12125528943956 ], [ 117.941933967539754, -35.12125528943956 ], [ 117.942809580502086, -35.12125528943956 ], [ 117.943685193464432, -35.12125528943956 ], [ 117.944560806426779, -35.12125528943956 ], [ 117.945436419389125, -35.12125528943956 ], [ 117.946312032351457, -35.12125528943956 ], [ 117.946312032351457, -35.122130902395604 ], [ 117.946312032351457, -35.123006515351648 ], [ 117.945436419389125, -35.123006515351648 ], [ 117.945436419389125, -35.123882128307692 ], [ 117.944560806426779, -35.123882128307692 ], [ 117.944560806426779, -35.124757741263736 ], [ 117.944560806426779, -35.125633354219779 ], [ 117.944560806426779, -35.126508967175823 ], [ 117.945436419389125, -35.126508967175823 ], [ 117.945436419389125, -35.127384580131867 ], [ 117.946312032351457, -35.127384580131867 ], [ 117.946312032351457, -35.128260193087911 ], [ 117.947187645313804, -35.128260193087911 ], [ 117.94806325827615, -35.128260193087911 ], [ 117.948938871238497, -35.128260193087911 ], [ 117.949814484200843, -35.128260193087911 ], [ 117.950690097163175, -35.128260193087911 ], [ 117.950690097163175, -35.127384580131867 ], [ 117.951565710125521, -35.127384580131867 ], [ 117.952441323087868, -35.127384580131867 ], [ 117.953316936050214, -35.127384580131867 ], [ 117.953316936050214, -35.126508967175823 ], [ 117.954192549012546, -35.126508967175823 ], [ 117.954192549012546, -35.125633354219779 ], [ 117.954192549012546, -35.124757741263736 ], [ 117.954192549012546, -35.123882128307692 ], [ 117.954192549012546, -35.123006515351648 ], [ 117.954192549012546, -35.122130902395604 ], [ 117.955068161974893, -35.122130902395604 ], [ 117.955943774937239, -35.122130902395604 ], [ 117.956819387899586, -35.122130902395604 ], [ 117.957695000861918, -35.122130902395604 ], [ 117.958570613824264, -35.122130902395604 ], [ 117.959446226786611, -35.122130902395604 ], [ 117.959446226786611, -35.12125528943956 ], [ 117.960321839748957, -35.12125528943956 ], [ 117.961197452711303, -35.12125528943956 ], [ 117.961197452711303, -35.120379676483516 ], [ 117.962073065673636, -35.120379676483516 ], [ 117.962073065673636, -35.119504063527472 ], [ 117.962948678635982, -35.119504063527472 ], [ 117.963824291598328, -35.119504063527472 ], [ 117.963824291598328, -35.118628450571428 ], [ 117.964699904560675, -35.118628450571428 ], [ 117.965575517523007, -35.118628450571428 ], [ 117.966451130485353, -35.118628450571428 ], [ 117.966451130485353, -35.117752837615384 ], [ 117.966451130485353, -35.116877224659341 ], [ 117.9673267434477, -35.116877224659341 ], [ 117.9673267434477, -35.116001611703297 ], [ 117.968202356410046, -35.116001611703297 ], [ 117.968202356410046, -35.116877224659341 ], [ 117.969077969372378, -35.116877224659341 ], [ 117.969077969372378, -35.116001611703297 ], [ 117.969077969372378, -35.115125998747253 ], [ 117.969953582334725, -35.115125998747253 ], [ 117.969953582334725, -35.114250385791209 ], [ 117.969953582334725, -35.113374772835165 ], [ 117.969953582334725, -35.112499159879121 ], [ 117.969953582334725, -35.111623546923077 ], [ 117.969077969372378, -35.111623546923077 ], [ 117.969077969372378, -35.110747933967033 ], [ 117.968202356410046, -35.110747933967033 ], [ 117.968202356410046, -35.10987232101099 ], [ 117.9673267434477, -35.10987232101099 ], [ 117.9673267434477, -35.108996708054946 ], [ 117.968202356410046, -35.108996708054946 ], [ 117.969077969372378, -35.108996708054946 ], [ 117.969077969372378, -35.108121095098902 ], [ 117.969077969372378, -35.107245482142858 ], [ 117.969077969372378, -35.106369869186814 ], [ 117.969077969372378, -35.10549425623077 ], [ 117.969077969372378, -35.104618643274726 ], [ 117.968202356410046, -35.104618643274726 ], [ 117.968202356410046, -35.103743030318682 ], [ 117.968202356410046, -35.102867417362638 ], [ 117.968202356410046, -35.101991804406595 ], [ 117.969077969372378, -35.101991804406595 ], [ 117.969953582334725, -35.101991804406595 ], [ 117.970829195297071, -35.101991804406595 ], [ 117.971704808259418, -35.101991804406595 ], [ 117.971704808259418, -35.102867417362638 ], [ 117.972580421221764, -35.102867417362638 ], [ 117.973456034184096, -35.102867417362638 ], [ 117.973456034184096, -35.103743030318682 ], [ 117.974331647146442, -35.103743030318682 ], [ 117.975207260108789, -35.103743030318682 ], [ 117.976082873071135, -35.103743030318682 ], [ 117.976082873071135, -35.102867417362638 ], [ 117.976082873071135, -35.101991804406595 ], [ 117.976958486033467, -35.101991804406595 ], [ 117.976958486033467, -35.101116191450551 ], [ 117.976082873071135, -35.101116191450551 ], [ 117.976082873071135, -35.100240578494507 ], [ 117.976082873071135, -35.099364965538463 ], [ 117.976958486033467, -35.099364965538463 ], [ 117.976958486033467, -35.098489352582419 ], [ 117.977834098995814, -35.098489352582419 ], [ 117.97870971195816, -35.098489352582419 ], [ 117.979585324920507, -35.098489352582419 ], [ 117.980460937882853, -35.098489352582419 ], [ 117.981336550845185, -35.098489352582419 ], [ 117.982212163807532, -35.098489352582419 ], [ 117.982212163807532, -35.099364965538463 ], [ 117.983087776769878, -35.099364965538463 ], [ 117.983963389732224, -35.099364965538463 ], [ 117.983963389732224, -35.098489352582419 ], [ 117.984839002694557, -35.098489352582419 ], [ 117.985714615656903, -35.098489352582419 ], [ 117.985714615656903, -35.097613739626375 ], [ 117.986590228619249, -35.097613739626375 ], [ 117.987465841581596, -35.097613739626375 ], [ 117.987465841581596, -35.098489352582419 ], [ 117.988341454543928, -35.098489352582419 ], [ 117.989217067506274, -35.098489352582419 ], [ 117.990092680468621, -35.098489352582419 ], [ 117.990968293430967, -35.098489352582419 ], [ 117.990968293430967, -35.099364965538463 ], [ 117.991843906393314, -35.099364965538463 ], [ 117.992719519355646, -35.099364965538463 ], [ 117.992719519355646, -35.100240578494507 ], [ 117.993595132317992, -35.100240578494507 ], [ 117.994470745280339, -35.100240578494507 ], [ 117.995346358242685, -35.100240578494507 ], [ 117.995346358242685, -35.099364965538463 ], [ 117.995346358242685, -35.098489352582419 ], [ 117.996221971205017, -35.098489352582419 ], [ 117.997097584167363, -35.098489352582419 ], [ 117.99797319712971, -35.098489352582419 ], [ 117.998848810092056, -35.098489352582419 ], [ 117.999724423054388, -35.098489352582419 ], [ 117.999724423054388, -35.099364965538463 ], [ 118.000600036016735, -35.099364965538463 ], [ 118.001475648979081, -35.099364965538463 ], [ 118.001475648979081, -35.098489352582419 ], [ 118.002351261941428, -35.098489352582419 ], [ 118.003226874903774, -35.098489352582419 ], [ 118.004102487866106, -35.098489352582419 ], [ 118.004978100828453, -35.098489352582419 ], [ 118.005853713790799, -35.098489352582419 ], [ 118.005853713790799, -35.099364965538463 ], [ 118.006729326753145, -35.099364965538463 ], [ 118.007604939715478, -35.099364965538463 ], [ 118.007604939715478, -35.100240578494507 ], [ 118.008480552677824, -35.100240578494507 ], [ 118.008480552677824, -35.101116191450551 ], [ 118.008480552677824, -35.101991804406595 ], [ 118.008480552677824, -35.102867417362638 ], [ 118.00935616564017, -35.102867417362638 ], [ 118.00935616564017, -35.103743030318682 ], [ 118.010231778602517, -35.103743030318682 ], [ 118.011107391564849, -35.103743030318682 ], [ 118.011983004527195, -35.103743030318682 ], [ 118.012858617489542, -35.103743030318682 ], [ 118.012858617489542, -35.104618643274726 ], [ 118.013734230451888, -35.104618643274726 ], [ 118.013734230451888, -35.10549425623077 ], [ 118.013734230451888, -35.106369869186814 ], [ 118.014609843414235, -35.106369869186814 ], [ 118.014609843414235, -35.107245482142858 ], [ 118.015485456376567, -35.107245482142858 ], [ 118.016361069338913, -35.107245482142858 ], [ 118.016361069338913, -35.108121095098902 ], [ 118.01723668230126, -35.108121095098902 ], [ 118.01723668230126, -35.108996708054946 ], [ 118.018112295263606, -35.108996708054946 ], [ 118.018987908225938, -35.108996708054946 ], [ 118.019863521188284, -35.108996708054946 ], [ 118.020739134150631, -35.108996708054946 ], [ 118.021614747112977, -35.108996708054946 ], [ 118.021614747112977, -35.108121095098902 ], [ 118.021614747112977, -35.107245482142858 ], [ 118.020739134150631, -35.107245482142858 ], [ 118.020739134150631, -35.106369869186814 ], [ 118.019863521188284, -35.106369869186814 ], [ 118.019863521188284, -35.10549425623077 ], [ 118.018987908225938, -35.10549425623077 ], [ 118.018987908225938, -35.104618643274726 ], [ 118.018112295263606, -35.104618643274726 ], [ 118.018112295263606, -35.103743030318682 ], [ 118.01723668230126, -35.103743030318682 ], [ 118.016361069338913, -35.103743030318682 ], [ 118.016361069338913, -35.102867417362638 ], [ 118.016361069338913, -35.101991804406595 ], [ 118.016361069338913, -35.101116191450551 ], [ 118.01723668230126, -35.101116191450551 ], [ 118.01723668230126, -35.100240578494507 ], [ 118.016361069338913, -35.100240578494507 ], [ 118.016361069338913, -35.099364965538463 ], [ 118.016361069338913, -35.098489352582419 ], [ 118.016361069338913, -35.097613739626375 ], [ 118.016361069338913, -35.096738126670331 ], [ 118.016361069338913, -35.095862513714287 ], [ 118.015485456376567, -35.095862513714287 ], [ 118.014609843414235, -35.095862513714287 ], [ 118.013734230451888, -35.095862513714287 ], [ 118.013734230451888, -35.094986900758244 ], [ 118.013734230451888, -35.0941112878022 ], [ 118.013734230451888, -35.093235674846156 ], [ 118.012858617489542, -35.093235674846156 ], [ 118.011983004527195, -35.093235674846156 ], [ 118.011983004527195, -35.092360061890112 ], [ 118.011983004527195, -35.091484448934068 ], [ 118.011107391564849, -35.091484448934068 ], [ 118.011107391564849, -35.090608835978024 ], [ 118.010231778602517, -35.090608835978024 ], [ 118.00935616564017, -35.090608835978024 ], [ 118.008480552677824, -35.090608835978024 ], [ 118.008480552677824, -35.091484448934068 ], [ 118.007604939715478, -35.091484448934068 ], [ 118.007604939715478, -35.090608835978024 ], [ 118.006729326753145, -35.090608835978024 ], [ 118.006729326753145, -35.089733223021973 ], [ 118.005853713790799, -35.089733223021973 ], [ 118.005853713790799, -35.088857610065929 ], [ 118.004978100828453, -35.088857610065929 ], [ 118.004102487866106, -35.088857610065929 ], [ 118.004102487866106, -35.087981997109885 ], [ 118.003226874903774, -35.087981997109885 ], [ 118.002351261941428, -35.087981997109885 ], [ 118.002351261941428, -35.087106384153842 ], [ 118.001475648979081, -35.087106384153842 ], [ 118.000600036016735, -35.087106384153842 ], [ 117.999724423054388, -35.087106384153842 ], [ 117.998848810092056, -35.087106384153842 ], [ 117.99797319712971, -35.087106384153842 ], [ 117.99797319712971, -35.087981997109885 ], [ 117.997097584167363, -35.087981997109885 ], [ 117.996221971205017, -35.087981997109885 ], [ 117.996221971205017, -35.088857610065929 ], [ 117.996221971205017, -35.089733223021973 ], [ 117.996221971205017, -35.090608835978024 ], [ 117.995346358242685, -35.090608835978024 ], [ 117.994470745280339, -35.090608835978024 ], [ 117.994470745280339, -35.091484448934068 ], [ 117.993595132317992, -35.091484448934068 ], [ 117.993595132317992, -35.090608835978024 ], [ 117.992719519355646, -35.090608835978024 ], [ 117.991843906393314, -35.090608835978024 ], [ 117.990968293430967, -35.090608835978024 ], [ 117.990968293430967, -35.091484448934068 ], [ 117.990968293430967, -35.092360061890112 ], [ 117.990092680468621, -35.092360061890112 ], [ 117.989217067506274, -35.092360061890112 ], [ 117.988341454543928, -35.092360061890112 ], [ 117.988341454543928, -35.093235674846156 ], [ 117.987465841581596, -35.093235674846156 ], [ 117.986590228619249, -35.093235674846156 ], [ 117.985714615656903, -35.093235674846156 ], [ 117.985714615656903, -35.092360061890112 ], [ 117.984839002694557, -35.092360061890112 ], [ 117.984839002694557, -35.093235674846156 ], [ 117.983963389732224, -35.093235674846156 ], [ 117.983087776769878, -35.093235674846156 ], [ 117.983087776769878, -35.0941112878022 ], [ 117.982212163807532, -35.0941112878022 ], [ 117.981336550845185, -35.0941112878022 ], [ 117.981336550845185, -35.094986900758244 ], [ 117.981336550845185, -35.095862513714287 ], [ 117.981336550845185, -35.096738126670331 ], [ 117.980460937882853, -35.096738126670331 ], [ 117.979585324920507, -35.096738126670331 ], [ 117.979585324920507, -35.095862513714287 ], [ 117.97870971195816, -35.095862513714287 ], [ 117.977834098995814, -35.095862513714287 ], [ 117.976958486033467, -35.095862513714287 ], [ 117.976082873071135, -35.095862513714287 ], [ 117.975207260108789, -35.095862513714287 ], [ 117.974331647146442, -35.095862513714287 ], [ 117.973456034184096, -35.095862513714287 ], [ 117.973456034184096, -35.094986900758244 ], [ 117.973456034184096, -35.0941112878022 ], [ 117.972580421221764, -35.0941112878022 ], [ 117.971704808259418, -35.0941112878022 ], [ 117.971704808259418, -35.094986900758244 ], [ 117.970829195297071, -35.094986900758244 ], [ 117.969953582334725, -35.094986900758244 ], [ 117.969077969372378, -35.094986900758244 ], [ 117.969077969372378, -35.095862513714287 ], [ 117.968202356410046, -35.095862513714287 ], [ 117.9673267434477, -35.095862513714287 ], [ 117.9673267434477, -35.094986900758244 ], [ 117.966451130485353, -35.094986900758244 ], [ 117.966451130485353, -35.0941112878022 ], [ 117.966451130485353, -35.093235674846156 ], [ 117.965575517523007, -35.093235674846156 ], [ 117.964699904560675, -35.093235674846156 ], [ 117.964699904560675, -35.0941112878022 ], [ 117.963824291598328, -35.0941112878022 ], [ 117.963824291598328, -35.093235674846156 ], [ 117.962948678635982, -35.093235674846156 ], [ 117.962948678635982, -35.0941112878022 ], [ 117.962073065673636, -35.0941112878022 ], [ 117.961197452711303, -35.0941112878022 ], [ 117.960321839748957, -35.0941112878022 ], [ 117.959446226786611, -35.0941112878022 ], [ 117.959446226786611, -35.093235674846156 ], [ 117.958570613824264, -35.093235674846156 ], [ 117.958570613824264, -35.0941112878022 ], [ 117.958570613824264, -35.094986900758244 ], [ 117.957695000861918, -35.094986900758244 ], [ 117.956819387899586, -35.094986900758244 ], [ 117.955943774937239, -35.094986900758244 ], [ 117.955943774937239, -35.0941112878022 ], [ 117.955068161974893, -35.0941112878022 ], [ 117.954192549012546, -35.0941112878022 ], [ 117.953316936050214, -35.0941112878022 ], [ 117.952441323087868, -35.0941112878022 ], [ 117.951565710125521, -35.0941112878022 ], [ 117.950690097163175, -35.0941112878022 ], [ 117.950690097163175, -35.093235674846156 ], [ 117.951565710125521, -35.093235674846156 ], [ 117.951565710125521, -35.092360061890112 ], [ 117.952441323087868, -35.092360061890112 ], [ 117.952441323087868, -35.091484448934068 ], [ 117.951565710125521, -35.091484448934068 ], [ 117.951565710125521, -35.090608835978024 ], [ 117.951565710125521, -35.089733223021973 ], [ 117.951565710125521, -35.088857610065929 ], [ 117.950690097163175, -35.088857610065929 ], [ 117.949814484200843, -35.088857610065929 ], [ 117.948938871238497, -35.088857610065929 ], [ 117.94806325827615, -35.088857610065929 ], [ 117.94806325827615, -35.089733223021973 ], [ 117.94806325827615, -35.090608835978024 ], [ 117.94806325827615, -35.091484448934068 ], [ 117.948938871238497, -35.091484448934068 ], [ 117.948938871238497, -35.092360061890112 ], [ 117.94806325827615, -35.092360061890112 ], [ 117.94806325827615, -35.093235674846156 ], [ 117.947187645313804, -35.093235674846156 ], [ 117.947187645313804, -35.0941112878022 ], [ 117.946312032351457, -35.0941112878022 ], [ 117.945436419389125, -35.0941112878022 ], [ 117.944560806426779, -35.0941112878022 ], [ 117.943685193464432, -35.0941112878022 ], [ 117.943685193464432, -35.093235674846156 ], [ 117.943685193464432, -35.092360061890112 ], [ 117.943685193464432, -35.091484448934068 ], [ 117.942809580502086, -35.091484448934068 ], [ 117.942809580502086, -35.090608835978024 ], [ 117.942809580502086, -35.089733223021973 ], [ 117.941933967539754, -35.089733223021973 ], [ 117.941933967539754, -35.088857610065929 ], [ 117.941933967539754, -35.087981997109885 ], [ 117.941058354577407, -35.087981997109885 ], [ 117.940182741615061, -35.087981997109885 ], [ 117.939307128652715, -35.087981997109885 ], [ 117.938431515690382, -35.087981997109885 ], [ 117.938431515690382, -35.087106384153842 ], [ 117.938431515690382, -35.086230771197798 ], [ 117.937555902728036, -35.086230771197798 ], [ 117.937555902728036, -35.087106384153842 ], [ 117.93668028976569, -35.087106384153842 ], [ 117.935804676803343, -35.087106384153842 ], [ 117.935804676803343, -35.086230771197798 ], [ 117.935804676803343, -35.085355158241754 ], [ 117.93668028976569, -35.085355158241754 ], [ 117.93668028976569, -35.08447954528571 ], [ 117.93668028976569, -35.083603932329666 ], [ 117.93668028976569, -35.082728319373622 ], [ 117.93668028976569, -35.081852706417578 ], [ 117.93668028976569, -35.080977093461534 ], [ 117.93668028976569, -35.08010148050549 ], [ 117.935804676803343, -35.08010148050549 ], [ 117.935804676803343, -35.079225867549447 ], [ 117.935804676803343, -35.078350254593403 ], [ 117.934929063840997, -35.078350254593403 ], [ 117.934053450878665, -35.078350254593403 ], [ 117.934053450878665, -35.077474641637359 ], [ 117.934053450878665, -35.076599028681315 ], [ 117.934053450878665, -35.075723415725271 ], [ 117.933177837916318, -35.075723415725271 ], [ 117.933177837916318, -35.074847802769227 ], [ 117.933177837916318, -35.073972189813183 ], [ 117.934053450878665, -35.073972189813183 ], [ 117.934053450878665, -35.073096576857139 ], [ 117.933177837916318, -35.073096576857139 ], [ 117.932302224953972, -35.073096576857139 ], [ 117.932302224953972, -35.073972189813183 ], [ 117.931426611991625, -35.073972189813183 ], [ 117.930550999029293, -35.073972189813183 ], [ 117.929675386066947, -35.073972189813183 ], [ 117.9287997731046, -35.073972189813183 ], [ 117.9287997731046, -35.074847802769227 ], [ 117.9287997731046, -35.075723415725271 ], [ 117.927924160142254, -35.075723415725271 ], [ 117.927048547179922, -35.075723415725271 ], [ 117.926172934217576, -35.075723415725271 ], [ 117.926172934217576, -35.076599028681315 ], [ 117.926172934217576, -35.077474641637359 ], [ 117.926172934217576, -35.078350254593403 ], [ 117.925297321255229, -35.078350254593403 ], [ 117.925297321255229, -35.079225867549447 ], [ 117.924421708292883, -35.079225867549447 ], [ 117.923546095330536, -35.079225867549447 ], [ 117.923546095330536, -35.08010148050549 ], [ 117.923546095330536, -35.080977093461534 ], [ 117.923546095330536, -35.081852706417578 ], [ 117.922670482368204, -35.081852706417578 ], [ 117.922670482368204, -35.080977093461534 ], [ 117.921794869405858, -35.080977093461534 ], [ 117.920919256443511, -35.080977093461534 ], [ 117.920043643481165, -35.080977093461534 ], [ 117.919168030518833, -35.080977093461534 ], [ 117.918292417556486, -35.080977093461534 ], [ 117.918292417556486, -35.081852706417578 ], [ 117.918292417556486, -35.082728319373622 ], [ 117.91741680459414, -35.082728319373622 ], [ 117.916541191631794, -35.082728319373622 ], [ 117.916541191631794, -35.083603932329666 ], [ 117.916541191631794, -35.08447954528571 ], [ 117.915665578669461, -35.08447954528571 ], [ 117.915665578669461, -35.083603932329666 ], [ 117.914789965707115, -35.083603932329666 ], [ 117.913914352744769, -35.083603932329666 ], [ 117.913038739782422, -35.083603932329666 ], [ 117.912163126820076, -35.083603932329666 ], [ 117.911287513857744, -35.083603932329666 ], [ 117.910411900895397, -35.083603932329666 ], [ 117.909536287933051, -35.083603932329666 ], [ 117.908660674970704, -35.083603932329666 ], [ 117.908660674970704, -35.082728319373622 ], [ 117.908660674970704, -35.081852706417578 ], [ 117.907785062008372, -35.081852706417578 ], [ 117.906909449046026, -35.081852706417578 ], [ 117.906033836083679, -35.081852706417578 ], [ 117.905158223121333, -35.081852706417578 ], [ 117.905158223121333, -35.082728319373622 ], [ 117.904282610159001, -35.082728319373622 ], [ 117.903406997196655, -35.082728319373622 ], [ 117.902531384234308, -35.082728319373622 ], [ 117.901655771271962, -35.082728319373622 ], [ 117.901655771271962, -35.081852706417578 ], [ 117.901655771271962, -35.080977093461534 ], [ 117.900780158309615, -35.080977093461534 ], [ 117.899904545347283, -35.080977093461534 ], [ 117.899904545347283, -35.081852706417578 ], [ 117.900780158309615, -35.081852706417578 ], [ 117.900780158309615, -35.082728319373622 ], [ 117.899904545347283, -35.082728319373622 ], [ 117.899028932384937, -35.082728319373622 ], [ 117.89815331942259, -35.082728319373622 ], [ 117.897277706460244, -35.082728319373622 ], [ 117.896402093497912, -35.082728319373622 ], [ 117.896402093497912, -35.081852706417578 ], [ 117.895526480535565, -35.081852706417578 ], [ 117.895526480535565, -35.080977093461534 ], [ 117.894650867573219, -35.080977093461534 ], [ 117.893775254610873, -35.080977093461534 ], [ 117.89289964164854, -35.080977093461534 ], [ 117.892024028686194, -35.080977093461534 ], [ 117.892024028686194, -35.08010148050549 ], [ 117.892024028686194, -35.079225867549447 ], [ 117.89289964164854, -35.079225867549447 ], [ 117.89289964164854, -35.08010148050549 ], [ 117.893775254610873, -35.08010148050549 ], [ 117.893775254610873, -35.079225867549447 ], [ 117.893775254610873, -35.078350254593403 ], [ 117.89289964164854, -35.078350254593403 ], [ 117.892024028686194, -35.078350254593403 ], [ 117.891148415723848, -35.078350254593403 ], [ 117.891148415723848, -35.079225867549447 ], [ 117.891148415723848, -35.08010148050549 ], [ 117.890272802761501, -35.08010148050549 ], [ 117.890272802761501, -35.079225867549447 ], [ 117.889397189799155, -35.079225867549447 ], [ 117.888521576836823, -35.079225867549447 ], [ 117.887645963874476, -35.079225867549447 ], [ 117.88677035091213, -35.079225867549447 ], [ 117.885894737949783, -35.079225867549447 ], [ 117.885019124987451, -35.079225867549447 ], [ 117.884143512025105, -35.079225867549447 ], [ 117.883267899062758, -35.079225867549447 ], [ 117.883267899062758, -35.078350254593403 ], [ 117.884143512025105, -35.078350254593403 ], [ 117.884143512025105, -35.077474641637359 ], [ 117.884143512025105, -35.076599028681315 ], [ 117.883267899062758, -35.076599028681315 ], [ 117.883267899062758, -35.075723415725271 ], [ 117.883267899062758, -35.074847802769227 ], [ 117.884143512025105, -35.074847802769227 ], [ 117.884143512025105, -35.073972189813183 ], [ 117.884143512025105, -35.073096576857139 ], [ 117.883267899062758, -35.073096576857139 ], [ 117.883267899062758, -35.073972189813183 ], [ 117.882392286100412, -35.073972189813183 ], [ 117.88151667313808, -35.073972189813183 ], [ 117.880641060175734, -35.073972189813183 ], [ 117.880641060175734, -35.074847802769227 ], [ 117.879765447213387, -35.074847802769227 ], [ 117.878889834251041, -35.074847802769227 ], [ 117.878889834251041, -35.073972189813183 ], [ 117.878014221288694, -35.073972189813183 ], [ 117.878014221288694, -35.074847802769227 ], [ 117.878014221288694, -35.075723415725271 ], [ 117.878889834251041, -35.075723415725271 ], [ 117.878889834251041, -35.076599028681315 ], [ 117.878014221288694, -35.076599028681315 ], [ 117.877138608326362, -35.076599028681315 ], [ 117.877138608326362, -35.075723415725271 ], [ 117.876262995364016, -35.075723415725271 ], [ 117.875387382401669, -35.075723415725271 ], [ 117.875387382401669, -35.076599028681315 ], [ 117.874511769439323, -35.076599028681315 ], [ 117.874511769439323, -35.077474641637359 ], [ 117.875387382401669, -35.077474641637359 ], [ 117.875387382401669, -35.078350254593403 ], [ 117.874511769439323, -35.078350254593403 ], [ 117.873636156476991, -35.078350254593403 ], [ 117.872760543514644, -35.078350254593403 ], [ 117.871884930552298, -35.078350254593403 ], [ 117.871884930552298, -35.077474641637359 ], [ 117.871009317589952, -35.077474641637359 ], [ 117.871009317589952, -35.078350254593403 ], [ 117.871009317589952, -35.079225867549447 ], [ 117.870133704627619, -35.079225867549447 ], [ 117.869258091665273, -35.079225867549447 ], [ 117.868382478702927, -35.079225867549447 ], [ 117.868382478702927, -35.078350254593403 ], [ 117.86750686574058, -35.078350254593403 ], [ 117.866631252778234, -35.078350254593403 ], [ 117.865755639815902, -35.078350254593403 ], [ 117.864880026853555, -35.078350254593403 ], [ 117.864004413891209, -35.078350254593403 ], [ 117.864004413891209, -35.077474641637359 ], [ 117.864880026853555, -35.077474641637359 ], [ 117.864880026853555, -35.076599028681315 ], [ 117.864880026853555, -35.075723415725271 ], [ 117.864004413891209, -35.075723415725271 ], [ 117.863128800928862, -35.075723415725271 ], [ 117.86225318796653, -35.075723415725271 ], [ 117.861377575004184, -35.075723415725271 ], [ 117.861377575004184, -35.076599028681315 ], [ 117.860501962041837, -35.076599028681315 ], [ 117.859626349079491, -35.076599028681315 ], [ 117.858750736117145, -35.076599028681315 ], [ 117.858750736117145, -35.075723415725271 ], [ 117.859626349079491, -35.075723415725271 ], [ 117.860501962041837, -35.075723415725271 ], [ 117.860501962041837, -35.074847802769227 ], [ 117.861377575004184, -35.074847802769227 ], [ 117.86225318796653, -35.074847802769227 ], [ 117.86225318796653, -35.073972189813183 ], [ 117.86225318796653, -35.073096576857139 ], [ 117.863128800928862, -35.073096576857139 ], [ 117.864004413891209, -35.073096576857139 ], [ 117.864004413891209, -35.073972189813183 ], [ 117.864880026853555, -35.073972189813183 ], [ 117.865755639815902, -35.073972189813183 ], [ 117.865755639815902, -35.073096576857139 ], [ 117.865755639815902, -35.072220963901096 ], [ 117.865755639815902, -35.071345350945052 ], [ 117.866631252778234, -35.071345350945052 ], [ 117.866631252778234, -35.070469737989008 ], [ 117.865755639815902, -35.070469737989008 ], [ 117.864880026853555, -35.070469737989008 ], [ 117.864004413891209, -35.070469737989008 ], [ 117.863128800928862, -35.070469737989008 ], [ 117.863128800928862, -35.071345350945052 ], [ 117.86225318796653, -35.071345350945052 ], [ 117.861377575004184, -35.071345350945052 ], [ 117.860501962041837, -35.071345350945052 ], [ 117.860501962041837, -35.070469737989008 ], [ 117.860501962041837, -35.069594125032964 ], [ 117.859626349079491, -35.069594125032964 ], [ 117.859626349079491, -35.070469737989008 ], [ 117.858750736117145, -35.070469737989008 ], [ 117.857875123154813, -35.070469737989008 ], [ 117.857875123154813, -35.069594125032964 ], [ 117.857875123154813, -35.06871851207692 ], [ 117.856999510192466, -35.06871851207692 ], [ 117.85612389723012, -35.06871851207692 ], [ 117.855248284267773, -35.06871851207692 ], [ 117.854372671305441, -35.06871851207692 ], [ 117.853497058343095, -35.06871851207692 ], [ 117.853497058343095, -35.067842899120876 ], [ 117.853497058343095, -35.066967286164832 ], [ 117.854372671305441, -35.066967286164832 ], [ 117.854372671305441, -35.066091673208788 ], [ 117.855248284267773, -35.066091673208788 ], [ 117.85612389723012, -35.066091673208788 ], [ 117.856999510192466, -35.066091673208788 ], [ 117.856999510192466, -35.065216060252745 ], [ 117.857875123154813, -35.065216060252745 ], [ 117.857875123154813, -35.064340447296701 ], [ 117.856999510192466, -35.064340447296701 ], [ 117.856999510192466, -35.063464834340657 ], [ 117.856999510192466, -35.062589221384613 ], [ 117.857875123154813, -35.062589221384613 ], [ 117.857875123154813, -35.061713608428569 ], [ 117.857875123154813, -35.060837995472525 ], [ 117.857875123154813, -35.059962382516481 ], [ 117.856999510192466, -35.059962382516481 ], [ 117.856999510192466, -35.059086769560437 ], [ 117.85612389723012, -35.059086769560437 ], [ 117.85612389723012, -35.058211156604393 ], [ 117.855248284267773, -35.058211156604393 ], [ 117.855248284267773, -35.05733554364835 ], [ 117.85612389723012, -35.05733554364835 ], [ 117.85612389723012, -35.056459930692306 ], [ 117.855248284267773, -35.056459930692306 ], [ 117.854372671305441, -35.056459930692306 ], [ 117.854372671305441, -35.055584317736262 ], [ 117.855248284267773, -35.055584317736262 ], [ 117.855248284267773, -35.054708704780218 ], [ 117.855248284267773, -35.053833091824174 ], [ 117.855248284267773, -35.05295747886813 ], [ 117.855248284267773, -35.052081865912086 ], [ 117.855248284267773, -35.051206252956042 ], [ 117.854372671305441, -35.051206252956042 ], [ 117.853497058343095, -35.051206252956042 ], [ 117.853497058343095, -35.05033064 ], [ 117.854372671305441, -35.05033064 ], [ 117.855248284267773, -35.05033064 ], [ 117.85612389723012, -35.05033064 ], [ 117.856999510192466, -35.05033064 ], [ 117.857875123154813, -35.05033064 ], [ 117.858750736117145, -35.05033064 ], [ 117.859626349079491, -35.05033064 ], [ 117.860501962041837, -35.05033064 ], [ 117.861377575004184, -35.05033064 ], [ 117.86225318796653, -35.05033064 ], [ 117.863128800928862, -35.05033064 ], [ 117.864004413891209, -35.05033064 ], [ 117.864880026853555, -35.05033064 ], [ 117.865755639815902, -35.05033064 ], [ 117.866631252778234, -35.05033064 ], [ 117.86750686574058, -35.05033064 ], [ 117.868382478702927, -35.05033064 ], [ 117.869258091665273, -35.05033064 ], [ 117.870133704627619, -35.05033064 ], [ 117.871009317589952, -35.05033064 ], [ 117.871884930552298, -35.05033064 ], [ 117.872760543514644, -35.05033064 ], [ 117.873636156476991, -35.05033064 ], [ 117.874511769439323, -35.05033064 ], [ 117.875387382401669, -35.05033064 ], [ 117.876262995364016, -35.05033064 ], [ 117.877138608326362, -35.05033064 ], [ 117.878014221288694, -35.05033064 ], [ 117.878889834251041, -35.05033064 ], [ 117.879765447213387, -35.05033064 ], [ 117.880641060175734, -35.05033064 ], [ 117.88151667313808, -35.05033064 ], [ 117.882392286100412, -35.05033064 ], [ 117.883267899062758, -35.05033064 ], [ 117.884143512025105, -35.05033064 ], [ 117.885019124987451, -35.05033064 ], [ 117.885894737949783, -35.05033064 ], [ 117.88677035091213, -35.05033064 ], [ 117.887645963874476, -35.05033064 ], [ 117.888521576836823, -35.05033064 ], [ 117.889397189799155, -35.05033064 ], [ 117.890272802761501, -35.05033064 ], [ 117.891148415723848, -35.05033064 ], [ 117.892024028686194, -35.05033064 ], [ 117.89289964164854, -35.05033064 ], [ 117.893775254610873, -35.05033064 ], [ 117.894650867573219, -35.05033064 ], [ 117.895526480535565, -35.05033064 ], [ 117.896402093497912, -35.05033064 ], [ 117.897277706460244, -35.05033064 ], [ 117.89815331942259, -35.05033064 ], [ 117.899028932384937, -35.05033064 ], [ 117.899904545347283, -35.05033064 ], [ 117.900780158309615, -35.05033064 ], [ 117.901655771271962, -35.05033064 ], [ 117.902531384234308, -35.05033064 ], [ 117.903406997196655, -35.05033064 ], [ 117.904282610159001, -35.05033064 ], [ 117.905158223121333, -35.05033064 ], [ 117.906033836083679, -35.05033064 ], [ 117.906909449046026, -35.05033064 ], [ 117.907785062008372, -35.05033064 ], [ 117.908660674970704, -35.05033064 ], [ 117.909536287933051, -35.05033064 ], [ 117.910411900895397, -35.05033064 ], [ 117.911287513857744, -35.05033064 ], [ 117.912163126820076, -35.05033064 ], [ 117.913038739782422, -35.05033064 ], [ 117.913914352744769, -35.05033064 ], [ 117.913914352744769, -35.051206252956042 ], [ 117.914789965707115, -35.051206252956042 ], [ 117.915665578669461, -35.051206252956042 ], [ 117.916541191631794, -35.051206252956042 ], [ 117.916541191631794, -35.052081865912086 ], [ 117.916541191631794, -35.05295747886813 ], [ 117.915665578669461, -35.05295747886813 ], [ 117.915665578669461, -35.053833091824174 ], [ 117.914789965707115, -35.053833091824174 ], [ 117.913914352744769, -35.053833091824174 ], [ 117.913038739782422, -35.053833091824174 ], [ 117.912163126820076, -35.053833091824174 ], [ 117.912163126820076, -35.054708704780218 ], [ 117.913038739782422, -35.054708704780218 ], [ 117.913914352744769, -35.054708704780218 ], [ 117.913914352744769, -35.055584317736262 ], [ 117.914789965707115, -35.055584317736262 ], [ 117.914789965707115, -35.056459930692306 ], [ 117.915665578669461, -35.056459930692306 ], [ 117.916541191631794, -35.056459930692306 ], [ 117.916541191631794, -35.05733554364835 ], [ 117.91741680459414, -35.05733554364835 ], [ 117.91741680459414, -35.058211156604393 ], [ 117.918292417556486, -35.058211156604393 ], [ 117.919168030518833, -35.058211156604393 ], [ 117.919168030518833, -35.05733554364835 ], [ 117.920043643481165, -35.05733554364835 ], [ 117.920043643481165, -35.056459930692306 ], [ 117.919168030518833, -35.056459930692306 ], [ 117.919168030518833, -35.055584317736262 ], [ 117.920043643481165, -35.055584317736262 ], [ 117.920919256443511, -35.055584317736262 ], [ 117.920919256443511, -35.056459930692306 ], [ 117.920919256443511, -35.05733554364835 ], [ 117.920919256443511, -35.058211156604393 ], [ 117.921794869405858, -35.058211156604393 ], [ 117.922670482368204, -35.058211156604393 ], [ 117.922670482368204, -35.059086769560437 ], [ 117.923546095330536, -35.059086769560437 ], [ 117.923546095330536, -35.059962382516481 ], [ 117.924421708292883, -35.059962382516481 ], [ 117.924421708292883, -35.060837995472525 ], [ 117.925297321255229, -35.060837995472525 ], [ 117.925297321255229, -35.061713608428569 ], [ 117.926172934217576, -35.061713608428569 ], [ 117.926172934217576, -35.062589221384613 ], [ 117.927048547179922, -35.062589221384613 ], [ 117.927924160142254, -35.062589221384613 ], [ 117.9287997731046, -35.062589221384613 ], [ 117.9287997731046, -35.063464834340657 ], [ 117.9287997731046, -35.064340447296701 ], [ 117.929675386066947, -35.064340447296701 ], [ 117.929675386066947, -35.063464834340657 ], [ 117.930550999029293, -35.063464834340657 ], [ 117.931426611991625, -35.063464834340657 ], [ 117.932302224953972, -35.063464834340657 ], [ 117.933177837916318, -35.063464834340657 ], [ 117.934053450878665, -35.063464834340657 ], [ 117.934053450878665, -35.062589221384613 ], [ 117.934053450878665, -35.061713608428569 ], [ 117.934929063840997, -35.061713608428569 ], [ 117.935804676803343, -35.061713608428569 ], [ 117.93668028976569, -35.061713608428569 ], [ 117.937555902728036, -35.061713608428569 ], [ 117.938431515690382, -35.061713608428569 ], [ 117.939307128652715, -35.061713608428569 ], [ 117.939307128652715, -35.062589221384613 ], [ 117.939307128652715, -35.063464834340657 ], [ 117.940182741615061, -35.063464834340657 ], [ 117.941058354577407, -35.063464834340657 ], [ 117.941058354577407, -35.062589221384613 ], [ 117.941933967539754, -35.062589221384613 ], [ 117.941933967539754, -35.061713608428569 ], [ 117.942809580502086, -35.061713608428569 ], [ 117.942809580502086, -35.060837995472525 ], [ 117.941933967539754, -35.060837995472525 ], [ 117.941058354577407, -35.060837995472525 ], [ 117.940182741615061, -35.060837995472525 ], [ 117.939307128652715, -35.060837995472525 ], [ 117.938431515690382, -35.060837995472525 ], [ 117.938431515690382, -35.059962382516481 ], [ 117.938431515690382, -35.059086769560437 ], [ 117.938431515690382, -35.058211156604393 ], [ 117.937555902728036, -35.058211156604393 ], [ 117.937555902728036, -35.059086769560437 ], [ 117.93668028976569, -35.059086769560437 ], [ 117.93668028976569, -35.058211156604393 ], [ 117.93668028976569, -35.05733554364835 ], [ 117.935804676803343, -35.05733554364835 ], [ 117.935804676803343, -35.056459930692306 ], [ 117.934929063840997, -35.056459930692306 ], [ 117.934053450878665, -35.056459930692306 ], [ 117.934053450878665, -35.055584317736262 ], [ 117.933177837916318, -35.055584317736262 ], [ 117.932302224953972, -35.055584317736262 ], [ 117.931426611991625, -35.055584317736262 ], [ 117.931426611991625, -35.056459930692306 ], [ 117.930550999029293, -35.056459930692306 ], [ 117.929675386066947, -35.056459930692306 ], [ 117.929675386066947, -35.055584317736262 ], [ 117.9287997731046, -35.055584317736262 ], [ 117.9287997731046, -35.056459930692306 ], [ 117.9287997731046, -35.05733554364835 ], [ 117.927924160142254, -35.05733554364835 ], [ 117.927924160142254, -35.056459930692306 ], [ 117.927048547179922, -35.056459930692306 ], [ 117.926172934217576, -35.056459930692306 ], [ 117.925297321255229, -35.056459930692306 ], [ 117.924421708292883, -35.056459930692306 ], [ 117.924421708292883, -35.055584317736262 ], [ 117.924421708292883, -35.054708704780218 ], [ 117.924421708292883, -35.053833091824174 ], [ 117.923546095330536, -35.053833091824174 ], [ 117.922670482368204, -35.053833091824174 ], [ 117.922670482368204, -35.05295747886813 ], [ 117.921794869405858, -35.05295747886813 ], [ 117.921794869405858, -35.052081865912086 ], [ 117.921794869405858, -35.051206252956042 ], [ 117.920919256443511, -35.051206252956042 ], [ 117.920043643481165, -35.051206252956042 ], [ 117.919168030518833, -35.051206252956042 ], [ 117.919168030518833, -35.05033064 ], [ 117.920043643481165, -35.05033064 ], [ 117.920919256443511, -35.05033064 ], [ 117.921794869405858, -35.05033064 ], [ 117.922670482368204, -35.05033064 ], [ 117.923546095330536, -35.05033064 ], [ 117.924421708292883, -35.05033064 ], [ 117.925297321255229, -35.05033064 ], [ 117.926172934217576, -35.05033064 ], [ 117.927048547179922, -35.05033064 ], [ 117.927924160142254, -35.05033064 ], [ 117.9287997731046, -35.05033064 ], [ 117.929675386066947, -35.05033064 ], [ 117.930550999029293, -35.05033064 ], [ 117.931426611991625, -35.05033064 ], [ 117.932302224953972, -35.05033064 ], [ 117.933177837916318, -35.05033064 ], [ 117.934053450878665, -35.05033064 ], [ 117.934929063840997, -35.05033064 ], [ 117.935804676803343, -35.05033064 ], [ 117.93668028976569, -35.05033064 ], [ 117.937555902728036, -35.05033064 ], [ 117.938431515690382, -35.05033064 ], [ 117.939307128652715, -35.05033064 ], [ 117.940182741615061, -35.05033064 ], [ 117.941058354577407, -35.05033064 ], [ 117.941933967539754, -35.05033064 ], [ 117.942809580502086, -35.05033064 ], [ 117.943685193464432, -35.05033064 ], [ 117.944560806426779, -35.05033064 ], [ 117.945436419389125, -35.05033064 ], [ 117.946312032351457, -35.05033064 ], [ 117.947187645313804, -35.05033064 ], [ 117.94806325827615, -35.05033064 ], [ 117.948938871238497, -35.05033064 ], [ 117.949814484200843, -35.05033064 ], [ 117.950690097163175, -35.05033064 ], [ 117.951565710125521, -35.05033064 ], [ 117.952441323087868, -35.05033064 ], [ 117.953316936050214, -35.05033064 ], [ 117.954192549012546, -35.05033064 ], [ 117.955068161974893, -35.05033064 ], [ 117.955943774937239, -35.05033064 ], [ 117.956819387899586, -35.05033064 ], [ 117.957695000861918, -35.05033064 ], [ 117.958570613824264, -35.05033064 ], [ 117.959446226786611, -35.05033064 ], [ 117.960321839748957, -35.05033064 ], [ 117.961197452711303, -35.05033064 ], [ 117.962073065673636, -35.05033064 ], [ 117.962948678635982, -35.05033064 ], [ 117.963824291598328, -35.05033064 ], [ 117.964699904560675, -35.05033064 ], [ 117.965575517523007, -35.05033064 ], [ 117.966451130485353, -35.05033064 ], [ 117.9673267434477, -35.05033064 ], [ 117.968202356410046, -35.05033064 ], [ 117.969077969372378, -35.05033064 ], [ 117.969953582334725, -35.05033064 ], [ 117.970829195297071, -35.05033064 ], [ 117.971704808259418, -35.05033064 ], [ 117.972580421221764, -35.05033064 ], [ 117.973456034184096, -35.05033064 ], [ 117.974331647146442, -35.05033064 ], [ 117.975207260108789, -35.05033064 ], [ 117.976082873071135, -35.05033064 ], [ 117.976958486033467, -35.05033064 ], [ 117.977834098995814, -35.05033064 ], [ 117.97870971195816, -35.05033064 ], [ 117.979585324920507, -35.05033064 ], [ 117.980460937882853, -35.05033064 ], [ 117.981336550845185, -35.05033064 ], [ 117.982212163807532, -35.05033064 ], [ 117.983087776769878, -35.05033064 ], [ 117.983963389732224, -35.05033064 ], [ 117.984839002694557, -35.05033064 ], [ 117.985714615656903, -35.05033064 ], [ 117.986590228619249, -35.05033064 ], [ 117.987465841581596, -35.05033064 ], [ 117.988341454543928, -35.05033064 ], [ 117.989217067506274, -35.05033064 ], [ 117.990092680468621, -35.05033064 ], [ 117.990968293430967, -35.05033064 ], [ 117.991843906393314, -35.05033064 ], [ 117.992719519355646, -35.05033064 ], [ 117.993595132317992, -35.05033064 ], [ 117.994470745280339, -35.05033064 ], [ 117.995346358242685, -35.05033064 ], [ 117.996221971205017, -35.05033064 ], [ 117.997097584167363, -35.05033064 ], [ 117.99797319712971, -35.05033064 ], [ 117.998848810092056, -35.05033064 ], [ 117.999724423054388, -35.05033064 ], [ 118.000600036016735, -35.05033064 ], [ 118.001475648979081, -35.05033064 ], [ 118.002351261941428, -35.05033064 ], [ 118.003226874903774, -35.05033064 ], [ 118.004102487866106, -35.05033064 ], [ 118.004978100828453, -35.05033064 ], [ 118.005853713790799, -35.05033064 ], [ 118.006729326753145, -35.05033064 ], [ 118.007604939715478, -35.05033064 ], [ 118.008480552677824, -35.05033064 ], [ 118.00935616564017, -35.05033064 ], [ 118.010231778602517, -35.05033064 ], [ 118.011107391564849, -35.05033064 ], [ 118.011983004527195, -35.05033064 ], [ 118.012858617489542, -35.05033064 ], [ 118.013734230451888, -35.05033064 ], [ 118.014609843414235, -35.05033064 ], [ 118.015485456376567, -35.05033064 ], [ 118.016361069338913, -35.05033064 ], [ 118.01723668230126, -35.05033064 ], [ 118.018112295263606, -35.05033064 ], [ 118.018987908225938, -35.05033064 ], [ 118.019863521188284, -35.05033064 ], [ 118.020739134150631, -35.05033064 ], [ 118.021614747112977, -35.05033064 ], [ 118.022490360075309, -35.05033064 ], [ 118.023365973037656, -35.05033064 ], [ 118.024241586, -35.05033064 ], [ 118.024241586, -35.051206252956042 ], [ 118.024241586, -35.052081865912086 ], [ 118.024241586, -35.05295747886813 ], [ 118.024241586, -35.053833091824174 ], [ 118.024241586, -35.054708704780218 ], [ 118.024241586, -35.055584317736262 ], [ 118.024241586, -35.056459930692306 ], [ 118.024241586, -35.05733554364835 ], [ 118.024241586, -35.058211156604393 ], [ 118.024241586, -35.059086769560437 ], [ 118.024241586, -35.059962382516481 ], [ 118.024241586, -35.060837995472525 ], [ 118.024241586, -35.061713608428569 ], [ 118.024241586, -35.062589221384613 ], [ 118.024241586, -35.063464834340657 ], [ 118.024241586, -35.064340447296701 ], [ 118.024241586, -35.065216060252745 ], [ 118.024241586, -35.066091673208788 ], [ 118.024241586, -35.066967286164832 ], [ 118.024241586, -35.067842899120876 ], [ 118.024241586, -35.06871851207692 ], [ 118.024241586, -35.069594125032964 ], [ 118.024241586, -35.070469737989008 ], [ 118.024241586, -35.071345350945052 ], [ 118.024241586, -35.072220963901096 ], [ 118.024241586, -35.073096576857139 ], [ 118.024241586, -35.073972189813183 ], [ 118.024241586, -35.074847802769227 ], [ 118.024241586, -35.075723415725271 ], [ 118.024241586, -35.076599028681315 ], [ 118.024241586, -35.077474641637359 ], [ 118.024241586, -35.078350254593403 ], [ 118.024241586, -35.079225867549447 ], [ 118.024241586, -35.08010148050549 ], [ 118.024241586, -35.080977093461534 ], [ 118.024241586, -35.081852706417578 ], [ 118.024241586, -35.082728319373622 ], [ 118.024241586, -35.083603932329666 ], [ 118.024241586, -35.08447954528571 ], [ 118.024241586, -35.085355158241754 ], [ 118.024241586, -35.086230771197798 ], [ 118.024241586, -35.087106384153842 ], [ 118.024241586, -35.087981997109885 ], [ 118.024241586, -35.088857610065929 ], [ 118.024241586, -35.089733223021973 ], [ 118.024241586, -35.090608835978024 ], [ 118.024241586, -35.091484448934068 ], [ 118.024241586, -35.092360061890112 ], [ 118.024241586, -35.093235674846156 ], [ 118.024241586, -35.0941112878022 ], [ 118.024241586, -35.094986900758244 ], [ 118.024241586, -35.095862513714287 ], [ 118.024241586, -35.096738126670331 ], [ 118.024241586, -35.097613739626375 ], [ 118.024241586, -35.098489352582419 ], [ 118.024241586, -35.099364965538463 ], [ 118.024241586, -35.100240578494507 ], [ 118.024241586, -35.101116191450551 ], [ 118.024241586, -35.101991804406595 ], [ 118.024241586, -35.102867417362638 ], [ 118.024241586, -35.103743030318682 ], [ 118.024241586, -35.104618643274726 ], [ 118.024241586, -35.10549425623077 ], [ 118.024241586, -35.106369869186814 ], [ 118.024241586, -35.107245482142858 ], [ 118.024241586, -35.108121095098902 ], [ 118.024241586, -35.108996708054946 ], [ 118.024241586, -35.10987232101099 ], [ 118.024241586, -35.110747933967033 ], [ 118.024241586, -35.111623546923077 ], [ 118.024241586, -35.112499159879121 ], [ 118.024241586, -35.113374772835165 ], [ 118.024241586, -35.114250385791209 ], [ 118.024241586, -35.115125998747253 ], [ 118.024241586, -35.116001611703297 ], [ 118.024241586, -35.116877224659341 ], [ 118.024241586, -35.117752837615384 ], [ 118.024241586, -35.118628450571428 ], [ 118.024241586, -35.119504063527472 ], [ 118.024241586, -35.120379676483516 ], [ 118.024241586, -35.12125528943956 ], [ 118.024241586, -35.122130902395604 ], [ 118.024241586, -35.123006515351648 ], [ 118.024241586, -35.123882128307692 ], [ 118.024241586, -35.124757741263736 ], [ 118.024241586, -35.125633354219779 ], [ 118.024241586, -35.126508967175823 ], [ 118.024241586, -35.127384580131867 ], [ 118.024241586, -35.128260193087911 ], [ 118.024241586, -35.129135806043955 ], [ 118.023365973037656, -35.129135806043955 ], [ 118.022490360075309, -35.129135806043955 ], [ 118.021614747112977, -35.129135806043955 ], [ 118.020739134150631, -35.129135806043955 ], [ 118.019863521188284, -35.129135806043955 ], [ 118.018987908225938, -35.129135806043955 ], [ 118.018112295263606, -35.129135806043955 ], [ 118.01723668230126, -35.129135806043955 ], [ 118.016361069338913, -35.129135806043955 ], [ 118.015485456376567, -35.129135806043955 ], [ 118.014609843414235, -35.129135806043955 ], [ 118.013734230451888, -35.129135806043955 ], [ 118.012858617489542, -35.129135806043955 ], [ 118.011983004527195, -35.129135806043955 ], [ 118.011107391564849, -35.129135806043955 ], [ 118.010231778602517, -35.129135806043955 ], [ 118.00935616564017, -35.129135806043955 ], [ 118.008480552677824, -35.129135806043955 ], [ 118.007604939715478, -35.129135806043955 ], [ 118.006729326753145, -35.129135806043955 ], [ 118.005853713790799, -35.129135806043955 ], [ 118.004978100828453, -35.129135806043955 ], [ 118.004102487866106, -35.129135806043955 ], [ 118.003226874903774, -35.129135806043955 ], [ 118.003226874903774, -35.130011419 ], [ 118.002351261941428, -35.130011419 ], [ 118.001475648979081, -35.130011419 ], [ 118.000600036016735, -35.130011419 ], [ 117.999724423054388, -35.130011419 ], [ 117.998848810092056, -35.130011419 ], [ 117.99797319712971, -35.130011419 ], [ 117.997097584167363, -35.130011419 ], [ 117.996221971205017, -35.130011419 ], [ 117.996221971205017, -35.129135806043955 ], [ 117.995346358242685, -35.129135806043955 ], [ 117.994470745280339, -35.129135806043955 ], [ 117.993595132317992, -35.129135806043955 ], [ 117.992719519355646, -35.129135806043955 ], [ 117.991843906393314, -35.129135806043955 ], [ 117.990968293430967, -35.129135806043955 ], [ 117.990092680468621, -35.129135806043955 ], [ 117.989217067506274, -35.129135806043955 ], [ 117.988341454543928, -35.129135806043955 ], [ 117.987465841581596, -35.129135806043955 ], [ 117.986590228619249, -35.129135806043955 ], [ 117.985714615656903, -35.129135806043955 ], [ 117.984839002694557, -35.129135806043955 ], [ 117.983963389732224, -35.129135806043955 ], [ 117.983087776769878, -35.129135806043955 ], [ 117.982212163807532, -35.129135806043955 ], [ 117.981336550845185, -35.129135806043955 ], [ 117.980460937882853, -35.129135806043955 ], [ 117.979585324920507, -35.129135806043955 ], [ 117.97870971195816, -35.129135806043955 ], [ 117.977834098995814, -35.129135806043955 ], [ 117.976958486033467, -35.129135806043955 ], [ 117.976082873071135, -35.129135806043955 ], [ 117.975207260108789, -35.129135806043955 ], [ 117.974331647146442, -35.129135806043955 ], [ 117.973456034184096, -35.129135806043955 ], [ 117.972580421221764, -35.129135806043955 ], [ 117.971704808259418, -35.129135806043955 ], [ 117.970829195297071, -35.129135806043955 ], [ 117.969953582334725, -35.129135806043955 ], [ 117.969077969372378, -35.129135806043955 ], [ 117.969077969372378, -35.130011419 ], [ 117.968202356410046, -35.130011419 ], [ 117.9673267434477, -35.130011419 ], [ 117.966451130485353, -35.130011419 ], [ 117.965575517523007, -35.130011419 ], [ 117.964699904560675, -35.130011419 ], [ 117.963824291598328, -35.130011419 ], [ 117.962948678635982, -35.130011419 ], [ 117.962073065673636, -35.130011419 ], [ 117.962073065673636, -35.129135806043955 ], [ 117.961197452711303, -35.129135806043955 ], [ 117.960321839748957, -35.129135806043955 ], [ 117.959446226786611, -35.129135806043955 ], [ 117.958570613824264, -35.129135806043955 ], [ 117.957695000861918, -35.129135806043955 ], [ 117.956819387899586, -35.129135806043955 ], [ 117.955943774937239, -35.129135806043955 ], [ 117.955068161974893, -35.129135806043955 ], [ 117.954192549012546, -35.129135806043955 ], [ 117.953316936050214, -35.129135806043955 ], [ 117.952441323087868, -35.129135806043955 ], [ 117.951565710125521, -35.129135806043955 ], [ 117.950690097163175, -35.129135806043955 ], [ 117.949814484200843, -35.129135806043955 ], [ 117.948938871238497, -35.129135806043955 ], [ 117.94806325827615, -35.129135806043955 ], [ 117.947187645313804, -35.129135806043955 ], [ 117.946312032351457, -35.129135806043955 ], [ 117.945436419389125, -35.129135806043955 ], [ 117.944560806426779, -35.129135806043955 ], [ 117.943685193464432, -35.129135806043955 ], [ 117.942809580502086, -35.129135806043955 ], [ 117.941933967539754, -35.129135806043955 ], [ 117.941058354577407, -35.129135806043955 ], [ 117.940182741615061, -35.129135806043955 ], [ 117.939307128652715, -35.129135806043955 ], [ 117.938431515690382, -35.129135806043955 ], [ 117.937555902728036, -35.129135806043955 ], [ 117.93668028976569, -35.129135806043955 ], [ 117.935804676803343, -35.129135806043955 ], [ 117.934929063840997, -35.129135806043955 ], [ 117.934929063840997, -35.130011419 ], [ 117.934053450878665, -35.130011419 ], [ 117.933177837916318, -35.130011419 ], [ 117.932302224953972, -35.130011419 ], [ 117.931426611991625, -35.130011419 ], [ 117.930550999029293, -35.130011419 ], [ 117.929675386066947, -35.130011419 ], [ 117.9287997731046, -35.130011419 ], [ 117.927924160142254, -35.130011419 ], [ 117.927048547179922, -35.130011419 ], [ 117.926172934217576, -35.130011419 ], [ 117.926172934217576, -35.129135806043955 ], [ 117.925297321255229, -35.129135806043955 ], [ 117.924421708292883, -35.129135806043955 ], [ 117.923546095330536, -35.129135806043955 ], [ 117.922670482368204, -35.129135806043955 ], [ 117.921794869405858, -35.129135806043955 ], [ 117.920919256443511, -35.129135806043955 ], [ 117.920043643481165, -35.129135806043955 ], [ 117.919168030518833, -35.129135806043955 ], [ 117.918292417556486, -35.129135806043955 ], [ 117.91741680459414, -35.129135806043955 ], [ 117.916541191631794, -35.129135806043955 ], [ 117.915665578669461, -35.129135806043955 ], [ 117.914789965707115, -35.129135806043955 ], [ 117.913914352744769, -35.129135806043955 ], [ 117.913038739782422, -35.129135806043955 ], [ 117.912163126820076, -35.129135806043955 ], [ 117.911287513857744, -35.129135806043955 ], [ 117.910411900895397, -35.129135806043955 ], [ 117.909536287933051, -35.129135806043955 ], [ 117.908660674970704, -35.129135806043955 ], [ 117.907785062008372, -35.129135806043955 ], [ 117.906909449046026, -35.129135806043955 ], [ 117.906033836083679, -35.129135806043955 ], [ 117.905158223121333, -35.129135806043955 ], [ 117.904282610159001, -35.129135806043955 ], [ 117.903406997196655, -35.129135806043955 ], [ 117.902531384234308, -35.129135806043955 ], [ 117.901655771271962, -35.129135806043955 ], [ 117.900780158309615, -35.129135806043955 ], [ 117.899904545347283, -35.129135806043955 ], [ 117.899028932384937, -35.129135806043955 ], [ 117.89815331942259, -35.129135806043955 ], [ 117.897277706460244, -35.129135806043955 ], [ 117.897277706460244, -35.130011419 ], [ 117.896402093497912, -35.130011419 ], [ 117.895526480535565, -35.130011419 ], [ 117.894650867573219, -35.130011419 ], [ 117.893775254610873, -35.130011419 ], [ 117.89289964164854, -35.130011419 ], [ 117.892024028686194, -35.130011419 ], [ 117.891148415723848, -35.130011419 ], [ 117.890272802761501, -35.130011419 ], [ 117.889397189799155, -35.130011419 ], [ 117.889397189799155, -35.129135806043955 ], [ 117.888521576836823, -35.129135806043955 ], [ 117.887645963874476, -35.129135806043955 ], [ 117.88677035091213, -35.129135806043955 ], [ 117.885894737949783, -35.129135806043955 ], [ 117.885019124987451, -35.129135806043955 ], [ 117.884143512025105, -35.129135806043955 ], [ 117.883267899062758, -35.129135806043955 ], [ 117.882392286100412, -35.129135806043955 ], [ 117.88151667313808, -35.129135806043955 ], [ 117.880641060175734, -35.129135806043955 ], [ 117.879765447213387, -35.129135806043955 ], [ 117.878889834251041, -35.129135806043955 ], [ 117.878014221288694, -35.129135806043955 ], [ 117.877138608326362, -35.129135806043955 ], [ 117.876262995364016, -35.129135806043955 ], [ 117.875387382401669, -35.129135806043955 ], [ 117.874511769439323, -35.129135806043955 ], [ 117.873636156476991, -35.129135806043955 ], [ 117.872760543514644, -35.129135806043955 ], [ 117.871884930552298, -35.129135806043955 ], [ 117.871009317589952, -35.129135806043955 ], [ 117.870133704627619, -35.129135806043955 ], [ 117.869258091665273, -35.129135806043955 ], [ 117.868382478702927, -35.129135806043955 ], [ 117.86750686574058, -35.129135806043955 ], [ 117.866631252778234, -35.129135806043955 ], [ 117.865755639815902, -35.129135806043955 ], [ 117.864880026853555, -35.129135806043955 ], [ 117.864004413891209, -35.129135806043955 ], [ 117.863128800928862, -35.129135806043955 ], [ 117.86225318796653, -35.129135806043955 ], [ 117.861377575004184, -35.129135806043955 ], [ 117.860501962041837, -35.129135806043955 ], [ 117.859626349079491, -35.129135806043955 ], [ 117.858750736117145, -35.129135806043955 ], [ 117.858750736117145, -35.130011419 ], [ 117.857875123154813, -35.130011419 ], [ 117.856999510192466, -35.130011419 ], [ 117.85612389723012, -35.130011419 ], [ 117.855248284267773, -35.130011419 ], [ 117.854372671305441, -35.130011419 ], [ 117.853497058343095, -35.130011419 ], [ 117.852621445380748, -35.130011419 ], [ 117.851745832418402, -35.130011419 ], [ 117.85087021945607, -35.130011419 ], [ 117.85087021945607, -35.129135806043955 ], [ 117.849994606493723, -35.129135806043955 ], [ 117.849118993531377, -35.129135806043955 ], [ 117.848243380569031, -35.129135806043955 ], [ 117.847367767606684, -35.129135806043955 ], [ 117.846492154644352, -35.129135806043955 ], [ 117.845616541682006, -35.129135806043955 ], [ 117.844740928719659, -35.129135806043955 ], [ 117.843865315757313, -35.129135806043955 ], [ 117.842989702794981, -35.129135806043955 ], [ 117.842114089832634, -35.129135806043955 ], [ 117.841238476870288, -35.129135806043955 ], [ 117.840362863907941, -35.129135806043955 ], [ 117.839487250945609, -35.129135806043955 ], [ 117.838611637983263, -35.129135806043955 ], [ 117.837736025020916, -35.129135806043955 ], [ 117.83686041205857, -35.129135806043955 ], [ 117.835984799096224, -35.129135806043955 ], [ 117.835109186133892, -35.129135806043955 ], [ 117.834233573171545, -35.129135806043955 ], [ 117.833357960209199, -35.129135806043955 ], [ 117.832482347246852, -35.129135806043955 ], [ 117.83160673428452, -35.129135806043955 ], [ 117.830731121322174, -35.129135806043955 ], [ 117.829855508359827, -35.129135806043955 ], [ 117.828979895397481, -35.129135806043955 ], [ 117.828104282435149, -35.129135806043955 ], [ 117.827228669472802, -35.129135806043955 ], [ 117.826353056510456, -35.129135806043955 ], [ 117.82547744354811, -35.129135806043955 ], [ 117.824601830585763, -35.129135806043955 ], [ 117.823726217623431, -35.129135806043955 ], [ 117.822850604661085, -35.129135806043955 ], [ 117.821974991698738, -35.129135806043955 ], [ 117.821099378736392, -35.129135806043955 ], [ 117.82022376577406, -35.129135806043955 ], [ 117.82022376577406, -35.130011419 ], [ 117.819348152811713, -35.130011419 ], [ 117.818472539849367, -35.130011419 ], [ 117.81759692688702, -35.130011419 ], [ 117.816721313924688, -35.130011419 ], [ 117.815845700962342, -35.130011419 ], [ 117.814970088, -35.130011419 ], [ 117.814970088, -35.129135806043955 ], [ 117.814970088, -35.128260193087911 ], [ 117.814970088, -35.127384580131867 ], [ 117.814970088, -35.126508967175823 ], [ 117.814970088, -35.125633354219779 ] ], [ [ 117.893775254610873, -35.117752837615384 ], [ 117.893775254610873, -35.118628450571428 ], [ 117.894650867573219, -35.118628450571428 ], [ 117.894650867573219, -35.117752837615384 ], [ 117.893775254610873, -35.117752837615384 ] ], [ [ 117.883267899062758, -35.072220963901096 ], [ 117.882392286100412, -35.072220963901096 ], [ 117.882392286100412, -35.073096576857139 ], [ 117.883267899062758, -35.073096576857139 ], [ 117.883267899062758, -35.072220963901096 ] ], [ [ 117.865755639815902, -35.074847802769227 ], [ 117.865755639815902, -35.075723415725271 ], [ 117.865755639815902, -35.076599028681315 ], [ 117.865755639815902, -35.077474641637359 ], [ 117.866631252778234, -35.077474641637359 ], [ 117.866631252778234, -35.076599028681315 ], [ 117.866631252778234, -35.075723415725271 ], [ 117.866631252778234, -35.074847802769227 ], [ 117.866631252778234, -35.073972189813183 ], [ 117.865755639815902, -35.073972189813183 ], [ 117.865755639815902, -35.074847802769227 ] ], [ [ 117.861377575004184, -35.069594125032964 ], [ 117.861377575004184, -35.06871851207692 ], [ 117.86225318796653, -35.06871851207692 ], [ 117.863128800928862, -35.06871851207692 ], [ 117.863128800928862, -35.069594125032964 ], [ 117.864004413891209, -35.069594125032964 ], [ 117.864880026853555, -35.069594125032964 ], [ 117.865755639815902, -35.069594125032964 ], [ 117.865755639815902, -35.06871851207692 ], [ 117.864880026853555, -35.06871851207692 ], [ 117.864004413891209, -35.06871851207692 ], [ 117.864004413891209, -35.067842899120876 ], [ 117.863128800928862, -35.067842899120876 ], [ 117.863128800928862, -35.066967286164832 ], [ 117.86225318796653, -35.066967286164832 ], [ 117.861377575004184, -35.066967286164832 ], [ 117.860501962041837, -35.066967286164832 ], [ 117.859626349079491, -35.066967286164832 ], [ 117.859626349079491, -35.067842899120876 ], [ 117.860501962041837, -35.067842899120876 ], [ 117.860501962041837, -35.06871851207692 ], [ 117.860501962041837, -35.069594125032964 ], [ 117.861377575004184, -35.069594125032964 ] ], [ [ 117.859626349079491, -35.06871851207692 ], [ 117.858750736117145, -35.06871851207692 ], [ 117.858750736117145, -35.069594125032964 ], [ 117.859626349079491, -35.069594125032964 ], [ 117.859626349079491, -35.06871851207692 ] ], [ [ 117.856999510192466, -35.066967286164832 ], [ 117.857875123154813, -35.066967286164832 ], [ 117.857875123154813, -35.066091673208788 ], [ 117.856999510192466, -35.066091673208788 ], [ 117.856999510192466, -35.066967286164832 ] ], [ [ 117.857875123154813, -35.059086769560437 ], [ 117.858750736117145, -35.059086769560437 ], [ 117.859626349079491, -35.059086769560437 ], [ 117.860501962041837, -35.059086769560437 ], [ 117.860501962041837, -35.058211156604393 ], [ 117.859626349079491, -35.058211156604393 ], [ 117.858750736117145, -35.058211156604393 ], [ 117.857875123154813, -35.058211156604393 ], [ 117.856999510192466, -35.058211156604393 ], [ 117.856999510192466, -35.059086769560437 ], [ 117.857875123154813, -35.059086769560437 ] ], [ [ 117.86225318796653, -35.117752837615384 ], [ 117.863128800928862, -35.117752837615384 ], [ 117.863128800928862, -35.116877224659341 ], [ 117.86225318796653, -35.116877224659341 ], [ 117.86225318796653, -35.117752837615384 ] ], [ [ 117.864004413891209, -35.116877224659341 ], [ 117.864880026853555, -35.116877224659341 ], [ 117.864880026853555, -35.116001611703297 ], [ 117.864004413891209, -35.116001611703297 ], [ 117.863128800928862, -35.116001611703297 ], [ 117.863128800928862, -35.116877224659341 ], [ 117.864004413891209, -35.116877224659341 ] ], [ [ 117.864880026853555, -35.117752837615384 ], [ 117.864880026853555, -35.118628450571428 ], [ 117.865755639815902, -35.118628450571428 ], [ 117.865755639815902, -35.117752837615384 ], [ 117.864880026853555, -35.117752837615384 ] ], [ [ 117.891148415723848, -35.118628450571428 ], [ 117.891148415723848, -35.119504063527472 ], [ 117.892024028686194, -35.119504063527472 ], [ 117.892024028686194, -35.118628450571428 ], [ 117.891148415723848, -35.118628450571428 ] ], [ [ 117.892024028686194, -35.120379676483516 ], [ 117.89289964164854, -35.120379676483516 ], [ 117.893775254610873, -35.120379676483516 ], [ 117.893775254610873, -35.119504063527472 ], [ 117.89289964164854, -35.119504063527472 ], [ 117.892024028686194, -35.119504063527472 ], [ 117.892024028686194, -35.120379676483516 ] ], [ [ 117.893775254610873, -35.12125528943956 ], [ 117.894650867573219, -35.12125528943956 ], [ 117.894650867573219, -35.120379676483516 ], [ 117.893775254610873, -35.120379676483516 ], [ 117.893775254610873, -35.12125528943956 ] ], [ [ 117.89815331942259, -35.12125528943956 ], [ 117.89815331942259, -35.120379676483516 ], [ 117.897277706460244, -35.120379676483516 ], [ 117.897277706460244, -35.119504063527472 ], [ 117.896402093497912, -35.119504063527472 ], [ 117.896402093497912, -35.120379676483516 ], [ 117.896402093497912, -35.12125528943956 ], [ 117.897277706460244, -35.12125528943956 ], [ 117.89815331942259, -35.12125528943956 ] ], [ [ 117.871009317589952, -35.063464834340657 ], [ 117.871009317589952, -35.064340447296701 ], [ 117.871884930552298, -35.064340447296701 ], [ 117.872760543514644, -35.064340447296701 ], [ 117.873636156476991, -35.064340447296701 ], [ 117.873636156476991, -35.063464834340657 ], [ 117.872760543514644, -35.063464834340657 ], [ 117.871884930552298, -35.063464834340657 ], [ 117.871009317589952, -35.063464834340657 ] ], [ [ 117.871009317589952, -35.06871851207692 ], [ 117.870133704627619, -35.06871851207692 ], [ 117.870133704627619, -35.069594125032964 ], [ 117.871009317589952, -35.069594125032964 ], [ 117.871009317589952, -35.070469737989008 ], [ 117.870133704627619, -35.070469737989008 ], [ 117.870133704627619, -35.071345350945052 ], [ 117.870133704627619, -35.072220963901096 ], [ 117.870133704627619, -35.073096576857139 ], [ 117.870133704627619, -35.073972189813183 ], [ 117.870133704627619, -35.074847802769227 ], [ 117.869258091665273, -35.074847802769227 ], [ 117.869258091665273, -35.075723415725271 ], [ 117.869258091665273, -35.076599028681315 ], [ 117.870133704627619, -35.076599028681315 ], [ 117.870133704627619, -35.075723415725271 ], [ 117.871009317589952, -35.075723415725271 ], [ 117.871009317589952, -35.074847802769227 ], [ 117.871009317589952, -35.073972189813183 ], [ 117.871009317589952, -35.073096576857139 ], [ 117.871009317589952, -35.072220963901096 ], [ 117.871009317589952, -35.071345350945052 ], [ 117.871884930552298, -35.071345350945052 ], [ 117.872760543514644, -35.071345350945052 ], [ 117.872760543514644, -35.072220963901096 ], [ 117.873636156476991, -35.072220963901096 ], [ 117.874511769439323, -35.072220963901096 ], [ 117.875387382401669, -35.072220963901096 ], [ 117.875387382401669, -35.071345350945052 ], [ 117.874511769439323, -35.071345350945052 ], [ 117.874511769439323, -35.070469737989008 ], [ 117.874511769439323, -35.069594125032964 ], [ 117.874511769439323, -35.06871851207692 ], [ 117.873636156476991, -35.06871851207692 ], [ 117.872760543514644, -35.06871851207692 ], [ 117.871884930552298, -35.06871851207692 ], [ 117.871009317589952, -35.06871851207692 ] ], [ [ 117.868382478702927, -35.076599028681315 ], [ 117.86750686574058, -35.076599028681315 ], [ 117.86750686574058, -35.077474641637359 ], [ 117.868382478702927, -35.077474641637359 ], [ 117.869258091665273, -35.077474641637359 ], [ 117.869258091665273, -35.076599028681315 ], [ 117.868382478702927, -35.076599028681315 ] ], [ [ 117.871884930552298, -35.074847802769227 ], [ 117.872760543514644, -35.074847802769227 ], [ 117.872760543514644, -35.073972189813183 ], [ 117.871884930552298, -35.073972189813183 ], [ 117.871884930552298, -35.074847802769227 ] ], [ [ 117.871884930552298, -35.076599028681315 ], [ 117.872760543514644, -35.076599028681315 ], [ 117.872760543514644, -35.075723415725271 ], [ 117.871884930552298, -35.075723415725271 ], [ 117.871884930552298, -35.076599028681315 ] ], [ [ 117.861377575004184, -35.065216060252745 ], [ 117.861377575004184, -35.064340447296701 ], [ 117.861377575004184, -35.063464834340657 ], [ 117.861377575004184, -35.062589221384613 ], [ 117.860501962041837, -35.062589221384613 ], [ 117.860501962041837, -35.063464834340657 ], [ 117.860501962041837, -35.064340447296701 ], [ 117.860501962041837, -35.065216060252745 ], [ 117.861377575004184, -35.065216060252745 ] ], [ [ 117.861377575004184, -35.066091673208788 ], [ 117.86225318796653, -35.066091673208788 ], [ 117.863128800928862, -35.066091673208788 ], [ 117.863128800928862, -35.065216060252745 ], [ 117.864004413891209, -35.065216060252745 ], [ 117.864004413891209, -35.064340447296701 ], [ 117.863128800928862, -35.064340447296701 ], [ 117.86225318796653, -35.064340447296701 ], [ 117.86225318796653, -35.065216060252745 ], [ 117.861377575004184, -35.065216060252745 ], [ 117.861377575004184, -35.066091673208788 ] ], [ [ 117.858750736117145, -35.062589221384613 ], [ 117.858750736117145, -35.063464834340657 ], [ 117.859626349079491, -35.063464834340657 ], [ 117.859626349079491, -35.062589221384613 ], [ 117.858750736117145, -35.062589221384613 ] ], [ [ 117.865755639815902, -35.058211156604393 ], [ 117.865755639815902, -35.059086769560437 ], [ 117.866631252778234, -35.059086769560437 ], [ 117.866631252778234, -35.058211156604393 ], [ 117.865755639815902, -35.058211156604393 ] ], [ [ 117.866631252778234, -35.064340447296701 ], [ 117.86750686574058, -35.064340447296701 ], [ 117.86750686574058, -35.063464834340657 ], [ 117.866631252778234, -35.063464834340657 ], [ 117.866631252778234, -35.064340447296701 ] ], [ [ 117.86750686574058, -35.066091673208788 ], [ 117.868382478702927, -35.066091673208788 ], [ 117.868382478702927, -35.065216060252745 ], [ 117.86750686574058, -35.065216060252745 ], [ 117.866631252778234, -35.065216060252745 ], [ 117.865755639815902, -35.065216060252745 ], [ 117.865755639815902, -35.066091673208788 ], [ 117.866631252778234, -35.066091673208788 ], [ 117.86750686574058, -35.066091673208788 ] ], [ [ 117.86750686574058, -35.067842899120876 ], [ 117.866631252778234, -35.067842899120876 ], [ 117.866631252778234, -35.06871851207692 ], [ 117.86750686574058, -35.06871851207692 ], [ 117.868382478702927, -35.06871851207692 ], [ 117.868382478702927, -35.067842899120876 ], [ 117.86750686574058, -35.067842899120876 ] ], [ [ 117.861377575004184, -35.061713608428569 ], [ 117.86225318796653, -35.061713608428569 ], [ 117.86225318796653, -35.060837995472525 ], [ 117.861377575004184, -35.060837995472525 ], [ 117.861377575004184, -35.061713608428569 ] ], [ [ 117.86225318796653, -35.059962382516481 ], [ 117.863128800928862, -35.059962382516481 ], [ 117.864004413891209, -35.059962382516481 ], [ 117.864004413891209, -35.059086769560437 ], [ 117.863128800928862, -35.059086769560437 ], [ 117.86225318796653, -35.059086769560437 ], [ 117.861377575004184, -35.059086769560437 ], [ 117.861377575004184, -35.059962382516481 ], [ 117.86225318796653, -35.059962382516481 ] ], [ [ 117.868382478702927, -35.072220963901096 ], [ 117.868382478702927, -35.073096576857139 ], [ 117.86750686574058, -35.073096576857139 ], [ 117.86750686574058, -35.073972189813183 ], [ 117.868382478702927, -35.073972189813183 ], [ 117.869258091665273, -35.073972189813183 ], [ 117.869258091665273, -35.073096576857139 ], [ 117.869258091665273, -35.072220963901096 ], [ 117.868382478702927, -35.072220963901096 ] ], [ [ 117.868382478702927, -35.071345350945052 ], [ 117.868382478702927, -35.070469737989008 ], [ 117.86750686574058, -35.070469737989008 ], [ 117.86750686574058, -35.071345350945052 ], [ 117.868382478702927, -35.071345350945052 ] ], [ [ 117.878889834251041, -35.066091673208788 ], [ 117.878014221288694, -35.066091673208788 ], [ 117.878014221288694, -35.066967286164832 ], [ 117.878014221288694, -35.067842899120876 ], [ 117.878889834251041, -35.067842899120876 ], [ 117.878889834251041, -35.066967286164832 ], [ 117.878889834251041, -35.066091673208788 ] ], [ [ 117.875387382401669, -35.06871851207692 ], [ 117.876262995364016, -35.06871851207692 ], [ 117.876262995364016, -35.069594125032964 ], [ 117.876262995364016, -35.070469737989008 ], [ 117.876262995364016, -35.071345350945052 ], [ 117.876262995364016, -35.072220963901096 ], [ 117.877138608326362, -35.072220963901096 ], [ 117.877138608326362, -35.073096576857139 ], [ 117.878014221288694, -35.073096576857139 ], [ 117.878014221288694, -35.072220963901096 ], [ 117.878014221288694, -35.071345350945052 ], [ 117.878889834251041, -35.071345350945052 ], [ 117.879765447213387, -35.071345350945052 ], [ 117.880641060175734, -35.071345350945052 ], [ 117.88151667313808, -35.071345350945052 ], [ 117.88151667313808, -35.070469737989008 ], [ 117.88151667313808, -35.069594125032964 ], [ 117.88151667313808, -35.06871851207692 ], [ 117.880641060175734, -35.06871851207692 ], [ 117.879765447213387, -35.06871851207692 ], [ 117.878889834251041, -35.06871851207692 ], [ 117.878014221288694, -35.06871851207692 ], [ 117.877138608326362, -35.06871851207692 ], [ 117.877138608326362, -35.067842899120876 ], [ 117.876262995364016, -35.067842899120876 ], [ 117.875387382401669, -35.067842899120876 ], [ 117.875387382401669, -35.06871851207692 ] ], [ [ 117.873636156476991, -35.074847802769227 ], [ 117.874511769439323, -35.074847802769227 ], [ 117.874511769439323, -35.073972189813183 ], [ 117.873636156476991, -35.073972189813183 ], [ 117.873636156476991, -35.074847802769227 ] ], [ [ 117.877138608326362, -35.074847802769227 ], [ 117.877138608326362, -35.073972189813183 ], [ 117.876262995364016, -35.073972189813183 ], [ 117.875387382401669, -35.073972189813183 ], [ 117.875387382401669, -35.074847802769227 ], [ 117.876262995364016, -35.074847802769227 ], [ 117.877138608326362, -35.074847802769227 ] ], [ [ 117.887645963874476, -35.077474641637359 ], [ 117.888521576836823, -35.077474641637359 ], [ 117.888521576836823, -35.076599028681315 ], [ 117.887645963874476, -35.076599028681315 ], [ 117.887645963874476, -35.077474641637359 ] ], [ [ 117.888521576836823, -35.078350254593403 ], [ 117.889397189799155, -35.078350254593403 ], [ 117.889397189799155, -35.077474641637359 ], [ 117.888521576836823, -35.077474641637359 ], [ 117.888521576836823, -35.078350254593403 ] ], [ [ 117.913914352744769, -35.052081865912086 ], [ 117.913038739782422, -35.052081865912086 ], [ 117.913038739782422, -35.05295747886813 ], [ 117.913914352744769, -35.05295747886813 ], [ 117.914789965707115, -35.05295747886813 ], [ 117.914789965707115, -35.052081865912086 ], [ 117.913914352744769, -35.052081865912086 ] ], [ [ 117.946312032351457, -35.064340447296701 ], [ 117.946312032351457, -35.063464834340657 ], [ 117.946312032351457, -35.062589221384613 ], [ 117.946312032351457, -35.061713608428569 ], [ 117.945436419389125, -35.061713608428569 ], [ 117.945436419389125, -35.062589221384613 ], [ 117.945436419389125, -35.063464834340657 ], [ 117.945436419389125, -35.064340447296701 ], [ 117.946312032351457, -35.064340447296701 ] ], [ [ 117.943685193464432, -35.061713608428569 ], [ 117.943685193464432, -35.062589221384613 ], [ 117.943685193464432, -35.063464834340657 ], [ 117.944560806426779, -35.063464834340657 ], [ 117.944560806426779, -35.062589221384613 ], [ 117.944560806426779, -35.061713608428569 ], [ 117.943685193464432, -35.061713608428569 ] ], [ [ 117.962948678635982, -35.089733223021973 ], [ 117.962948678635982, -35.090608835978024 ], [ 117.962948678635982, -35.091484448934068 ], [ 117.962948678635982, -35.092360061890112 ], [ 117.963824291598328, -35.092360061890112 ], [ 117.963824291598328, -35.091484448934068 ], [ 117.963824291598328, -35.090608835978024 ], [ 117.963824291598328, -35.089733223021973 ], [ 117.962948678635982, -35.089733223021973 ] ] ], [ [ [ 117.839487250945609, -35.08010148050549 ], [ 117.839487250945609, -35.080977093461534 ], [ 117.838611637983263, -35.080977093461534 ], [ 117.837736025020916, -35.080977093461534 ], [ 117.83686041205857, -35.080977093461534 ], [ 117.835984799096224, -35.080977093461534 ], [ 117.835984799096224, -35.08010148050549 ], [ 117.835984799096224, -35.079225867549447 ], [ 117.835984799096224, -35.078350254593403 ], [ 117.83686041205857, -35.078350254593403 ], [ 117.837736025020916, -35.078350254593403 ], [ 117.838611637983263, -35.078350254593403 ], [ 117.838611637983263, -35.079225867549447 ], [ 117.839487250945609, -35.079225867549447 ], [ 117.839487250945609, -35.08010148050549 ] ] ], [ [ [ 117.834233573171545, -35.056459930692306 ], [ 117.833357960209199, -35.056459930692306 ], [ 117.833357960209199, -35.055584317736262 ], [ 117.834233573171545, -35.055584317736262 ], [ 117.834233573171545, -35.056459930692306 ] ] ], [ [ [ 117.838611637983263, -35.054708704780218 ], [ 117.838611637983263, -35.053833091824174 ], [ 117.839487250945609, -35.053833091824174 ], [ 117.839487250945609, -35.054708704780218 ], [ 117.839487250945609, -35.055584317736262 ], [ 117.838611637983263, -35.055584317736262 ], [ 117.837736025020916, -35.055584317736262 ], [ 117.837736025020916, -35.054708704780218 ], [ 117.838611637983263, -35.054708704780218 ] ] ], [ [ [ 117.839487250945609, -35.052081865912086 ], [ 117.839487250945609, -35.051206252956042 ], [ 117.839487250945609, -35.05033064 ], [ 117.840362863907941, -35.05033064 ], [ 117.840362863907941, -35.051206252956042 ], [ 117.840362863907941, -35.052081865912086 ], [ 117.839487250945609, -35.052081865912086 ] ] ], [ [ [ 117.852621445380748, -35.066091673208788 ], [ 117.851745832418402, -35.066091673208788 ], [ 117.851745832418402, -35.065216060252745 ], [ 117.852621445380748, -35.065216060252745 ], [ 117.853497058343095, -35.065216060252745 ], [ 117.853497058343095, -35.066091673208788 ], [ 117.852621445380748, -35.066091673208788 ] ] ], [ [ [ 117.85087021945607, -35.059086769560437 ], [ 117.849994606493723, -35.059086769560437 ], [ 117.849994606493723, -35.058211156604393 ], [ 117.85087021945607, -35.058211156604393 ], [ 117.85087021945607, -35.059086769560437 ] ] ], [ [ [ 117.854372671305441, -35.058211156604393 ], [ 117.853497058343095, -35.058211156604393 ], [ 117.853497058343095, -35.05733554364835 ], [ 117.854372671305441, -35.05733554364835 ], [ 117.854372671305441, -35.058211156604393 ] ] ], [ [ [ 117.860501962041837, -35.080977093461534 ], [ 117.860501962041837, -35.081852706417578 ], [ 117.859626349079491, -35.081852706417578 ], [ 117.859626349079491, -35.080977093461534 ], [ 117.860501962041837, -35.080977093461534 ] ] ], [ [ [ 117.858750736117145, -35.080977093461534 ], [ 117.857875123154813, -35.080977093461534 ], [ 117.856999510192466, -35.080977093461534 ], [ 117.856999510192466, -35.08010148050549 ], [ 117.857875123154813, -35.08010148050549 ], [ 117.858750736117145, -35.08010148050549 ], [ 117.858750736117145, -35.080977093461534 ] ] ], [ [ [ 117.858750736117145, -35.078350254593403 ], [ 117.859626349079491, -35.078350254593403 ], [ 117.859626349079491, -35.079225867549447 ], [ 117.858750736117145, -35.079225867549447 ], [ 117.857875123154813, -35.079225867549447 ], [ 117.857875123154813, -35.078350254593403 ], [ 117.858750736117145, -35.078350254593403 ] ] ], [ [ [ 117.859626349079491, -35.071345350945052 ], [ 117.860501962041837, -35.071345350945052 ], [ 117.860501962041837, -35.072220963901096 ], [ 117.859626349079491, -35.072220963901096 ], [ 117.858750736117145, -35.072220963901096 ], [ 117.858750736117145, -35.073096576857139 ], [ 117.858750736117145, -35.073972189813183 ], [ 117.858750736117145, -35.074847802769227 ], [ 117.857875123154813, -35.074847802769227 ], [ 117.856999510192466, -35.074847802769227 ], [ 117.856999510192466, -35.073972189813183 ], [ 117.857875123154813, -35.073972189813183 ], [ 117.857875123154813, -35.073096576857139 ], [ 117.856999510192466, -35.073096576857139 ], [ 117.856999510192466, -35.072220963901096 ], [ 117.857875123154813, -35.072220963901096 ], [ 117.857875123154813, -35.071345350945052 ], [ 117.858750736117145, -35.071345350945052 ], [ 117.859626349079491, -35.071345350945052 ] ] ], [ [ [ 117.856999510192466, -35.065216060252745 ], [ 117.85612389723012, -35.065216060252745 ], [ 117.85612389723012, -35.064340447296701 ], [ 117.856999510192466, -35.064340447296701 ], [ 117.856999510192466, -35.065216060252745 ] ] ], [ [ [ 117.865755639815902, -35.08447954528571 ], [ 117.865755639815902, -35.083603932329666 ], [ 117.864880026853555, -35.083603932329666 ], [ 117.864880026853555, -35.082728319373622 ], [ 117.865755639815902, -35.082728319373622 ], [ 117.866631252778234, -35.082728319373622 ], [ 117.866631252778234, -35.083603932329666 ], [ 117.866631252778234, -35.08447954528571 ], [ 117.865755639815902, -35.08447954528571 ] ] ], [ [ [ 117.863128800928862, -35.081852706417578 ], [ 117.86225318796653, -35.081852706417578 ], [ 117.86225318796653, -35.080977093461534 ], [ 117.863128800928862, -35.080977093461534 ], [ 117.864004413891209, -35.080977093461534 ], [ 117.864004413891209, -35.081852706417578 ], [ 117.863128800928862, -35.081852706417578 ] ] ], [ [ [ 117.86225318796653, -35.080977093461534 ], [ 117.861377575004184, -35.080977093461534 ], [ 117.861377575004184, -35.08010148050549 ], [ 117.86225318796653, -35.08010148050549 ], [ 117.86225318796653, -35.080977093461534 ] ] ], [ [ [ 117.864004413891209, -35.079225867549447 ], [ 117.864004413891209, -35.08010148050549 ], [ 117.863128800928862, -35.08010148050549 ], [ 117.86225318796653, -35.08010148050549 ], [ 117.86225318796653, -35.079225867549447 ], [ 117.863128800928862, -35.079225867549447 ], [ 117.864004413891209, -35.079225867549447 ] ] ], [ [ [ 117.86225318796653, -35.072220963901096 ], [ 117.86225318796653, -35.073096576857139 ], [ 117.861377575004184, -35.073096576857139 ], [ 117.860501962041837, -35.073096576857139 ], [ 117.860501962041837, -35.072220963901096 ], [ 117.861377575004184, -35.072220963901096 ], [ 117.86225318796653, -35.072220963901096 ] ] ], [ [ [ 117.872760543514644, -35.088857610065929 ], [ 117.871884930552298, -35.088857610065929 ], [ 117.871884930552298, -35.087981997109885 ], [ 117.871884930552298, -35.087106384153842 ], [ 117.872760543514644, -35.087106384153842 ], [ 117.872760543514644, -35.087981997109885 ], [ 117.872760543514644, -35.088857610065929 ] ] ], [ [ [ 117.871884930552298, -35.085355158241754 ], [ 117.871009317589952, -35.085355158241754 ], [ 117.870133704627619, -35.085355158241754 ], [ 117.870133704627619, -35.08447954528571 ], [ 117.871009317589952, -35.08447954528571 ], [ 117.871884930552298, -35.08447954528571 ], [ 117.871884930552298, -35.085355158241754 ] ] ], [ [ [ 117.868382478702927, -35.082728319373622 ], [ 117.869258091665273, -35.082728319373622 ], [ 117.869258091665273, -35.083603932329666 ], [ 117.870133704627619, -35.083603932329666 ], [ 117.870133704627619, -35.08447954528571 ], [ 117.869258091665273, -35.08447954528571 ], [ 117.868382478702927, -35.08447954528571 ], [ 117.868382478702927, -35.083603932329666 ], [ 117.868382478702927, -35.082728319373622 ] ] ], [ [ [ 117.875387382401669, -35.088857610065929 ], [ 117.874511769439323, -35.088857610065929 ], [ 117.874511769439323, -35.087981997109885 ], [ 117.875387382401669, -35.087981997109885 ], [ 117.876262995364016, -35.087981997109885 ], [ 117.876262995364016, -35.088857610065929 ], [ 117.877138608326362, -35.088857610065929 ], [ 117.877138608326362, -35.089733223021973 ], [ 117.876262995364016, -35.089733223021973 ], [ 117.875387382401669, -35.089733223021973 ], [ 117.875387382401669, -35.088857610065929 ] ] ], [ [ [ 117.877138608326362, -35.087981997109885 ], [ 117.876262995364016, -35.087981997109885 ], [ 117.876262995364016, -35.087106384153842 ], [ 117.877138608326362, -35.087106384153842 ], [ 117.877138608326362, -35.087981997109885 ] ] ], [ [ [ 117.877138608326362, -35.085355158241754 ], [ 117.877138608326362, -35.08447954528571 ], [ 117.878014221288694, -35.08447954528571 ], [ 117.878889834251041, -35.08447954528571 ], [ 117.879765447213387, -35.08447954528571 ], [ 117.879765447213387, -35.085355158241754 ], [ 117.878889834251041, -35.085355158241754 ], [ 117.878014221288694, -35.085355158241754 ], [ 117.877138608326362, -35.085355158241754 ] ] ], [ [ [ 117.874511769439323, -35.083603932329666 ], [ 117.874511769439323, -35.08447954528571 ], [ 117.873636156476991, -35.08447954528571 ], [ 117.872760543514644, -35.08447954528571 ], [ 117.872760543514644, -35.083603932329666 ], [ 117.873636156476991, -35.083603932329666 ], [ 117.874511769439323, -35.083603932329666 ] ] ], [ [ [ 117.878889834251041, -35.081852706417578 ], [ 117.878014221288694, -35.081852706417578 ], [ 117.878014221288694, -35.080977093461534 ], [ 117.878014221288694, -35.08010148050549 ], [ 117.878889834251041, -35.08010148050549 ], [ 117.878889834251041, -35.080977093461534 ], [ 117.878889834251041, -35.081852706417578 ] ] ], [ [ [ 117.875387382401669, -35.08010148050549 ], [ 117.876262995364016, -35.08010148050549 ], [ 117.876262995364016, -35.080977093461534 ], [ 117.875387382401669, -35.080977093461534 ], [ 117.874511769439323, -35.080977093461534 ], [ 117.873636156476991, -35.080977093461534 ], [ 117.873636156476991, -35.08010148050549 ], [ 117.874511769439323, -35.08010148050549 ], [ 117.875387382401669, -35.08010148050549 ] ] ], [ [ [ 117.875387382401669, -35.077474641637359 ], [ 117.875387382401669, -35.076599028681315 ], [ 117.876262995364016, -35.076599028681315 ], [ 117.877138608326362, -35.076599028681315 ], [ 117.877138608326362, -35.077474641637359 ], [ 117.876262995364016, -35.077474641637359 ], [ 117.875387382401669, -35.077474641637359 ] ] ], [ [ [ 117.882392286100412, -35.088857610065929 ], [ 117.882392286100412, -35.089733223021973 ], [ 117.88151667313808, -35.089733223021973 ], [ 117.88151667313808, -35.088857610065929 ], [ 117.882392286100412, -35.088857610065929 ] ] ], [ [ [ 117.883267899062758, -35.087981997109885 ], [ 117.883267899062758, -35.087106384153842 ], [ 117.884143512025105, -35.087106384153842 ], [ 117.884143512025105, -35.087981997109885 ], [ 117.885019124987451, -35.087981997109885 ], [ 117.885019124987451, -35.088857610065929 ], [ 117.884143512025105, -35.088857610065929 ], [ 117.883267899062758, -35.088857610065929 ], [ 117.883267899062758, -35.087981997109885 ] ] ], [ [ [ 117.880641060175734, -35.086230771197798 ], [ 117.880641060175734, -35.085355158241754 ], [ 117.88151667313808, -35.085355158241754 ], [ 117.88151667313808, -35.086230771197798 ], [ 117.882392286100412, -35.086230771197798 ], [ 117.882392286100412, -35.087106384153842 ], [ 117.882392286100412, -35.087981997109885 ], [ 117.88151667313808, -35.087981997109885 ], [ 117.880641060175734, -35.087981997109885 ], [ 117.880641060175734, -35.087106384153842 ], [ 117.879765447213387, -35.087106384153842 ], [ 117.879765447213387, -35.086230771197798 ], [ 117.880641060175734, -35.086230771197798 ] ] ], [ [ [ 117.885019124987451, -35.08447954528571 ], [ 117.885019124987451, -35.085355158241754 ], [ 117.884143512025105, -35.085355158241754 ], [ 117.883267899062758, -35.085355158241754 ], [ 117.883267899062758, -35.08447954528571 ], [ 117.884143512025105, -35.08447954528571 ], [ 117.885019124987451, -35.08447954528571 ] ] ], [ [ [ 117.885894737949783, -35.081852706417578 ], [ 117.885894737949783, -35.082728319373622 ], [ 117.88677035091213, -35.082728319373622 ], [ 117.88677035091213, -35.083603932329666 ], [ 117.885894737949783, -35.083603932329666 ], [ 117.885019124987451, -35.083603932329666 ], [ 117.884143512025105, -35.083603932329666 ], [ 117.884143512025105, -35.082728319373622 ], [ 117.885019124987451, -35.082728319373622 ], [ 117.885019124987451, -35.081852706417578 ], [ 117.885019124987451, -35.080977093461534 ], [ 117.885894737949783, -35.080977093461534 ], [ 117.885894737949783, -35.081852706417578 ] ] ], [ [ [ 117.883267899062758, -35.080977093461534 ], [ 117.882392286100412, -35.080977093461534 ], [ 117.882392286100412, -35.081852706417578 ], [ 117.883267899062758, -35.081852706417578 ], [ 117.883267899062758, -35.082728319373622 ], [ 117.883267899062758, -35.083603932329666 ], [ 117.882392286100412, -35.083603932329666 ], [ 117.882392286100412, -35.082728319373622 ], [ 117.88151667313808, -35.082728319373622 ], [ 117.88151667313808, -35.081852706417578 ], [ 117.88151667313808, -35.080977093461534 ], [ 117.880641060175734, -35.080977093461534 ], [ 117.880641060175734, -35.08010148050549 ], [ 117.880641060175734, -35.079225867549447 ], [ 117.88151667313808, -35.079225867549447 ], [ 117.882392286100412, -35.079225867549447 ], [ 117.883267899062758, -35.079225867549447 ], [ 117.883267899062758, -35.08010148050549 ], [ 117.883267899062758, -35.080977093461534 ] ] ], [ [ [ 117.880641060175734, -35.081852706417578 ], [ 117.879765447213387, -35.081852706417578 ], [ 117.879765447213387, -35.080977093461534 ], [ 117.880641060175734, -35.080977093461534 ], [ 117.880641060175734, -35.081852706417578 ] ] ], [ [ [ 117.890272802761501, -35.092360061890112 ], [ 117.889397189799155, -35.092360061890112 ], [ 117.889397189799155, -35.091484448934068 ], [ 117.890272802761501, -35.091484448934068 ], [ 117.890272802761501, -35.092360061890112 ] ] ], [ [ [ 117.890272802761501, -35.087981997109885 ], [ 117.891148415723848, -35.087981997109885 ], [ 117.891148415723848, -35.088857610065929 ], [ 117.890272802761501, -35.088857610065929 ], [ 117.889397189799155, -35.088857610065929 ], [ 117.889397189799155, -35.087981997109885 ], [ 117.890272802761501, -35.087981997109885 ] ] ], [ [ [ 117.88677035091213, -35.087981997109885 ], [ 117.885894737949783, -35.087981997109885 ], [ 117.885894737949783, -35.087106384153842 ], [ 117.885894737949783, -35.086230771197798 ], [ 117.88677035091213, -35.086230771197798 ], [ 117.88677035091213, -35.087106384153842 ], [ 117.88677035091213, -35.087981997109885 ] ] ], [ [ [ 117.891148415723848, -35.085355158241754 ], [ 117.891148415723848, -35.086230771197798 ], [ 117.891148415723848, -35.087106384153842 ], [ 117.890272802761501, -35.087106384153842 ], [ 117.889397189799155, -35.087106384153842 ], [ 117.888521576836823, -35.087106384153842 ], [ 117.887645963874476, -35.087106384153842 ], [ 117.887645963874476, -35.086230771197798 ], [ 117.888521576836823, -35.086230771197798 ], [ 117.889397189799155, -35.086230771197798 ], [ 117.890272802761501, -35.086230771197798 ], [ 117.890272802761501, -35.085355158241754 ], [ 117.891148415723848, -35.085355158241754 ] ] ], [ [ [ 117.89289964164854, -35.087106384153842 ], [ 117.89289964164854, -35.087981997109885 ], [ 117.892024028686194, -35.087981997109885 ], [ 117.892024028686194, -35.087106384153842 ], [ 117.89289964164854, -35.087106384153842 ] ] ], [ [ [ 117.894650867573219, -35.08447954528571 ], [ 117.893775254610873, -35.08447954528571 ], [ 117.893775254610873, -35.083603932329666 ], [ 117.894650867573219, -35.083603932329666 ], [ 117.894650867573219, -35.08447954528571 ] ] ], [ [ [ 117.905158223121333, -35.088857610065929 ], [ 117.906033836083679, -35.088857610065929 ], [ 117.906033836083679, -35.089733223021973 ], [ 117.905158223121333, -35.089733223021973 ], [ 117.904282610159001, -35.089733223021973 ], [ 117.903406997196655, -35.089733223021973 ], [ 117.903406997196655, -35.088857610065929 ], [ 117.904282610159001, -35.088857610065929 ], [ 117.905158223121333, -35.088857610065929 ] ] ], [ [ [ 117.907785062008372, -35.112499159879121 ], [ 117.906909449046026, -35.112499159879121 ], [ 117.906909449046026, -35.111623546923077 ], [ 117.906909449046026, -35.110747933967033 ], [ 117.907785062008372, -35.110747933967033 ], [ 117.907785062008372, -35.111623546923077 ], [ 117.907785062008372, -35.112499159879121 ] ] ], [ [ [ 117.907785062008372, -35.087106384153842 ], [ 117.906909449046026, -35.087106384153842 ], [ 117.906909449046026, -35.086230771197798 ], [ 117.907785062008372, -35.086230771197798 ], [ 117.907785062008372, -35.087106384153842 ] ] ], [ [ [ 117.923546095330536, -35.119504063527472 ], [ 117.924421708292883, -35.119504063527472 ], [ 117.924421708292883, -35.120379676483516 ], [ 117.923546095330536, -35.120379676483516 ], [ 117.922670482368204, -35.120379676483516 ], [ 117.922670482368204, -35.119504063527472 ], [ 117.922670482368204, -35.118628450571428 ], [ 117.922670482368204, -35.117752837615384 ], [ 117.923546095330536, -35.117752837615384 ], [ 117.923546095330536, -35.118628450571428 ], [ 117.923546095330536, -35.119504063527472 ] ] ], [ [ [ 117.923546095330536, -35.089733223021973 ], [ 117.922670482368204, -35.089733223021973 ], [ 117.922670482368204, -35.088857610065929 ], [ 117.923546095330536, -35.088857610065929 ], [ 117.924421708292883, -35.088857610065929 ], [ 117.924421708292883, -35.089733223021973 ], [ 117.923546095330536, -35.089733223021973 ] ] ], [ [ [ 117.920919256443511, -35.089733223021973 ], [ 117.920043643481165, -35.089733223021973 ], [ 117.920043643481165, -35.088857610065929 ], [ 117.920919256443511, -35.088857610065929 ], [ 117.920919256443511, -35.089733223021973 ] ] ], [ [ [ 117.920043643481165, -35.086230771197798 ], [ 117.919168030518833, -35.086230771197798 ], [ 117.919168030518833, -35.085355158241754 ], [ 117.920043643481165, -35.085355158241754 ], [ 117.920043643481165, -35.086230771197798 ] ] ], [ [ [ 117.921794869405858, -35.085355158241754 ], [ 117.920919256443511, -35.085355158241754 ], [ 117.920919256443511, -35.08447954528571 ], [ 117.921794869405858, -35.08447954528571 ], [ 117.921794869405858, -35.085355158241754 ] ] ], [ [ [ 117.925297321255229, -35.059086769560437 ], [ 117.924421708292883, -35.059086769560437 ], [ 117.923546095330536, -35.059086769560437 ], [ 117.923546095330536, -35.058211156604393 ], [ 117.924421708292883, -35.058211156604393 ], [ 117.925297321255229, -35.058211156604393 ], [ 117.925297321255229, -35.059086769560437 ] ] ], [ [ [ 117.926172934217576, -35.089733223021973 ], [ 117.926172934217576, -35.088857610065929 ], [ 117.927048547179922, -35.088857610065929 ], [ 117.927924160142254, -35.088857610065929 ], [ 117.9287997731046, -35.088857610065929 ], [ 117.9287997731046, -35.089733223021973 ], [ 117.927924160142254, -35.089733223021973 ], [ 117.927048547179922, -35.089733223021973 ], [ 117.926172934217576, -35.089733223021973 ] ] ], [ [ [ 117.925297321255229, -35.088857610065929 ], [ 117.924421708292883, -35.088857610065929 ], [ 117.924421708292883, -35.087981997109885 ], [ 117.925297321255229, -35.087981997109885 ], [ 117.925297321255229, -35.088857610065929 ] ] ], [ [ [ 117.926172934217576, -35.087981997109885 ], [ 117.925297321255229, -35.087981997109885 ], [ 117.925297321255229, -35.087106384153842 ], [ 117.926172934217576, -35.087106384153842 ], [ 117.926172934217576, -35.087981997109885 ] ] ], [ [ [ 117.930550999029293, -35.085355158241754 ], [ 117.929675386066947, -35.085355158241754 ], [ 117.929675386066947, -35.08447954528571 ], [ 117.930550999029293, -35.08447954528571 ], [ 117.930550999029293, -35.085355158241754 ] ] ], [ [ [ 117.94806325827615, -35.123882128307692 ], [ 117.948938871238497, -35.123882128307692 ], [ 117.949814484200843, -35.123882128307692 ], [ 117.950690097163175, -35.123882128307692 ], [ 117.951565710125521, -35.123882128307692 ], [ 117.952441323087868, -35.123882128307692 ], [ 117.953316936050214, -35.123882128307692 ], [ 117.953316936050214, -35.124757741263736 ], [ 117.952441323087868, -35.124757741263736 ], [ 117.951565710125521, -35.124757741263736 ], [ 117.950690097163175, -35.124757741263736 ], [ 117.949814484200843, -35.124757741263736 ], [ 117.948938871238497, -35.124757741263736 ], [ 117.948938871238497, -35.125633354219779 ], [ 117.949814484200843, -35.125633354219779 ], [ 117.950690097163175, -35.125633354219779 ], [ 117.950690097163175, -35.126508967175823 ], [ 117.949814484200843, -35.126508967175823 ], [ 117.948938871238497, -35.126508967175823 ], [ 117.94806325827615, -35.126508967175823 ], [ 117.947187645313804, -35.126508967175823 ], [ 117.946312032351457, -35.126508967175823 ], [ 117.946312032351457, -35.125633354219779 ], [ 117.945436419389125, -35.125633354219779 ], [ 117.945436419389125, -35.124757741263736 ], [ 117.946312032351457, -35.124757741263736 ], [ 117.946312032351457, -35.123882128307692 ], [ 117.947187645313804, -35.123882128307692 ], [ 117.94806325827615, -35.123882128307692 ] ] ], [ [ [ 117.952441323087868, -35.126508967175823 ], [ 117.951565710125521, -35.126508967175823 ], [ 117.951565710125521, -35.125633354219779 ], [ 117.952441323087868, -35.125633354219779 ], [ 117.952441323087868, -35.126508967175823 ] ] ] ] } },
{ "type": "Feature", "properties": { "potential_heritage_precaution_level": 2.0, "hazard_score": 5.0, "hazard_level": 3.0, "granite_score": 3, "potential_heritage_precaution_score": 0.66666666666666663 }, "geometry": { "type": "MultiPolygon", "coordinates": [ [ [ [ 117.816721313924688, -35.077474641637359 ], [ 117.81759692688702, -35.077474641637359 ], [ 117.818472539849367, -35.077474641637359 ], [ 117.818472539849367, -35.076599028681315 ], [ 117.818472539849367, -35.075723415725271 ], [ 117.81759692688702, -35.075723415725271 ], [ 117.816721313924688, -35.075723415725271 ], [ 117.816721313924688, -35.074847802769227 ], [ 117.815845700962342, -35.074847802769227 ], [ 117.815845700962342, -35.075723415725271 ], [ 117.815845700962342, -35.076599028681315 ], [ 117.814970088, -35.076599028681315 ], [ 117.814970088, -35.075723415725271 ], [ 117.814970088, -35.074847802769227 ], [ 117.814970088, -35.073972189813183 ], [ 117.814970088, -35.073096576857139 ], [ 117.814970088, -35.072220963901096 ], [ 117.814970088, -35.071345350945052 ], [ 117.814970088, -35.070469737989008 ], [ 117.814970088, -35.069594125032964 ], [ 117.814970088, -35.06871851207692 ], [ 117.814970088, -35.067842899120876 ], [ 117.814970088, -35.066967286164832 ], [ 117.814970088, -35.066091673208788 ], [ 117.815845700962342, -35.066091673208788 ], [ 117.815845700962342, -35.065216060252745 ], [ 117.814970088, -35.065216060252745 ], [ 117.814970088, -35.064340447296701 ], [ 117.814970088, -35.063464834340657 ], [ 117.814970088, -35.062589221384613 ], [ 117.814970088, -35.061713608428569 ], [ 117.814970088, -35.060837995472525 ], [ 117.815845700962342, -35.060837995472525 ], [ 117.816721313924688, -35.060837995472525 ], [ 117.81759692688702, -35.060837995472525 ], [ 117.818472539849367, -35.060837995472525 ], [ 117.818472539849367, -35.059962382516481 ], [ 117.818472539849367, -35.059086769560437 ], [ 117.81759692688702, -35.059086769560437 ], [ 117.816721313924688, -35.059086769560437 ], [ 117.816721313924688, -35.059962382516481 ], [ 117.815845700962342, -35.059962382516481 ], [ 117.814970088, -35.059962382516481 ], [ 117.814970088, -35.059086769560437 ], [ 117.814970088, -35.058211156604393 ], [ 117.814970088, -35.05733554364835 ], [ 117.814970088, -35.056459930692306 ], [ 117.814970088, -35.055584317736262 ], [ 117.814970088, -35.054708704780218 ], [ 117.814970088, -35.053833091824174 ], [ 117.814970088, -35.05295747886813 ], [ 117.814970088, -35.052081865912086 ], [ 117.814970088, -35.051206252956042 ], [ 117.814970088, -35.05033064 ], [ 117.815845700962342, -35.05033064 ], [ 117.816721313924688, -35.05033064 ], [ 117.81759692688702, -35.05033064 ], [ 117.818472539849367, -35.05033064 ], [ 117.819348152811713, -35.05033064 ], [ 117.82022376577406, -35.05033064 ], [ 117.821099378736392, -35.05033064 ], [ 117.821974991698738, -35.05033064 ], [ 117.822850604661085, -35.05033064 ], [ 117.823726217623431, -35.05033064 ], [ 117.824601830585763, -35.05033064 ], [ 117.82547744354811, -35.05033064 ], [ 117.826353056510456, -35.05033064 ], [ 117.827228669472802, -35.05033064 ], [ 117.828104282435149, -35.05033064 ], [ 117.828979895397481, -35.05033064 ], [ 117.829855508359827, -35.05033064 ], [ 117.830731121322174, -35.05033064 ], [ 117.83160673428452, -35.05033064 ], [ 117.832482347246852, -35.05033064 ], [ 117.833357960209199, -35.05033064 ], [ 117.834233573171545, -35.05033064 ], [ 117.835109186133892, -35.05033064 ], [ 117.835984799096224, -35.05033064 ], [ 117.83686041205857, -35.05033064 ], [ 117.837736025020916, -35.05033064 ], [ 117.838611637983263, -35.05033064 ], [ 117.839487250945609, -35.05033064 ], [ 117.839487250945609, -35.051206252956042 ], [ 117.839487250945609, -35.052081865912086 ], [ 117.840362863907941, -35.052081865912086 ], [ 117.840362863907941, -35.051206252956042 ], [ 117.840362863907941, -35.05033064 ], [ 117.841238476870288, -35.05033064 ], [ 117.842114089832634, -35.05033064 ], [ 117.842989702794981, -35.05033064 ], [ 117.843865315757313, -35.05033064 ], [ 117.844740928719659, -35.05033064 ], [ 117.845616541682006, -35.05033064 ], [ 117.846492154644352, -35.05033064 ], [ 117.846492154644352, -35.051206252956042 ], [ 117.847367767606684, -35.051206252956042 ], [ 117.847367767606684, -35.05033064 ], [ 117.848243380569031, -35.05033064 ], [ 117.849118993531377, -35.05033064 ], [ 117.849994606493723, -35.05033064 ], [ 117.85087021945607, -35.05033064 ], [ 117.851745832418402, -35.05033064 ], [ 117.852621445380748, -35.05033064 ], [ 117.853497058343095, -35.05033064 ], [ 117.853497058343095, -35.051206252956042 ], [ 117.854372671305441, -35.051206252956042 ], [ 117.855248284267773, -35.051206252956042 ], [ 117.855248284267773, -35.052081865912086 ], [ 117.855248284267773, -35.05295747886813 ], [ 117.855248284267773, -35.053833091824174 ], [ 117.855248284267773, -35.054708704780218 ], [ 117.855248284267773, -35.055584317736262 ], [ 117.854372671305441, -35.055584317736262 ], [ 117.854372671305441, -35.056459930692306 ], [ 117.855248284267773, -35.056459930692306 ], [ 117.85612389723012, -35.056459930692306 ], [ 117.85612389723012, -35.05733554364835 ], [ 117.855248284267773, -35.05733554364835 ], [ 117.855248284267773, -35.058211156604393 ], [ 117.85612389723012, -35.058211156604393 ], [ 117.85612389723012, -35.059086769560437 ], [ 117.856999510192466, -35.059086769560437 ], [ 117.856999510192466, -35.059962382516481 ], [ 117.857875123154813, -35.059962382516481 ], [ 117.857875123154813, -35.060837995472525 ], [ 117.857875123154813, -35.061713608428569 ], [ 117.857875123154813, -35.062589221384613 ], [ 117.856999510192466, -35.062589221384613 ], [ 117.856999510192466, -35.063464834340657 ], [ 117.856999510192466, -35.064340447296701 ], [ 117.85612389723012, -35.064340447296701 ], [ 117.85612389723012, -35.065216060252745 ], [ 117.856999510192466, -35.065216060252745 ], [ 117.856999510192466, -35.066091673208788 ], [ 117.85612389723012, -35.066091673208788 ], [ 117.855248284267773, -35.066091673208788 ], [ 117.854372671305441, -35.066091673208788 ], [ 117.854372671305441, -35.066967286164832 ], [ 117.853497058343095, -35.066967286164832 ], [ 117.853497058343095, -35.067842899120876 ], [ 117.853497058343095, -35.06871851207692 ], [ 117.854372671305441, -35.06871851207692 ], [ 117.855248284267773, -35.06871851207692 ], [ 117.85612389723012, -35.06871851207692 ], [ 117.856999510192466, -35.06871851207692 ], [ 117.857875123154813, -35.06871851207692 ], [ 117.857875123154813, -35.069594125032964 ], [ 117.857875123154813, -35.070469737989008 ], [ 117.858750736117145, -35.070469737989008 ], [ 117.859626349079491, -35.070469737989008 ], [ 117.859626349079491, -35.069594125032964 ], [ 117.860501962041837, -35.069594125032964 ], [ 117.860501962041837, -35.070469737989008 ], [ 117.860501962041837, -35.071345350945052 ], [ 117.859626349079491, -35.071345350945052 ], [ 117.858750736117145, -35.071345350945052 ], [ 117.857875123154813, -35.071345350945052 ], [ 117.857875123154813, -35.072220963901096 ], [ 117.856999510192466, -35.072220963901096 ], [ 117.856999510192466, -35.073096576857139 ], [ 117.857875123154813, -35.073096576857139 ], [ 117.857875123154813, -35.073972189813183 ], [ 117.856999510192466, -35.073972189813183 ], [ 117.856999510192466, -35.074847802769227 ], [ 117.857875123154813, -35.074847802769227 ], [ 117.858750736117145, -35.074847802769227 ], [ 117.858750736117145, -35.073972189813183 ], [ 117.858750736117145, -35.073096576857139 ], [ 117.858750736117145, -35.072220963901096 ], [ 117.859626349079491, -35.072220963901096 ], [ 117.860501962041837, -35.072220963901096 ], [ 117.860501962041837, -35.073096576857139 ], [ 117.861377575004184, -35.073096576857139 ], [ 117.86225318796653, -35.073096576857139 ], [ 117.86225318796653, -35.073972189813183 ], [ 117.86225318796653, -35.074847802769227 ], [ 117.861377575004184, -35.074847802769227 ], [ 117.860501962041837, -35.074847802769227 ], [ 117.860501962041837, -35.075723415725271 ], [ 117.859626349079491, -35.075723415725271 ], [ 117.858750736117145, -35.075723415725271 ], [ 117.858750736117145, -35.076599028681315 ], [ 117.859626349079491, -35.076599028681315 ], [ 117.860501962041837, -35.076599028681315 ], [ 117.861377575004184, -35.076599028681315 ], [ 117.861377575004184, -35.075723415725271 ], [ 117.86225318796653, -35.075723415725271 ], [ 117.863128800928862, -35.075723415725271 ], [ 117.864004413891209, -35.075723415725271 ], [ 117.864880026853555, -35.075723415725271 ], [ 117.864880026853555, -35.076599028681315 ], [ 117.864880026853555, -35.077474641637359 ], [ 117.864004413891209, -35.077474641637359 ], [ 117.864004413891209, -35.078350254593403 ], [ 117.864880026853555, -35.078350254593403 ], [ 117.865755639815902, -35.078350254593403 ], [ 117.866631252778234, -35.078350254593403 ], [ 117.86750686574058, -35.078350254593403 ], [ 117.868382478702927, -35.078350254593403 ], [ 117.868382478702927, -35.079225867549447 ], [ 117.869258091665273, -35.079225867549447 ], [ 117.870133704627619, -35.079225867549447 ], [ 117.871009317589952, -35.079225867549447 ], [ 117.871009317589952, -35.078350254593403 ], [ 117.871009317589952, -35.077474641637359 ], [ 117.871884930552298, -35.077474641637359 ], [ 117.871884930552298, -35.078350254593403 ], [ 117.872760543514644, -35.078350254593403 ], [ 117.873636156476991, -35.078350254593403 ], [ 117.874511769439323, -35.078350254593403 ], [ 117.875387382401669, -35.078350254593403 ], [ 117.875387382401669, -35.077474641637359 ], [ 117.876262995364016, -35.077474641637359 ], [ 117.877138608326362, -35.077474641637359 ], [ 117.877138608326362, -35.076599028681315 ], [ 117.878014221288694, -35.076599028681315 ], [ 117.878889834251041, -35.076599028681315 ], [ 117.878889834251041, -35.075723415725271 ], [ 117.878014221288694, -35.075723415725271 ], [ 117.878014221288694, -35.074847802769227 ], [ 117.878014221288694, -35.073972189813183 ], [ 117.878889834251041, -35.073972189813183 ], [ 117.878889834251041, -35.074847802769227 ], [ 117.879765447213387, -35.074847802769227 ], [ 117.880641060175734, -35.074847802769227 ], [ 117.880641060175734, -35.073972189813183 ], [ 117.88151667313808, -35.073972189813183 ], [ 117.882392286100412, -35.073972189813183 ], [ 117.883267899062758, -35.073972189813183 ], [ 117.883267899062758, -35.073096576857139 ], [ 117.884143512025105, -35.073096576857139 ], [ 117.884143512025105, -35.073972189813183 ], [ 117.884143512025105, -35.074847802769227 ], [ 117.883267899062758, -35.074847802769227 ], [ 117.883267899062758, -35.075723415725271 ], [ 117.883267899062758, -35.076599028681315 ], [ 117.884143512025105, -35.076599028681315 ], [ 117.884143512025105, -35.077474641637359 ], [ 117.884143512025105, -35.078350254593403 ], [ 117.883267899062758, -35.078350254593403 ], [ 117.883267899062758, -35.079225867549447 ], [ 117.884143512025105, -35.079225867549447 ], [ 117.885019124987451, -35.079225867549447 ], [ 117.885894737949783, -35.079225867549447 ], [ 117.88677035091213, -35.079225867549447 ], [ 117.887645963874476, -35.079225867549447 ], [ 117.888521576836823, -35.079225867549447 ], [ 117.889397189799155, -35.079225867549447 ], [ 117.890272802761501, -35.079225867549447 ], [ 117.890272802761501, -35.08010148050549 ], [ 117.891148415723848, -35.08010148050549 ], [ 117.891148415723848, -35.079225867549447 ], [ 117.891148415723848, -35.078350254593403 ], [ 117.892024028686194, -35.078350254593403 ], [ 117.89289964164854, -35.078350254593403 ], [ 117.893775254610873, -35.078350254593403 ], [ 117.893775254610873, -35.079225867549447 ], [ 117.893775254610873, -35.08010148050549 ], [ 117.89289964164854, -35.08010148050549 ], [ 117.89289964164854, -35.079225867549447 ], [ 117.892024028686194, -35.079225867549447 ], [ 117.892024028686194, -35.08010148050549 ], [ 117.892024028686194, -35.080977093461534 ], [ 117.89289964164854, -35.080977093461534 ], [ 117.893775254610873, -35.080977093461534 ], [ 117.894650867573219, -35.080977093461534 ], [ 117.895526480535565, -35.080977093461534 ], [ 117.895526480535565, -35.081852706417578 ], [ 117.896402093497912, -35.081852706417578 ], [ 117.896402093497912, -35.082728319373622 ], [ 117.897277706460244, -35.082728319373622 ], [ 117.89815331942259, -35.082728319373622 ], [ 117.899028932384937, -35.082728319373622 ], [ 117.899904545347283, -35.082728319373622 ], [ 117.900780158309615, -35.082728319373622 ], [ 117.900780158309615, -35.081852706417578 ], [ 117.900780158309615, -35.080977093461534 ], [ 117.901655771271962, -35.080977093461534 ], [ 117.901655771271962, -35.081852706417578 ], [ 117.901655771271962, -35.082728319373622 ], [ 117.902531384234308, -35.082728319373622 ], [ 117.903406997196655, -35.082728319373622 ], [ 117.904282610159001, -35.082728319373622 ], [ 117.904282610159001, -35.083603932329666 ], [ 117.904282610159001, -35.08447954528571 ], [ 117.903406997196655, -35.08447954528571 ], [ 117.902531384234308, -35.08447954528571 ], [ 117.901655771271962, -35.08447954528571 ], [ 117.901655771271962, -35.085355158241754 ], [ 117.901655771271962, -35.086230771197798 ], [ 117.902531384234308, -35.086230771197798 ], [ 117.902531384234308, -35.087106384153842 ], [ 117.903406997196655, -35.087106384153842 ], [ 117.903406997196655, -35.086230771197798 ], [ 117.904282610159001, -35.086230771197798 ], [ 117.904282610159001, -35.087106384153842 ], [ 117.905158223121333, -35.087106384153842 ], [ 117.905158223121333, -35.087981997109885 ], [ 117.906033836083679, -35.087981997109885 ], [ 117.906033836083679, -35.087106384153842 ], [ 117.906909449046026, -35.087106384153842 ], [ 117.907785062008372, -35.087106384153842 ], [ 117.907785062008372, -35.086230771197798 ], [ 117.908660674970704, -35.086230771197798 ], [ 117.908660674970704, -35.085355158241754 ], [ 117.909536287933051, -35.085355158241754 ], [ 117.909536287933051, -35.08447954528571 ], [ 117.909536287933051, -35.083603932329666 ], [ 117.910411900895397, -35.083603932329666 ], [ 117.911287513857744, -35.083603932329666 ], [ 117.912163126820076, -35.083603932329666 ], [ 117.913038739782422, -35.083603932329666 ], [ 117.913914352744769, -35.083603932329666 ], [ 117.914789965707115, -35.083603932329666 ], [ 117.915665578669461, -35.083603932329666 ], [ 117.915665578669461, -35.08447954528571 ], [ 117.916541191631794, -35.08447954528571 ], [ 117.916541191631794, -35.083603932329666 ], [ 117.916541191631794, -35.082728319373622 ], [ 117.91741680459414, -35.082728319373622 ], [ 117.918292417556486, -35.082728319373622 ], [ 117.918292417556486, -35.081852706417578 ], [ 117.918292417556486, -35.080977093461534 ], [ 117.919168030518833, -35.080977093461534 ], [ 117.920043643481165, -35.080977093461534 ], [ 117.920919256443511, -35.080977093461534 ], [ 117.921794869405858, -35.080977093461534 ], [ 117.922670482368204, -35.080977093461534 ], [ 117.922670482368204, -35.081852706417578 ], [ 117.923546095330536, -35.081852706417578 ], [ 117.923546095330536, -35.080977093461534 ], [ 117.923546095330536, -35.08010148050549 ], [ 117.923546095330536, -35.079225867549447 ], [ 117.924421708292883, -35.079225867549447 ], [ 117.925297321255229, -35.079225867549447 ], [ 117.925297321255229, -35.078350254593403 ], [ 117.926172934217576, -35.078350254593403 ], [ 117.926172934217576, -35.077474641637359 ], [ 117.926172934217576, -35.076599028681315 ], [ 117.926172934217576, -35.075723415725271 ], [ 117.927048547179922, -35.075723415725271 ], [ 117.927924160142254, -35.075723415725271 ], [ 117.9287997731046, -35.075723415725271 ], [ 117.9287997731046, -35.074847802769227 ], [ 117.9287997731046, -35.073972189813183 ], [ 117.929675386066947, -35.073972189813183 ], [ 117.930550999029293, -35.073972189813183 ], [ 117.931426611991625, -35.073972189813183 ], [ 117.932302224953972, -35.073972189813183 ], [ 117.932302224953972, -35.073096576857139 ], [ 117.933177837916318, -35.073096576857139 ], [ 117.934053450878665, -35.073096576857139 ], [ 117.934053450878665, -35.073972189813183 ], [ 117.933177837916318, -35.073972189813183 ], [ 117.933177837916318, -35.074847802769227 ], [ 117.933177837916318, -35.075723415725271 ], [ 117.934053450878665, -35.075723415725271 ], [ 117.934053450878665, -35.076599028681315 ], [ 117.934053450878665, -35.077474641637359 ], [ 117.934053450878665, -35.078350254593403 ], [ 117.934929063840997, -35.078350254593403 ], [ 117.935804676803343, -35.078350254593403 ], [ 117.935804676803343, -35.079225867549447 ], [ 117.935804676803343, -35.08010148050549 ], [ 117.93668028976569, -35.08010148050549 ], [ 117.93668028976569, -35.080977093461534 ], [ 117.93668028976569, -35.081852706417578 ], [ 117.93668028976569, -35.082728319373622 ], [ 117.93668028976569, -35.083603932329666 ], [ 117.935804676803343, -35.083603932329666 ], [ 117.935804676803343, -35.082728319373622 ], [ 117.934929063840997, -35.082728319373622 ], [ 117.934929063840997, -35.081852706417578 ], [ 117.934053450878665, -35.081852706417578 ], [ 117.933177837916318, -35.081852706417578 ], [ 117.932302224953972, -35.081852706417578 ], [ 117.932302224953972, -35.082728319373622 ], [ 117.931426611991625, -35.082728319373622 ], [ 117.931426611991625, -35.083603932329666 ], [ 117.931426611991625, -35.08447954528571 ], [ 117.931426611991625, -35.085355158241754 ], [ 117.932302224953972, -35.085355158241754 ], [ 117.932302224953972, -35.086230771197798 ], [ 117.933177837916318, -35.086230771197798 ], [ 117.934053450878665, -35.086230771197798 ], [ 117.934929063840997, -35.086230771197798 ], [ 117.935804676803343, -35.086230771197798 ], [ 117.935804676803343, -35.087106384153842 ], [ 117.93668028976569, -35.087106384153842 ], [ 117.937555902728036, -35.087106384153842 ], [ 117.937555902728036, -35.086230771197798 ], [ 117.938431515690382, -35.086230771197798 ], [ 117.938431515690382, -35.087106384153842 ], [ 117.938431515690382, -35.087981997109885 ], [ 117.939307128652715, -35.087981997109885 ], [ 117.940182741615061, -35.087981997109885 ], [ 117.941058354577407, -35.087981997109885 ], [ 117.941933967539754, -35.087981997109885 ], [ 117.941933967539754, -35.088857610065929 ], [ 117.941933967539754, -35.089733223021973 ], [ 117.942809580502086, -35.089733223021973 ], [ 117.942809580502086, -35.090608835978024 ], [ 117.942809580502086, -35.091484448934068 ], [ 117.941933967539754, -35.091484448934068 ], [ 117.941058354577407, -35.091484448934068 ], [ 117.940182741615061, -35.091484448934068 ], [ 117.940182741615061, -35.090608835978024 ], [ 117.939307128652715, -35.090608835978024 ], [ 117.938431515690382, -35.090608835978024 ], [ 117.937555902728036, -35.090608835978024 ], [ 117.93668028976569, -35.090608835978024 ], [ 117.935804676803343, -35.090608835978024 ], [ 117.934929063840997, -35.090608835978024 ], [ 117.934929063840997, -35.091484448934068 ], [ 117.934929063840997, -35.092360061890112 ], [ 117.934053450878665, -35.092360061890112 ], [ 117.934053450878665, -35.091484448934068 ], [ 117.933177837916318, -35.091484448934068 ], [ 117.932302224953972, -35.091484448934068 ], [ 117.932302224953972, -35.090608835978024 ], [ 117.931426611991625, -35.090608835978024 ], [ 117.931426611991625, -35.091484448934068 ], [ 117.931426611991625, -35.092360061890112 ], [ 117.930550999029293, -35.092360061890112 ], [ 117.930550999029293, -35.093235674846156 ], [ 117.929675386066947, -35.093235674846156 ], [ 117.929675386066947, -35.0941112878022 ], [ 117.9287997731046, -35.0941112878022 ], [ 117.9287997731046, -35.094986900758244 ], [ 117.927924160142254, -35.094986900758244 ], [ 117.927048547179922, -35.094986900758244 ], [ 117.927048547179922, -35.095862513714287 ], [ 117.926172934217576, -35.095862513714287 ], [ 117.925297321255229, -35.095862513714287 ], [ 117.925297321255229, -35.094986900758244 ], [ 117.924421708292883, -35.094986900758244 ], [ 117.924421708292883, -35.0941112878022 ], [ 117.923546095330536, -35.0941112878022 ], [ 117.923546095330536, -35.093235674846156 ], [ 117.923546095330536, -35.092360061890112 ], [ 117.923546095330536, -35.091484448934068 ], [ 117.923546095330536, -35.090608835978024 ], [ 117.922670482368204, -35.090608835978024 ], [ 117.921794869405858, -35.090608835978024 ], [ 117.921794869405858, -35.089733223021973 ], [ 117.920919256443511, -35.089733223021973 ], [ 117.920919256443511, -35.088857610065929 ], [ 117.920043643481165, -35.088857610065929 ], [ 117.920043643481165, -35.089733223021973 ], [ 117.919168030518833, -35.089733223021973 ], [ 117.919168030518833, -35.090608835978024 ], [ 117.919168030518833, -35.091484448934068 ], [ 117.919168030518833, -35.092360061890112 ], [ 117.918292417556486, -35.092360061890112 ], [ 117.918292417556486, -35.093235674846156 ], [ 117.918292417556486, -35.0941112878022 ], [ 117.919168030518833, -35.0941112878022 ], [ 117.919168030518833, -35.094986900758244 ], [ 117.920043643481165, -35.094986900758244 ], [ 117.920919256443511, -35.094986900758244 ], [ 117.920919256443511, -35.095862513714287 ], [ 117.921794869405858, -35.095862513714287 ], [ 117.921794869405858, -35.096738126670331 ], [ 117.921794869405858, -35.097613739626375 ], [ 117.921794869405858, -35.098489352582419 ], [ 117.921794869405858, -35.099364965538463 ], [ 117.920919256443511, -35.099364965538463 ], [ 117.920043643481165, -35.099364965538463 ], [ 117.920043643481165, -35.100240578494507 ], [ 117.920043643481165, -35.101116191450551 ], [ 117.920043643481165, -35.101991804406595 ], [ 117.920919256443511, -35.101991804406595 ], [ 117.920919256443511, -35.102867417362638 ], [ 117.921794869405858, -35.102867417362638 ], [ 117.922670482368204, -35.102867417362638 ], [ 117.923546095330536, -35.102867417362638 ], [ 117.923546095330536, -35.103743030318682 ], [ 117.924421708292883, -35.103743030318682 ], [ 117.925297321255229, -35.103743030318682 ], [ 117.926172934217576, -35.103743030318682 ], [ 117.926172934217576, -35.104618643274726 ], [ 117.926172934217576, -35.10549425623077 ], [ 117.926172934217576, -35.106369869186814 ], [ 117.927048547179922, -35.106369869186814 ], [ 117.927048547179922, -35.107245482142858 ], [ 117.926172934217576, -35.107245482142858 ], [ 117.925297321255229, -35.107245482142858 ], [ 117.925297321255229, -35.106369869186814 ], [ 117.924421708292883, -35.106369869186814 ], [ 117.923546095330536, -35.106369869186814 ], [ 117.923546095330536, -35.10549425623077 ], [ 117.923546095330536, -35.104618643274726 ], [ 117.922670482368204, -35.104618643274726 ], [ 117.921794869405858, -35.104618643274726 ], [ 117.920919256443511, -35.104618643274726 ], [ 117.920919256443511, -35.10549425623077 ], [ 117.920919256443511, -35.106369869186814 ], [ 117.920919256443511, -35.107245482142858 ], [ 117.920043643481165, -35.107245482142858 ], [ 117.920043643481165, -35.108121095098902 ], [ 117.920919256443511, -35.108121095098902 ], [ 117.920919256443511, -35.108996708054946 ], [ 117.921794869405858, -35.108996708054946 ], [ 117.921794869405858, -35.108121095098902 ], [ 117.922670482368204, -35.108121095098902 ], [ 117.922670482368204, -35.108996708054946 ], [ 117.922670482368204, -35.10987232101099 ], [ 117.922670482368204, -35.110747933967033 ], [ 117.923546095330536, -35.110747933967033 ], [ 117.923546095330536, -35.111623546923077 ], [ 117.924421708292883, -35.111623546923077 ], [ 117.925297321255229, -35.111623546923077 ], [ 117.926172934217576, -35.111623546923077 ], [ 117.927048547179922, -35.111623546923077 ], [ 117.927924160142254, -35.111623546923077 ], [ 117.9287997731046, -35.111623546923077 ], [ 117.929675386066947, -35.111623546923077 ], [ 117.929675386066947, -35.112499159879121 ], [ 117.930550999029293, -35.112499159879121 ], [ 117.931426611991625, -35.112499159879121 ], [ 117.931426611991625, -35.113374772835165 ], [ 117.932302224953972, -35.113374772835165 ], [ 117.932302224953972, -35.114250385791209 ], [ 117.932302224953972, -35.115125998747253 ], [ 117.931426611991625, -35.115125998747253 ], [ 117.931426611991625, -35.116001611703297 ], [ 117.930550999029293, -35.116001611703297 ], [ 117.930550999029293, -35.116877224659341 ], [ 117.930550999029293, -35.117752837615384 ], [ 117.931426611991625, -35.117752837615384 ], [ 117.931426611991625, -35.118628450571428 ], [ 117.930550999029293, -35.118628450571428 ], [ 117.930550999029293, -35.119504063527472 ], [ 117.930550999029293, -35.120379676483516 ], [ 117.931426611991625, -35.120379676483516 ], [ 117.931426611991625, -35.12125528943956 ], [ 117.930550999029293, -35.12125528943956 ], [ 117.929675386066947, -35.12125528943956 ], [ 117.9287997731046, -35.12125528943956 ], [ 117.927924160142254, -35.12125528943956 ], [ 117.927048547179922, -35.12125528943956 ], [ 117.926172934217576, -35.12125528943956 ], [ 117.926172934217576, -35.120379676483516 ], [ 117.925297321255229, -35.120379676483516 ], [ 117.924421708292883, -35.120379676483516 ], [ 117.924421708292883, -35.12125528943956 ], [ 117.923546095330536, -35.12125528943956 ], [ 117.922670482368204, -35.12125528943956 ], [ 117.921794869405858, -35.12125528943956 ], [ 117.920919256443511, -35.12125528943956 ], [ 117.920919256443511, -35.120379676483516 ], [ 117.921794869405858, -35.120379676483516 ], [ 117.921794869405858, -35.119504063527472 ], [ 117.920919256443511, -35.119504063527472 ], [ 117.920919256443511, -35.118628450571428 ], [ 117.920919256443511, -35.117752837615384 ], [ 117.920919256443511, -35.116877224659341 ], [ 117.921794869405858, -35.116877224659341 ], [ 117.921794869405858, -35.116001611703297 ], [ 117.920919256443511, -35.116001611703297 ], [ 117.920043643481165, -35.116001611703297 ], [ 117.919168030518833, -35.116001611703297 ], [ 117.918292417556486, -35.116001611703297 ], [ 117.91741680459414, -35.116001611703297 ], [ 117.916541191631794, -35.116001611703297 ], [ 117.915665578669461, -35.116001611703297 ], [ 117.915665578669461, -35.116877224659341 ], [ 117.914789965707115, -35.116877224659341 ], [ 117.913914352744769, -35.116877224659341 ], [ 117.913914352744769, -35.116001611703297 ], [ 117.913038739782422, -35.116001611703297 ], [ 117.912163126820076, -35.116001611703297 ], [ 117.911287513857744, -35.116001611703297 ], [ 117.911287513857744, -35.115125998747253 ], [ 117.911287513857744, -35.114250385791209 ], [ 117.910411900895397, -35.114250385791209 ], [ 117.909536287933051, -35.114250385791209 ], [ 117.909536287933051, -35.113374772835165 ], [ 117.908660674970704, -35.113374772835165 ], [ 117.908660674970704, -35.114250385791209 ], [ 117.907785062008372, -35.114250385791209 ], [ 117.907785062008372, -35.113374772835165 ], [ 117.906909449046026, -35.113374772835165 ], [ 117.906909449046026, -35.112499159879121 ], [ 117.906033836083679, -35.112499159879121 ], [ 117.906033836083679, -35.113374772835165 ], [ 117.906033836083679, -35.114250385791209 ], [ 117.906033836083679, -35.115125998747253 ], [ 117.906033836083679, -35.116001611703297 ], [ 117.906033836083679, -35.116877224659341 ], [ 117.905158223121333, -35.116877224659341 ], [ 117.905158223121333, -35.116001611703297 ], [ 117.904282610159001, -35.116001611703297 ], [ 117.903406997196655, -35.116001611703297 ], [ 117.902531384234308, -35.116001611703297 ], [ 117.901655771271962, -35.116001611703297 ], [ 117.900780158309615, -35.116001611703297 ], [ 117.900780158309615, -35.116877224659341 ], [ 117.900780158309615, -35.117752837615384 ], [ 117.901655771271962, -35.117752837615384 ], [ 117.901655771271962, -35.118628450571428 ], [ 117.900780158309615, -35.118628450571428 ], [ 117.899904545347283, -35.118628450571428 ], [ 117.899904545347283, -35.119504063527472 ], [ 117.899904545347283, -35.120379676483516 ], [ 117.899028932384937, -35.120379676483516 ], [ 117.899028932384937, -35.119504063527472 ], [ 117.89815331942259, -35.119504063527472 ], [ 117.89815331942259, -35.118628450571428 ], [ 117.897277706460244, -35.118628450571428 ], [ 117.896402093497912, -35.118628450571428 ], [ 117.895526480535565, -35.118628450571428 ], [ 117.895526480535565, -35.117752837615384 ], [ 117.894650867573219, -35.117752837615384 ], [ 117.894650867573219, -35.116877224659341 ], [ 117.893775254610873, -35.116877224659341 ], [ 117.893775254610873, -35.116001611703297 ], [ 117.89289964164854, -35.116001611703297 ], [ 117.892024028686194, -35.116001611703297 ], [ 117.891148415723848, -35.116001611703297 ], [ 117.890272802761501, -35.116001611703297 ], [ 117.889397189799155, -35.116001611703297 ], [ 117.889397189799155, -35.115125998747253 ], [ 117.889397189799155, -35.114250385791209 ], [ 117.888521576836823, -35.114250385791209 ], [ 117.887645963874476, -35.114250385791209 ], [ 117.88677035091213, -35.114250385791209 ], [ 117.88677035091213, -35.113374772835165 ], [ 117.88677035091213, -35.112499159879121 ], [ 117.885894737949783, -35.112499159879121 ], [ 117.885894737949783, -35.111623546923077 ], [ 117.885019124987451, -35.111623546923077 ], [ 117.884143512025105, -35.111623546923077 ], [ 117.884143512025105, -35.110747933967033 ], [ 117.884143512025105, -35.10987232101099 ], [ 117.884143512025105, -35.108996708054946 ], [ 117.883267899062758, -35.108996708054946 ], [ 117.882392286100412, -35.108996708054946 ], [ 117.88151667313808, -35.108996708054946 ], [ 117.88151667313808, -35.108121095098902 ], [ 117.880641060175734, -35.108121095098902 ], [ 117.879765447213387, -35.108121095098902 ], [ 117.878889834251041, -35.108121095098902 ], [ 117.878014221288694, -35.108121095098902 ], [ 117.878014221288694, -35.108996708054946 ], [ 117.877138608326362, -35.108996708054946 ], [ 117.876262995364016, -35.108996708054946 ], [ 117.876262995364016, -35.108121095098902 ], [ 117.876262995364016, -35.107245482142858 ], [ 117.875387382401669, -35.107245482142858 ], [ 117.874511769439323, -35.107245482142858 ], [ 117.873636156476991, -35.107245482142858 ], [ 117.873636156476991, -35.106369869186814 ], [ 117.872760543514644, -35.106369869186814 ], [ 117.872760543514644, -35.10549425623077 ], [ 117.871884930552298, -35.10549425623077 ], [ 117.871009317589952, -35.10549425623077 ], [ 117.871009317589952, -35.106369869186814 ], [ 117.871884930552298, -35.106369869186814 ], [ 117.871884930552298, -35.107245482142858 ], [ 117.871009317589952, -35.107245482142858 ], [ 117.871009317589952, -35.108121095098902 ], [ 117.870133704627619, -35.108121095098902 ], [ 117.869258091665273, -35.108121095098902 ], [ 117.868382478702927, -35.108121095098902 ], [ 117.868382478702927, -35.108996708054946 ], [ 117.86750686574058, -35.108996708054946 ], [ 117.866631252778234, -35.108996708054946 ], [ 117.865755639815902, -35.108996708054946 ], [ 117.865755639815902, -35.108121095098902 ], [ 117.864880026853555, -35.108121095098902 ], [ 117.864880026853555, -35.107245482142858 ], [ 117.864880026853555, -35.106369869186814 ], [ 117.864880026853555, -35.10549425623077 ], [ 117.864004413891209, -35.10549425623077 ], [ 117.864004413891209, -35.106369869186814 ], [ 117.863128800928862, -35.106369869186814 ], [ 117.863128800928862, -35.10549425623077 ], [ 117.863128800928862, -35.104618643274726 ], [ 117.86225318796653, -35.104618643274726 ], [ 117.86225318796653, -35.103743030318682 ], [ 117.861377575004184, -35.103743030318682 ], [ 117.861377575004184, -35.102867417362638 ], [ 117.860501962041837, -35.102867417362638 ], [ 117.860501962041837, -35.101991804406595 ], [ 117.859626349079491, -35.101991804406595 ], [ 117.858750736117145, -35.101991804406595 ], [ 117.858750736117145, -35.101116191450551 ], [ 117.859626349079491, -35.101116191450551 ], [ 117.859626349079491, -35.100240578494507 ], [ 117.860501962041837, -35.100240578494507 ], [ 117.860501962041837, -35.099364965538463 ], [ 117.860501962041837, -35.098489352582419 ], [ 117.859626349079491, -35.098489352582419 ], [ 117.858750736117145, -35.098489352582419 ], [ 117.857875123154813, -35.098489352582419 ], [ 117.856999510192466, -35.098489352582419 ], [ 117.856999510192466, -35.097613739626375 ], [ 117.85612389723012, -35.097613739626375 ], [ 117.855248284267773, -35.097613739626375 ], [ 117.854372671305441, -35.097613739626375 ], [ 117.854372671305441, -35.096738126670331 ], [ 117.853497058343095, -35.096738126670331 ], [ 117.853497058343095, -35.095862513714287 ], [ 117.852621445380748, -35.095862513714287 ], [ 117.852621445380748, -35.096738126670331 ], [ 117.851745832418402, -35.096738126670331 ], [ 117.851745832418402, -35.097613739626375 ], [ 117.85087021945607, -35.097613739626375 ], [ 117.85087021945607, -35.096738126670331 ], [ 117.85087021945607, -35.095862513714287 ], [ 117.85087021945607, -35.094986900758244 ], [ 117.85087021945607, -35.0941112878022 ], [ 117.849994606493723, -35.0941112878022 ], [ 117.849994606493723, -35.093235674846156 ], [ 117.849118993531377, -35.093235674846156 ], [ 117.848243380569031, -35.093235674846156 ], [ 117.847367767606684, -35.093235674846156 ], [ 117.847367767606684, -35.0941112878022 ], [ 117.846492154644352, -35.0941112878022 ], [ 117.846492154644352, -35.093235674846156 ], [ 117.846492154644352, -35.092360061890112 ], [ 117.846492154644352, -35.091484448934068 ], [ 117.845616541682006, -35.091484448934068 ], [ 117.844740928719659, -35.091484448934068 ], [ 117.843865315757313, -35.091484448934068 ], [ 117.843865315757313, -35.090608835978024 ], [ 117.842989702794981, -35.090608835978024 ], [ 117.842989702794981, -35.089733223021973 ], [ 117.842114089832634, -35.089733223021973 ], [ 117.841238476870288, -35.089733223021973 ], [ 117.841238476870288, -35.088857610065929 ], [ 117.840362863907941, -35.088857610065929 ], [ 117.839487250945609, -35.088857610065929 ], [ 117.838611637983263, -35.088857610065929 ], [ 117.838611637983263, -35.087981997109885 ], [ 117.838611637983263, -35.087106384153842 ], [ 117.837736025020916, -35.087106384153842 ], [ 117.83686041205857, -35.087106384153842 ], [ 117.83686041205857, -35.086230771197798 ], [ 117.835984799096224, -35.086230771197798 ], [ 117.835109186133892, -35.086230771197798 ], [ 117.834233573171545, -35.086230771197798 ], [ 117.834233573171545, -35.085355158241754 ], [ 117.833357960209199, -35.085355158241754 ], [ 117.833357960209199, -35.08447954528571 ], [ 117.832482347246852, -35.08447954528571 ], [ 117.83160673428452, -35.08447954528571 ], [ 117.83160673428452, -35.083603932329666 ], [ 117.83160673428452, -35.082728319373622 ], [ 117.832482347246852, -35.082728319373622 ], [ 117.832482347246852, -35.081852706417578 ], [ 117.83160673428452, -35.081852706417578 ], [ 117.830731121322174, -35.081852706417578 ], [ 117.829855508359827, -35.081852706417578 ], [ 117.828979895397481, -35.081852706417578 ], [ 117.828979895397481, -35.082728319373622 ], [ 117.828104282435149, -35.082728319373622 ], [ 117.827228669472802, -35.082728319373622 ], [ 117.827228669472802, -35.081852706417578 ], [ 117.826353056510456, -35.081852706417578 ], [ 117.82547744354811, -35.081852706417578 ], [ 117.824601830585763, -35.081852706417578 ], [ 117.824601830585763, -35.080977093461534 ], [ 117.823726217623431, -35.080977093461534 ], [ 117.822850604661085, -35.080977093461534 ], [ 117.822850604661085, -35.08010148050549 ], [ 117.821974991698738, -35.08010148050549 ], [ 117.821974991698738, -35.079225867549447 ], [ 117.821099378736392, -35.079225867549447 ], [ 117.82022376577406, -35.079225867549447 ], [ 117.819348152811713, -35.079225867549447 ], [ 117.819348152811713, -35.078350254593403 ], [ 117.818472539849367, -35.078350254593403 ], [ 117.81759692688702, -35.078350254593403 ], [ 117.81759692688702, -35.079225867549447 ], [ 117.816721313924688, -35.079225867549447 ], [ 117.816721313924688, -35.078350254593403 ], [ 117.816721313924688, -35.077474641637359 ] ], [ [ 117.882392286100412, -35.079225867549447 ], [ 117.88151667313808, -35.079225867549447 ], [ 117.880641060175734, -35.079225867549447 ], [ 117.880641060175734, -35.08010148050549 ], [ 117.880641060175734, -35.080977093461534 ], [ 117.88151667313808, -35.080977093461534 ], [ 117.88151667313808, -35.081852706417578 ], [ 117.88151667313808, -35.082728319373622 ], [ 117.882392286100412, -35.082728319373622 ], [ 117.882392286100412, -35.083603932329666 ], [ 117.883267899062758, -35.083603932329666 ], [ 117.883267899062758, -35.082728319373622 ], [ 117.883267899062758, -35.081852706417578 ], [ 117.882392286100412, -35.081852706417578 ], [ 117.882392286100412, -35.080977093461534 ], [ 117.883267899062758, -35.080977093461534 ], [ 117.883267899062758, -35.08010148050549 ], [ 117.883267899062758, -35.079225867549447 ], [ 117.882392286100412, -35.079225867549447 ] ], [ [ 117.879765447213387, -35.080977093461534 ], [ 117.879765447213387, -35.081852706417578 ], [ 117.880641060175734, -35.081852706417578 ], [ 117.880641060175734, -35.080977093461534 ], [ 117.879765447213387, -35.080977093461534 ] ], [ [ 117.901655771271962, -35.083603932329666 ], [ 117.900780158309615, -35.083603932329666 ], [ 117.900780158309615, -35.08447954528571 ], [ 117.901655771271962, -35.08447954528571 ], [ 117.901655771271962, -35.083603932329666 ] ], [ [ 117.899904545347283, -35.08447954528571 ], [ 117.899904545347283, -35.085355158241754 ], [ 117.900780158309615, -35.085355158241754 ], [ 117.900780158309615, -35.08447954528571 ], [ 117.899904545347283, -35.08447954528571 ] ], [ [ 117.937555902728036, -35.087981997109885 ], [ 117.937555902728036, -35.088857610065929 ], [ 117.938431515690382, -35.088857610065929 ], [ 117.938431515690382, -35.087981997109885 ], [ 117.937555902728036, -35.087981997109885 ] ], [ [ 117.9287997731046, -35.093235674846156 ], [ 117.927924160142254, -35.093235674846156 ], [ 117.927048547179922, -35.093235674846156 ], [ 117.927048547179922, -35.0941112878022 ], [ 117.927924160142254, -35.0941112878022 ], [ 117.9287997731046, -35.0941112878022 ], [ 117.9287997731046, -35.093235674846156 ] ], [ [ 117.924421708292883, -35.119504063527472 ], [ 117.923546095330536, -35.119504063527472 ], [ 117.923546095330536, -35.118628450571428 ], [ 117.923546095330536, -35.117752837615384 ], [ 117.922670482368204, -35.117752837615384 ], [ 117.922670482368204, -35.118628450571428 ], [ 117.922670482368204, -35.119504063527472 ], [ 117.922670482368204, -35.120379676483516 ], [ 117.923546095330536, -35.120379676483516 ], [ 117.924421708292883, -35.120379676483516 ], [ 117.924421708292883, -35.119504063527472 ] ], [ [ 117.907785062008372, -35.112499159879121 ], [ 117.907785062008372, -35.111623546923077 ], [ 117.907785062008372, -35.110747933967033 ], [ 117.906909449046026, -35.110747933967033 ], [ 117.906909449046026, -35.111623546923077 ], [ 117.906909449046026, -35.112499159879121 ], [ 117.907785062008372, -35.112499159879121 ] ], [ [ 117.885019124987451, -35.108996708054946 ], [ 117.885894737949783, -35.108996708054946 ], [ 117.885894737949783, -35.10987232101099 ], [ 117.88677035091213, -35.10987232101099 ], [ 117.887645963874476, -35.10987232101099 ], [ 117.887645963874476, -35.110747933967033 ], [ 117.888521576836823, -35.110747933967033 ], [ 117.888521576836823, -35.10987232101099 ], [ 117.888521576836823, -35.108996708054946 ], [ 117.887645963874476, -35.108996708054946 ], [ 117.887645963874476, -35.108121095098902 ], [ 117.88677035091213, -35.108121095098902 ], [ 117.88677035091213, -35.107245482142858 ], [ 117.885894737949783, -35.107245482142858 ], [ 117.885019124987451, -35.107245482142858 ], [ 117.884143512025105, -35.107245482142858 ], [ 117.884143512025105, -35.108121095098902 ], [ 117.884143512025105, -35.108996708054946 ], [ 117.885019124987451, -35.108996708054946 ] ], [ [ 117.884143512025105, -35.106369869186814 ], [ 117.883267899062758, -35.106369869186814 ], [ 117.883267899062758, -35.107245482142858 ], [ 117.884143512025105, -35.107245482142858 ], [ 117.884143512025105, -35.106369869186814 ] ], [ [ 117.860501962041837, -35.101116191450551 ], [ 117.861377575004184, -35.101116191450551 ], [ 117.86225318796653, -35.101116191450551 ], [ 117.86225318796653, -35.100240578494507 ], [ 117.861377575004184, -35.100240578494507 ], [ 117.860501962041837, -35.100240578494507 ], [ 117.860501962041837, -35.101116191450551 ] ], [ [ 117.86225318796653, -35.101991804406595 ], [ 117.863128800928862, -35.101991804406595 ], [ 117.863128800928862, -35.101116191450551 ], [ 117.86225318796653, -35.101116191450551 ], [ 117.86225318796653, -35.101991804406595 ] ], [ [ 117.863128800928862, -35.102867417362638 ], [ 117.864004413891209, -35.102867417362638 ], [ 117.864004413891209, -35.101991804406595 ], [ 117.863128800928862, -35.101991804406595 ], [ 117.863128800928862, -35.102867417362638 ] ], [ [ 117.864004413891209, -35.103743030318682 ], [ 117.864880026853555, -35.103743030318682 ], [ 117.864880026853555, -35.102867417362638 ], [ 117.864004413891209, -35.102867417362638 ], [ 117.864004413891209, -35.103743030318682 ] ], [ [ 117.864880026853555, -35.104618643274726 ], [ 117.865755639815902, -35.104618643274726 ], [ 117.865755639815902, -35.103743030318682 ], [ 117.864880026853555, -35.103743030318682 ], [ 117.864880026853555, -35.104618643274726 ] ], [ [ 117.865755639815902, -35.10549425623077 ], [ 117.866631252778234, -35.10549425623077 ], [ 117.866631252778234, -35.104618643274726 ], [ 117.865755639815902, -35.104618643274726 ], [ 117.865755639815902, -35.10549425623077 ] ], [ [ 117.837736025020916, -35.086230771197798 ], [ 117.838611637983263, -35.086230771197798 ], [ 117.839487250945609, -35.086230771197798 ], [ 117.839487250945609, -35.085355158241754 ], [ 117.838611637983263, -35.085355158241754 ], [ 117.837736025020916, -35.085355158241754 ], [ 117.837736025020916, -35.08447954528571 ], [ 117.83686041205857, -35.08447954528571 ], [ 117.83686041205857, -35.085355158241754 ], [ 117.83686041205857, -35.086230771197798 ], [ 117.837736025020916, -35.086230771197798 ] ], [ [ 117.83686041205857, -35.083603932329666 ], [ 117.835984799096224, -35.083603932329666 ], [ 117.835109186133892, -35.083603932329666 ], [ 117.835109186133892, -35.08447954528571 ], [ 117.835984799096224, -35.08447954528571 ], [ 117.83686041205857, -35.08447954528571 ], [ 117.83686041205857, -35.083603932329666 ] ], [ [ 117.832482347246852, -35.083603932329666 ], [ 117.833357960209199, -35.083603932329666 ], [ 117.834233573171545, -35.083603932329666 ], [ 117.834233573171545, -35.082728319373622 ], [ 117.833357960209199, -35.082728319373622 ], [ 117.832482347246852, -35.082728319373622 ], [ 117.832482347246852, -35.083603932329666 ] ], [ [ 117.878014221288694, -35.08010148050549 ], [ 117.878014221288694, -35.080977093461534 ], [ 117.878014221288694, -35.081852706417578 ], [ 117.878889834251041, -35.081852706417578 ], [ 117.878889834251041, -35.080977093461534 ], [ 117.878889834251041, -35.08010148050549 ], [ 117.878014221288694, -35.08010148050549 ] ], [ [ 117.878889834251041, -35.08447954528571 ], [ 117.878014221288694, -35.08447954528571 ], [ 117.877138608326362, -35.08447954528571 ], [ 117.877138608326362, -35.085355158241754 ], [ 117.878014221288694, -35.085355158241754 ], [ 117.878889834251041, -35.085355158241754 ], [ 117.879765447213387, -35.085355158241754 ], [ 117.879765447213387, -35.08447954528571 ], [ 117.878889834251041, -35.08447954528571 ] ], [ [ 117.884143512025105, -35.096738126670331 ], [ 117.884143512025105, -35.097613739626375 ], [ 117.883267899062758, -35.097613739626375 ], [ 117.882392286100412, -35.097613739626375 ], [ 117.88151667313808, -35.097613739626375 ], [ 117.880641060175734, -35.097613739626375 ], [ 117.880641060175734, -35.098489352582419 ], [ 117.879765447213387, -35.098489352582419 ], [ 117.879765447213387, -35.099364965538463 ], [ 117.878889834251041, -35.099364965538463 ], [ 117.878014221288694, -35.099364965538463 ], [ 117.878014221288694, -35.100240578494507 ], [ 117.878014221288694, -35.101116191450551 ], [ 117.877138608326362, -35.101116191450551 ], [ 117.877138608326362, -35.101991804406595 ], [ 117.876262995364016, -35.101991804406595 ], [ 117.875387382401669, -35.101991804406595 ], [ 117.875387382401669, -35.102867417362638 ], [ 117.875387382401669, -35.103743030318682 ], [ 117.876262995364016, -35.103743030318682 ], [ 117.877138608326362, -35.103743030318682 ], [ 117.877138608326362, -35.102867417362638 ], [ 117.878014221288694, -35.102867417362638 ], [ 117.878014221288694, -35.101991804406595 ], [ 117.878889834251041, -35.101991804406595 ], [ 117.878889834251041, -35.101116191450551 ], [ 117.879765447213387, -35.101116191450551 ], [ 117.880641060175734, -35.101116191450551 ], [ 117.880641060175734, -35.100240578494507 ], [ 117.88151667313808, -35.100240578494507 ], [ 117.882392286100412, -35.100240578494507 ], [ 117.882392286100412, -35.099364965538463 ], [ 117.883267899062758, -35.099364965538463 ], [ 117.884143512025105, -35.099364965538463 ], [ 117.885019124987451, -35.099364965538463 ], [ 117.885894737949783, -35.099364965538463 ], [ 117.885894737949783, -35.098489352582419 ], [ 117.88677035091213, -35.098489352582419 ], [ 117.887645963874476, -35.098489352582419 ], [ 117.887645963874476, -35.097613739626375 ], [ 117.888521576836823, -35.097613739626375 ], [ 117.889397189799155, -35.097613739626375 ], [ 117.890272802761501, -35.097613739626375 ], [ 117.891148415723848, -35.097613739626375 ], [ 117.891148415723848, -35.096738126670331 ], [ 117.891148415723848, -35.095862513714287 ], [ 117.892024028686194, -35.095862513714287 ], [ 117.892024028686194, -35.094986900758244 ], [ 117.89289964164854, -35.094986900758244 ], [ 117.893775254610873, -35.094986900758244 ], [ 117.894650867573219, -35.094986900758244 ], [ 117.894650867573219, -35.095862513714287 ], [ 117.895526480535565, -35.095862513714287 ], [ 117.896402093497912, -35.095862513714287 ], [ 117.897277706460244, -35.095862513714287 ], [ 117.89815331942259, -35.095862513714287 ], [ 117.89815331942259, -35.094986900758244 ], [ 117.899028932384937, -35.094986900758244 ], [ 117.899904545347283, -35.094986900758244 ], [ 117.899904545347283, -35.095862513714287 ], [ 117.900780158309615, -35.095862513714287 ], [ 117.900780158309615, -35.094986900758244 ], [ 117.900780158309615, -35.0941112878022 ], [ 117.900780158309615, -35.093235674846156 ], [ 117.901655771271962, -35.093235674846156 ], [ 117.901655771271962, -35.0941112878022 ], [ 117.901655771271962, -35.094986900758244 ], [ 117.902531384234308, -35.094986900758244 ], [ 117.902531384234308, -35.0941112878022 ], [ 117.903406997196655, -35.0941112878022 ], [ 117.903406997196655, -35.093235674846156 ], [ 117.902531384234308, -35.093235674846156 ], [ 117.902531384234308, -35.092360061890112 ], [ 117.901655771271962, -35.092360061890112 ], [ 117.900780158309615, -35.092360061890112 ], [ 117.900780158309615, -35.091484448934068 ], [ 117.901655771271962, -35.091484448934068 ], [ 117.901655771271962, -35.090608835978024 ], [ 117.901655771271962, -35.089733223021973 ], [ 117.900780158309615, -35.089733223021973 ], [ 117.899904545347283, -35.089733223021973 ], [ 117.899028932384937, -35.089733223021973 ], [ 117.899028932384937, -35.088857610065929 ], [ 117.899028932384937, -35.087981997109885 ], [ 117.899028932384937, -35.087106384153842 ], [ 117.89815331942259, -35.087106384153842 ], [ 117.897277706460244, -35.087106384153842 ], [ 117.896402093497912, -35.087106384153842 ], [ 117.895526480535565, -35.087106384153842 ], [ 117.894650867573219, -35.087106384153842 ], [ 117.894650867573219, -35.087981997109885 ], [ 117.894650867573219, -35.088857610065929 ], [ 117.893775254610873, -35.088857610065929 ], [ 117.893775254610873, -35.089733223021973 ], [ 117.894650867573219, -35.089733223021973 ], [ 117.894650867573219, -35.090608835978024 ], [ 117.894650867573219, -35.091484448934068 ], [ 117.895526480535565, -35.091484448934068 ], [ 117.895526480535565, -35.092360061890112 ], [ 117.896402093497912, -35.092360061890112 ], [ 117.896402093497912, -35.093235674846156 ], [ 117.895526480535565, -35.093235674846156 ], [ 117.894650867573219, -35.093235674846156 ], [ 117.893775254610873, -35.093235674846156 ], [ 117.893775254610873, -35.0941112878022 ], [ 117.89289964164854, -35.0941112878022 ], [ 117.892024028686194, -35.0941112878022 ], [ 117.891148415723848, -35.0941112878022 ], [ 117.891148415723848, -35.094986900758244 ], [ 117.890272802761501, -35.094986900758244 ], [ 117.889397189799155, -35.094986900758244 ], [ 117.888521576836823, -35.094986900758244 ], [ 117.888521576836823, -35.095862513714287 ], [ 117.887645963874476, -35.095862513714287 ], [ 117.88677035091213, -35.095862513714287 ], [ 117.88677035091213, -35.096738126670331 ], [ 117.885894737949783, -35.096738126670331 ], [ 117.885019124987451, -35.096738126670331 ], [ 117.884143512025105, -35.096738126670331 ] ], [ [ 117.893775254610873, -35.092360061890112 ], [ 117.89289964164854, -35.092360061890112 ], [ 117.89289964164854, -35.093235674846156 ], [ 117.893775254610873, -35.093235674846156 ], [ 117.893775254610873, -35.092360061890112 ] ], [ [ 117.848243380569031, -35.05295747886813 ], [ 117.847367767606684, -35.05295747886813 ], [ 117.847367767606684, -35.053833091824174 ], [ 117.848243380569031, -35.053833091824174 ], [ 117.848243380569031, -35.054708704780218 ], [ 117.849118993531377, -35.054708704780218 ], [ 117.849994606493723, -35.054708704780218 ], [ 117.85087021945607, -35.054708704780218 ], [ 117.851745832418402, -35.054708704780218 ], [ 117.852621445380748, -35.054708704780218 ], [ 117.852621445380748, -35.055584317736262 ], [ 117.853497058343095, -35.055584317736262 ], [ 117.853497058343095, -35.054708704780218 ], [ 117.853497058343095, -35.053833091824174 ], [ 117.852621445380748, -35.053833091824174 ], [ 117.851745832418402, -35.053833091824174 ], [ 117.85087021945607, -35.053833091824174 ], [ 117.85087021945607, -35.05295747886813 ], [ 117.849994606493723, -35.05295747886813 ], [ 117.849118993531377, -35.05295747886813 ], [ 117.849118993531377, -35.052081865912086 ], [ 117.849118993531377, -35.051206252956042 ], [ 117.848243380569031, -35.051206252956042 ], [ 117.848243380569031, -35.052081865912086 ], [ 117.848243380569031, -35.05295747886813 ] ], [ [ 117.846492154644352, -35.05733554364835 ], [ 117.846492154644352, -35.058211156604393 ], [ 117.847367767606684, -35.058211156604393 ], [ 117.847367767606684, -35.05733554364835 ], [ 117.847367767606684, -35.056459930692306 ], [ 117.846492154644352, -35.056459930692306 ], [ 117.846492154644352, -35.05733554364835 ] ], [ [ 117.85087021945607, -35.093235674846156 ], [ 117.851745832418402, -35.093235674846156 ], [ 117.851745832418402, -35.092360061890112 ], [ 117.85087021945607, -35.092360061890112 ], [ 117.85087021945607, -35.093235674846156 ] ], [ [ 117.851745832418402, -35.0941112878022 ], [ 117.852621445380748, -35.0941112878022 ], [ 117.852621445380748, -35.093235674846156 ], [ 117.851745832418402, -35.093235674846156 ], [ 117.851745832418402, -35.0941112878022 ] ], [ [ 117.838611637983263, -35.080977093461534 ], [ 117.839487250945609, -35.080977093461534 ], [ 117.839487250945609, -35.08010148050549 ], [ 117.839487250945609, -35.079225867549447 ], [ 117.838611637983263, -35.079225867549447 ], [ 117.838611637983263, -35.078350254593403 ], [ 117.837736025020916, -35.078350254593403 ], [ 117.83686041205857, -35.078350254593403 ], [ 117.835984799096224, -35.078350254593403 ], [ 117.835984799096224, -35.079225867549447 ], [ 117.835984799096224, -35.08010148050549 ], [ 117.835984799096224, -35.080977093461534 ], [ 117.83686041205857, -35.080977093461534 ], [ 117.837736025020916, -35.080977093461534 ], [ 117.838611637983263, -35.080977093461534 ] ], [ [ 117.827228669472802, -35.08010148050549 ], [ 117.826353056510456, -35.08010148050549 ], [ 117.826353056510456, -35.080977093461534 ], [ 117.827228669472802, -35.080977093461534 ], [ 117.827228669472802, -35.08010148050549 ] ], [ [ 117.821974991698738, -35.078350254593403 ], [ 117.822850604661085, -35.078350254593403 ], [ 117.822850604661085, -35.077474641637359 ], [ 117.821974991698738, -35.077474641637359 ], [ 117.821974991698738, -35.078350254593403 ] ], [ [ 117.822850604661085, -35.079225867549447 ], [ 117.823726217623431, -35.079225867549447 ], [ 117.823726217623431, -35.078350254593403 ], [ 117.822850604661085, -35.078350254593403 ], [ 117.822850604661085, -35.079225867549447 ] ], [ [ 117.824601830585763, -35.066091673208788 ], [ 117.824601830585763, -35.065216060252745 ], [ 117.823726217623431, -35.065216060252745 ], [ 117.823726217623431, -35.066091673208788 ], [ 117.824601830585763, -35.066091673208788 ] ], [ [ 117.824601830585763, -35.059962382516481 ], [ 117.824601830585763, -35.059086769560437 ], [ 117.823726217623431, -35.059086769560437 ], [ 117.823726217623431, -35.059962382516481 ], [ 117.824601830585763, -35.059962382516481 ] ], [ [ 117.828979895397481, -35.059962382516481 ], [ 117.828979895397481, -35.059086769560437 ], [ 117.828104282435149, -35.059086769560437 ], [ 117.828104282435149, -35.059962382516481 ], [ 117.828979895397481, -35.059962382516481 ] ], [ [ 117.830731121322174, -35.058211156604393 ], [ 117.829855508359827, -35.058211156604393 ], [ 117.829855508359827, -35.059086769560437 ], [ 117.830731121322174, -35.059086769560437 ], [ 117.830731121322174, -35.058211156604393 ] ], [ [ 117.833357960209199, -35.056459930692306 ], [ 117.834233573171545, -35.056459930692306 ], [ 117.834233573171545, -35.055584317736262 ], [ 117.833357960209199, -35.055584317736262 ], [ 117.833357960209199, -35.056459930692306 ] ], [ [ 117.838611637983263, -35.055584317736262 ], [ 117.839487250945609, -35.055584317736262 ], [ 117.839487250945609, -35.054708704780218 ], [ 117.839487250945609, -35.053833091824174 ], [ 117.838611637983263, -35.053833091824174 ], [ 117.838611637983263, -35.054708704780218 ], [ 117.837736025020916, -35.054708704780218 ], [ 117.837736025020916, -35.055584317736262 ], [ 117.838611637983263, -35.055584317736262 ] ], [ [ 117.840362863907941, -35.074847802769227 ], [ 117.840362863907941, -35.075723415725271 ], [ 117.839487250945609, -35.075723415725271 ], [ 117.838611637983263, -35.075723415725271 ], [ 117.838611637983263, -35.076599028681315 ], [ 117.839487250945609, -35.076599028681315 ], [ 117.840362863907941, -35.076599028681315 ], [ 117.841238476870288, -35.076599028681315 ], [ 117.841238476870288, -35.075723415725271 ], [ 117.842114089832634, -35.075723415725271 ], [ 117.842989702794981, -35.075723415725271 ], [ 117.843865315757313, -35.075723415725271 ], [ 117.844740928719659, -35.075723415725271 ], [ 117.844740928719659, -35.074847802769227 ], [ 117.843865315757313, -35.074847802769227 ], [ 117.842989702794981, -35.074847802769227 ], [ 117.842114089832634, -35.074847802769227 ], [ 117.841238476870288, -35.074847802769227 ], [ 117.840362863907941, -35.074847802769227 ] ], [ [ 117.842989702794981, -35.088857610065929 ], [ 117.843865315757313, -35.088857610065929 ], [ 117.843865315757313, -35.087981997109885 ], [ 117.842989702794981, -35.087981997109885 ], [ 117.842989702794981, -35.087106384153842 ], [ 117.842114089832634, -35.087106384153842 ], [ 117.842114089832634, -35.087981997109885 ], [ 117.842114089832634, -35.088857610065929 ], [ 117.842989702794981, -35.088857610065929 ] ], [ [ 117.839487250945609, -35.063464834340657 ], [ 117.838611637983263, -35.063464834340657 ], [ 117.838611637983263, -35.064340447296701 ], [ 117.839487250945609, -35.064340447296701 ], [ 117.840362863907941, -35.064340447296701 ], [ 117.840362863907941, -35.063464834340657 ], [ 117.839487250945609, -35.063464834340657 ] ], [ [ 117.846492154644352, -35.089733223021973 ], [ 117.846492154644352, -35.090608835978024 ], [ 117.847367767606684, -35.090608835978024 ], [ 117.847367767606684, -35.089733223021973 ], [ 117.846492154644352, -35.089733223021973 ] ], [ [ 117.849118993531377, -35.091484448934068 ], [ 117.848243380569031, -35.091484448934068 ], [ 117.848243380569031, -35.092360061890112 ], [ 117.849118993531377, -35.092360061890112 ], [ 117.849118993531377, -35.091484448934068 ] ], [ [ 117.864004413891209, -35.08010148050549 ], [ 117.864004413891209, -35.079225867549447 ], [ 117.863128800928862, -35.079225867549447 ], [ 117.86225318796653, -35.079225867549447 ], [ 117.86225318796653, -35.08010148050549 ], [ 117.863128800928862, -35.08010148050549 ], [ 117.864004413891209, -35.08010148050549 ] ], [ [ 117.861377575004184, -35.08010148050549 ], [ 117.861377575004184, -35.080977093461534 ], [ 117.86225318796653, -35.080977093461534 ], [ 117.86225318796653, -35.08010148050549 ], [ 117.861377575004184, -35.08010148050549 ] ], [ [ 117.86225318796653, -35.081852706417578 ], [ 117.863128800928862, -35.081852706417578 ], [ 117.864004413891209, -35.081852706417578 ], [ 117.864004413891209, -35.080977093461534 ], [ 117.863128800928862, -35.080977093461534 ], [ 117.86225318796653, -35.080977093461534 ], [ 117.86225318796653, -35.081852706417578 ] ], [ [ 117.86225318796653, -35.094986900758244 ], [ 117.863128800928862, -35.094986900758244 ], [ 117.864004413891209, -35.094986900758244 ], [ 117.864004413891209, -35.0941112878022 ], [ 117.863128800928862, -35.0941112878022 ], [ 117.86225318796653, -35.0941112878022 ], [ 117.861377575004184, -35.0941112878022 ], [ 117.861377575004184, -35.094986900758244 ], [ 117.86225318796653, -35.094986900758244 ] ], [ [ 117.864880026853555, -35.094986900758244 ], [ 117.864880026853555, -35.095862513714287 ], [ 117.865755639815902, -35.095862513714287 ], [ 117.866631252778234, -35.095862513714287 ], [ 117.86750686574058, -35.095862513714287 ], [ 117.86750686574058, -35.094986900758244 ], [ 117.868382478702927, -35.094986900758244 ], [ 117.869258091665273, -35.094986900758244 ], [ 117.869258091665273, -35.0941112878022 ], [ 117.868382478702927, -35.0941112878022 ], [ 117.86750686574058, -35.0941112878022 ], [ 117.866631252778234, -35.0941112878022 ], [ 117.866631252778234, -35.094986900758244 ], [ 117.865755639815902, -35.094986900758244 ], [ 117.864880026853555, -35.094986900758244 ] ], [ [ 117.858750736117145, -35.08010148050549 ], [ 117.857875123154813, -35.08010148050549 ], [ 117.856999510192466, -35.08010148050549 ], [ 117.856999510192466, -35.080977093461534 ], [ 117.857875123154813, -35.080977093461534 ], [ 117.858750736117145, -35.080977093461534 ], [ 117.858750736117145, -35.08010148050549 ] ], [ [ 117.85087021945607, -35.05733554364835 ], [ 117.85087021945607, -35.056459930692306 ], [ 117.851745832418402, -35.056459930692306 ], [ 117.851745832418402, -35.055584317736262 ], [ 117.85087021945607, -35.055584317736262 ], [ 117.849994606493723, -35.055584317736262 ], [ 117.849994606493723, -35.056459930692306 ], [ 117.849994606493723, -35.05733554364835 ], [ 117.85087021945607, -35.05733554364835 ] ], [ [ 117.853497058343095, -35.065216060252745 ], [ 117.852621445380748, -35.065216060252745 ], [ 117.851745832418402, -35.065216060252745 ], [ 117.851745832418402, -35.066091673208788 ], [ 117.852621445380748, -35.066091673208788 ], [ 117.853497058343095, -35.066091673208788 ], [ 117.853497058343095, -35.065216060252745 ] ], [ [ 117.85087021945607, -35.059086769560437 ], [ 117.85087021945607, -35.058211156604393 ], [ 117.849994606493723, -35.058211156604393 ], [ 117.849994606493723, -35.059086769560437 ], [ 117.85087021945607, -35.059086769560437 ] ], [ [ 117.853497058343095, -35.05733554364835 ], [ 117.853497058343095, -35.058211156604393 ], [ 117.854372671305441, -35.058211156604393 ], [ 117.854372671305441, -35.05733554364835 ], [ 117.853497058343095, -35.05733554364835 ] ], [ [ 117.860501962041837, -35.081852706417578 ], [ 117.860501962041837, -35.080977093461534 ], [ 117.859626349079491, -35.080977093461534 ], [ 117.859626349079491, -35.081852706417578 ], [ 117.860501962041837, -35.081852706417578 ] ], [ [ 117.859626349079491, -35.095862513714287 ], [ 117.860501962041837, -35.095862513714287 ], [ 117.860501962041837, -35.094986900758244 ], [ 117.859626349079491, -35.094986900758244 ], [ 117.859626349079491, -35.095862513714287 ] ], [ [ 117.858750736117145, -35.079225867549447 ], [ 117.859626349079491, -35.079225867549447 ], [ 117.859626349079491, -35.078350254593403 ], [ 117.858750736117145, -35.078350254593403 ], [ 117.857875123154813, -35.078350254593403 ], [ 117.857875123154813, -35.079225867549447 ], [ 117.858750736117145, -35.079225867549447 ] ], [ [ 117.876262995364016, -35.080977093461534 ], [ 117.876262995364016, -35.08010148050549 ], [ 117.875387382401669, -35.08010148050549 ], [ 117.874511769439323, -35.08010148050549 ], [ 117.873636156476991, -35.08010148050549 ], [ 117.873636156476991, -35.080977093461534 ], [ 117.874511769439323, -35.080977093461534 ], [ 117.875387382401669, -35.080977093461534 ], [ 117.876262995364016, -35.080977093461534 ] ], [ [ 117.874511769439323, -35.08447954528571 ], [ 117.874511769439323, -35.083603932329666 ], [ 117.873636156476991, -35.083603932329666 ], [ 117.872760543514644, -35.083603932329666 ], [ 117.872760543514644, -35.08447954528571 ], [ 117.873636156476991, -35.08447954528571 ], [ 117.874511769439323, -35.08447954528571 ] ], [ [ 117.872760543514644, -35.088857610065929 ], [ 117.872760543514644, -35.087981997109885 ], [ 117.872760543514644, -35.087106384153842 ], [ 117.871884930552298, -35.087106384153842 ], [ 117.871884930552298, -35.087981997109885 ], [ 117.871884930552298, -35.088857610065929 ], [ 117.872760543514644, -35.088857610065929 ] ], [ [ 117.872760543514644, -35.095862513714287 ], [ 117.872760543514644, -35.096738126670331 ], [ 117.873636156476991, -35.096738126670331 ], [ 117.873636156476991, -35.095862513714287 ], [ 117.872760543514644, -35.095862513714287 ] ], [ [ 117.865755639815902, -35.08447954528571 ], [ 117.866631252778234, -35.08447954528571 ], [ 117.866631252778234, -35.083603932329666 ], [ 117.866631252778234, -35.082728319373622 ], [ 117.865755639815902, -35.082728319373622 ], [ 117.864880026853555, -35.082728319373622 ], [ 117.864880026853555, -35.083603932329666 ], [ 117.865755639815902, -35.083603932329666 ], [ 117.865755639815902, -35.08447954528571 ] ], [ [ 117.869258091665273, -35.082728319373622 ], [ 117.868382478702927, -35.082728319373622 ], [ 117.868382478702927, -35.083603932329666 ], [ 117.868382478702927, -35.08447954528571 ], [ 117.869258091665273, -35.08447954528571 ], [ 117.870133704627619, -35.08447954528571 ], [ 117.870133704627619, -35.083603932329666 ], [ 117.869258091665273, -35.083603932329666 ], [ 117.869258091665273, -35.082728319373622 ] ], [ [ 117.870133704627619, -35.085355158241754 ], [ 117.871009317589952, -35.085355158241754 ], [ 117.871884930552298, -35.085355158241754 ], [ 117.871884930552298, -35.08447954528571 ], [ 117.871009317589952, -35.08447954528571 ], [ 117.870133704627619, -35.08447954528571 ], [ 117.870133704627619, -35.085355158241754 ] ], [ [ 117.871884930552298, -35.095862513714287 ], [ 117.871884930552298, -35.094986900758244 ], [ 117.871009317589952, -35.094986900758244 ], [ 117.871009317589952, -35.095862513714287 ], [ 117.871884930552298, -35.095862513714287 ] ], [ [ 117.882392286100412, -35.106369869186814 ], [ 117.882392286100412, -35.10549425623077 ], [ 117.88151667313808, -35.10549425623077 ], [ 117.880641060175734, -35.10549425623077 ], [ 117.879765447213387, -35.10549425623077 ], [ 117.878889834251041, -35.10549425623077 ], [ 117.878889834251041, -35.106369869186814 ], [ 117.879765447213387, -35.106369869186814 ], [ 117.880641060175734, -35.106369869186814 ], [ 117.88151667313808, -35.106369869186814 ], [ 117.882392286100412, -35.106369869186814 ] ], [ [ 117.876262995364016, -35.106369869186814 ], [ 117.877138608326362, -35.106369869186814 ], [ 117.877138608326362, -35.10549425623077 ], [ 117.878014221288694, -35.10549425623077 ], [ 117.878014221288694, -35.104618643274726 ], [ 117.877138608326362, -35.104618643274726 ], [ 117.876262995364016, -35.104618643274726 ], [ 117.876262995364016, -35.10549425623077 ], [ 117.876262995364016, -35.106369869186814 ] ], [ [ 117.875387382401669, -35.089733223021973 ], [ 117.876262995364016, -35.089733223021973 ], [ 117.877138608326362, -35.089733223021973 ], [ 117.877138608326362, -35.088857610065929 ], [ 117.876262995364016, -35.088857610065929 ], [ 117.876262995364016, -35.087981997109885 ], [ 117.875387382401669, -35.087981997109885 ], [ 117.874511769439323, -35.087981997109885 ], [ 117.874511769439323, -35.088857610065929 ], [ 117.875387382401669, -35.088857610065929 ], [ 117.875387382401669, -35.089733223021973 ] ], [ [ 117.877138608326362, -35.087981997109885 ], [ 117.877138608326362, -35.087106384153842 ], [ 117.876262995364016, -35.087106384153842 ], [ 117.876262995364016, -35.087981997109885 ], [ 117.877138608326362, -35.087981997109885 ] ], [ [ 117.920043643481165, -35.085355158241754 ], [ 117.919168030518833, -35.085355158241754 ], [ 117.919168030518833, -35.086230771197798 ], [ 117.920043643481165, -35.086230771197798 ], [ 117.920043643481165, -35.085355158241754 ] ], [ [ 117.888521576836823, -35.086230771197798 ], [ 117.887645963874476, -35.086230771197798 ], [ 117.887645963874476, -35.087106384153842 ], [ 117.888521576836823, -35.087106384153842 ], [ 117.889397189799155, -35.087106384153842 ], [ 117.890272802761501, -35.087106384153842 ], [ 117.891148415723848, -35.087106384153842 ], [ 117.891148415723848, -35.086230771197798 ], [ 117.891148415723848, -35.085355158241754 ], [ 117.890272802761501, -35.085355158241754 ], [ 117.890272802761501, -35.086230771197798 ], [ 117.889397189799155, -35.086230771197798 ], [ 117.888521576836823, -35.086230771197798 ] ], [ [ 117.890272802761501, -35.088857610065929 ], [ 117.891148415723848, -35.088857610065929 ], [ 117.891148415723848, -35.087981997109885 ], [ 117.890272802761501, -35.087981997109885 ], [ 117.889397189799155, -35.087981997109885 ], [ 117.889397189799155, -35.088857610065929 ], [ 117.890272802761501, -35.088857610065929 ] ], [ [ 117.884143512025105, -35.083603932329666 ], [ 117.885019124987451, -35.083603932329666 ], [ 117.885894737949783, -35.083603932329666 ], [ 117.88677035091213, -35.083603932329666 ], [ 117.88677035091213, -35.082728319373622 ], [ 117.885894737949783, -35.082728319373622 ], [ 117.885894737949783, -35.081852706417578 ], [ 117.885894737949783, -35.080977093461534 ], [ 117.885019124987451, -35.080977093461534 ], [ 117.885019124987451, -35.081852706417578 ], [ 117.885019124987451, -35.082728319373622 ], [ 117.884143512025105, -35.082728319373622 ], [ 117.884143512025105, -35.083603932329666 ] ], [ [ 117.883267899062758, -35.088857610065929 ], [ 117.884143512025105, -35.088857610065929 ], [ 117.885019124987451, -35.088857610065929 ], [ 117.885019124987451, -35.087981997109885 ], [ 117.884143512025105, -35.087981997109885 ], [ 117.884143512025105, -35.087106384153842 ], [ 117.883267899062758, -35.087106384153842 ], [ 117.883267899062758, -35.087981997109885 ], [ 117.883267899062758, -35.088857610065929 ] ], [ [ 117.885019124987451, -35.085355158241754 ], [ 117.885019124987451, -35.08447954528571 ], [ 117.884143512025105, -35.08447954528571 ], [ 117.883267899062758, -35.08447954528571 ], [ 117.883267899062758, -35.085355158241754 ], [ 117.884143512025105, -35.085355158241754 ], [ 117.885019124987451, -35.085355158241754 ] ], [ [ 117.882392286100412, -35.087981997109885 ], [ 117.882392286100412, -35.087106384153842 ], [ 117.882392286100412, -35.086230771197798 ], [ 117.88151667313808, -35.086230771197798 ], [ 117.88151667313808, -35.085355158241754 ], [ 117.880641060175734, -35.085355158241754 ], [ 117.880641060175734, -35.086230771197798 ], [ 117.879765447213387, -35.086230771197798 ], [ 117.879765447213387, -35.087106384153842 ], [ 117.880641060175734, -35.087106384153842 ], [ 117.880641060175734, -35.087981997109885 ], [ 117.88151667313808, -35.087981997109885 ], [ 117.882392286100412, -35.087981997109885 ] ], [ [ 117.88151667313808, -35.088857610065929 ], [ 117.88151667313808, -35.089733223021973 ], [ 117.882392286100412, -35.089733223021973 ], [ 117.882392286100412, -35.088857610065929 ], [ 117.88151667313808, -35.088857610065929 ] ], [ [ 117.890272802761501, -35.092360061890112 ], [ 117.890272802761501, -35.091484448934068 ], [ 117.889397189799155, -35.091484448934068 ], [ 117.889397189799155, -35.092360061890112 ], [ 117.890272802761501, -35.092360061890112 ] ], [ [ 117.88677035091213, -35.087981997109885 ], [ 117.88677035091213, -35.087106384153842 ], [ 117.88677035091213, -35.086230771197798 ], [ 117.885894737949783, -35.086230771197798 ], [ 117.885894737949783, -35.087106384153842 ], [ 117.885894737949783, -35.087981997109885 ], [ 117.88677035091213, -35.087981997109885 ] ], [ [ 117.89289964164854, -35.087981997109885 ], [ 117.89289964164854, -35.087106384153842 ], [ 117.892024028686194, -35.087106384153842 ], [ 117.892024028686194, -35.087981997109885 ], [ 117.89289964164854, -35.087981997109885 ] ], [ [ 117.894650867573219, -35.08447954528571 ], [ 117.894650867573219, -35.083603932329666 ], [ 117.893775254610873, -35.083603932329666 ], [ 117.893775254610873, -35.08447954528571 ], [ 117.894650867573219, -35.08447954528571 ] ], [ [ 117.905158223121333, -35.107245482142858 ], [ 117.906033836083679, -35.107245482142858 ], [ 117.906033836083679, -35.106369869186814 ], [ 117.906033836083679, -35.10549425623077 ], [ 117.906909449046026, -35.10549425623077 ], [ 117.907785062008372, -35.10549425623077 ], [ 117.908660674970704, -35.10549425623077 ], [ 117.909536287933051, -35.10549425623077 ], [ 117.910411900895397, -35.10549425623077 ], [ 117.910411900895397, -35.104618643274726 ], [ 117.910411900895397, -35.103743030318682 ], [ 117.910411900895397, -35.102867417362638 ], [ 117.909536287933051, -35.102867417362638 ], [ 117.909536287933051, -35.101991804406595 ], [ 117.908660674970704, -35.101991804406595 ], [ 117.908660674970704, -35.101116191450551 ], [ 117.907785062008372, -35.101116191450551 ], [ 117.907785062008372, -35.100240578494507 ], [ 117.906909449046026, -35.100240578494507 ], [ 117.906033836083679, -35.100240578494507 ], [ 117.906033836083679, -35.101116191450551 ], [ 117.906909449046026, -35.101116191450551 ], [ 117.906909449046026, -35.101991804406595 ], [ 117.906033836083679, -35.101991804406595 ], [ 117.906033836083679, -35.102867417362638 ], [ 117.905158223121333, -35.102867417362638 ], [ 117.905158223121333, -35.103743030318682 ], [ 117.905158223121333, -35.104618643274726 ], [ 117.905158223121333, -35.10549425623077 ], [ 117.905158223121333, -35.106369869186814 ], [ 117.904282610159001, -35.106369869186814 ], [ 117.903406997196655, -35.106369869186814 ], [ 117.903406997196655, -35.107245482142858 ], [ 117.904282610159001, -35.107245482142858 ], [ 117.905158223121333, -35.107245482142858 ] ], [ [ 117.891148415723848, -35.115125998747253 ], [ 117.892024028686194, -35.115125998747253 ], [ 117.892024028686194, -35.114250385791209 ], [ 117.892024028686194, -35.113374772835165 ], [ 117.892024028686194, -35.112499159879121 ], [ 117.892024028686194, -35.111623546923077 ], [ 117.891148415723848, -35.111623546923077 ], [ 117.891148415723848, -35.112499159879121 ], [ 117.891148415723848, -35.113374772835165 ], [ 117.891148415723848, -35.114250385791209 ], [ 117.891148415723848, -35.115125998747253 ] ], [ [ 117.89815331942259, -35.117752837615384 ], [ 117.899028932384937, -35.117752837615384 ], [ 117.899904545347283, -35.117752837615384 ], [ 117.899904545347283, -35.116877224659341 ], [ 117.899904545347283, -35.116001611703297 ], [ 117.899028932384937, -35.116001611703297 ], [ 117.89815331942259, -35.116001611703297 ], [ 117.89815331942259, -35.116877224659341 ], [ 117.89815331942259, -35.117752837615384 ] ], [ [ 117.89815331942259, -35.114250385791209 ], [ 117.89815331942259, -35.115125998747253 ], [ 117.899028932384937, -35.115125998747253 ], [ 117.899028932384937, -35.114250385791209 ], [ 117.89815331942259, -35.114250385791209 ] ], [ [ 117.902531384234308, -35.087981997109885 ], [ 117.902531384234308, -35.088857610065929 ], [ 117.903406997196655, -35.088857610065929 ], [ 117.903406997196655, -35.087981997109885 ], [ 117.902531384234308, -35.087981997109885 ] ], [ [ 117.903406997196655, -35.089733223021973 ], [ 117.904282610159001, -35.089733223021973 ], [ 117.905158223121333, -35.089733223021973 ], [ 117.906033836083679, -35.089733223021973 ], [ 117.906033836083679, -35.088857610065929 ], [ 117.905158223121333, -35.088857610065929 ], [ 117.904282610159001, -35.088857610065929 ], [ 117.903406997196655, -35.088857610065929 ], [ 117.903406997196655, -35.089733223021973 ] ], [ [ 117.909536287933051, -35.10987232101099 ], [ 117.909536287933051, -35.110747933967033 ], [ 117.910411900895397, -35.110747933967033 ], [ 117.910411900895397, -35.10987232101099 ], [ 117.911287513857744, -35.10987232101099 ], [ 117.911287513857744, -35.108996708054946 ], [ 117.911287513857744, -35.108121095098902 ], [ 117.912163126820076, -35.108121095098902 ], [ 117.912163126820076, -35.107245482142858 ], [ 117.911287513857744, -35.107245482142858 ], [ 117.910411900895397, -35.107245482142858 ], [ 117.910411900895397, -35.108121095098902 ], [ 117.910411900895397, -35.108996708054946 ], [ 117.909536287933051, -35.108996708054946 ], [ 117.909536287933051, -35.10987232101099 ] ], [ [ 117.913038739782422, -35.107245482142858 ], [ 117.913914352744769, -35.107245482142858 ], [ 117.913914352744769, -35.106369869186814 ], [ 117.913038739782422, -35.106369869186814 ], [ 117.912163126820076, -35.106369869186814 ], [ 117.912163126820076, -35.107245482142858 ], [ 117.913038739782422, -35.107245482142858 ] ], [ [ 117.909536287933051, -35.108121095098902 ], [ 117.909536287933051, -35.107245482142858 ], [ 117.908660674970704, -35.107245482142858 ], [ 117.908660674970704, -35.108121095098902 ], [ 117.907785062008372, -35.108121095098902 ], [ 117.906909449046026, -35.108121095098902 ], [ 117.906909449046026, -35.108996708054946 ], [ 117.906909449046026, -35.10987232101099 ], [ 117.907785062008372, -35.10987232101099 ], [ 117.907785062008372, -35.108996708054946 ], [ 117.908660674970704, -35.108996708054946 ], [ 117.909536287933051, -35.108996708054946 ], [ 117.909536287933051, -35.108121095098902 ] ], [ [ 117.913038739782422, -35.113374772835165 ], [ 117.912163126820076, -35.113374772835165 ], [ 117.912163126820076, -35.114250385791209 ], [ 117.913038739782422, -35.114250385791209 ], [ 117.913914352744769, -35.114250385791209 ], [ 117.914789965707115, -35.114250385791209 ], [ 117.914789965707115, -35.113374772835165 ], [ 117.913914352744769, -35.113374772835165 ], [ 117.913038739782422, -35.113374772835165 ] ], [ [ 117.913914352744769, -35.111623546923077 ], [ 117.914789965707115, -35.111623546923077 ], [ 117.914789965707115, -35.110747933967033 ], [ 117.913914352744769, -35.110747933967033 ], [ 117.913914352744769, -35.111623546923077 ] ], [ [ 117.91741680459414, -35.088857610065929 ], [ 117.916541191631794, -35.088857610065929 ], [ 117.916541191631794, -35.089733223021973 ], [ 117.91741680459414, -35.089733223021973 ], [ 117.918292417556486, -35.089733223021973 ], [ 117.918292417556486, -35.088857610065929 ], [ 117.91741680459414, -35.088857610065929 ] ], [ [ 117.927924160142254, -35.087106384153842 ], [ 117.9287997731046, -35.087106384153842 ], [ 117.9287997731046, -35.086230771197798 ], [ 117.929675386066947, -35.086230771197798 ], [ 117.929675386066947, -35.085355158241754 ], [ 117.930550999029293, -35.085355158241754 ], [ 117.930550999029293, -35.08447954528571 ], [ 117.929675386066947, -35.08447954528571 ], [ 117.9287997731046, -35.08447954528571 ], [ 117.9287997731046, -35.085355158241754 ], [ 117.927924160142254, -35.085355158241754 ], [ 117.927048547179922, -35.085355158241754 ], [ 117.926172934217576, -35.085355158241754 ], [ 117.926172934217576, -35.086230771197798 ], [ 117.927048547179922, -35.086230771197798 ], [ 117.927048547179922, -35.087106384153842 ], [ 117.927924160142254, -35.087106384153842 ] ], [ [ 117.926172934217576, -35.087106384153842 ], [ 117.925297321255229, -35.087106384153842 ], [ 117.925297321255229, -35.087981997109885 ], [ 117.926172934217576, -35.087981997109885 ], [ 117.926172934217576, -35.087106384153842 ] ], [ [ 117.924421708292883, -35.087981997109885 ], [ 117.924421708292883, -35.088857610065929 ], [ 117.925297321255229, -35.088857610065929 ], [ 117.925297321255229, -35.087981997109885 ], [ 117.924421708292883, -35.087981997109885 ] ], [ [ 117.923546095330536, -35.088857610065929 ], [ 117.922670482368204, -35.088857610065929 ], [ 117.922670482368204, -35.089733223021973 ], [ 117.923546095330536, -35.089733223021973 ], [ 117.924421708292883, -35.089733223021973 ], [ 117.924421708292883, -35.088857610065929 ], [ 117.923546095330536, -35.088857610065929 ] ], [ [ 117.9287997731046, -35.089733223021973 ], [ 117.9287997731046, -35.088857610065929 ], [ 117.927924160142254, -35.088857610065929 ], [ 117.927048547179922, -35.088857610065929 ], [ 117.926172934217576, -35.088857610065929 ], [ 117.926172934217576, -35.089733223021973 ], [ 117.927048547179922, -35.089733223021973 ], [ 117.927924160142254, -35.089733223021973 ], [ 117.9287997731046, -35.089733223021973 ] ], [ [ 117.920919256443511, -35.085355158241754 ], [ 117.921794869405858, -35.085355158241754 ], [ 117.921794869405858, -35.08447954528571 ], [ 117.920919256443511, -35.08447954528571 ], [ 117.920919256443511, -35.085355158241754 ] ], [ [ 117.919168030518833, -35.08447954528571 ], [ 117.919168030518833, -35.083603932329666 ], [ 117.918292417556486, -35.083603932329666 ], [ 117.91741680459414, -35.083603932329666 ], [ 117.91741680459414, -35.08447954528571 ], [ 117.918292417556486, -35.08447954528571 ], [ 117.919168030518833, -35.08447954528571 ] ], [ [ 117.922670482368204, -35.087106384153842 ], [ 117.923546095330536, -35.087106384153842 ], [ 117.923546095330536, -35.086230771197798 ], [ 117.922670482368204, -35.086230771197798 ], [ 117.922670482368204, -35.087106384153842 ] ], [ [ 117.924421708292883, -35.086230771197798 ], [ 117.925297321255229, -35.086230771197798 ], [ 117.925297321255229, -35.085355158241754 ], [ 117.924421708292883, -35.085355158241754 ], [ 117.924421708292883, -35.086230771197798 ] ], [ [ 117.930550999029293, -35.087981997109885 ], [ 117.929675386066947, -35.087981997109885 ], [ 117.929675386066947, -35.088857610065929 ], [ 117.929675386066947, -35.089733223021973 ], [ 117.930550999029293, -35.089733223021973 ], [ 117.930550999029293, -35.088857610065929 ], [ 117.931426611991625, -35.088857610065929 ], [ 117.932302224953972, -35.088857610065929 ], [ 117.933177837916318, -35.088857610065929 ], [ 117.933177837916318, -35.087981997109885 ], [ 117.932302224953972, -35.087981997109885 ], [ 117.931426611991625, -35.087981997109885 ], [ 117.931426611991625, -35.087106384153842 ], [ 117.930550999029293, -35.087106384153842 ], [ 117.930550999029293, -35.087981997109885 ] ] ], [ [ [ 117.815845700962342, -35.076599028681315 ], [ 117.816721313924688, -35.076599028681315 ], [ 117.816721313924688, -35.077474641637359 ], [ 117.815845700962342, -35.077474641637359 ], [ 117.815845700962342, -35.076599028681315 ] ] ], [ [ [ 117.829855508359827, -35.082728319373622 ], [ 117.830731121322174, -35.082728319373622 ], [ 117.830731121322174, -35.083603932329666 ], [ 117.829855508359827, -35.083603932329666 ], [ 117.829855508359827, -35.082728319373622 ] ] ], [ [ [ 117.85612389723012, -35.099364965538463 ], [ 117.856999510192466, -35.099364965538463 ], [ 117.856999510192466, -35.100240578494507 ], [ 117.85612389723012, -35.100240578494507 ], [ 117.855248284267773, -35.100240578494507 ], [ 117.855248284267773, -35.099364965538463 ], [ 117.854372671305441, -35.099364965538463 ], [ 117.854372671305441, -35.098489352582419 ], [ 117.855248284267773, -35.098489352582419 ], [ 117.85612389723012, -35.098489352582419 ], [ 117.85612389723012, -35.099364965538463 ] ] ], [ [ [ 117.852621445380748, -35.097613739626375 ], [ 117.853497058343095, -35.097613739626375 ], [ 117.853497058343095, -35.098489352582419 ], [ 117.852621445380748, -35.098489352582419 ], [ 117.852621445380748, -35.097613739626375 ] ] ], [ [ [ 117.863128800928862, -35.071345350945052 ], [ 117.863128800928862, -35.070469737989008 ], [ 117.864004413891209, -35.070469737989008 ], [ 117.864880026853555, -35.070469737989008 ], [ 117.865755639815902, -35.070469737989008 ], [ 117.866631252778234, -35.070469737989008 ], [ 117.866631252778234, -35.071345350945052 ], [ 117.865755639815902, -35.071345350945052 ], [ 117.865755639815902, -35.072220963901096 ], [ 117.865755639815902, -35.073096576857139 ], [ 117.865755639815902, -35.073972189813183 ], [ 117.864880026853555, -35.073972189813183 ], [ 117.864004413891209, -35.073972189813183 ], [ 117.864004413891209, -35.073096576857139 ], [ 117.863128800928862, -35.073096576857139 ], [ 117.86225318796653, -35.073096576857139 ], [ 117.86225318796653, -35.072220963901096 ], [ 117.861377575004184, -35.072220963901096 ], [ 117.860501962041837, -35.072220963901096 ], [ 117.860501962041837, -35.071345350945052 ], [ 117.861377575004184, -35.071345350945052 ], [ 117.86225318796653, -35.071345350945052 ], [ 117.863128800928862, -35.071345350945052 ] ] ], [ [ [ 117.861377575004184, -35.066967286164832 ], [ 117.86225318796653, -35.066967286164832 ], [ 117.863128800928862, -35.066967286164832 ], [ 117.863128800928862, -35.067842899120876 ], [ 117.864004413891209, -35.067842899120876 ], [ 117.864004413891209, -35.06871851207692 ], [ 117.864880026853555, -35.06871851207692 ], [ 117.865755639815902, -35.06871851207692 ], [ 117.865755639815902, -35.069594125032964 ], [ 117.864880026853555, -35.069594125032964 ], [ 117.864004413891209, -35.069594125032964 ], [ 117.863128800928862, -35.069594125032964 ], [ 117.863128800928862, -35.06871851207692 ], [ 117.86225318796653, -35.06871851207692 ], [ 117.861377575004184, -35.06871851207692 ], [ 117.861377575004184, -35.069594125032964 ], [ 117.860501962041837, -35.069594125032964 ], [ 117.860501962041837, -35.06871851207692 ], [ 117.860501962041837, -35.067842899120876 ], [ 117.859626349079491, -35.067842899120876 ], [ 117.859626349079491, -35.066967286164832 ], [ 117.860501962041837, -35.066967286164832 ], [ 117.861377575004184, -35.066967286164832 ] ] ], [ [ [ 117.859626349079491, -35.06871851207692 ], [ 117.859626349079491, -35.069594125032964 ], [ 117.858750736117145, -35.069594125032964 ], [ 117.858750736117145, -35.06871851207692 ], [ 117.859626349079491, -35.06871851207692 ] ] ], [ [ [ 117.857875123154813, -35.066091673208788 ], [ 117.857875123154813, -35.066967286164832 ], [ 117.856999510192466, -35.066967286164832 ], [ 117.856999510192466, -35.066091673208788 ], [ 117.857875123154813, -35.066091673208788 ] ] ], [ [ [ 117.86225318796653, -35.065216060252745 ], [ 117.86225318796653, -35.064340447296701 ], [ 117.863128800928862, -35.064340447296701 ], [ 117.864004413891209, -35.064340447296701 ], [ 117.864004413891209, -35.065216060252745 ], [ 117.863128800928862, -35.065216060252745 ], [ 117.863128800928862, -35.066091673208788 ], [ 117.86225318796653, -35.066091673208788 ], [ 117.861377575004184, -35.066091673208788 ], [ 117.861377575004184, -35.065216060252745 ], [ 117.86225318796653, -35.065216060252745 ] ] ], [ [ [ 117.861377575004184, -35.065216060252745 ], [ 117.860501962041837, -35.065216060252745 ], [ 117.860501962041837, -35.064340447296701 ], [ 117.860501962041837, -35.063464834340657 ], [ 117.860501962041837, -35.062589221384613 ], [ 117.861377575004184, -35.062589221384613 ], [ 117.861377575004184, -35.063464834340657 ], [ 117.861377575004184, -35.064340447296701 ], [ 117.861377575004184, -35.065216060252745 ] ] ], [ [ [ 117.857875123154813, -35.064340447296701 ], [ 117.857875123154813, -35.065216060252745 ], [ 117.856999510192466, -35.065216060252745 ], [ 117.856999510192466, -35.064340447296701 ], [ 117.857875123154813, -35.064340447296701 ] ] ], [ [ [ 117.859626349079491, -35.062589221384613 ], [ 117.859626349079491, -35.063464834340657 ], [ 117.858750736117145, -35.063464834340657 ], [ 117.858750736117145, -35.062589221384613 ], [ 117.859626349079491, -35.062589221384613 ] ] ], [ [ [ 117.861377575004184, -35.060837995472525 ], [ 117.86225318796653, -35.060837995472525 ], [ 117.86225318796653, -35.061713608428569 ], [ 117.861377575004184, -35.061713608428569 ], [ 117.861377575004184, -35.060837995472525 ] ] ], [ [ [ 117.86225318796653, -35.059086769560437 ], [ 117.863128800928862, -35.059086769560437 ], [ 117.864004413891209, -35.059086769560437 ], [ 117.864004413891209, -35.059962382516481 ], [ 117.863128800928862, -35.059962382516481 ], [ 117.86225318796653, -35.059962382516481 ], [ 117.861377575004184, -35.059962382516481 ], [ 117.861377575004184, -35.059086769560437 ], [ 117.86225318796653, -35.059086769560437 ] ] ], [ [ [ 117.856999510192466, -35.059086769560437 ], [ 117.856999510192466, -35.058211156604393 ], [ 117.857875123154813, -35.058211156604393 ], [ 117.858750736117145, -35.058211156604393 ], [ 117.859626349079491, -35.058211156604393 ], [ 117.860501962041837, -35.058211156604393 ], [ 117.860501962041837, -35.059086769560437 ], [ 117.859626349079491, -35.059086769560437 ], [ 117.858750736117145, -35.059086769560437 ], [ 117.857875123154813, -35.059086769560437 ], [ 117.856999510192466, -35.059086769560437 ] ] ], [ [ [ 117.865755639815902, -35.117752837615384 ], [ 117.865755639815902, -35.118628450571428 ], [ 117.864880026853555, -35.118628450571428 ], [ 117.864880026853555, -35.117752837615384 ], [ 117.865755639815902, -35.117752837615384 ] ] ], [ [ [ 117.86225318796653, -35.116877224659341 ], [ 117.863128800928862, -35.116877224659341 ], [ 117.863128800928862, -35.117752837615384 ], [ 117.86225318796653, -35.117752837615384 ], [ 117.86225318796653, -35.116877224659341 ] ] ], [ [ [ 117.864004413891209, -35.116001611703297 ], [ 117.864880026853555, -35.116001611703297 ], [ 117.864880026853555, -35.116877224659341 ], [ 117.864004413891209, -35.116877224659341 ], [ 117.863128800928862, -35.116877224659341 ], [ 117.863128800928862, -35.116001611703297 ], [ 117.864004413891209, -35.116001611703297 ] ] ], [ [ [ 117.866631252778234, -35.073972189813183 ], [ 117.866631252778234, -35.074847802769227 ], [ 117.866631252778234, -35.075723415725271 ], [ 117.866631252778234, -35.076599028681315 ], [ 117.866631252778234, -35.077474641637359 ], [ 117.865755639815902, -35.077474641637359 ], [ 117.865755639815902, -35.076599028681315 ], [ 117.865755639815902, -35.075723415725271 ], [ 117.865755639815902, -35.074847802769227 ], [ 117.865755639815902, -35.073972189813183 ], [ 117.866631252778234, -35.073972189813183 ] ] ], [ [ [ 117.869258091665273, -35.073972189813183 ], [ 117.868382478702927, -35.073972189813183 ], [ 117.86750686574058, -35.073972189813183 ], [ 117.86750686574058, -35.073096576857139 ], [ 117.868382478702927, -35.073096576857139 ], [ 117.868382478702927, -35.072220963901096 ], [ 117.869258091665273, -35.072220963901096 ], [ 117.869258091665273, -35.073096576857139 ], [ 117.869258091665273, -35.073972189813183 ] ] ], [ [ [ 117.868382478702927, -35.067842899120876 ], [ 117.868382478702927, -35.06871851207692 ], [ 117.86750686574058, -35.06871851207692 ], [ 117.866631252778234, -35.06871851207692 ], [ 117.866631252778234, -35.067842899120876 ], [ 117.86750686574058, -35.067842899120876 ], [ 117.868382478702927, -35.067842899120876 ] ] ], [ [ [ 117.866631252778234, -35.065216060252745 ], [ 117.86750686574058, -35.065216060252745 ], [ 117.868382478702927, -35.065216060252745 ], [ 117.868382478702927, -35.066091673208788 ], [ 117.86750686574058, -35.066091673208788 ], [ 117.866631252778234, -35.066091673208788 ], [ 117.865755639815902, -35.066091673208788 ], [ 117.865755639815902, -35.065216060252745 ], [ 117.866631252778234, -35.065216060252745 ] ] ], [ [ [ 117.86750686574058, -35.063464834340657 ], [ 117.86750686574058, -35.064340447296701 ], [ 117.866631252778234, -35.064340447296701 ], [ 117.866631252778234, -35.063464834340657 ], [ 117.86750686574058, -35.063464834340657 ] ] ], [ [ [ 117.866631252778234, -35.058211156604393 ], [ 117.866631252778234, -35.059086769560437 ], [ 117.865755639815902, -35.059086769560437 ], [ 117.865755639815902, -35.058211156604393 ], [ 117.866631252778234, -35.058211156604393 ] ] ], [ [ [ 117.869258091665273, -35.077474641637359 ], [ 117.868382478702927, -35.077474641637359 ], [ 117.86750686574058, -35.077474641637359 ], [ 117.86750686574058, -35.076599028681315 ], [ 117.868382478702927, -35.076599028681315 ], [ 117.869258091665273, -35.076599028681315 ], [ 117.869258091665273, -35.077474641637359 ] ] ], [ [ [ 117.870133704627619, -35.071345350945052 ], [ 117.870133704627619, -35.070469737989008 ], [ 117.871009317589952, -35.070469737989008 ], [ 117.871009317589952, -35.069594125032964 ], [ 117.870133704627619, -35.069594125032964 ], [ 117.870133704627619, -35.06871851207692 ], [ 117.871009317589952, -35.06871851207692 ], [ 117.871884930552298, -35.06871851207692 ], [ 117.872760543514644, -35.06871851207692 ], [ 117.873636156476991, -35.06871851207692 ], [ 117.874511769439323, -35.06871851207692 ], [ 117.874511769439323, -35.069594125032964 ], [ 117.874511769439323, -35.070469737989008 ], [ 117.874511769439323, -35.071345350945052 ], [ 117.875387382401669, -35.071345350945052 ], [ 117.875387382401669, -35.072220963901096 ], [ 117.874511769439323, -35.072220963901096 ], [ 117.873636156476991, -35.072220963901096 ], [ 117.872760543514644, -35.072220963901096 ], [ 117.872760543514644, -35.071345350945052 ], [ 117.871884930552298, -35.071345350945052 ], [ 117.871009317589952, -35.071345350945052 ], [ 117.871009317589952, -35.072220963901096 ], [ 117.871009317589952, -35.073096576857139 ], [ 117.871009317589952, -35.073972189813183 ], [ 117.871009317589952, -35.074847802769227 ], [ 117.871009317589952, -35.075723415725271 ], [ 117.870133704627619, -35.075723415725271 ], [ 117.870133704627619, -35.076599028681315 ], [ 117.869258091665273, -35.076599028681315 ], [ 117.869258091665273, -35.075723415725271 ], [ 117.869258091665273, -35.074847802769227 ], [ 117.870133704627619, -35.074847802769227 ], [ 117.870133704627619, -35.073972189813183 ], [ 117.870133704627619, -35.073096576857139 ], [ 117.870133704627619, -35.072220963901096 ], [ 117.870133704627619, -35.071345350945052 ] ] ], [ [ [ 117.872760543514644, -35.075723415725271 ], [ 117.872760543514644, -35.076599028681315 ], [ 117.871884930552298, -35.076599028681315 ], [ 117.871884930552298, -35.075723415725271 ], [ 117.872760543514644, -35.075723415725271 ] ] ], [ [ [ 117.872760543514644, -35.073972189813183 ], [ 117.872760543514644, -35.074847802769227 ], [ 117.871884930552298, -35.074847802769227 ], [ 117.871884930552298, -35.073972189813183 ], [ 117.872760543514644, -35.073972189813183 ] ] ], [ [ [ 117.868382478702927, -35.070469737989008 ], [ 117.868382478702927, -35.071345350945052 ], [ 117.86750686574058, -35.071345350945052 ], [ 117.86750686574058, -35.070469737989008 ], [ 117.868382478702927, -35.070469737989008 ] ] ], [ [ [ 117.871884930552298, -35.063464834340657 ], [ 117.872760543514644, -35.063464834340657 ], [ 117.873636156476991, -35.063464834340657 ], [ 117.873636156476991, -35.064340447296701 ], [ 117.872760543514644, -35.064340447296701 ], [ 117.871884930552298, -35.064340447296701 ], [ 117.871009317589952, -35.064340447296701 ], [ 117.871009317589952, -35.063464834340657 ], [ 117.871884930552298, -35.063464834340657 ] ] ], [ [ [ 117.874511769439323, -35.076599028681315 ], [ 117.875387382401669, -35.076599028681315 ], [ 117.875387382401669, -35.077474641637359 ], [ 117.874511769439323, -35.077474641637359 ], [ 117.874511769439323, -35.076599028681315 ] ] ], [ [ [ 117.877138608326362, -35.075723415725271 ], [ 117.877138608326362, -35.076599028681315 ], [ 117.876262995364016, -35.076599028681315 ], [ 117.875387382401669, -35.076599028681315 ], [ 117.875387382401669, -35.075723415725271 ], [ 117.876262995364016, -35.075723415725271 ], [ 117.877138608326362, -35.075723415725271 ] ] ], [ [ [ 117.877138608326362, -35.074847802769227 ], [ 117.876262995364016, -35.074847802769227 ], [ 117.875387382401669, -35.074847802769227 ], [ 117.875387382401669, -35.073972189813183 ], [ 117.876262995364016, -35.073972189813183 ], [ 117.877138608326362, -35.073972189813183 ], [ 117.877138608326362, -35.074847802769227 ] ] ], [ [ [ 117.874511769439323, -35.073972189813183 ], [ 117.874511769439323, -35.074847802769227 ], [ 117.873636156476991, -35.074847802769227 ], [ 117.873636156476991, -35.073972189813183 ], [ 117.874511769439323, -35.073972189813183 ] ] ], [ [ [ 117.876262995364016, -35.06871851207692 ], [ 117.875387382401669, -35.06871851207692 ], [ 117.875387382401669, -35.067842899120876 ], [ 117.876262995364016, -35.067842899120876 ], [ 117.877138608326362, -35.067842899120876 ], [ 117.877138608326362, -35.06871851207692 ], [ 117.878014221288694, -35.06871851207692 ], [ 117.878889834251041, -35.06871851207692 ], [ 117.879765447213387, -35.06871851207692 ], [ 117.880641060175734, -35.06871851207692 ], [ 117.88151667313808, -35.06871851207692 ], [ 117.88151667313808, -35.069594125032964 ], [ 117.88151667313808, -35.070469737989008 ], [ 117.88151667313808, -35.071345350945052 ], [ 117.880641060175734, -35.071345350945052 ], [ 117.879765447213387, -35.071345350945052 ], [ 117.878889834251041, -35.071345350945052 ], [ 117.878014221288694, -35.071345350945052 ], [ 117.878014221288694, -35.072220963901096 ], [ 117.878014221288694, -35.073096576857139 ], [ 117.877138608326362, -35.073096576857139 ], [ 117.877138608326362, -35.072220963901096 ], [ 117.876262995364016, -35.072220963901096 ], [ 117.876262995364016, -35.071345350945052 ], [ 117.876262995364016, -35.070469737989008 ], [ 117.876262995364016, -35.069594125032964 ], [ 117.876262995364016, -35.06871851207692 ] ] ], [ [ [ 117.878889834251041, -35.066967286164832 ], [ 117.878889834251041, -35.067842899120876 ], [ 117.878014221288694, -35.067842899120876 ], [ 117.878014221288694, -35.066967286164832 ], [ 117.878014221288694, -35.066091673208788 ], [ 117.878889834251041, -35.066091673208788 ], [ 117.878889834251041, -35.066967286164832 ] ] ], [ [ [ 117.883267899062758, -35.072220963901096 ], [ 117.883267899062758, -35.073096576857139 ], [ 117.882392286100412, -35.073096576857139 ], [ 117.882392286100412, -35.072220963901096 ], [ 117.883267899062758, -35.072220963901096 ] ] ], [ [ [ 117.892024028686194, -35.118628450571428 ], [ 117.892024028686194, -35.119504063527472 ], [ 117.891148415723848, -35.119504063527472 ], [ 117.891148415723848, -35.118628450571428 ], [ 117.892024028686194, -35.118628450571428 ] ] ], [ [ [ 117.889397189799155, -35.077474641637359 ], [ 117.889397189799155, -35.078350254593403 ], [ 117.888521576836823, -35.078350254593403 ], [ 117.888521576836823, -35.077474641637359 ], [ 117.889397189799155, -35.077474641637359 ] ] ], [ [ [ 117.887645963874476, -35.076599028681315 ], [ 117.888521576836823, -35.076599028681315 ], [ 117.888521576836823, -35.077474641637359 ], [ 117.887645963874476, -35.077474641637359 ], [ 117.887645963874476, -35.076599028681315 ] ] ], [ [ [ 117.894650867573219, -35.120379676483516 ], [ 117.894650867573219, -35.12125528943956 ], [ 117.893775254610873, -35.12125528943956 ], [ 117.893775254610873, -35.120379676483516 ], [ 117.894650867573219, -35.120379676483516 ] ] ], [ [ [ 117.897277706460244, -35.12125528943956 ], [ 117.896402093497912, -35.12125528943956 ], [ 117.896402093497912, -35.120379676483516 ], [ 117.896402093497912, -35.119504063527472 ], [ 117.897277706460244, -35.119504063527472 ], [ 117.897277706460244, -35.120379676483516 ], [ 117.89815331942259, -35.120379676483516 ], [ 117.89815331942259, -35.12125528943956 ], [ 117.897277706460244, -35.12125528943956 ] ] ], [ [ [ 117.89289964164854, -35.119504063527472 ], [ 117.893775254610873, -35.119504063527472 ], [ 117.893775254610873, -35.120379676483516 ], [ 117.89289964164854, -35.120379676483516 ], [ 117.892024028686194, -35.120379676483516 ], [ 117.892024028686194, -35.119504063527472 ], [ 117.89289964164854, -35.119504063527472 ] ] ], [ [ [ 117.894650867573219, -35.117752837615384 ], [ 117.894650867573219, -35.118628450571428 ], [ 117.893775254610873, -35.118628450571428 ], [ 117.893775254610873, -35.117752837615384 ], [ 117.894650867573219, -35.117752837615384 ] ] ], [ [ [ 117.914789965707115, -35.055584317736262 ], [ 117.913914352744769, -35.055584317736262 ], [ 117.913914352744769, -35.054708704780218 ], [ 117.913038739782422, -35.054708704780218 ], [ 117.912163126820076, -35.054708704780218 ], [ 117.912163126820076, -35.053833091824174 ], [ 117.913038739782422, -35.053833091824174 ], [ 117.913914352744769, -35.053833091824174 ], [ 117.914789965707115, -35.053833091824174 ], [ 117.914789965707115, -35.054708704780218 ], [ 117.915665578669461, -35.054708704780218 ], [ 117.916541191631794, -35.054708704780218 ], [ 117.916541191631794, -35.053833091824174 ], [ 117.915665578669461, -35.053833091824174 ], [ 117.915665578669461, -35.05295747886813 ], [ 117.916541191631794, -35.05295747886813 ], [ 117.916541191631794, -35.052081865912086 ], [ 117.916541191631794, -35.051206252956042 ], [ 117.915665578669461, -35.051206252956042 ], [ 117.914789965707115, -35.051206252956042 ], [ 117.913914352744769, -35.051206252956042 ], [ 117.913914352744769, -35.05033064 ], [ 117.914789965707115, -35.05033064 ], [ 117.915665578669461, -35.05033064 ], [ 117.916541191631794, -35.05033064 ], [ 117.91741680459414, -35.05033064 ], [ 117.918292417556486, -35.05033064 ], [ 117.919168030518833, -35.05033064 ], [ 117.919168030518833, -35.051206252956042 ], [ 117.920043643481165, -35.051206252956042 ], [ 117.920919256443511, -35.051206252956042 ], [ 117.921794869405858, -35.051206252956042 ], [ 117.921794869405858, -35.052081865912086 ], [ 117.920919256443511, -35.052081865912086 ], [ 117.920919256443511, -35.05295747886813 ], [ 117.921794869405858, -35.05295747886813 ], [ 117.922670482368204, -35.05295747886813 ], [ 117.922670482368204, -35.053833091824174 ], [ 117.922670482368204, -35.054708704780218 ], [ 117.923546095330536, -35.054708704780218 ], [ 117.924421708292883, -35.054708704780218 ], [ 117.924421708292883, -35.055584317736262 ], [ 117.924421708292883, -35.056459930692306 ], [ 117.925297321255229, -35.056459930692306 ], [ 117.926172934217576, -35.056459930692306 ], [ 117.927048547179922, -35.056459930692306 ], [ 117.927048547179922, -35.05733554364835 ], [ 117.927924160142254, -35.05733554364835 ], [ 117.9287997731046, -35.05733554364835 ], [ 117.9287997731046, -35.056459930692306 ], [ 117.9287997731046, -35.055584317736262 ], [ 117.929675386066947, -35.055584317736262 ], [ 117.929675386066947, -35.056459930692306 ], [ 117.930550999029293, -35.056459930692306 ], [ 117.930550999029293, -35.05733554364835 ], [ 117.930550999029293, -35.058211156604393 ], [ 117.929675386066947, -35.058211156604393 ], [ 117.929675386066947, -35.059086769560437 ], [ 117.929675386066947, -35.059962382516481 ], [ 117.930550999029293, -35.059962382516481 ], [ 117.931426611991625, -35.059962382516481 ], [ 117.932302224953972, -35.059962382516481 ], [ 117.933177837916318, -35.059962382516481 ], [ 117.933177837916318, -35.059086769560437 ], [ 117.934053450878665, -35.059086769560437 ], [ 117.934053450878665, -35.058211156604393 ], [ 117.933177837916318, -35.058211156604393 ], [ 117.932302224953972, -35.058211156604393 ], [ 117.932302224953972, -35.05733554364835 ], [ 117.932302224953972, -35.056459930692306 ], [ 117.931426611991625, -35.056459930692306 ], [ 117.931426611991625, -35.055584317736262 ], [ 117.932302224953972, -35.055584317736262 ], [ 117.933177837916318, -35.055584317736262 ], [ 117.934053450878665, -35.055584317736262 ], [ 117.934053450878665, -35.056459930692306 ], [ 117.934929063840997, -35.056459930692306 ], [ 117.935804676803343, -35.056459930692306 ], [ 117.935804676803343, -35.05733554364835 ], [ 117.93668028976569, -35.05733554364835 ], [ 117.93668028976569, -35.058211156604393 ], [ 117.93668028976569, -35.059086769560437 ], [ 117.937555902728036, -35.059086769560437 ], [ 117.937555902728036, -35.058211156604393 ], [ 117.938431515690382, -35.058211156604393 ], [ 117.938431515690382, -35.059086769560437 ], [ 117.938431515690382, -35.059962382516481 ], [ 117.938431515690382, -35.060837995472525 ], [ 117.939307128652715, -35.060837995472525 ], [ 117.940182741615061, -35.060837995472525 ], [ 117.941058354577407, -35.060837995472525 ], [ 117.941933967539754, -35.060837995472525 ], [ 117.942809580502086, -35.060837995472525 ], [ 117.942809580502086, -35.061713608428569 ], [ 117.941933967539754, -35.061713608428569 ], [ 117.941933967539754, -35.062589221384613 ], [ 117.941058354577407, -35.062589221384613 ], [ 117.941058354577407, -35.063464834340657 ], [ 117.940182741615061, -35.063464834340657 ], [ 117.939307128652715, -35.063464834340657 ], [ 117.939307128652715, -35.062589221384613 ], [ 117.939307128652715, -35.061713608428569 ], [ 117.938431515690382, -35.061713608428569 ], [ 117.937555902728036, -35.061713608428569 ], [ 117.93668028976569, -35.061713608428569 ], [ 117.935804676803343, -35.061713608428569 ], [ 117.934929063840997, -35.061713608428569 ], [ 117.934053450878665, -35.061713608428569 ], [ 117.934053450878665, -35.062589221384613 ], [ 117.934053450878665, -35.063464834340657 ], [ 117.933177837916318, -35.063464834340657 ], [ 117.932302224953972, -35.063464834340657 ], [ 117.931426611991625, -35.063464834340657 ], [ 117.930550999029293, -35.063464834340657 ], [ 117.929675386066947, -35.063464834340657 ], [ 117.929675386066947, -35.064340447296701 ], [ 117.9287997731046, -35.064340447296701 ], [ 117.9287997731046, -35.063464834340657 ], [ 117.9287997731046, -35.062589221384613 ], [ 117.927924160142254, -35.062589221384613 ], [ 117.927048547179922, -35.062589221384613 ], [ 117.926172934217576, -35.062589221384613 ], [ 117.926172934217576, -35.061713608428569 ], [ 117.925297321255229, -35.061713608428569 ], [ 117.925297321255229, -35.060837995472525 ], [ 117.924421708292883, -35.060837995472525 ], [ 117.924421708292883, -35.059962382516481 ], [ 117.923546095330536, -35.059962382516481 ], [ 117.923546095330536, -35.059086769560437 ], [ 117.924421708292883, -35.059086769560437 ], [ 117.925297321255229, -35.059086769560437 ], [ 117.925297321255229, -35.058211156604393 ], [ 117.924421708292883, -35.058211156604393 ], [ 117.923546095330536, -35.058211156604393 ], [ 117.923546095330536, -35.05733554364835 ], [ 117.923546095330536, -35.056459930692306 ], [ 117.922670482368204, -35.056459930692306 ], [ 117.921794869405858, -35.056459930692306 ], [ 117.921794869405858, -35.05733554364835 ], [ 117.921794869405858, -35.058211156604393 ], [ 117.920919256443511, -35.058211156604393 ], [ 117.920919256443511, -35.05733554364835 ], [ 117.920919256443511, -35.056459930692306 ], [ 117.920919256443511, -35.055584317736262 ], [ 117.920043643481165, -35.055584317736262 ], [ 117.919168030518833, -35.055584317736262 ], [ 117.918292417556486, -35.055584317736262 ], [ 117.918292417556486, -35.056459930692306 ], [ 117.919168030518833, -35.056459930692306 ], [ 117.920043643481165, -35.056459930692306 ], [ 117.920043643481165, -35.05733554364835 ], [ 117.919168030518833, -35.05733554364835 ], [ 117.919168030518833, -35.058211156604393 ], [ 117.918292417556486, -35.058211156604393 ], [ 117.91741680459414, -35.058211156604393 ], [ 117.91741680459414, -35.05733554364835 ], [ 117.916541191631794, -35.05733554364835 ], [ 117.916541191631794, -35.056459930692306 ], [ 117.915665578669461, -35.056459930692306 ], [ 117.914789965707115, -35.056459930692306 ], [ 117.914789965707115, -35.055584317736262 ] ], [ [ 117.927048547179922, -35.061713608428569 ], [ 117.927924160142254, -35.061713608428569 ], [ 117.927924160142254, -35.060837995472525 ], [ 117.927048547179922, -35.060837995472525 ], [ 117.926172934217576, -35.060837995472525 ], [ 117.926172934217576, -35.061713608428569 ], [ 117.927048547179922, -35.061713608428569 ] ], [ [ 117.920043643481165, -35.05295747886813 ], [ 117.920043643481165, -35.052081865912086 ], [ 117.919168030518833, -35.052081865912086 ], [ 117.919168030518833, -35.05295747886813 ], [ 117.920043643481165, -35.05295747886813 ] ], [ [ 117.930550999029293, -35.060837995472525 ], [ 117.929675386066947, -35.060837995472525 ], [ 117.929675386066947, -35.061713608428569 ], [ 117.930550999029293, -35.061713608428569 ], [ 117.930550999029293, -35.060837995472525 ] ] ], [ [ [ 117.913914352744769, -35.052081865912086 ], [ 117.914789965707115, -35.052081865912086 ], [ 117.914789965707115, -35.05295747886813 ], [ 117.913914352744769, -35.05295747886813 ], [ 117.913038739782422, -35.05295747886813 ], [ 117.913038739782422, -35.052081865912086 ], [ 117.913914352744769, -35.052081865912086 ] ] ], [ [ [ 117.924421708292883, -35.12125528943956 ], [ 117.925297321255229, -35.12125528943956 ], [ 117.925297321255229, -35.122130902395604 ], [ 117.924421708292883, -35.122130902395604 ], [ 117.924421708292883, -35.12125528943956 ] ] ], [ [ [ 117.924421708292883, -35.095862513714287 ], [ 117.925297321255229, -35.095862513714287 ], [ 117.925297321255229, -35.096738126670331 ], [ 117.924421708292883, -35.096738126670331 ], [ 117.924421708292883, -35.095862513714287 ] ] ], [ [ [ 117.923546095330536, -35.058211156604393 ], [ 117.923546095330536, -35.059086769560437 ], [ 117.922670482368204, -35.059086769560437 ], [ 117.922670482368204, -35.058211156604393 ], [ 117.923546095330536, -35.058211156604393 ] ] ], [ [ [ 117.931426611991625, -35.118628450571428 ], [ 117.932302224953972, -35.118628450571428 ], [ 117.933177837916318, -35.118628450571428 ], [ 117.933177837916318, -35.119504063527472 ], [ 117.932302224953972, -35.119504063527472 ], [ 117.932302224953972, -35.120379676483516 ], [ 117.931426611991625, -35.120379676483516 ], [ 117.931426611991625, -35.119504063527472 ], [ 117.931426611991625, -35.118628450571428 ] ] ], [ [ [ 117.932302224953972, -35.116877224659341 ], [ 117.932302224953972, -35.117752837615384 ], [ 117.931426611991625, -35.117752837615384 ], [ 117.931426611991625, -35.116877224659341 ], [ 117.932302224953972, -35.116877224659341 ] ] ], [ [ [ 117.932302224953972, -35.116001611703297 ], [ 117.933177837916318, -35.116001611703297 ], [ 117.933177837916318, -35.116877224659341 ], [ 117.932302224953972, -35.116877224659341 ], [ 117.932302224953972, -35.116001611703297 ] ] ], [ [ [ 117.934053450878665, -35.108996708054946 ], [ 117.934053450878665, -35.10987232101099 ], [ 117.933177837916318, -35.10987232101099 ], [ 117.933177837916318, -35.108996708054946 ], [ 117.934053450878665, -35.108996708054946 ] ] ], [ [ [ 117.929675386066947, -35.106369869186814 ], [ 117.929675386066947, -35.107245482142858 ], [ 117.9287997731046, -35.107245482142858 ], [ 117.9287997731046, -35.106369869186814 ], [ 117.929675386066947, -35.106369869186814 ] ] ], [ [ [ 117.941933967539754, -35.117752837615384 ], [ 117.941933967539754, -35.118628450571428 ], [ 117.942809580502086, -35.118628450571428 ], [ 117.942809580502086, -35.119504063527472 ], [ 117.943685193464432, -35.119504063527472 ], [ 117.943685193464432, -35.120379676483516 ], [ 117.944560806426779, -35.120379676483516 ], [ 117.945436419389125, -35.120379676483516 ], [ 117.946312032351457, -35.120379676483516 ], [ 117.947187645313804, -35.120379676483516 ], [ 117.94806325827615, -35.120379676483516 ], [ 117.94806325827615, -35.12125528943956 ], [ 117.94806325827615, -35.122130902395604 ], [ 117.947187645313804, -35.122130902395604 ], [ 117.947187645313804, -35.123006515351648 ], [ 117.946312032351457, -35.123006515351648 ], [ 117.946312032351457, -35.122130902395604 ], [ 117.946312032351457, -35.12125528943956 ], [ 117.945436419389125, -35.12125528943956 ], [ 117.944560806426779, -35.12125528943956 ], [ 117.943685193464432, -35.12125528943956 ], [ 117.942809580502086, -35.12125528943956 ], [ 117.941933967539754, -35.12125528943956 ], [ 117.941058354577407, -35.12125528943956 ], [ 117.941058354577407, -35.120379676483516 ], [ 117.941058354577407, -35.119504063527472 ], [ 117.941058354577407, -35.118628450571428 ], [ 117.941058354577407, -35.117752837615384 ], [ 117.941058354577407, -35.116877224659341 ], [ 117.941933967539754, -35.116877224659341 ], [ 117.941933967539754, -35.117752837615384 ] ] ], [ [ [ 117.93668028976569, -35.117752837615384 ], [ 117.937555902728036, -35.117752837615384 ], [ 117.938431515690382, -35.117752837615384 ], [ 117.938431515690382, -35.118628450571428 ], [ 117.937555902728036, -35.118628450571428 ], [ 117.93668028976569, -35.118628450571428 ], [ 117.93668028976569, -35.117752837615384 ] ] ], [ [ [ 117.944560806426779, -35.116877224659341 ], [ 117.944560806426779, -35.117752837615384 ], [ 117.943685193464432, -35.117752837615384 ], [ 117.943685193464432, -35.118628450571428 ], [ 117.942809580502086, -35.118628450571428 ], [ 117.942809580502086, -35.117752837615384 ], [ 117.942809580502086, -35.116877224659341 ], [ 117.943685193464432, -35.116877224659341 ], [ 117.944560806426779, -35.116877224659341 ] ] ], [ [ [ 117.93668028976569, -35.116001611703297 ], [ 117.93668028976569, -35.116877224659341 ], [ 117.935804676803343, -35.116877224659341 ], [ 117.935804676803343, -35.116001611703297 ], [ 117.93668028976569, -35.116001611703297 ] ] ], [ [ [ 117.938431515690382, -35.116001611703297 ], [ 117.939307128652715, -35.116001611703297 ], [ 117.940182741615061, -35.116001611703297 ], [ 117.940182741615061, -35.116877224659341 ], [ 117.939307128652715, -35.116877224659341 ], [ 117.938431515690382, -35.116877224659341 ], [ 117.938431515690382, -35.116001611703297 ] ] ], [ [ [ 117.941058354577407, -35.115125998747253 ], [ 117.941058354577407, -35.116001611703297 ], [ 117.940182741615061, -35.116001611703297 ], [ 117.940182741615061, -35.115125998747253 ], [ 117.941058354577407, -35.115125998747253 ] ] ], [ [ [ 117.93668028976569, -35.114250385791209 ], [ 117.93668028976569, -35.113374772835165 ], [ 117.935804676803343, -35.113374772835165 ], [ 117.935804676803343, -35.112499159879121 ], [ 117.934929063840997, -35.112499159879121 ], [ 117.934053450878665, -35.112499159879121 ], [ 117.934053450878665, -35.111623546923077 ], [ 117.934053450878665, -35.110747933967033 ], [ 117.934929063840997, -35.110747933967033 ], [ 117.934929063840997, -35.111623546923077 ], [ 117.935804676803343, -35.111623546923077 ], [ 117.93668028976569, -35.111623546923077 ], [ 117.93668028976569, -35.112499159879121 ], [ 117.937555902728036, -35.112499159879121 ], [ 117.938431515690382, -35.112499159879121 ], [ 117.938431515690382, -35.111623546923077 ], [ 117.939307128652715, -35.111623546923077 ], [ 117.939307128652715, -35.110747933967033 ], [ 117.939307128652715, -35.10987232101099 ], [ 117.939307128652715, -35.108996708054946 ], [ 117.939307128652715, -35.108121095098902 ], [ 117.938431515690382, -35.108121095098902 ], [ 117.938431515690382, -35.107245482142858 ], [ 117.937555902728036, -35.107245482142858 ], [ 117.937555902728036, -35.106369869186814 ], [ 117.938431515690382, -35.106369869186814 ], [ 117.938431515690382, -35.10549425623077 ], [ 117.937555902728036, -35.10549425623077 ], [ 117.93668028976569, -35.10549425623077 ], [ 117.93668028976569, -35.104618643274726 ], [ 117.937555902728036, -35.104618643274726 ], [ 117.938431515690382, -35.104618643274726 ], [ 117.938431515690382, -35.103743030318682 ], [ 117.939307128652715, -35.103743030318682 ], [ 117.939307128652715, -35.104618643274726 ], [ 117.939307128652715, -35.10549425623077 ], [ 117.940182741615061, -35.10549425623077 ], [ 117.940182741615061, -35.104618643274726 ], [ 117.940182741615061, -35.103743030318682 ], [ 117.941058354577407, -35.103743030318682 ], [ 117.941933967539754, -35.103743030318682 ], [ 117.941933967539754, -35.102867417362638 ], [ 117.942809580502086, -35.102867417362638 ], [ 117.943685193464432, -35.102867417362638 ], [ 117.943685193464432, -35.101991804406595 ], [ 117.943685193464432, -35.101116191450551 ], [ 117.943685193464432, -35.100240578494507 ], [ 117.943685193464432, -35.099364965538463 ], [ 117.943685193464432, -35.098489352582419 ], [ 117.942809580502086, -35.098489352582419 ], [ 117.942809580502086, -35.097613739626375 ], [ 117.941933967539754, -35.097613739626375 ], [ 117.941933967539754, -35.096738126670331 ], [ 117.941058354577407, -35.096738126670331 ], [ 117.941058354577407, -35.095862513714287 ], [ 117.940182741615061, -35.095862513714287 ], [ 117.940182741615061, -35.094986900758244 ], [ 117.940182741615061, -35.0941112878022 ], [ 117.940182741615061, -35.093235674846156 ], [ 117.941058354577407, -35.093235674846156 ], [ 117.941933967539754, -35.093235674846156 ], [ 117.941933967539754, -35.0941112878022 ], [ 117.942809580502086, -35.0941112878022 ], [ 117.942809580502086, -35.093235674846156 ], [ 117.943685193464432, -35.093235674846156 ], [ 117.943685193464432, -35.0941112878022 ], [ 117.944560806426779, -35.0941112878022 ], [ 117.945436419389125, -35.0941112878022 ], [ 117.946312032351457, -35.0941112878022 ], [ 117.947187645313804, -35.0941112878022 ], [ 117.94806325827615, -35.0941112878022 ], [ 117.94806325827615, -35.093235674846156 ], [ 117.94806325827615, -35.092360061890112 ], [ 117.948938871238497, -35.092360061890112 ], [ 117.948938871238497, -35.093235674846156 ], [ 117.949814484200843, -35.093235674846156 ], [ 117.950690097163175, -35.093235674846156 ], [ 117.950690097163175, -35.0941112878022 ], [ 117.951565710125521, -35.0941112878022 ], [ 117.952441323087868, -35.0941112878022 ], [ 117.953316936050214, -35.0941112878022 ], [ 117.954192549012546, -35.0941112878022 ], [ 117.955068161974893, -35.0941112878022 ], [ 117.955943774937239, -35.0941112878022 ], [ 117.955943774937239, -35.094986900758244 ], [ 117.956819387899586, -35.094986900758244 ], [ 117.957695000861918, -35.094986900758244 ], [ 117.958570613824264, -35.094986900758244 ], [ 117.958570613824264, -35.0941112878022 ], [ 117.958570613824264, -35.093235674846156 ], [ 117.959446226786611, -35.093235674846156 ], [ 117.959446226786611, -35.0941112878022 ], [ 117.960321839748957, -35.0941112878022 ], [ 117.960321839748957, -35.094986900758244 ], [ 117.961197452711303, -35.094986900758244 ], [ 117.961197452711303, -35.095862513714287 ], [ 117.962073065673636, -35.095862513714287 ], [ 117.962948678635982, -35.095862513714287 ], [ 117.963824291598328, -35.095862513714287 ], [ 117.963824291598328, -35.096738126670331 ], [ 117.962948678635982, -35.096738126670331 ], [ 117.962948678635982, -35.097613739626375 ], [ 117.963824291598328, -35.097613739626375 ], [ 117.963824291598328, -35.098489352582419 ], [ 117.964699904560675, -35.098489352582419 ], [ 117.965575517523007, -35.098489352582419 ], [ 117.966451130485353, -35.098489352582419 ], [ 117.966451130485353, -35.099364965538463 ], [ 117.966451130485353, -35.100240578494507 ], [ 117.966451130485353, -35.101116191450551 ], [ 117.9673267434477, -35.101116191450551 ], [ 117.9673267434477, -35.100240578494507 ], [ 117.9673267434477, -35.099364965538463 ], [ 117.968202356410046, -35.099364965538463 ], [ 117.968202356410046, -35.100240578494507 ], [ 117.968202356410046, -35.101116191450551 ], [ 117.968202356410046, -35.101991804406595 ], [ 117.968202356410046, -35.102867417362638 ], [ 117.9673267434477, -35.102867417362638 ], [ 117.9673267434477, -35.103743030318682 ], [ 117.966451130485353, -35.103743030318682 ], [ 117.966451130485353, -35.102867417362638 ], [ 117.965575517523007, -35.102867417362638 ], [ 117.965575517523007, -35.101991804406595 ], [ 117.964699904560675, -35.101991804406595 ], [ 117.963824291598328, -35.101991804406595 ], [ 117.963824291598328, -35.101116191450551 ], [ 117.962948678635982, -35.101116191450551 ], [ 117.962073065673636, -35.101116191450551 ], [ 117.962073065673636, -35.100240578494507 ], [ 117.962073065673636, -35.099364965538463 ], [ 117.961197452711303, -35.099364965538463 ], [ 117.961197452711303, -35.098489352582419 ], [ 117.962073065673636, -35.098489352582419 ], [ 117.962073065673636, -35.097613739626375 ], [ 117.962073065673636, -35.096738126670331 ], [ 117.961197452711303, -35.096738126670331 ], [ 117.960321839748957, -35.096738126670331 ], [ 117.959446226786611, -35.096738126670331 ], [ 117.959446226786611, -35.097613739626375 ], [ 117.960321839748957, -35.097613739626375 ], [ 117.960321839748957, -35.098489352582419 ], [ 117.960321839748957, -35.099364965538463 ], [ 117.959446226786611, -35.099364965538463 ], [ 117.959446226786611, -35.098489352582419 ], [ 117.958570613824264, -35.098489352582419 ], [ 117.958570613824264, -35.097613739626375 ], [ 117.958570613824264, -35.096738126670331 ], [ 117.957695000861918, -35.096738126670331 ], [ 117.957695000861918, -35.095862513714287 ], [ 117.956819387899586, -35.095862513714287 ], [ 117.956819387899586, -35.096738126670331 ], [ 117.955943774937239, -35.096738126670331 ], [ 117.955068161974893, -35.096738126670331 ], [ 117.955068161974893, -35.097613739626375 ], [ 117.955068161974893, -35.098489352582419 ], [ 117.954192549012546, -35.098489352582419 ], [ 117.954192549012546, -35.097613739626375 ], [ 117.953316936050214, -35.097613739626375 ], [ 117.953316936050214, -35.098489352582419 ], [ 117.952441323087868, -35.098489352582419 ], [ 117.951565710125521, -35.098489352582419 ], [ 117.950690097163175, -35.098489352582419 ], [ 117.949814484200843, -35.098489352582419 ], [ 117.949814484200843, -35.099364965538463 ], [ 117.950690097163175, -35.099364965538463 ], [ 117.950690097163175, -35.100240578494507 ], [ 117.950690097163175, -35.101116191450551 ], [ 117.949814484200843, -35.101116191450551 ], [ 117.949814484200843, -35.101991804406595 ], [ 117.948938871238497, -35.101991804406595 ], [ 117.94806325827615, -35.101991804406595 ], [ 117.947187645313804, -35.101991804406595 ], [ 117.946312032351457, -35.101991804406595 ], [ 117.946312032351457, -35.102867417362638 ], [ 117.945436419389125, -35.102867417362638 ], [ 117.944560806426779, -35.102867417362638 ], [ 117.944560806426779, -35.103743030318682 ], [ 117.944560806426779, -35.104618643274726 ], [ 117.945436419389125, -35.104618643274726 ], [ 117.945436419389125, -35.10549425623077 ], [ 117.946312032351457, -35.10549425623077 ], [ 117.947187645313804, -35.10549425623077 ], [ 117.94806325827615, -35.10549425623077 ], [ 117.94806325827615, -35.106369869186814 ], [ 117.947187645313804, -35.106369869186814 ], [ 117.946312032351457, -35.106369869186814 ], [ 117.946312032351457, -35.107245482142858 ], [ 117.947187645313804, -35.107245482142858 ], [ 117.94806325827615, -35.107245482142858 ], [ 117.94806325827615, -35.108121095098902 ], [ 117.947187645313804, -35.108121095098902 ], [ 117.946312032351457, -35.108121095098902 ], [ 117.945436419389125, -35.108121095098902 ], [ 117.945436419389125, -35.108996708054946 ], [ 117.944560806426779, -35.108996708054946 ], [ 117.944560806426779, -35.10987232101099 ], [ 117.944560806426779, -35.110747933967033 ], [ 117.945436419389125, -35.110747933967033 ], [ 117.945436419389125, -35.10987232101099 ], [ 117.946312032351457, -35.10987232101099 ], [ 117.946312032351457, -35.108996708054946 ], [ 117.947187645313804, -35.108996708054946 ], [ 117.94806325827615, -35.108996708054946 ], [ 117.948938871238497, -35.108996708054946 ], [ 117.949814484200843, -35.108996708054946 ], [ 117.949814484200843, -35.10987232101099 ], [ 117.948938871238497, -35.10987232101099 ], [ 117.94806325827615, -35.10987232101099 ], [ 117.947187645313804, -35.10987232101099 ], [ 117.947187645313804, -35.110747933967033 ], [ 117.947187645313804, -35.111623546923077 ], [ 117.946312032351457, -35.111623546923077 ], [ 117.946312032351457, -35.112499159879121 ], [ 117.947187645313804, -35.112499159879121 ], [ 117.947187645313804, -35.113374772835165 ], [ 117.946312032351457, -35.113374772835165 ], [ 117.945436419389125, -35.113374772835165 ], [ 117.945436419389125, -35.112499159879121 ], [ 117.945436419389125, -35.111623546923077 ], [ 117.944560806426779, -35.111623546923077 ], [ 117.943685193464432, -35.111623546923077 ], [ 117.943685193464432, -35.112499159879121 ], [ 117.942809580502086, -35.112499159879121 ], [ 117.942809580502086, -35.113374772835165 ], [ 117.941933967539754, -35.113374772835165 ], [ 117.941058354577407, -35.113374772835165 ], [ 117.940182741615061, -35.113374772835165 ], [ 117.939307128652715, -35.113374772835165 ], [ 117.939307128652715, -35.114250385791209 ], [ 117.938431515690382, -35.114250385791209 ], [ 117.938431515690382, -35.115125998747253 ], [ 117.937555902728036, -35.115125998747253 ], [ 117.937555902728036, -35.114250385791209 ], [ 117.93668028976569, -35.114250385791209 ] ], [ [ 117.941058354577407, -35.110747933967033 ], [ 117.941933967539754, -35.110747933967033 ], [ 117.941933967539754, -35.10987232101099 ], [ 117.941058354577407, -35.10987232101099 ], [ 117.941058354577407, -35.110747933967033 ] ], [ [ 117.941058354577407, -35.112499159879121 ], [ 117.941058354577407, -35.111623546923077 ], [ 117.940182741615061, -35.111623546923077 ], [ 117.940182741615061, -35.112499159879121 ], [ 117.941058354577407, -35.112499159879121 ] ] ], [ [ [ 117.941058354577407, -35.097613739626375 ], [ 117.940182741615061, -35.097613739626375 ], [ 117.940182741615061, -35.098489352582419 ], [ 117.939307128652715, -35.098489352582419 ], [ 117.938431515690382, -35.098489352582419 ], [ 117.938431515690382, -35.097613739626375 ], [ 117.939307128652715, -35.097613739626375 ], [ 117.939307128652715, -35.096738126670331 ], [ 117.940182741615061, -35.096738126670331 ], [ 117.941058354577407, -35.096738126670331 ], [ 117.941058354577407, -35.097613739626375 ] ] ], [ [ [ 117.939307128652715, -35.092360061890112 ], [ 117.940182741615061, -35.092360061890112 ], [ 117.940182741615061, -35.093235674846156 ], [ 117.939307128652715, -35.093235674846156 ], [ 117.939307128652715, -35.092360061890112 ] ] ], [ [ [ 117.943685193464432, -35.061713608428569 ], [ 117.944560806426779, -35.061713608428569 ], [ 117.944560806426779, -35.062589221384613 ], [ 117.944560806426779, -35.063464834340657 ], [ 117.943685193464432, -35.063464834340657 ], [ 117.943685193464432, -35.062589221384613 ], [ 117.943685193464432, -35.061713608428569 ] ] ], [ [ [ 117.945436419389125, -35.126508967175823 ], [ 117.944560806426779, -35.126508967175823 ], [ 117.944560806426779, -35.125633354219779 ], [ 117.944560806426779, -35.124757741263736 ], [ 117.944560806426779, -35.123882128307692 ], [ 117.945436419389125, -35.123882128307692 ], [ 117.945436419389125, -35.123006515351648 ], [ 117.946312032351457, -35.123006515351648 ], [ 117.946312032351457, -35.123882128307692 ], [ 117.946312032351457, -35.124757741263736 ], [ 117.945436419389125, -35.124757741263736 ], [ 117.945436419389125, -35.125633354219779 ], [ 117.946312032351457, -35.125633354219779 ], [ 117.946312032351457, -35.126508967175823 ], [ 117.947187645313804, -35.126508967175823 ], [ 117.94806325827615, -35.126508967175823 ], [ 117.948938871238497, -35.126508967175823 ], [ 117.949814484200843, -35.126508967175823 ], [ 117.950690097163175, -35.126508967175823 ], [ 117.950690097163175, -35.125633354219779 ], [ 117.949814484200843, -35.125633354219779 ], [ 117.948938871238497, -35.125633354219779 ], [ 117.948938871238497, -35.124757741263736 ], [ 117.949814484200843, -35.124757741263736 ], [ 117.950690097163175, -35.124757741263736 ], [ 117.951565710125521, -35.124757741263736 ], [ 117.952441323087868, -35.124757741263736 ], [ 117.953316936050214, -35.124757741263736 ], [ 117.953316936050214, -35.123882128307692 ], [ 117.954192549012546, -35.123882128307692 ], [ 117.954192549012546, -35.124757741263736 ], [ 117.954192549012546, -35.125633354219779 ], [ 117.954192549012546, -35.126508967175823 ], [ 117.953316936050214, -35.126508967175823 ], [ 117.953316936050214, -35.127384580131867 ], [ 117.952441323087868, -35.127384580131867 ], [ 117.951565710125521, -35.127384580131867 ], [ 117.950690097163175, -35.127384580131867 ], [ 117.950690097163175, -35.128260193087911 ], [ 117.949814484200843, -35.128260193087911 ], [ 117.948938871238497, -35.128260193087911 ], [ 117.94806325827615, -35.128260193087911 ], [ 117.947187645313804, -35.128260193087911 ], [ 117.946312032351457, -35.128260193087911 ], [ 117.946312032351457, -35.127384580131867 ], [ 117.945436419389125, -35.127384580131867 ], [ 117.945436419389125, -35.126508967175823 ] ], [ [ 117.951565710125521, -35.125633354219779 ], [ 117.951565710125521, -35.126508967175823 ], [ 117.952441323087868, -35.126508967175823 ], [ 117.952441323087868, -35.125633354219779 ], [ 117.951565710125521, -35.125633354219779 ] ] ], [ [ [ 117.947187645313804, -35.123006515351648 ], [ 117.94806325827615, -35.123006515351648 ], [ 117.94806325827615, -35.122130902395604 ], [ 117.948938871238497, -35.122130902395604 ], [ 117.948938871238497, -35.12125528943956 ], [ 117.949814484200843, -35.12125528943956 ], [ 117.949814484200843, -35.122130902395604 ], [ 117.950690097163175, -35.122130902395604 ], [ 117.951565710125521, -35.122130902395604 ], [ 117.952441323087868, -35.122130902395604 ], [ 117.952441323087868, -35.123006515351648 ], [ 117.952441323087868, -35.123882128307692 ], [ 117.951565710125521, -35.123882128307692 ], [ 117.950690097163175, -35.123882128307692 ], [ 117.949814484200843, -35.123882128307692 ], [ 117.948938871238497, -35.123882128307692 ], [ 117.94806325827615, -35.123882128307692 ], [ 117.947187645313804, -35.123882128307692 ], [ 117.947187645313804, -35.123006515351648 ] ] ], [ [ [ 117.958570613824264, -35.12125528943956 ], [ 117.959446226786611, -35.12125528943956 ], [ 117.959446226786611, -35.122130902395604 ], [ 117.958570613824264, -35.122130902395604 ], [ 117.957695000861918, -35.122130902395604 ], [ 117.956819387899586, -35.122130902395604 ], [ 117.955943774937239, -35.122130902395604 ], [ 117.955068161974893, -35.122130902395604 ], [ 117.954192549012546, -35.122130902395604 ], [ 117.954192549012546, -35.12125528943956 ], [ 117.955068161974893, -35.12125528943956 ], [ 117.955943774937239, -35.12125528943956 ], [ 117.956819387899586, -35.12125528943956 ], [ 117.957695000861918, -35.12125528943956 ], [ 117.958570613824264, -35.12125528943956 ] ] ], [ [ [ 117.951565710125521, -35.119504063527472 ], [ 117.952441323087868, -35.119504063527472 ], [ 117.952441323087868, -35.120379676483516 ], [ 117.951565710125521, -35.120379676483516 ], [ 117.950690097163175, -35.120379676483516 ], [ 117.949814484200843, -35.120379676483516 ], [ 117.948938871238497, -35.120379676483516 ], [ 117.948938871238497, -35.119504063527472 ], [ 117.94806325827615, -35.119504063527472 ], [ 117.947187645313804, -35.119504063527472 ], [ 117.947187645313804, -35.118628450571428 ], [ 117.94806325827615, -35.118628450571428 ], [ 117.948938871238497, -35.118628450571428 ], [ 117.949814484200843, -35.118628450571428 ], [ 117.950690097163175, -35.118628450571428 ], [ 117.951565710125521, -35.118628450571428 ], [ 117.951565710125521, -35.119504063527472 ] ] ], [ [ [ 117.944560806426779, -35.117752837615384 ], [ 117.945436419389125, -35.117752837615384 ], [ 117.945436419389125, -35.116877224659341 ], [ 117.946312032351457, -35.116877224659341 ], [ 117.946312032351457, -35.117752837615384 ], [ 117.947187645313804, -35.117752837615384 ], [ 117.947187645313804, -35.118628450571428 ], [ 117.946312032351457, -35.118628450571428 ], [ 117.945436419389125, -35.118628450571428 ], [ 117.944560806426779, -35.118628450571428 ], [ 117.944560806426779, -35.117752837615384 ] ] ], [ [ [ 117.945436419389125, -35.114250385791209 ], [ 117.945436419389125, -35.115125998747253 ], [ 117.944560806426779, -35.115125998747253 ], [ 117.944560806426779, -35.114250385791209 ], [ 117.944560806426779, -35.113374772835165 ], [ 117.945436419389125, -35.113374772835165 ], [ 117.945436419389125, -35.114250385791209 ] ] ], [ [ [ 117.955943774937239, -35.110747933967033 ], [ 117.955943774937239, -35.111623546923077 ], [ 117.955943774937239, -35.112499159879121 ], [ 117.956819387899586, -35.112499159879121 ], [ 117.956819387899586, -35.113374772835165 ], [ 117.956819387899586, -35.114250385791209 ], [ 117.955943774937239, -35.114250385791209 ], [ 117.955943774937239, -35.113374772835165 ], [ 117.955068161974893, -35.113374772835165 ], [ 117.955068161974893, -35.114250385791209 ], [ 117.954192549012546, -35.114250385791209 ], [ 117.953316936050214, -35.114250385791209 ], [ 117.952441323087868, -35.114250385791209 ], [ 117.952441323087868, -35.113374772835165 ], [ 117.953316936050214, -35.113374772835165 ], [ 117.953316936050214, -35.112499159879121 ], [ 117.953316936050214, -35.111623546923077 ], [ 117.953316936050214, -35.110747933967033 ], [ 117.953316936050214, -35.10987232101099 ], [ 117.954192549012546, -35.10987232101099 ], [ 117.954192549012546, -35.110747933967033 ], [ 117.955068161974893, -35.110747933967033 ], [ 117.955943774937239, -35.110747933967033 ] ] ], [ [ [ 117.94806325827615, -35.107245482142858 ], [ 117.94806325827615, -35.106369869186814 ], [ 117.948938871238497, -35.106369869186814 ], [ 117.948938871238497, -35.10549425623077 ], [ 117.949814484200843, -35.10549425623077 ], [ 117.950690097163175, -35.10549425623077 ], [ 117.950690097163175, -35.106369869186814 ], [ 117.951565710125521, -35.106369869186814 ], [ 117.951565710125521, -35.107245482142858 ], [ 117.950690097163175, -35.107245482142858 ], [ 117.950690097163175, -35.108121095098902 ], [ 117.950690097163175, -35.108996708054946 ], [ 117.949814484200843, -35.108996708054946 ], [ 117.949814484200843, -35.108121095098902 ], [ 117.949814484200843, -35.107245482142858 ], [ 117.948938871238497, -35.107245482142858 ], [ 117.94806325827615, -35.107245482142858 ] ] ], [ [ [ 117.954192549012546, -35.108121095098902 ], [ 117.954192549012546, -35.108996708054946 ], [ 117.953316936050214, -35.108996708054946 ], [ 117.953316936050214, -35.108121095098902 ], [ 117.954192549012546, -35.108121095098902 ] ] ], [ [ [ 117.953316936050214, -35.107245482142858 ], [ 117.953316936050214, -35.106369869186814 ], [ 117.954192549012546, -35.106369869186814 ], [ 117.955068161974893, -35.106369869186814 ], [ 117.955068161974893, -35.107245482142858 ], [ 117.955068161974893, -35.108121095098902 ], [ 117.954192549012546, -35.108121095098902 ], [ 117.954192549012546, -35.107245482142858 ], [ 117.953316936050214, -35.107245482142858 ] ] ], [ [ [ 117.949814484200843, -35.088857610065929 ], [ 117.950690097163175, -35.088857610065929 ], [ 117.951565710125521, -35.088857610065929 ], [ 117.951565710125521, -35.089733223021973 ], [ 117.951565710125521, -35.090608835978024 ], [ 117.951565710125521, -35.091484448934068 ], [ 117.952441323087868, -35.091484448934068 ], [ 117.952441323087868, -35.092360061890112 ], [ 117.951565710125521, -35.092360061890112 ], [ 117.951565710125521, -35.093235674846156 ], [ 117.950690097163175, -35.093235674846156 ], [ 117.950690097163175, -35.092360061890112 ], [ 117.950690097163175, -35.091484448934068 ], [ 117.949814484200843, -35.091484448934068 ], [ 117.948938871238497, -35.091484448934068 ], [ 117.94806325827615, -35.091484448934068 ], [ 117.94806325827615, -35.090608835978024 ], [ 117.94806325827615, -35.089733223021973 ], [ 117.94806325827615, -35.088857610065929 ], [ 117.948938871238497, -35.088857610065929 ], [ 117.949814484200843, -35.088857610065929 ] ] ], [ [ [ 117.946312032351457, -35.063464834340657 ], [ 117.946312032351457, -35.064340447296701 ], [ 117.945436419389125, -35.064340447296701 ], [ 117.945436419389125, -35.063464834340657 ], [ 117.945436419389125, -35.062589221384613 ], [ 117.945436419389125, -35.061713608428569 ], [ 117.946312032351457, -35.061713608428569 ], [ 117.946312032351457, -35.062589221384613 ], [ 117.946312032351457, -35.063464834340657 ] ] ], [ [ [ 117.961197452711303, -35.120379676483516 ], [ 117.961197452711303, -35.12125528943956 ], [ 117.960321839748957, -35.12125528943956 ], [ 117.960321839748957, -35.120379676483516 ], [ 117.961197452711303, -35.120379676483516 ] ] ], [ [ [ 117.962073065673636, -35.119504063527472 ], [ 117.962073065673636, -35.120379676483516 ], [ 117.961197452711303, -35.120379676483516 ], [ 117.961197452711303, -35.119504063527472 ], [ 117.962073065673636, -35.119504063527472 ] ] ], [ [ [ 117.962948678635982, -35.118628450571428 ], [ 117.963824291598328, -35.118628450571428 ], [ 117.963824291598328, -35.119504063527472 ], [ 117.962948678635982, -35.119504063527472 ], [ 117.962073065673636, -35.119504063527472 ], [ 117.962073065673636, -35.118628450571428 ], [ 117.962948678635982, -35.118628450571428 ] ] ], [ [ [ 117.966451130485353, -35.117752837615384 ], [ 117.966451130485353, -35.118628450571428 ], [ 117.965575517523007, -35.118628450571428 ], [ 117.964699904560675, -35.118628450571428 ], [ 117.963824291598328, -35.118628450571428 ], [ 117.963824291598328, -35.117752837615384 ], [ 117.964699904560675, -35.117752837615384 ], [ 117.965575517523007, -35.117752837615384 ], [ 117.965575517523007, -35.116877224659341 ], [ 117.966451130485353, -35.116877224659341 ], [ 117.966451130485353, -35.117752837615384 ] ] ], [ [ [ 117.9673267434477, -35.116001611703297 ], [ 117.9673267434477, -35.115125998747253 ], [ 117.968202356410046, -35.115125998747253 ], [ 117.969077969372378, -35.115125998747253 ], [ 117.969077969372378, -35.116001611703297 ], [ 117.969077969372378, -35.116877224659341 ], [ 117.968202356410046, -35.116877224659341 ], [ 117.968202356410046, -35.116001611703297 ], [ 117.9673267434477, -35.116001611703297 ] ] ], [ [ [ 117.9673267434477, -35.116001611703297 ], [ 117.9673267434477, -35.116877224659341 ], [ 117.966451130485353, -35.116877224659341 ], [ 117.966451130485353, -35.116001611703297 ], [ 117.9673267434477, -35.116001611703297 ] ] ], [ [ [ 117.969077969372378, -35.115125998747253 ], [ 117.969077969372378, -35.114250385791209 ], [ 117.969077969372378, -35.113374772835165 ], [ 117.969077969372378, -35.112499159879121 ], [ 117.969077969372378, -35.111623546923077 ], [ 117.969953582334725, -35.111623546923077 ], [ 117.969953582334725, -35.112499159879121 ], [ 117.969953582334725, -35.113374772835165 ], [ 117.969953582334725, -35.114250385791209 ], [ 117.969953582334725, -35.115125998747253 ], [ 117.969077969372378, -35.115125998747253 ] ] ], [ [ [ 117.959446226786611, -35.113374772835165 ], [ 117.959446226786611, -35.114250385791209 ], [ 117.958570613824264, -35.114250385791209 ], [ 117.958570613824264, -35.113374772835165 ], [ 117.959446226786611, -35.113374772835165 ] ] ], [ [ [ 117.966451130485353, -35.110747933967033 ], [ 117.966451130485353, -35.10987232101099 ], [ 117.966451130485353, -35.108996708054946 ], [ 117.9673267434477, -35.108996708054946 ], [ 117.9673267434477, -35.10987232101099 ], [ 117.968202356410046, -35.10987232101099 ], [ 117.968202356410046, -35.110747933967033 ], [ 117.969077969372378, -35.110747933967033 ], [ 117.969077969372378, -35.111623546923077 ], [ 117.968202356410046, -35.111623546923077 ], [ 117.9673267434477, -35.111623546923077 ], [ 117.966451130485353, -35.111623546923077 ], [ 117.966451130485353, -35.110747933967033 ] ] ], [ [ [ 117.955068161974893, -35.108996708054946 ], [ 117.955943774937239, -35.108996708054946 ], [ 117.955943774937239, -35.10987232101099 ], [ 117.955068161974893, -35.10987232101099 ], [ 117.955068161974893, -35.108996708054946 ] ] ], [ [ [ 117.957695000861918, -35.108121095098902 ], [ 117.958570613824264, -35.108121095098902 ], [ 117.958570613824264, -35.108996708054946 ], [ 117.957695000861918, -35.108996708054946 ], [ 117.957695000861918, -35.108121095098902 ] ] ], [ [ [ 117.969077969372378, -35.108996708054946 ], [ 117.968202356410046, -35.108996708054946 ], [ 117.968202356410046, -35.108121095098902 ], [ 117.968202356410046, -35.107245482142858 ], [ 117.969077969372378, -35.107245482142858 ], [ 117.969077969372378, -35.108121095098902 ], [ 117.969077969372378, -35.108996708054946 ] ] ], [ [ [ 117.969077969372378, -35.10549425623077 ], [ 117.969077969372378, -35.106369869186814 ], [ 117.968202356410046, -35.106369869186814 ], [ 117.968202356410046, -35.10549425623077 ], [ 117.968202356410046, -35.104618643274726 ], [ 117.969077969372378, -35.104618643274726 ], [ 117.969077969372378, -35.10549425623077 ] ] ], [ [ [ 117.968202356410046, -35.103743030318682 ], [ 117.968202356410046, -35.104618643274726 ], [ 117.9673267434477, -35.104618643274726 ], [ 117.9673267434477, -35.103743030318682 ], [ 117.968202356410046, -35.103743030318682 ] ] ], [ [ [ 117.969077969372378, -35.101116191450551 ], [ 117.969953582334725, -35.101116191450551 ], [ 117.970829195297071, -35.101116191450551 ], [ 117.971704808259418, -35.101116191450551 ], [ 117.972580421221764, -35.101116191450551 ], [ 117.973456034184096, -35.101116191450551 ], [ 117.973456034184096, -35.101991804406595 ], [ 117.974331647146442, -35.101991804406595 ], [ 117.974331647146442, -35.102867417362638 ], [ 117.975207260108789, -35.102867417362638 ], [ 117.975207260108789, -35.101991804406595 ], [ 117.975207260108789, -35.101116191450551 ], [ 117.975207260108789, -35.100240578494507 ], [ 117.976082873071135, -35.100240578494507 ], [ 117.976082873071135, -35.101116191450551 ], [ 117.976958486033467, -35.101116191450551 ], [ 117.976958486033467, -35.101991804406595 ], [ 117.976082873071135, -35.101991804406595 ], [ 117.976082873071135, -35.102867417362638 ], [ 117.976082873071135, -35.103743030318682 ], [ 117.975207260108789, -35.103743030318682 ], [ 117.974331647146442, -35.103743030318682 ], [ 117.973456034184096, -35.103743030318682 ], [ 117.973456034184096, -35.102867417362638 ], [ 117.972580421221764, -35.102867417362638 ], [ 117.971704808259418, -35.102867417362638 ], [ 117.971704808259418, -35.101991804406595 ], [ 117.970829195297071, -35.101991804406595 ], [ 117.969953582334725, -35.101991804406595 ], [ 117.969077969372378, -35.101991804406595 ], [ 117.969077969372378, -35.101116191450551 ] ] ], [ [ [ 117.960321839748957, -35.101116191450551 ], [ 117.960321839748957, -35.100240578494507 ], [ 117.960321839748957, -35.099364965538463 ], [ 117.961197452711303, -35.099364965538463 ], [ 117.961197452711303, -35.100240578494507 ], [ 117.961197452711303, -35.101116191450551 ], [ 117.960321839748957, -35.101116191450551 ] ] ], [ [ [ 117.992719519355646, -35.098489352582419 ], [ 117.993595132317992, -35.098489352582419 ], [ 117.994470745280339, -35.098489352582419 ], [ 117.994470745280339, -35.097613739626375 ], [ 117.994470745280339, -35.096738126670331 ], [ 117.993595132317992, -35.096738126670331 ], [ 117.993595132317992, -35.095862513714287 ], [ 117.992719519355646, -35.095862513714287 ], [ 117.991843906393314, -35.095862513714287 ], [ 117.991843906393314, -35.096738126670331 ], [ 117.990968293430967, -35.096738126670331 ], [ 117.990092680468621, -35.096738126670331 ], [ 117.990092680468621, -35.095862513714287 ], [ 117.989217067506274, -35.095862513714287 ], [ 117.989217067506274, -35.096738126670331 ], [ 117.989217067506274, -35.097613739626375 ], [ 117.989217067506274, -35.098489352582419 ], [ 117.988341454543928, -35.098489352582419 ], [ 117.987465841581596, -35.098489352582419 ], [ 117.987465841581596, -35.097613739626375 ], [ 117.986590228619249, -35.097613739626375 ], [ 117.985714615656903, -35.097613739626375 ], [ 117.984839002694557, -35.097613739626375 ], [ 117.984839002694557, -35.098489352582419 ], [ 117.983963389732224, -35.098489352582419 ], [ 117.983963389732224, -35.099364965538463 ], [ 117.983087776769878, -35.099364965538463 ], [ 117.982212163807532, -35.099364965538463 ], [ 117.982212163807532, -35.098489352582419 ], [ 117.981336550845185, -35.098489352582419 ], [ 117.980460937882853, -35.098489352582419 ], [ 117.979585324920507, -35.098489352582419 ], [ 117.97870971195816, -35.098489352582419 ], [ 117.97870971195816, -35.097613739626375 ], [ 117.97870971195816, -35.096738126670331 ], [ 117.977834098995814, -35.096738126670331 ], [ 117.976958486033467, -35.096738126670331 ], [ 117.976082873071135, -35.096738126670331 ], [ 117.976082873071135, -35.095862513714287 ], [ 117.976958486033467, -35.095862513714287 ], [ 117.977834098995814, -35.095862513714287 ], [ 117.97870971195816, -35.095862513714287 ], [ 117.979585324920507, -35.095862513714287 ], [ 117.979585324920507, -35.096738126670331 ], [ 117.980460937882853, -35.096738126670331 ], [ 117.981336550845185, -35.096738126670331 ], [ 117.982212163807532, -35.096738126670331 ], [ 117.983087776769878, -35.096738126670331 ], [ 117.983087776769878, -35.095862513714287 ], [ 117.983963389732224, -35.095862513714287 ], [ 117.984839002694557, -35.095862513714287 ], [ 117.984839002694557, -35.094986900758244 ], [ 117.985714615656903, -35.094986900758244 ], [ 117.986590228619249, -35.094986900758244 ], [ 117.987465841581596, -35.094986900758244 ], [ 117.988341454543928, -35.094986900758244 ], [ 117.989217067506274, -35.094986900758244 ], [ 117.990092680468621, -35.094986900758244 ], [ 117.990092680468621, -35.0941112878022 ], [ 117.989217067506274, -35.0941112878022 ], [ 117.988341454543928, -35.0941112878022 ], [ 117.987465841581596, -35.0941112878022 ], [ 117.986590228619249, -35.0941112878022 ], [ 117.986590228619249, -35.093235674846156 ], [ 117.987465841581596, -35.093235674846156 ], [ 117.988341454543928, -35.093235674846156 ], [ 117.988341454543928, -35.092360061890112 ], [ 117.989217067506274, -35.092360061890112 ], [ 117.990092680468621, -35.092360061890112 ], [ 117.990968293430967, -35.092360061890112 ], [ 117.990968293430967, -35.091484448934068 ], [ 117.990968293430967, -35.090608835978024 ], [ 117.991843906393314, -35.090608835978024 ], [ 117.992719519355646, -35.090608835978024 ], [ 117.993595132317992, -35.090608835978024 ], [ 117.993595132317992, -35.091484448934068 ], [ 117.992719519355646, -35.091484448934068 ], [ 117.992719519355646, -35.092360061890112 ], [ 117.991843906393314, -35.092360061890112 ], [ 117.991843906393314, -35.093235674846156 ], [ 117.991843906393314, -35.0941112878022 ], [ 117.992719519355646, -35.0941112878022 ], [ 117.993595132317992, -35.0941112878022 ], [ 117.993595132317992, -35.093235674846156 ], [ 117.994470745280339, -35.093235674846156 ], [ 117.995346358242685, -35.093235674846156 ], [ 117.995346358242685, -35.092360061890112 ], [ 117.996221971205017, -35.092360061890112 ], [ 117.997097584167363, -35.092360061890112 ], [ 117.997097584167363, -35.091484448934068 ], [ 117.99797319712971, -35.091484448934068 ], [ 117.99797319712971, -35.090608835978024 ], [ 117.998848810092056, -35.090608835978024 ], [ 117.998848810092056, -35.089733223021973 ], [ 117.999724423054388, -35.089733223021973 ], [ 118.000600036016735, -35.089733223021973 ], [ 118.001475648979081, -35.089733223021973 ], [ 118.001475648979081, -35.090608835978024 ], [ 118.001475648979081, -35.091484448934068 ], [ 118.002351261941428, -35.091484448934068 ], [ 118.002351261941428, -35.092360061890112 ], [ 118.003226874903774, -35.092360061890112 ], [ 118.004102487866106, -35.092360061890112 ], [ 118.004978100828453, -35.092360061890112 ], [ 118.005853713790799, -35.092360061890112 ], [ 118.005853713790799, -35.093235674846156 ], [ 118.006729326753145, -35.093235674846156 ], [ 118.007604939715478, -35.093235674846156 ], [ 118.007604939715478, -35.0941112878022 ], [ 118.008480552677824, -35.0941112878022 ], [ 118.00935616564017, -35.0941112878022 ], [ 118.00935616564017, -35.094986900758244 ], [ 118.010231778602517, -35.094986900758244 ], [ 118.011107391564849, -35.094986900758244 ], [ 118.011107391564849, -35.095862513714287 ], [ 118.011983004527195, -35.095862513714287 ], [ 118.012858617489542, -35.095862513714287 ], [ 118.013734230451888, -35.095862513714287 ], [ 118.014609843414235, -35.095862513714287 ], [ 118.015485456376567, -35.095862513714287 ], [ 118.016361069338913, -35.095862513714287 ], [ 118.016361069338913, -35.096738126670331 ], [ 118.016361069338913, -35.097613739626375 ], [ 118.016361069338913, -35.098489352582419 ], [ 118.016361069338913, -35.099364965538463 ], [ 118.015485456376567, -35.099364965538463 ], [ 118.015485456376567, -35.098489352582419 ], [ 118.014609843414235, -35.098489352582419 ], [ 118.013734230451888, -35.098489352582419 ], [ 118.013734230451888, -35.099364965538463 ], [ 118.014609843414235, -35.099364965538463 ], [ 118.014609843414235, -35.100240578494507 ], [ 118.013734230451888, -35.100240578494507 ], [ 118.012858617489542, -35.100240578494507 ], [ 118.011983004527195, -35.100240578494507 ], [ 118.011983004527195, -35.101116191450551 ], [ 118.012858617489542, -35.101116191450551 ], [ 118.013734230451888, -35.101116191450551 ], [ 118.014609843414235, -35.101116191450551 ], [ 118.015485456376567, -35.101116191450551 ], [ 118.016361069338913, -35.101116191450551 ], [ 118.016361069338913, -35.101991804406595 ], [ 118.016361069338913, -35.102867417362638 ], [ 118.016361069338913, -35.103743030318682 ], [ 118.01723668230126, -35.103743030318682 ], [ 118.018112295263606, -35.103743030318682 ], [ 118.018112295263606, -35.104618643274726 ], [ 118.018987908225938, -35.104618643274726 ], [ 118.018987908225938, -35.10549425623077 ], [ 118.019863521188284, -35.10549425623077 ], [ 118.019863521188284, -35.106369869186814 ], [ 118.020739134150631, -35.106369869186814 ], [ 118.020739134150631, -35.107245482142858 ], [ 118.021614747112977, -35.107245482142858 ], [ 118.021614747112977, -35.108121095098902 ], [ 118.021614747112977, -35.108996708054946 ], [ 118.020739134150631, -35.108996708054946 ], [ 118.019863521188284, -35.108996708054946 ], [ 118.018987908225938, -35.108996708054946 ], [ 118.018112295263606, -35.108996708054946 ], [ 118.01723668230126, -35.108996708054946 ], [ 118.01723668230126, -35.108121095098902 ], [ 118.016361069338913, -35.108121095098902 ], [ 118.016361069338913, -35.107245482142858 ], [ 118.015485456376567, -35.107245482142858 ], [ 118.014609843414235, -35.107245482142858 ], [ 118.014609843414235, -35.106369869186814 ], [ 118.013734230451888, -35.106369869186814 ], [ 118.013734230451888, -35.10549425623077 ], [ 118.013734230451888, -35.104618643274726 ], [ 118.012858617489542, -35.104618643274726 ], [ 118.012858617489542, -35.103743030318682 ], [ 118.012858617489542, -35.102867417362638 ], [ 118.011983004527195, -35.102867417362638 ], [ 118.011107391564849, -35.102867417362638 ], [ 118.011107391564849, -35.103743030318682 ], [ 118.010231778602517, -35.103743030318682 ], [ 118.00935616564017, -35.103743030318682 ], [ 118.00935616564017, -35.102867417362638 ], [ 118.008480552677824, -35.102867417362638 ], [ 118.008480552677824, -35.101991804406595 ], [ 118.008480552677824, -35.101116191450551 ], [ 118.008480552677824, -35.100240578494507 ], [ 118.007604939715478, -35.100240578494507 ], [ 118.007604939715478, -35.099364965538463 ], [ 118.006729326753145, -35.099364965538463 ], [ 118.005853713790799, -35.099364965538463 ], [ 118.005853713790799, -35.098489352582419 ], [ 118.004978100828453, -35.098489352582419 ], [ 118.004102487866106, -35.098489352582419 ], [ 118.003226874903774, -35.098489352582419 ], [ 118.002351261941428, -35.098489352582419 ], [ 118.001475648979081, -35.098489352582419 ], [ 118.001475648979081, -35.099364965538463 ], [ 118.000600036016735, -35.099364965538463 ], [ 117.999724423054388, -35.099364965538463 ], [ 117.999724423054388, -35.098489352582419 ], [ 117.998848810092056, -35.098489352582419 ], [ 117.99797319712971, -35.098489352582419 ], [ 117.997097584167363, -35.098489352582419 ], [ 117.996221971205017, -35.098489352582419 ], [ 117.995346358242685, -35.098489352582419 ], [ 117.995346358242685, -35.099364965538463 ], [ 117.995346358242685, -35.100240578494507 ], [ 117.994470745280339, -35.100240578494507 ], [ 117.993595132317992, -35.100240578494507 ], [ 117.992719519355646, -35.100240578494507 ], [ 117.992719519355646, -35.099364965538463 ], [ 117.991843906393314, -35.099364965538463 ], [ 117.990968293430967, -35.099364965538463 ], [ 117.990968293430967, -35.098489352582419 ], [ 117.991843906393314, -35.098489352582419 ], [ 117.992719519355646, -35.098489352582419 ] ], [ [ 118.006729326753145, -35.0941112878022 ], [ 118.006729326753145, -35.094986900758244 ], [ 118.005853713790799, -35.094986900758244 ], [ 118.004978100828453, -35.094986900758244 ], [ 118.004978100828453, -35.095862513714287 ], [ 118.005853713790799, -35.095862513714287 ], [ 118.006729326753145, -35.095862513714287 ], [ 118.007604939715478, -35.095862513714287 ], [ 118.007604939715478, -35.094986900758244 ], [ 118.007604939715478, -35.0941112878022 ], [ 118.006729326753145, -35.0941112878022 ] ], [ [ 118.002351261941428, -35.095862513714287 ], [ 118.003226874903774, -35.095862513714287 ], [ 118.004102487866106, -35.095862513714287 ], [ 118.004102487866106, -35.094986900758244 ], [ 118.003226874903774, -35.094986900758244 ], [ 118.002351261941428, -35.094986900758244 ], [ 118.001475648979081, -35.094986900758244 ], [ 118.000600036016735, -35.094986900758244 ], [ 117.999724423054388, -35.094986900758244 ], [ 117.998848810092056, -35.094986900758244 ], [ 117.99797319712971, -35.094986900758244 ], [ 117.99797319712971, -35.095862513714287 ], [ 117.99797319712971, -35.096738126670331 ], [ 117.998848810092056, -35.096738126670331 ], [ 117.999724423054388, -35.096738126670331 ], [ 118.000600036016735, -35.096738126670331 ], [ 118.001475648979081, -35.096738126670331 ], [ 118.001475648979081, -35.095862513714287 ], [ 118.002351261941428, -35.095862513714287 ] ], [ [ 118.00935616564017, -35.098489352582419 ], [ 118.008480552677824, -35.098489352582419 ], [ 118.008480552677824, -35.099364965538463 ], [ 118.00935616564017, -35.099364965538463 ], [ 118.00935616564017, -35.098489352582419 ] ] ], [ [ [ 117.973456034184096, -35.099364965538463 ], [ 117.974331647146442, -35.099364965538463 ], [ 117.974331647146442, -35.100240578494507 ], [ 117.973456034184096, -35.100240578494507 ], [ 117.973456034184096, -35.099364965538463 ] ] ], [ [ [ 117.976958486033467, -35.098489352582419 ], [ 117.976958486033467, -35.099364965538463 ], [ 117.976082873071135, -35.099364965538463 ], [ 117.976082873071135, -35.098489352582419 ], [ 117.976958486033467, -35.098489352582419 ] ] ], [ [ [ 117.972580421221764, -35.097613739626375 ], [ 117.972580421221764, -35.098489352582419 ], [ 117.971704808259418, -35.098489352582419 ], [ 117.971704808259418, -35.097613739626375 ], [ 117.972580421221764, -35.097613739626375 ] ] ], [ [ [ 117.965575517523007, -35.095862513714287 ], [ 117.965575517523007, -35.096738126670331 ], [ 117.964699904560675, -35.096738126670331 ], [ 117.964699904560675, -35.095862513714287 ], [ 117.965575517523007, -35.095862513714287 ] ] ], [ [ [ 117.970829195297071, -35.094986900758244 ], [ 117.971704808259418, -35.094986900758244 ], [ 117.971704808259418, -35.095862513714287 ], [ 117.971704808259418, -35.096738126670331 ], [ 117.970829195297071, -35.096738126670331 ], [ 117.970829195297071, -35.095862513714287 ], [ 117.969953582334725, -35.095862513714287 ], [ 117.969077969372378, -35.095862513714287 ], [ 117.969077969372378, -35.094986900758244 ], [ 117.969953582334725, -35.094986900758244 ], [ 117.970829195297071, -35.094986900758244 ] ] ], [ [ [ 117.973456034184096, -35.095862513714287 ], [ 117.974331647146442, -35.095862513714287 ], [ 117.974331647146442, -35.096738126670331 ], [ 117.973456034184096, -35.096738126670331 ], [ 117.973456034184096, -35.095862513714287 ] ] ], [ [ [ 117.966451130485353, -35.094986900758244 ], [ 117.9673267434477, -35.094986900758244 ], [ 117.9673267434477, -35.095862513714287 ], [ 117.966451130485353, -35.095862513714287 ], [ 117.966451130485353, -35.094986900758244 ] ] ], [ [ [ 117.982212163807532, -35.0941112878022 ], [ 117.982212163807532, -35.094986900758244 ], [ 117.981336550845185, -35.094986900758244 ], [ 117.981336550845185, -35.0941112878022 ], [ 117.982212163807532, -35.0941112878022 ] ] ], [ [ [ 117.962948678635982, -35.0941112878022 ], [ 117.962948678635982, -35.094986900758244 ], [ 117.962073065673636, -35.094986900758244 ], [ 117.961197452711303, -35.094986900758244 ], [ 117.961197452711303, -35.0941112878022 ], [ 117.962073065673636, -35.0941112878022 ], [ 117.962948678635982, -35.0941112878022 ] ] ], [ [ [ 117.966451130485353, -35.093235674846156 ], [ 117.966451130485353, -35.0941112878022 ], [ 117.966451130485353, -35.094986900758244 ], [ 117.965575517523007, -35.094986900758244 ], [ 117.965575517523007, -35.0941112878022 ], [ 117.964699904560675, -35.0941112878022 ], [ 117.964699904560675, -35.093235674846156 ], [ 117.965575517523007, -35.093235674846156 ], [ 117.966451130485353, -35.093235674846156 ] ] ], [ [ [ 117.971704808259418, -35.094986900758244 ], [ 117.971704808259418, -35.0941112878022 ], [ 117.972580421221764, -35.0941112878022 ], [ 117.973456034184096, -35.0941112878022 ], [ 117.973456034184096, -35.094986900758244 ], [ 117.972580421221764, -35.094986900758244 ], [ 117.971704808259418, -35.094986900758244 ] ] ], [ [ [ 117.963824291598328, -35.093235674846156 ], [ 117.963824291598328, -35.0941112878022 ], [ 117.962948678635982, -35.0941112878022 ], [ 117.962948678635982, -35.093235674846156 ], [ 117.963824291598328, -35.093235674846156 ] ] ], [ [ [ 117.992719519355646, -35.092360061890112 ], [ 117.993595132317992, -35.092360061890112 ], [ 117.993595132317992, -35.093235674846156 ], [ 117.992719519355646, -35.093235674846156 ], [ 117.992719519355646, -35.092360061890112 ] ] ], [ [ [ 117.984839002694557, -35.092360061890112 ], [ 117.985714615656903, -35.092360061890112 ], [ 117.985714615656903, -35.093235674846156 ], [ 117.984839002694557, -35.093235674846156 ], [ 117.984839002694557, -35.092360061890112 ] ] ], [ [ [ 117.963824291598328, -35.092360061890112 ], [ 117.962948678635982, -35.092360061890112 ], [ 117.962948678635982, -35.091484448934068 ], [ 117.962948678635982, -35.090608835978024 ], [ 117.962948678635982, -35.089733223021973 ], [ 117.963824291598328, -35.089733223021973 ], [ 117.963824291598328, -35.090608835978024 ], [ 117.963824291598328, -35.091484448934068 ], [ 117.963824291598328, -35.092360061890112 ] ] ], [ [ [ 117.996221971205017, -35.091484448934068 ], [ 117.995346358242685, -35.091484448934068 ], [ 117.994470745280339, -35.091484448934068 ], [ 117.994470745280339, -35.090608835978024 ], [ 117.995346358242685, -35.090608835978024 ], [ 117.996221971205017, -35.090608835978024 ], [ 117.996221971205017, -35.091484448934068 ] ] ], [ [ [ 117.999724423054388, -35.087106384153842 ], [ 118.000600036016735, -35.087106384153842 ], [ 118.001475648979081, -35.087106384153842 ], [ 118.002351261941428, -35.087106384153842 ], [ 118.002351261941428, -35.087981997109885 ], [ 118.003226874903774, -35.087981997109885 ], [ 118.004102487866106, -35.087981997109885 ], [ 118.004102487866106, -35.088857610065929 ], [ 118.004102487866106, -35.089733223021973 ], [ 118.004978100828453, -35.089733223021973 ], [ 118.005853713790799, -35.089733223021973 ], [ 118.006729326753145, -35.089733223021973 ], [ 118.006729326753145, -35.090608835978024 ], [ 118.007604939715478, -35.090608835978024 ], [ 118.007604939715478, -35.091484448934068 ], [ 118.006729326753145, -35.091484448934068 ], [ 118.005853713790799, -35.091484448934068 ], [ 118.005853713790799, -35.090608835978024 ], [ 118.004978100828453, -35.090608835978024 ], [ 118.004102487866106, -35.090608835978024 ], [ 118.003226874903774, -35.090608835978024 ], [ 118.003226874903774, -35.089733223021973 ], [ 118.003226874903774, -35.088857610065929 ], [ 118.002351261941428, -35.088857610065929 ], [ 118.001475648979081, -35.088857610065929 ], [ 118.000600036016735, -35.088857610065929 ], [ 118.000600036016735, -35.087981997109885 ], [ 117.999724423054388, -35.087981997109885 ], [ 117.999724423054388, -35.088857610065929 ], [ 117.998848810092056, -35.088857610065929 ], [ 117.99797319712971, -35.088857610065929 ], [ 117.997097584167363, -35.088857610065929 ], [ 117.996221971205017, -35.088857610065929 ], [ 117.996221971205017, -35.087981997109885 ], [ 117.997097584167363, -35.087981997109885 ], [ 117.99797319712971, -35.087981997109885 ], [ 117.99797319712971, -35.087106384153842 ], [ 117.998848810092056, -35.087106384153842 ], [ 117.999724423054388, -35.087106384153842 ] ] ], [ [ [ 118.016361069338913, -35.100240578494507 ], [ 118.01723668230126, -35.100240578494507 ], [ 118.01723668230126, -35.101116191450551 ], [ 118.016361069338913, -35.101116191450551 ], [ 118.016361069338913, -35.100240578494507 ] ] ], [ [ [ 118.013734230451888, -35.093235674846156 ], [ 118.013734230451888, -35.0941112878022 ], [ 118.012858617489542, -35.0941112878022 ], [ 118.012858617489542, -35.093235674846156 ], [ 118.013734230451888, -35.093235674846156 ] ] ], [ [ [ 118.011107391564849, -35.090608835978024 ], [ 118.011107391564849, -35.091484448934068 ], [ 118.011983004527195, -35.091484448934068 ], [ 118.011983004527195, -35.092360061890112 ], [ 118.011983004527195, -35.093235674846156 ], [ 118.011107391564849, -35.093235674846156 ], [ 118.010231778602517, -35.093235674846156 ], [ 118.00935616564017, -35.093235674846156 ], [ 118.008480552677824, -35.093235674846156 ], [ 118.008480552677824, -35.092360061890112 ], [ 118.008480552677824, -35.091484448934068 ], [ 118.008480552677824, -35.090608835978024 ], [ 118.00935616564017, -35.090608835978024 ], [ 118.010231778602517, -35.090608835978024 ], [ 118.011107391564849, -35.090608835978024 ] ], [ [ 118.00935616564017, -35.092360061890112 ], [ 118.010231778602517, -35.092360061890112 ], [ 118.010231778602517, -35.091484448934068 ], [ 118.00935616564017, -35.091484448934068 ], [ 118.00935616564017, -35.092360061890112 ] ] ], [ [ [ 118.002351261941428, -35.090608835978024 ], [ 118.003226874903774, -35.090608835978024 ], [ 118.003226874903774, -35.091484448934068 ], [ 118.002351261941428, -35.091484448934068 ], [ 118.002351261941428, -35.090608835978024 ] ] ] ] } },
{ "type": "Feature", "properties": { "potential_heritage_precaution_level": 3.0, "hazard_score": 6.0, "hazard_level": 3.0, "granite_score": 3, "potential_heritage_precaution_score": 1.0 }, "geometry": { "type": "MultiPolygon", "coordinates": [ [ [ [ 117.871884930552298, -35.10549425623077 ], [ 117.872760543514644, -35.10549425623077 ], [ 117.872760543514644, -35.106369869186814 ], [ 117.871884930552298, -35.106369869186814 ], [ 117.871009317589952, -35.106369869186814 ], [ 117.871009317589952, -35.10549425623077 ], [ 117.871884930552298, -35.10549425623077 ] ] ], [ [ [ 117.876262995364016, -35.106369869186814 ], [ 117.876262995364016, -35.10549425623077 ], [ 117.876262995364016, -35.104618643274726 ], [ 117.877138608326362, -35.104618643274726 ], [ 117.878014221288694, -35.104618643274726 ], [ 117.878014221288694, -35.10549425623077 ], [ 117.877138608326362, -35.10549425623077 ], [ 117.877138608326362, -35.106369869186814 ], [ 117.876262995364016, -35.106369869186814 ] ] ], [ [ [ 117.864004413891209, -35.106369869186814 ], [ 117.864004413891209, -35.10549425623077 ], [ 117.864880026853555, -35.10549425623077 ], [ 117.864880026853555, -35.106369869186814 ], [ 117.864004413891209, -35.106369869186814 ] ] ], [ [ [ 117.866631252778234, -35.10549425623077 ], [ 117.865755639815902, -35.10549425623077 ], [ 117.865755639815902, -35.104618643274726 ], [ 117.866631252778234, -35.104618643274726 ], [ 117.866631252778234, -35.10549425623077 ] ] ], [ [ [ 117.864880026853555, -35.104618643274726 ], [ 117.864880026853555, -35.103743030318682 ], [ 117.865755639815902, -35.103743030318682 ], [ 117.865755639815902, -35.104618643274726 ], [ 117.864880026853555, -35.104618643274726 ] ] ], [ [ [ 117.878014221288694, -35.100240578494507 ], [ 117.878014221288694, -35.099364965538463 ], [ 117.878889834251041, -35.099364965538463 ], [ 117.879765447213387, -35.099364965538463 ], [ 117.879765447213387, -35.098489352582419 ], [ 117.880641060175734, -35.098489352582419 ], [ 117.880641060175734, -35.097613739626375 ], [ 117.88151667313808, -35.097613739626375 ], [ 117.882392286100412, -35.097613739626375 ], [ 117.883267899062758, -35.097613739626375 ], [ 117.884143512025105, -35.097613739626375 ], [ 117.884143512025105, -35.096738126670331 ], [ 117.885019124987451, -35.096738126670331 ], [ 117.885894737949783, -35.096738126670331 ], [ 117.88677035091213, -35.096738126670331 ], [ 117.88677035091213, -35.095862513714287 ], [ 117.887645963874476, -35.095862513714287 ], [ 117.888521576836823, -35.095862513714287 ], [ 117.888521576836823, -35.094986900758244 ], [ 117.889397189799155, -35.094986900758244 ], [ 117.890272802761501, -35.094986900758244 ], [ 117.891148415723848, -35.094986900758244 ], [ 117.891148415723848, -35.0941112878022 ], [ 117.892024028686194, -35.0941112878022 ], [ 117.89289964164854, -35.0941112878022 ], [ 117.893775254610873, -35.0941112878022 ], [ 117.893775254610873, -35.093235674846156 ], [ 117.894650867573219, -35.093235674846156 ], [ 117.895526480535565, -35.093235674846156 ], [ 117.896402093497912, -35.093235674846156 ], [ 117.896402093497912, -35.092360061890112 ], [ 117.895526480535565, -35.092360061890112 ], [ 117.895526480535565, -35.091484448934068 ], [ 117.894650867573219, -35.091484448934068 ], [ 117.894650867573219, -35.090608835978024 ], [ 117.894650867573219, -35.089733223021973 ], [ 117.893775254610873, -35.089733223021973 ], [ 117.893775254610873, -35.088857610065929 ], [ 117.894650867573219, -35.088857610065929 ], [ 117.894650867573219, -35.087981997109885 ], [ 117.894650867573219, -35.087106384153842 ], [ 117.895526480535565, -35.087106384153842 ], [ 117.896402093497912, -35.087106384153842 ], [ 117.897277706460244, -35.087106384153842 ], [ 117.89815331942259, -35.087106384153842 ], [ 117.899028932384937, -35.087106384153842 ], [ 117.899028932384937, -35.087981997109885 ], [ 117.899028932384937, -35.088857610065929 ], [ 117.899028932384937, -35.089733223021973 ], [ 117.899904545347283, -35.089733223021973 ], [ 117.900780158309615, -35.089733223021973 ], [ 117.901655771271962, -35.089733223021973 ], [ 117.901655771271962, -35.090608835978024 ], [ 117.901655771271962, -35.091484448934068 ], [ 117.900780158309615, -35.091484448934068 ], [ 117.900780158309615, -35.092360061890112 ], [ 117.901655771271962, -35.092360061890112 ], [ 117.902531384234308, -35.092360061890112 ], [ 117.902531384234308, -35.093235674846156 ], [ 117.903406997196655, -35.093235674846156 ], [ 117.903406997196655, -35.0941112878022 ], [ 117.902531384234308, -35.0941112878022 ], [ 117.902531384234308, -35.094986900758244 ], [ 117.901655771271962, -35.094986900758244 ], [ 117.901655771271962, -35.0941112878022 ], [ 117.901655771271962, -35.093235674846156 ], [ 117.900780158309615, -35.093235674846156 ], [ 117.900780158309615, -35.0941112878022 ], [ 117.900780158309615, -35.094986900758244 ], [ 117.900780158309615, -35.095862513714287 ], [ 117.899904545347283, -35.095862513714287 ], [ 117.899904545347283, -35.094986900758244 ], [ 117.899028932384937, -35.094986900758244 ], [ 117.89815331942259, -35.094986900758244 ], [ 117.89815331942259, -35.095862513714287 ], [ 117.897277706460244, -35.095862513714287 ], [ 117.896402093497912, -35.095862513714287 ], [ 117.895526480535565, -35.095862513714287 ], [ 117.894650867573219, -35.095862513714287 ], [ 117.894650867573219, -35.094986900758244 ], [ 117.893775254610873, -35.094986900758244 ], [ 117.89289964164854, -35.094986900758244 ], [ 117.892024028686194, -35.094986900758244 ], [ 117.892024028686194, -35.095862513714287 ], [ 117.891148415723848, -35.095862513714287 ], [ 117.891148415723848, -35.096738126670331 ], [ 117.891148415723848, -35.097613739626375 ], [ 117.890272802761501, -35.097613739626375 ], [ 117.889397189799155, -35.097613739626375 ], [ 117.888521576836823, -35.097613739626375 ], [ 117.887645963874476, -35.097613739626375 ], [ 117.887645963874476, -35.098489352582419 ], [ 117.88677035091213, -35.098489352582419 ], [ 117.885894737949783, -35.098489352582419 ], [ 117.885894737949783, -35.099364965538463 ], [ 117.885019124987451, -35.099364965538463 ], [ 117.884143512025105, -35.099364965538463 ], [ 117.883267899062758, -35.099364965538463 ], [ 117.882392286100412, -35.099364965538463 ], [ 117.882392286100412, -35.100240578494507 ], [ 117.88151667313808, -35.100240578494507 ], [ 117.880641060175734, -35.100240578494507 ], [ 117.880641060175734, -35.101116191450551 ], [ 117.879765447213387, -35.101116191450551 ], [ 117.878889834251041, -35.101116191450551 ], [ 117.878889834251041, -35.101991804406595 ], [ 117.878014221288694, -35.101991804406595 ], [ 117.878014221288694, -35.102867417362638 ], [ 117.877138608326362, -35.102867417362638 ], [ 117.877138608326362, -35.103743030318682 ], [ 117.876262995364016, -35.103743030318682 ], [ 117.875387382401669, -35.103743030318682 ], [ 117.875387382401669, -35.102867417362638 ], [ 117.875387382401669, -35.101991804406595 ], [ 117.876262995364016, -35.101991804406595 ], [ 117.877138608326362, -35.101991804406595 ], [ 117.877138608326362, -35.101116191450551 ], [ 117.878014221288694, -35.101116191450551 ], [ 117.878014221288694, -35.100240578494507 ] ] ], [ [ [ 117.864004413891209, -35.103743030318682 ], [ 117.864004413891209, -35.102867417362638 ], [ 117.864880026853555, -35.102867417362638 ], [ 117.864880026853555, -35.103743030318682 ], [ 117.864004413891209, -35.103743030318682 ] ] ], [ [ [ 117.864004413891209, -35.102867417362638 ], [ 117.863128800928862, -35.102867417362638 ], [ 117.863128800928862, -35.101991804406595 ], [ 117.864004413891209, -35.101991804406595 ], [ 117.864004413891209, -35.102867417362638 ] ] ], [ [ [ 117.86225318796653, -35.101991804406595 ], [ 117.86225318796653, -35.101116191450551 ], [ 117.863128800928862, -35.101116191450551 ], [ 117.863128800928862, -35.101991804406595 ], [ 117.86225318796653, -35.101991804406595 ] ] ], [ [ [ 117.855248284267773, -35.098489352582419 ], [ 117.854372671305441, -35.098489352582419 ], [ 117.853497058343095, -35.098489352582419 ], [ 117.853497058343095, -35.097613739626375 ], [ 117.852621445380748, -35.097613739626375 ], [ 117.852621445380748, -35.098489352582419 ], [ 117.851745832418402, -35.098489352582419 ], [ 117.851745832418402, -35.097613739626375 ], [ 117.851745832418402, -35.096738126670331 ], [ 117.852621445380748, -35.096738126670331 ], [ 117.852621445380748, -35.095862513714287 ], [ 117.853497058343095, -35.095862513714287 ], [ 117.853497058343095, -35.096738126670331 ], [ 117.854372671305441, -35.096738126670331 ], [ 117.854372671305441, -35.097613739626375 ], [ 117.855248284267773, -35.097613739626375 ], [ 117.85612389723012, -35.097613739626375 ], [ 117.856999510192466, -35.097613739626375 ], [ 117.856999510192466, -35.098489352582419 ], [ 117.857875123154813, -35.098489352582419 ], [ 117.858750736117145, -35.098489352582419 ], [ 117.859626349079491, -35.098489352582419 ], [ 117.860501962041837, -35.098489352582419 ], [ 117.860501962041837, -35.099364965538463 ], [ 117.860501962041837, -35.100240578494507 ], [ 117.859626349079491, -35.100240578494507 ], [ 117.859626349079491, -35.101116191450551 ], [ 117.858750736117145, -35.101116191450551 ], [ 117.857875123154813, -35.101116191450551 ], [ 117.856999510192466, -35.101116191450551 ], [ 117.85612389723012, -35.101116191450551 ], [ 117.85612389723012, -35.100240578494507 ], [ 117.856999510192466, -35.100240578494507 ], [ 117.856999510192466, -35.099364965538463 ], [ 117.85612389723012, -35.099364965538463 ], [ 117.85612389723012, -35.098489352582419 ], [ 117.855248284267773, -35.098489352582419 ] ] ], [ [ [ 117.860501962041837, -35.100240578494507 ], [ 117.861377575004184, -35.100240578494507 ], [ 117.86225318796653, -35.100240578494507 ], [ 117.86225318796653, -35.101116191450551 ], [ 117.861377575004184, -35.101116191450551 ], [ 117.860501962041837, -35.101116191450551 ], [ 117.860501962041837, -35.100240578494507 ] ] ], [ [ [ 117.872760543514644, -35.096738126670331 ], [ 117.872760543514644, -35.095862513714287 ], [ 117.873636156476991, -35.095862513714287 ], [ 117.873636156476991, -35.096738126670331 ], [ 117.872760543514644, -35.096738126670331 ] ] ], [ [ [ 117.868382478702927, -35.0941112878022 ], [ 117.869258091665273, -35.0941112878022 ], [ 117.869258091665273, -35.094986900758244 ], [ 117.868382478702927, -35.094986900758244 ], [ 117.86750686574058, -35.094986900758244 ], [ 117.86750686574058, -35.095862513714287 ], [ 117.866631252778234, -35.095862513714287 ], [ 117.865755639815902, -35.095862513714287 ], [ 117.864880026853555, -35.095862513714287 ], [ 117.864880026853555, -35.094986900758244 ], [ 117.865755639815902, -35.094986900758244 ], [ 117.866631252778234, -35.094986900758244 ], [ 117.866631252778234, -35.0941112878022 ], [ 117.86750686574058, -35.0941112878022 ], [ 117.868382478702927, -35.0941112878022 ] ] ], [ [ [ 117.871009317589952, -35.095862513714287 ], [ 117.871009317589952, -35.094986900758244 ], [ 117.871884930552298, -35.094986900758244 ], [ 117.871884930552298, -35.095862513714287 ], [ 117.871009317589952, -35.095862513714287 ] ] ], [ [ [ 117.859626349079491, -35.095862513714287 ], [ 117.859626349079491, -35.094986900758244 ], [ 117.860501962041837, -35.094986900758244 ], [ 117.860501962041837, -35.095862513714287 ], [ 117.859626349079491, -35.095862513714287 ] ] ], [ [ [ 117.864004413891209, -35.094986900758244 ], [ 117.863128800928862, -35.094986900758244 ], [ 117.86225318796653, -35.094986900758244 ], [ 117.861377575004184, -35.094986900758244 ], [ 117.861377575004184, -35.0941112878022 ], [ 117.86225318796653, -35.0941112878022 ], [ 117.863128800928862, -35.0941112878022 ], [ 117.864004413891209, -35.0941112878022 ], [ 117.864004413891209, -35.094986900758244 ] ] ], [ [ [ 117.851745832418402, -35.0941112878022 ], [ 117.851745832418402, -35.093235674846156 ], [ 117.852621445380748, -35.093235674846156 ], [ 117.852621445380748, -35.0941112878022 ], [ 117.851745832418402, -35.0941112878022 ] ] ], [ [ [ 117.851745832418402, -35.093235674846156 ], [ 117.85087021945607, -35.093235674846156 ], [ 117.85087021945607, -35.092360061890112 ], [ 117.851745832418402, -35.092360061890112 ], [ 117.851745832418402, -35.093235674846156 ] ] ], [ [ [ 117.848243380569031, -35.092360061890112 ], [ 117.848243380569031, -35.091484448934068 ], [ 117.849118993531377, -35.091484448934068 ], [ 117.849118993531377, -35.092360061890112 ], [ 117.848243380569031, -35.092360061890112 ] ] ], [ [ [ 117.846492154644352, -35.090608835978024 ], [ 117.846492154644352, -35.089733223021973 ], [ 117.847367767606684, -35.089733223021973 ], [ 117.847367767606684, -35.090608835978024 ], [ 117.846492154644352, -35.090608835978024 ] ] ], [ [ [ 117.842114089832634, -35.087981997109885 ], [ 117.842114089832634, -35.087106384153842 ], [ 117.842989702794981, -35.087106384153842 ], [ 117.842989702794981, -35.087981997109885 ], [ 117.843865315757313, -35.087981997109885 ], [ 117.843865315757313, -35.088857610065929 ], [ 117.842989702794981, -35.088857610065929 ], [ 117.842114089832634, -35.088857610065929 ], [ 117.842114089832634, -35.087981997109885 ] ] ], [ [ [ 117.838611637983263, -35.085355158241754 ], [ 117.839487250945609, -35.085355158241754 ], [ 117.839487250945609, -35.086230771197798 ], [ 117.838611637983263, -35.086230771197798 ], [ 117.837736025020916, -35.086230771197798 ], [ 117.83686041205857, -35.086230771197798 ], [ 117.83686041205857, -35.085355158241754 ], [ 117.83686041205857, -35.08447954528571 ], [ 117.837736025020916, -35.08447954528571 ], [ 117.837736025020916, -35.085355158241754 ], [ 117.838611637983263, -35.085355158241754 ] ] ], [ [ [ 117.835109186133892, -35.083603932329666 ], [ 117.835984799096224, -35.083603932329666 ], [ 117.83686041205857, -35.083603932329666 ], [ 117.83686041205857, -35.08447954528571 ], [ 117.835984799096224, -35.08447954528571 ], [ 117.835109186133892, -35.08447954528571 ], [ 117.835109186133892, -35.083603932329666 ] ] ], [ [ [ 117.834233573171545, -35.082728319373622 ], [ 117.834233573171545, -35.083603932329666 ], [ 117.833357960209199, -35.083603932329666 ], [ 117.832482347246852, -35.083603932329666 ], [ 117.832482347246852, -35.082728319373622 ], [ 117.833357960209199, -35.082728319373622 ], [ 117.834233573171545, -35.082728319373622 ] ] ], [ [ [ 117.830731121322174, -35.081852706417578 ], [ 117.83160673428452, -35.081852706417578 ], [ 117.832482347246852, -35.081852706417578 ], [ 117.832482347246852, -35.082728319373622 ], [ 117.83160673428452, -35.082728319373622 ], [ 117.83160673428452, -35.083603932329666 ], [ 117.830731121322174, -35.083603932329666 ], [ 117.830731121322174, -35.082728319373622 ], [ 117.829855508359827, -35.082728319373622 ], [ 117.829855508359827, -35.083603932329666 ], [ 117.828979895397481, -35.083603932329666 ], [ 117.828979895397481, -35.082728319373622 ], [ 117.828979895397481, -35.081852706417578 ], [ 117.829855508359827, -35.081852706417578 ], [ 117.830731121322174, -35.081852706417578 ] ] ], [ [ [ 117.826353056510456, -35.080977093461534 ], [ 117.826353056510456, -35.08010148050549 ], [ 117.827228669472802, -35.08010148050549 ], [ 117.827228669472802, -35.080977093461534 ], [ 117.826353056510456, -35.080977093461534 ] ] ], [ [ [ 117.822850604661085, -35.079225867549447 ], [ 117.822850604661085, -35.078350254593403 ], [ 117.823726217623431, -35.078350254593403 ], [ 117.823726217623431, -35.079225867549447 ], [ 117.822850604661085, -35.079225867549447 ] ] ], [ [ [ 117.821974991698738, -35.078350254593403 ], [ 117.821974991698738, -35.077474641637359 ], [ 117.822850604661085, -35.077474641637359 ], [ 117.822850604661085, -35.078350254593403 ], [ 117.821974991698738, -35.078350254593403 ] ] ], [ [ [ 117.816721313924688, -35.076599028681315 ], [ 117.815845700962342, -35.076599028681315 ], [ 117.815845700962342, -35.075723415725271 ], [ 117.815845700962342, -35.074847802769227 ], [ 117.816721313924688, -35.074847802769227 ], [ 117.816721313924688, -35.075723415725271 ], [ 117.81759692688702, -35.075723415725271 ], [ 117.818472539849367, -35.075723415725271 ], [ 117.818472539849367, -35.076599028681315 ], [ 117.818472539849367, -35.077474641637359 ], [ 117.81759692688702, -35.077474641637359 ], [ 117.816721313924688, -35.077474641637359 ], [ 117.816721313924688, -35.076599028681315 ] ] ], [ [ [ 117.842114089832634, -35.074847802769227 ], [ 117.842989702794981, -35.074847802769227 ], [ 117.843865315757313, -35.074847802769227 ], [ 117.844740928719659, -35.074847802769227 ], [ 117.844740928719659, -35.075723415725271 ], [ 117.843865315757313, -35.075723415725271 ], [ 117.842989702794981, -35.075723415725271 ], [ 117.842114089832634, -35.075723415725271 ], [ 117.841238476870288, -35.075723415725271 ], [ 117.841238476870288, -35.076599028681315 ], [ 117.840362863907941, -35.076599028681315 ], [ 117.839487250945609, -35.076599028681315 ], [ 117.838611637983263, -35.076599028681315 ], [ 117.838611637983263, -35.075723415725271 ], [ 117.839487250945609, -35.075723415725271 ], [ 117.840362863907941, -35.075723415725271 ], [ 117.840362863907941, -35.074847802769227 ], [ 117.841238476870288, -35.074847802769227 ], [ 117.842114089832634, -35.074847802769227 ] ] ], [ [ [ 117.814970088, -35.066091673208788 ], [ 117.814970088, -35.065216060252745 ], [ 117.815845700962342, -35.065216060252745 ], [ 117.815845700962342, -35.066091673208788 ], [ 117.814970088, -35.066091673208788 ] ] ], [ [ [ 117.823726217623431, -35.066091673208788 ], [ 117.823726217623431, -35.065216060252745 ], [ 117.824601830585763, -35.065216060252745 ], [ 117.824601830585763, -35.066091673208788 ], [ 117.823726217623431, -35.066091673208788 ] ] ], [ [ [ 117.838611637983263, -35.064340447296701 ], [ 117.838611637983263, -35.063464834340657 ], [ 117.839487250945609, -35.063464834340657 ], [ 117.840362863907941, -35.063464834340657 ], [ 117.840362863907941, -35.064340447296701 ], [ 117.839487250945609, -35.064340447296701 ], [ 117.838611637983263, -35.064340447296701 ] ] ], [ [ [ 117.818472539849367, -35.059962382516481 ], [ 117.818472539849367, -35.060837995472525 ], [ 117.81759692688702, -35.060837995472525 ], [ 117.816721313924688, -35.060837995472525 ], [ 117.815845700962342, -35.060837995472525 ], [ 117.814970088, -35.060837995472525 ], [ 117.814970088, -35.059962382516481 ], [ 117.815845700962342, -35.059962382516481 ], [ 117.816721313924688, -35.059962382516481 ], [ 117.816721313924688, -35.059086769560437 ], [ 117.81759692688702, -35.059086769560437 ], [ 117.818472539849367, -35.059086769560437 ], [ 117.818472539849367, -35.059962382516481 ] ] ], [ [ [ 117.824601830585763, -35.059962382516481 ], [ 117.823726217623431, -35.059962382516481 ], [ 117.823726217623431, -35.059086769560437 ], [ 117.824601830585763, -35.059086769560437 ], [ 117.824601830585763, -35.059962382516481 ] ] ], [ [ [ 117.828104282435149, -35.059962382516481 ], [ 117.828104282435149, -35.059086769560437 ], [ 117.828979895397481, -35.059086769560437 ], [ 117.828979895397481, -35.059962382516481 ], [ 117.828104282435149, -35.059962382516481 ] ] ], [ [ [ 117.829855508359827, -35.059086769560437 ], [ 117.829855508359827, -35.058211156604393 ], [ 117.830731121322174, -35.058211156604393 ], [ 117.830731121322174, -35.059086769560437 ], [ 117.829855508359827, -35.059086769560437 ] ] ], [ [ [ 117.846492154644352, -35.056459930692306 ], [ 117.847367767606684, -35.056459930692306 ], [ 117.847367767606684, -35.05733554364835 ], [ 117.847367767606684, -35.058211156604393 ], [ 117.846492154644352, -35.058211156604393 ], [ 117.846492154644352, -35.05733554364835 ], [ 117.846492154644352, -35.056459930692306 ] ] ], [ [ [ 117.851745832418402, -35.055584317736262 ], [ 117.851745832418402, -35.056459930692306 ], [ 117.85087021945607, -35.056459930692306 ], [ 117.85087021945607, -35.05733554364835 ], [ 117.849994606493723, -35.05733554364835 ], [ 117.849994606493723, -35.056459930692306 ], [ 117.849994606493723, -35.055584317736262 ], [ 117.85087021945607, -35.055584317736262 ], [ 117.851745832418402, -35.055584317736262 ] ] ], [ [ [ 117.847367767606684, -35.053833091824174 ], [ 117.847367767606684, -35.05295747886813 ], [ 117.848243380569031, -35.05295747886813 ], [ 117.848243380569031, -35.052081865912086 ], [ 117.848243380569031, -35.051206252956042 ], [ 117.849118993531377, -35.051206252956042 ], [ 117.849118993531377, -35.052081865912086 ], [ 117.849118993531377, -35.05295747886813 ], [ 117.849994606493723, -35.05295747886813 ], [ 117.85087021945607, -35.05295747886813 ], [ 117.85087021945607, -35.053833091824174 ], [ 117.851745832418402, -35.053833091824174 ], [ 117.852621445380748, -35.053833091824174 ], [ 117.853497058343095, -35.053833091824174 ], [ 117.853497058343095, -35.054708704780218 ], [ 117.853497058343095, -35.055584317736262 ], [ 117.852621445380748, -35.055584317736262 ], [ 117.852621445380748, -35.054708704780218 ], [ 117.851745832418402, -35.054708704780218 ], [ 117.85087021945607, -35.054708704780218 ], [ 117.849994606493723, -35.054708704780218 ], [ 117.849118993531377, -35.054708704780218 ], [ 117.848243380569031, -35.054708704780218 ], [ 117.848243380569031, -35.053833091824174 ], [ 117.847367767606684, -35.053833091824174 ] ] ], [ [ [ 117.846492154644352, -35.051206252956042 ], [ 117.846492154644352, -35.05033064 ], [ 117.847367767606684, -35.05033064 ], [ 117.847367767606684, -35.051206252956042 ], [ 117.846492154644352, -35.051206252956042 ] ] ], [ [ [ 117.892024028686194, -35.114250385791209 ], [ 117.892024028686194, -35.115125998747253 ], [ 117.891148415723848, -35.115125998747253 ], [ 117.891148415723848, -35.114250385791209 ], [ 117.891148415723848, -35.113374772835165 ], [ 117.891148415723848, -35.112499159879121 ], [ 117.891148415723848, -35.111623546923077 ], [ 117.892024028686194, -35.111623546923077 ], [ 117.892024028686194, -35.112499159879121 ], [ 117.892024028686194, -35.113374772835165 ], [ 117.892024028686194, -35.114250385791209 ] ] ], [ [ [ 117.89815331942259, -35.115125998747253 ], [ 117.89815331942259, -35.114250385791209 ], [ 117.899028932384937, -35.114250385791209 ], [ 117.899028932384937, -35.115125998747253 ], [ 117.89815331942259, -35.115125998747253 ] ] ], [ [ [ 117.884143512025105, -35.107245482142858 ], [ 117.885019124987451, -35.107245482142858 ], [ 117.885894737949783, -35.107245482142858 ], [ 117.88677035091213, -35.107245482142858 ], [ 117.88677035091213, -35.108121095098902 ], [ 117.887645963874476, -35.108121095098902 ], [ 117.887645963874476, -35.108996708054946 ], [ 117.888521576836823, -35.108996708054946 ], [ 117.888521576836823, -35.10987232101099 ], [ 117.888521576836823, -35.110747933967033 ], [ 117.887645963874476, -35.110747933967033 ], [ 117.887645963874476, -35.10987232101099 ], [ 117.88677035091213, -35.10987232101099 ], [ 117.885894737949783, -35.10987232101099 ], [ 117.885894737949783, -35.108996708054946 ], [ 117.885019124987451, -35.108996708054946 ], [ 117.884143512025105, -35.108996708054946 ], [ 117.884143512025105, -35.108121095098902 ], [ 117.884143512025105, -35.107245482142858 ] ] ], [ [ [ 117.884143512025105, -35.107245482142858 ], [ 117.883267899062758, -35.107245482142858 ], [ 117.883267899062758, -35.106369869186814 ], [ 117.884143512025105, -35.106369869186814 ], [ 117.884143512025105, -35.107245482142858 ] ] ], [ [ [ 117.88151667313808, -35.106369869186814 ], [ 117.880641060175734, -35.106369869186814 ], [ 117.879765447213387, -35.106369869186814 ], [ 117.878889834251041, -35.106369869186814 ], [ 117.878889834251041, -35.10549425623077 ], [ 117.879765447213387, -35.10549425623077 ], [ 117.880641060175734, -35.10549425623077 ], [ 117.88151667313808, -35.10549425623077 ], [ 117.882392286100412, -35.10549425623077 ], [ 117.882392286100412, -35.106369869186814 ], [ 117.88151667313808, -35.106369869186814 ] ] ], [ [ [ 117.89289964164854, -35.093235674846156 ], [ 117.89289964164854, -35.092360061890112 ], [ 117.893775254610873, -35.092360061890112 ], [ 117.893775254610873, -35.093235674846156 ], [ 117.89289964164854, -35.093235674846156 ] ] ], [ [ [ 117.921794869405858, -35.116877224659341 ], [ 117.920919256443511, -35.116877224659341 ], [ 117.920919256443511, -35.116001611703297 ], [ 117.921794869405858, -35.116001611703297 ], [ 117.921794869405858, -35.116877224659341 ] ] ], [ [ [ 117.913914352744769, -35.114250385791209 ], [ 117.913038739782422, -35.114250385791209 ], [ 117.912163126820076, -35.114250385791209 ], [ 117.912163126820076, -35.113374772835165 ], [ 117.913038739782422, -35.113374772835165 ], [ 117.913914352744769, -35.113374772835165 ], [ 117.914789965707115, -35.113374772835165 ], [ 117.914789965707115, -35.114250385791209 ], [ 117.913914352744769, -35.114250385791209 ] ] ], [ [ [ 117.913914352744769, -35.111623546923077 ], [ 117.913914352744769, -35.110747933967033 ], [ 117.914789965707115, -35.110747933967033 ], [ 117.914789965707115, -35.111623546923077 ], [ 117.913914352744769, -35.111623546923077 ] ] ], [ [ [ 117.910411900895397, -35.107245482142858 ], [ 117.911287513857744, -35.107245482142858 ], [ 117.912163126820076, -35.107245482142858 ], [ 117.912163126820076, -35.108121095098902 ], [ 117.911287513857744, -35.108121095098902 ], [ 117.911287513857744, -35.108996708054946 ], [ 117.911287513857744, -35.10987232101099 ], [ 117.910411900895397, -35.10987232101099 ], [ 117.910411900895397, -35.110747933967033 ], [ 117.909536287933051, -35.110747933967033 ], [ 117.909536287933051, -35.10987232101099 ], [ 117.909536287933051, -35.108996708054946 ], [ 117.910411900895397, -35.108996708054946 ], [ 117.910411900895397, -35.108121095098902 ], [ 117.910411900895397, -35.107245482142858 ] ] ], [ [ [ 117.908660674970704, -35.107245482142858 ], [ 117.909536287933051, -35.107245482142858 ], [ 117.909536287933051, -35.108121095098902 ], [ 117.909536287933051, -35.108996708054946 ], [ 117.908660674970704, -35.108996708054946 ], [ 117.907785062008372, -35.108996708054946 ], [ 117.907785062008372, -35.10987232101099 ], [ 117.906909449046026, -35.10987232101099 ], [ 117.906909449046026, -35.108996708054946 ], [ 117.906909449046026, -35.108121095098902 ], [ 117.907785062008372, -35.108121095098902 ], [ 117.908660674970704, -35.108121095098902 ], [ 117.908660674970704, -35.107245482142858 ] ] ], [ [ [ 117.921794869405858, -35.104618643274726 ], [ 117.922670482368204, -35.104618643274726 ], [ 117.923546095330536, -35.104618643274726 ], [ 117.923546095330536, -35.10549425623077 ], [ 117.923546095330536, -35.106369869186814 ], [ 117.924421708292883, -35.106369869186814 ], [ 117.925297321255229, -35.106369869186814 ], [ 117.925297321255229, -35.107245482142858 ], [ 117.926172934217576, -35.107245482142858 ], [ 117.927048547179922, -35.107245482142858 ], [ 117.927048547179922, -35.106369869186814 ], [ 117.926172934217576, -35.106369869186814 ], [ 117.926172934217576, -35.10549425623077 ], [ 117.926172934217576, -35.104618643274726 ], [ 117.926172934217576, -35.103743030318682 ], [ 117.925297321255229, -35.103743030318682 ], [ 117.924421708292883, -35.103743030318682 ], [ 117.923546095330536, -35.103743030318682 ], [ 117.923546095330536, -35.102867417362638 ], [ 117.922670482368204, -35.102867417362638 ], [ 117.921794869405858, -35.102867417362638 ], [ 117.920919256443511, -35.102867417362638 ], [ 117.920919256443511, -35.101991804406595 ], [ 117.920043643481165, -35.101991804406595 ], [ 117.920043643481165, -35.101116191450551 ], [ 117.920043643481165, -35.100240578494507 ], [ 117.920043643481165, -35.099364965538463 ], [ 117.920919256443511, -35.099364965538463 ], [ 117.921794869405858, -35.099364965538463 ], [ 117.921794869405858, -35.098489352582419 ], [ 117.921794869405858, -35.097613739626375 ], [ 117.921794869405858, -35.096738126670331 ], [ 117.921794869405858, -35.095862513714287 ], [ 117.920919256443511, -35.095862513714287 ], [ 117.920919256443511, -35.094986900758244 ], [ 117.920043643481165, -35.094986900758244 ], [ 117.919168030518833, -35.094986900758244 ], [ 117.919168030518833, -35.0941112878022 ], [ 117.918292417556486, -35.0941112878022 ], [ 117.918292417556486, -35.093235674846156 ], [ 117.918292417556486, -35.092360061890112 ], [ 117.919168030518833, -35.092360061890112 ], [ 117.919168030518833, -35.091484448934068 ], [ 117.919168030518833, -35.090608835978024 ], [ 117.919168030518833, -35.089733223021973 ], [ 117.920043643481165, -35.089733223021973 ], [ 117.920919256443511, -35.089733223021973 ], [ 117.921794869405858, -35.089733223021973 ], [ 117.921794869405858, -35.090608835978024 ], [ 117.922670482368204, -35.090608835978024 ], [ 117.923546095330536, -35.090608835978024 ], [ 117.923546095330536, -35.091484448934068 ], [ 117.923546095330536, -35.092360061890112 ], [ 117.923546095330536, -35.093235674846156 ], [ 117.923546095330536, -35.0941112878022 ], [ 117.924421708292883, -35.0941112878022 ], [ 117.924421708292883, -35.094986900758244 ], [ 117.925297321255229, -35.094986900758244 ], [ 117.925297321255229, -35.095862513714287 ], [ 117.926172934217576, -35.095862513714287 ], [ 117.927048547179922, -35.095862513714287 ], [ 117.927048547179922, -35.094986900758244 ], [ 117.927924160142254, -35.094986900758244 ], [ 117.9287997731046, -35.094986900758244 ], [ 117.9287997731046, -35.0941112878022 ], [ 117.929675386066947, -35.0941112878022 ], [ 117.929675386066947, -35.093235674846156 ], [ 117.930550999029293, -35.093235674846156 ], [ 117.930550999029293, -35.092360061890112 ], [ 117.931426611991625, -35.092360061890112 ], [ 117.931426611991625, -35.091484448934068 ], [ 117.931426611991625, -35.090608835978024 ], [ 117.932302224953972, -35.090608835978024 ], [ 117.932302224953972, -35.091484448934068 ], [ 117.933177837916318, -35.091484448934068 ], [ 117.934053450878665, -35.091484448934068 ], [ 117.934053450878665, -35.092360061890112 ], [ 117.934929063840997, -35.092360061890112 ], [ 117.934929063840997, -35.091484448934068 ], [ 117.934929063840997, -35.090608835978024 ], [ 117.935804676803343, -35.090608835978024 ], [ 117.93668028976569, -35.090608835978024 ], [ 117.937555902728036, -35.090608835978024 ], [ 117.938431515690382, -35.090608835978024 ], [ 117.939307128652715, -35.090608835978024 ], [ 117.940182741615061, -35.090608835978024 ], [ 117.940182741615061, -35.091484448934068 ], [ 117.941058354577407, -35.091484448934068 ], [ 117.941933967539754, -35.091484448934068 ], [ 117.942809580502086, -35.091484448934068 ], [ 117.943685193464432, -35.091484448934068 ], [ 117.943685193464432, -35.092360061890112 ], [ 117.943685193464432, -35.093235674846156 ], [ 117.942809580502086, -35.093235674846156 ], [ 117.942809580502086, -35.0941112878022 ], [ 117.941933967539754, -35.0941112878022 ], [ 117.941933967539754, -35.093235674846156 ], [ 117.941058354577407, -35.093235674846156 ], [ 117.940182741615061, -35.093235674846156 ], [ 117.940182741615061, -35.0941112878022 ], [ 117.940182741615061, -35.094986900758244 ], [ 117.940182741615061, -35.095862513714287 ], [ 117.941058354577407, -35.095862513714287 ], [ 117.941058354577407, -35.096738126670331 ], [ 117.941933967539754, -35.096738126670331 ], [ 117.941933967539754, -35.097613739626375 ], [ 117.942809580502086, -35.097613739626375 ], [ 117.942809580502086, -35.098489352582419 ], [ 117.943685193464432, -35.098489352582419 ], [ 117.943685193464432, -35.099364965538463 ], [ 117.943685193464432, -35.100240578494507 ], [ 117.943685193464432, -35.101116191450551 ], [ 117.943685193464432, -35.101991804406595 ], [ 117.943685193464432, -35.102867417362638 ], [ 117.942809580502086, -35.102867417362638 ], [ 117.941933967539754, -35.102867417362638 ], [ 117.941933967539754, -35.103743030318682 ], [ 117.941058354577407, -35.103743030318682 ], [ 117.940182741615061, -35.103743030318682 ], [ 117.940182741615061, -35.104618643274726 ], [ 117.940182741615061, -35.10549425623077 ], [ 117.939307128652715, -35.10549425623077 ], [ 117.939307128652715, -35.104618643274726 ], [ 117.939307128652715, -35.103743030318682 ], [ 117.938431515690382, -35.103743030318682 ], [ 117.938431515690382, -35.104618643274726 ], [ 117.937555902728036, -35.104618643274726 ], [ 117.93668028976569, -35.104618643274726 ], [ 117.93668028976569, -35.10549425623077 ], [ 117.937555902728036, -35.10549425623077 ], [ 117.938431515690382, -35.10549425623077 ], [ 117.938431515690382, -35.106369869186814 ], [ 117.937555902728036, -35.106369869186814 ], [ 117.937555902728036, -35.107245482142858 ], [ 117.938431515690382, -35.107245482142858 ], [ 117.938431515690382, -35.108121095098902 ], [ 117.939307128652715, -35.108121095098902 ], [ 117.939307128652715, -35.108996708054946 ], [ 117.939307128652715, -35.10987232101099 ], [ 117.939307128652715, -35.110747933967033 ], [ 117.939307128652715, -35.111623546923077 ], [ 117.938431515690382, -35.111623546923077 ], [ 117.938431515690382, -35.112499159879121 ], [ 117.937555902728036, -35.112499159879121 ], [ 117.93668028976569, -35.112499159879121 ], [ 117.93668028976569, -35.111623546923077 ], [ 117.935804676803343, -35.111623546923077 ], [ 117.934929063840997, -35.111623546923077 ], [ 117.934929063840997, -35.110747933967033 ], [ 117.934053450878665, -35.110747933967033 ], [ 117.934053450878665, -35.111623546923077 ], [ 117.934053450878665, -35.112499159879121 ], [ 117.934929063840997, -35.112499159879121 ], [ 117.935804676803343, -35.112499159879121 ], [ 117.935804676803343, -35.113374772835165 ], [ 117.93668028976569, -35.113374772835165 ], [ 117.93668028976569, -35.114250385791209 ], [ 117.937555902728036, -35.114250385791209 ], [ 117.937555902728036, -35.115125998747253 ], [ 117.938431515690382, -35.115125998747253 ], [ 117.938431515690382, -35.114250385791209 ], [ 117.939307128652715, -35.114250385791209 ], [ 117.939307128652715, -35.113374772835165 ], [ 117.940182741615061, -35.113374772835165 ], [ 117.941058354577407, -35.113374772835165 ], [ 117.941933967539754, -35.113374772835165 ], [ 117.942809580502086, -35.113374772835165 ], [ 117.942809580502086, -35.112499159879121 ], [ 117.943685193464432, -35.112499159879121 ], [ 117.943685193464432, -35.111623546923077 ], [ 117.944560806426779, -35.111623546923077 ], [ 117.945436419389125, -35.111623546923077 ], [ 117.945436419389125, -35.112499159879121 ], [ 117.945436419389125, -35.113374772835165 ], [ 117.946312032351457, -35.113374772835165 ], [ 117.947187645313804, -35.113374772835165 ], [ 117.947187645313804, -35.112499159879121 ], [ 117.946312032351457, -35.112499159879121 ], [ 117.946312032351457, -35.111623546923077 ], [ 117.947187645313804, -35.111623546923077 ], [ 117.947187645313804, -35.110747933967033 ], [ 117.947187645313804, -35.10987232101099 ], [ 117.94806325827615, -35.10987232101099 ], [ 117.948938871238497, -35.10987232101099 ], [ 117.949814484200843, -35.10987232101099 ], [ 117.949814484200843, -35.108996708054946 ], [ 117.950690097163175, -35.108996708054946 ], [ 117.950690097163175, -35.108121095098902 ], [ 117.950690097163175, -35.107245482142858 ], [ 117.951565710125521, -35.107245482142858 ], [ 117.951565710125521, -35.106369869186814 ], [ 117.950690097163175, -35.106369869186814 ], [ 117.950690097163175, -35.10549425623077 ], [ 117.949814484200843, -35.10549425623077 ], [ 117.948938871238497, -35.10549425623077 ], [ 117.948938871238497, -35.106369869186814 ], [ 117.94806325827615, -35.106369869186814 ], [ 117.94806325827615, -35.10549425623077 ], [ 117.947187645313804, -35.10549425623077 ], [ 117.946312032351457, -35.10549425623077 ], [ 117.945436419389125, -35.10549425623077 ], [ 117.945436419389125, -35.104618643274726 ], [ 117.944560806426779, -35.104618643274726 ], [ 117.944560806426779, -35.103743030318682 ], [ 117.944560806426779, -35.102867417362638 ], [ 117.945436419389125, -35.102867417362638 ], [ 117.946312032351457, -35.102867417362638 ], [ 117.946312032351457, -35.101991804406595 ], [ 117.947187645313804, -35.101991804406595 ], [ 117.94806325827615, -35.101991804406595 ], [ 117.948938871238497, -35.101991804406595 ], [ 117.949814484200843, -35.101991804406595 ], [ 117.949814484200843, -35.101116191450551 ], [ 117.950690097163175, -35.101116191450551 ], [ 117.950690097163175, -35.100240578494507 ], [ 117.950690097163175, -35.099364965538463 ], [ 117.949814484200843, -35.099364965538463 ], [ 117.949814484200843, -35.098489352582419 ], [ 117.950690097163175, -35.098489352582419 ], [ 117.951565710125521, -35.098489352582419 ], [ 117.952441323087868, -35.098489352582419 ], [ 117.953316936050214, -35.098489352582419 ], [ 117.953316936050214, -35.097613739626375 ], [ 117.954192549012546, -35.097613739626375 ], [ 117.954192549012546, -35.098489352582419 ], [ 117.955068161974893, -35.098489352582419 ], [ 117.955068161974893, -35.097613739626375 ], [ 117.955068161974893, -35.096738126670331 ], [ 117.955943774937239, -35.096738126670331 ], [ 117.956819387899586, -35.096738126670331 ], [ 117.956819387899586, -35.095862513714287 ], [ 117.957695000861918, -35.095862513714287 ], [ 117.957695000861918, -35.096738126670331 ], [ 117.958570613824264, -35.096738126670331 ], [ 117.958570613824264, -35.097613739626375 ], [ 117.958570613824264, -35.098489352582419 ], [ 117.959446226786611, -35.098489352582419 ], [ 117.959446226786611, -35.099364965538463 ], [ 117.960321839748957, -35.099364965538463 ], [ 117.960321839748957, -35.100240578494507 ], [ 117.960321839748957, -35.101116191450551 ], [ 117.961197452711303, -35.101116191450551 ], [ 117.961197452711303, -35.100240578494507 ], [ 117.961197452711303, -35.099364965538463 ], [ 117.962073065673636, -35.099364965538463 ], [ 117.962073065673636, -35.100240578494507 ], [ 117.962073065673636, -35.101116191450551 ], [ 117.962948678635982, -35.101116191450551 ], [ 117.963824291598328, -35.101116191450551 ], [ 117.963824291598328, -35.101991804406595 ], [ 117.964699904560675, -35.101991804406595 ], [ 117.965575517523007, -35.101991804406595 ], [ 117.965575517523007, -35.102867417362638 ], [ 117.966451130485353, -35.102867417362638 ], [ 117.966451130485353, -35.103743030318682 ], [ 117.9673267434477, -35.103743030318682 ], [ 117.9673267434477, -35.104618643274726 ], [ 117.968202356410046, -35.104618643274726 ], [ 117.968202356410046, -35.10549425623077 ], [ 117.968202356410046, -35.106369869186814 ], [ 117.969077969372378, -35.106369869186814 ], [ 117.969077969372378, -35.107245482142858 ], [ 117.968202356410046, -35.107245482142858 ], [ 117.968202356410046, -35.108121095098902 ], [ 117.968202356410046, -35.108996708054946 ], [ 117.9673267434477, -35.108996708054946 ], [ 117.966451130485353, -35.108996708054946 ], [ 117.966451130485353, -35.10987232101099 ], [ 117.966451130485353, -35.110747933967033 ], [ 117.966451130485353, -35.111623546923077 ], [ 117.9673267434477, -35.111623546923077 ], [ 117.968202356410046, -35.111623546923077 ], [ 117.969077969372378, -35.111623546923077 ], [ 117.969077969372378, -35.112499159879121 ], [ 117.969077969372378, -35.113374772835165 ], [ 117.969077969372378, -35.114250385791209 ], [ 117.969077969372378, -35.115125998747253 ], [ 117.968202356410046, -35.115125998747253 ], [ 117.9673267434477, -35.115125998747253 ], [ 117.9673267434477, -35.116001611703297 ], [ 117.966451130485353, -35.116001611703297 ], [ 117.966451130485353, -35.116877224659341 ], [ 117.965575517523007, -35.116877224659341 ], [ 117.965575517523007, -35.117752837615384 ], [ 117.964699904560675, -35.117752837615384 ], [ 117.963824291598328, -35.117752837615384 ], [ 117.963824291598328, -35.118628450571428 ], [ 117.962948678635982, -35.118628450571428 ], [ 117.962073065673636, -35.118628450571428 ], [ 117.962073065673636, -35.119504063527472 ], [ 117.961197452711303, -35.119504063527472 ], [ 117.961197452711303, -35.120379676483516 ], [ 117.960321839748957, -35.120379676483516 ], [ 117.960321839748957, -35.12125528943956 ], [ 117.959446226786611, -35.12125528943956 ], [ 117.958570613824264, -35.12125528943956 ], [ 117.957695000861918, -35.12125528943956 ], [ 117.956819387899586, -35.12125528943956 ], [ 117.955943774937239, -35.12125528943956 ], [ 117.955068161974893, -35.12125528943956 ], [ 117.954192549012546, -35.12125528943956 ], [ 117.954192549012546, -35.122130902395604 ], [ 117.954192549012546, -35.123006515351648 ], [ 117.954192549012546, -35.123882128307692 ], [ 117.953316936050214, -35.123882128307692 ], [ 117.952441323087868, -35.123882128307692 ], [ 117.952441323087868, -35.123006515351648 ], [ 117.952441323087868, -35.122130902395604 ], [ 117.951565710125521, -35.122130902395604 ], [ 117.950690097163175, -35.122130902395604 ], [ 117.949814484200843, -35.122130902395604 ], [ 117.949814484200843, -35.12125528943956 ], [ 117.948938871238497, -35.12125528943956 ], [ 117.948938871238497, -35.122130902395604 ], [ 117.94806325827615, -35.122130902395604 ], [ 117.94806325827615, -35.12125528943956 ], [ 117.94806325827615, -35.120379676483516 ], [ 117.947187645313804, -35.120379676483516 ], [ 117.946312032351457, -35.120379676483516 ], [ 117.945436419389125, -35.120379676483516 ], [ 117.944560806426779, -35.120379676483516 ], [ 117.943685193464432, -35.120379676483516 ], [ 117.943685193464432, -35.119504063527472 ], [ 117.942809580502086, -35.119504063527472 ], [ 117.942809580502086, -35.118628450571428 ], [ 117.941933967539754, -35.118628450571428 ], [ 117.941933967539754, -35.117752837615384 ], [ 117.941933967539754, -35.116877224659341 ], [ 117.941058354577407, -35.116877224659341 ], [ 117.941058354577407, -35.116001611703297 ], [ 117.941058354577407, -35.115125998747253 ], [ 117.940182741615061, -35.115125998747253 ], [ 117.940182741615061, -35.116001611703297 ], [ 117.939307128652715, -35.116001611703297 ], [ 117.938431515690382, -35.116001611703297 ], [ 117.938431515690382, -35.116877224659341 ], [ 117.938431515690382, -35.117752837615384 ], [ 117.937555902728036, -35.117752837615384 ], [ 117.93668028976569, -35.117752837615384 ], [ 117.93668028976569, -35.118628450571428 ], [ 117.935804676803343, -35.118628450571428 ], [ 117.934929063840997, -35.118628450571428 ], [ 117.934053450878665, -35.118628450571428 ], [ 117.933177837916318, -35.118628450571428 ], [ 117.932302224953972, -35.118628450571428 ], [ 117.931426611991625, -35.118628450571428 ], [ 117.931426611991625, -35.117752837615384 ], [ 117.930550999029293, -35.117752837615384 ], [ 117.930550999029293, -35.116877224659341 ], [ 117.930550999029293, -35.116001611703297 ], [ 117.931426611991625, -35.116001611703297 ], [ 117.931426611991625, -35.115125998747253 ], [ 117.932302224953972, -35.115125998747253 ], [ 117.932302224953972, -35.114250385791209 ], [ 117.932302224953972, -35.113374772835165 ], [ 117.931426611991625, -35.113374772835165 ], [ 117.931426611991625, -35.112499159879121 ], [ 117.930550999029293, -35.112499159879121 ], [ 117.929675386066947, -35.112499159879121 ], [ 117.929675386066947, -35.111623546923077 ], [ 117.9287997731046, -35.111623546923077 ], [ 117.927924160142254, -35.111623546923077 ], [ 117.927048547179922, -35.111623546923077 ], [ 117.926172934217576, -35.111623546923077 ], [ 117.925297321255229, -35.111623546923077 ], [ 117.924421708292883, -35.111623546923077 ], [ 117.923546095330536, -35.111623546923077 ], [ 117.923546095330536, -35.110747933967033 ], [ 117.922670482368204, -35.110747933967033 ], [ 117.922670482368204, -35.10987232101099 ], [ 117.922670482368204, -35.108996708054946 ], [ 117.922670482368204, -35.108121095098902 ], [ 117.921794869405858, -35.108121095098902 ], [ 117.921794869405858, -35.108996708054946 ], [ 117.920919256443511, -35.108996708054946 ], [ 117.920919256443511, -35.108121095098902 ], [ 117.920043643481165, -35.108121095098902 ], [ 117.920043643481165, -35.107245482142858 ], [ 117.920919256443511, -35.107245482142858 ], [ 117.920919256443511, -35.106369869186814 ], [ 117.920919256443511, -35.10549425623077 ], [ 117.920919256443511, -35.104618643274726 ], [ 117.921794869405858, -35.104618643274726 ] ], [ [ 117.924421708292883, -35.095862513714287 ], [ 117.924421708292883, -35.096738126670331 ], [ 117.925297321255229, -35.096738126670331 ], [ 117.925297321255229, -35.095862513714287 ], [ 117.924421708292883, -35.095862513714287 ] ], [ [ 117.940182741615061, -35.092360061890112 ], [ 117.939307128652715, -35.092360061890112 ], [ 117.939307128652715, -35.093235674846156 ], [ 117.940182741615061, -35.093235674846156 ], [ 117.940182741615061, -35.092360061890112 ] ], [ [ 117.940182741615061, -35.096738126670331 ], [ 117.939307128652715, -35.096738126670331 ], [ 117.939307128652715, -35.097613739626375 ], [ 117.938431515690382, -35.097613739626375 ], [ 117.938431515690382, -35.098489352582419 ], [ 117.939307128652715, -35.098489352582419 ], [ 117.940182741615061, -35.098489352582419 ], [ 117.940182741615061, -35.097613739626375 ], [ 117.941058354577407, -35.097613739626375 ], [ 117.941058354577407, -35.096738126670331 ], [ 117.940182741615061, -35.096738126670331 ] ], [ [ 117.944560806426779, -35.113374772835165 ], [ 117.944560806426779, -35.114250385791209 ], [ 117.944560806426779, -35.115125998747253 ], [ 117.945436419389125, -35.115125998747253 ], [ 117.945436419389125, -35.114250385791209 ], [ 117.945436419389125, -35.113374772835165 ], [ 117.944560806426779, -35.113374772835165 ] ], [ [ 117.943685193464432, -35.118628450571428 ], [ 117.943685193464432, -35.117752837615384 ], [ 117.944560806426779, -35.117752837615384 ], [ 117.944560806426779, -35.116877224659341 ], [ 117.943685193464432, -35.116877224659341 ], [ 117.942809580502086, -35.116877224659341 ], [ 117.942809580502086, -35.117752837615384 ], [ 117.942809580502086, -35.118628450571428 ], [ 117.943685193464432, -35.118628450571428 ] ], [ [ 117.944560806426779, -35.118628450571428 ], [ 117.945436419389125, -35.118628450571428 ], [ 117.946312032351457, -35.118628450571428 ], [ 117.947187645313804, -35.118628450571428 ], [ 117.947187645313804, -35.117752837615384 ], [ 117.946312032351457, -35.117752837615384 ], [ 117.946312032351457, -35.116877224659341 ], [ 117.945436419389125, -35.116877224659341 ], [ 117.945436419389125, -35.117752837615384 ], [ 117.944560806426779, -35.117752837615384 ], [ 117.944560806426779, -35.118628450571428 ] ], [ [ 117.947187645313804, -35.119504063527472 ], [ 117.94806325827615, -35.119504063527472 ], [ 117.948938871238497, -35.119504063527472 ], [ 117.948938871238497, -35.120379676483516 ], [ 117.949814484200843, -35.120379676483516 ], [ 117.950690097163175, -35.120379676483516 ], [ 117.951565710125521, -35.120379676483516 ], [ 117.952441323087868, -35.120379676483516 ], [ 117.952441323087868, -35.119504063527472 ], [ 117.951565710125521, -35.119504063527472 ], [ 117.951565710125521, -35.118628450571428 ], [ 117.950690097163175, -35.118628450571428 ], [ 117.949814484200843, -35.118628450571428 ], [ 117.948938871238497, -35.118628450571428 ], [ 117.94806325827615, -35.118628450571428 ], [ 117.947187645313804, -35.118628450571428 ], [ 117.947187645313804, -35.119504063527472 ] ], [ [ 117.932302224953972, -35.117752837615384 ], [ 117.932302224953972, -35.116877224659341 ], [ 117.931426611991625, -35.116877224659341 ], [ 117.931426611991625, -35.117752837615384 ], [ 117.932302224953972, -35.117752837615384 ] ], [ [ 117.933177837916318, -35.116877224659341 ], [ 117.933177837916318, -35.116001611703297 ], [ 117.932302224953972, -35.116001611703297 ], [ 117.932302224953972, -35.116877224659341 ], [ 117.933177837916318, -35.116877224659341 ] ], [ [ 117.9287997731046, -35.106369869186814 ], [ 117.9287997731046, -35.107245482142858 ], [ 117.929675386066947, -35.107245482142858 ], [ 117.929675386066947, -35.106369869186814 ], [ 117.9287997731046, -35.106369869186814 ] ], [ [ 117.93668028976569, -35.116001611703297 ], [ 117.935804676803343, -35.116001611703297 ], [ 117.935804676803343, -35.116877224659341 ], [ 117.93668028976569, -35.116877224659341 ], [ 117.93668028976569, -35.116001611703297 ] ], [ [ 117.934053450878665, -35.108996708054946 ], [ 117.933177837916318, -35.108996708054946 ], [ 117.933177837916318, -35.10987232101099 ], [ 117.934053450878665, -35.10987232101099 ], [ 117.934053450878665, -35.108996708054946 ] ], [ [ 117.954192549012546, -35.114250385791209 ], [ 117.955068161974893, -35.114250385791209 ], [ 117.955068161974893, -35.113374772835165 ], [ 117.955943774937239, -35.113374772835165 ], [ 117.955943774937239, -35.114250385791209 ], [ 117.956819387899586, -35.114250385791209 ], [ 117.956819387899586, -35.113374772835165 ], [ 117.956819387899586, -35.112499159879121 ], [ 117.955943774937239, -35.112499159879121 ], [ 117.955943774937239, -35.111623546923077 ], [ 117.955943774937239, -35.110747933967033 ], [ 117.955068161974893, -35.110747933967033 ], [ 117.954192549012546, -35.110747933967033 ], [ 117.954192549012546, -35.10987232101099 ], [ 117.953316936050214, -35.10987232101099 ], [ 117.953316936050214, -35.110747933967033 ], [ 117.953316936050214, -35.111623546923077 ], [ 117.953316936050214, -35.112499159879121 ], [ 117.953316936050214, -35.113374772835165 ], [ 117.952441323087868, -35.113374772835165 ], [ 117.952441323087868, -35.114250385791209 ], [ 117.953316936050214, -35.114250385791209 ], [ 117.954192549012546, -35.114250385791209 ] ], [ [ 117.955068161974893, -35.108121095098902 ], [ 117.955068161974893, -35.107245482142858 ], [ 117.955068161974893, -35.106369869186814 ], [ 117.954192549012546, -35.106369869186814 ], [ 117.953316936050214, -35.106369869186814 ], [ 117.953316936050214, -35.107245482142858 ], [ 117.954192549012546, -35.107245482142858 ], [ 117.954192549012546, -35.108121095098902 ], [ 117.955068161974893, -35.108121095098902 ] ], [ [ 117.953316936050214, -35.108121095098902 ], [ 117.953316936050214, -35.108996708054946 ], [ 117.954192549012546, -35.108996708054946 ], [ 117.954192549012546, -35.108121095098902 ], [ 117.953316936050214, -35.108121095098902 ] ], [ [ 117.955068161974893, -35.108996708054946 ], [ 117.955068161974893, -35.10987232101099 ], [ 117.955943774937239, -35.10987232101099 ], [ 117.955943774937239, -35.108996708054946 ], [ 117.955068161974893, -35.108996708054946 ] ], [ [ 117.959446226786611, -35.113374772835165 ], [ 117.958570613824264, -35.113374772835165 ], [ 117.958570613824264, -35.114250385791209 ], [ 117.959446226786611, -35.114250385791209 ], [ 117.959446226786611, -35.113374772835165 ] ], [ [ 117.957695000861918, -35.108121095098902 ], [ 117.957695000861918, -35.108996708054946 ], [ 117.958570613824264, -35.108996708054946 ], [ 117.958570613824264, -35.108121095098902 ], [ 117.957695000861918, -35.108121095098902 ] ] ], [ [ [ 117.904282610159001, -35.106369869186814 ], [ 117.905158223121333, -35.106369869186814 ], [ 117.905158223121333, -35.10549425623077 ], [ 117.905158223121333, -35.104618643274726 ], [ 117.905158223121333, -35.103743030318682 ], [ 117.905158223121333, -35.102867417362638 ], [ 117.906033836083679, -35.102867417362638 ], [ 117.906033836083679, -35.101991804406595 ], [ 117.906909449046026, -35.101991804406595 ], [ 117.906909449046026, -35.101116191450551 ], [ 117.906033836083679, -35.101116191450551 ], [ 117.906033836083679, -35.100240578494507 ], [ 117.906909449046026, -35.100240578494507 ], [ 117.907785062008372, -35.100240578494507 ], [ 117.907785062008372, -35.101116191450551 ], [ 117.908660674970704, -35.101116191450551 ], [ 117.908660674970704, -35.101991804406595 ], [ 117.909536287933051, -35.101991804406595 ], [ 117.909536287933051, -35.102867417362638 ], [ 117.910411900895397, -35.102867417362638 ], [ 117.910411900895397, -35.103743030318682 ], [ 117.910411900895397, -35.104618643274726 ], [ 117.910411900895397, -35.10549425623077 ], [ 117.909536287933051, -35.10549425623077 ], [ 117.908660674970704, -35.10549425623077 ], [ 117.907785062008372, -35.10549425623077 ], [ 117.906909449046026, -35.10549425623077 ], [ 117.906033836083679, -35.10549425623077 ], [ 117.906033836083679, -35.106369869186814 ], [ 117.906033836083679, -35.107245482142858 ], [ 117.905158223121333, -35.107245482142858 ], [ 117.904282610159001, -35.107245482142858 ], [ 117.903406997196655, -35.107245482142858 ], [ 117.903406997196655, -35.106369869186814 ], [ 117.904282610159001, -35.106369869186814 ] ] ], [ [ [ 117.912163126820076, -35.107245482142858 ], [ 117.912163126820076, -35.106369869186814 ], [ 117.913038739782422, -35.106369869186814 ], [ 117.913914352744769, -35.106369869186814 ], [ 117.913914352744769, -35.107245482142858 ], [ 117.913038739782422, -35.107245482142858 ], [ 117.912163126820076, -35.107245482142858 ] ] ], [ [ [ 117.916541191631794, -35.089733223021973 ], [ 117.916541191631794, -35.088857610065929 ], [ 117.91741680459414, -35.088857610065929 ], [ 117.918292417556486, -35.088857610065929 ], [ 117.918292417556486, -35.089733223021973 ], [ 117.91741680459414, -35.089733223021973 ], [ 117.916541191631794, -35.089733223021973 ] ] ], [ [ [ 117.903406997196655, -35.088857610065929 ], [ 117.902531384234308, -35.088857610065929 ], [ 117.902531384234308, -35.087981997109885 ], [ 117.903406997196655, -35.087981997109885 ], [ 117.903406997196655, -35.088857610065929 ] ] ], [ [ [ 117.906033836083679, -35.087981997109885 ], [ 117.905158223121333, -35.087981997109885 ], [ 117.905158223121333, -35.087106384153842 ], [ 117.904282610159001, -35.087106384153842 ], [ 117.904282610159001, -35.086230771197798 ], [ 117.905158223121333, -35.086230771197798 ], [ 117.906033836083679, -35.086230771197798 ], [ 117.906909449046026, -35.086230771197798 ], [ 117.906909449046026, -35.087106384153842 ], [ 117.906033836083679, -35.087106384153842 ], [ 117.906033836083679, -35.087981997109885 ] ] ], [ [ [ 117.904282610159001, -35.085355158241754 ], [ 117.904282610159001, -35.086230771197798 ], [ 117.903406997196655, -35.086230771197798 ], [ 117.903406997196655, -35.087106384153842 ], [ 117.902531384234308, -35.087106384153842 ], [ 117.902531384234308, -35.086230771197798 ], [ 117.901655771271962, -35.086230771197798 ], [ 117.901655771271962, -35.085355158241754 ], [ 117.901655771271962, -35.08447954528571 ], [ 117.902531384234308, -35.08447954528571 ], [ 117.903406997196655, -35.08447954528571 ], [ 117.904282610159001, -35.08447954528571 ], [ 117.904282610159001, -35.085355158241754 ] ] ], [ [ [ 117.899904545347283, -35.085355158241754 ], [ 117.899904545347283, -35.08447954528571 ], [ 117.900780158309615, -35.08447954528571 ], [ 117.900780158309615, -35.085355158241754 ], [ 117.899904545347283, -35.085355158241754 ] ] ], [ [ [ 117.918292417556486, -35.08447954528571 ], [ 117.91741680459414, -35.08447954528571 ], [ 117.91741680459414, -35.083603932329666 ], [ 117.918292417556486, -35.083603932329666 ], [ 117.919168030518833, -35.083603932329666 ], [ 117.919168030518833, -35.08447954528571 ], [ 117.918292417556486, -35.08447954528571 ] ] ], [ [ [ 117.900780158309615, -35.08447954528571 ], [ 117.900780158309615, -35.083603932329666 ], [ 117.901655771271962, -35.083603932329666 ], [ 117.901655771271962, -35.08447954528571 ], [ 117.900780158309615, -35.08447954528571 ] ] ], [ [ [ 117.899904545347283, -35.081852706417578 ], [ 117.899904545347283, -35.080977093461534 ], [ 117.900780158309615, -35.080977093461534 ], [ 117.900780158309615, -35.081852706417578 ], [ 117.899904545347283, -35.081852706417578 ] ] ], [ [ [ 117.918292417556486, -35.056459930692306 ], [ 117.918292417556486, -35.055584317736262 ], [ 117.919168030518833, -35.055584317736262 ], [ 117.919168030518833, -35.056459930692306 ], [ 117.918292417556486, -35.056459930692306 ] ] ], [ [ [ 117.914789965707115, -35.053833091824174 ], [ 117.915665578669461, -35.053833091824174 ], [ 117.916541191631794, -35.053833091824174 ], [ 117.916541191631794, -35.054708704780218 ], [ 117.915665578669461, -35.054708704780218 ], [ 117.914789965707115, -35.054708704780218 ], [ 117.914789965707115, -35.053833091824174 ] ] ], [ [ [ 117.920043643481165, -35.05295747886813 ], [ 117.919168030518833, -35.05295747886813 ], [ 117.919168030518833, -35.052081865912086 ], [ 117.920043643481165, -35.052081865912086 ], [ 117.920043643481165, -35.05295747886813 ] ] ], [ [ [ 117.920919256443511, -35.05295747886813 ], [ 117.920919256443511, -35.052081865912086 ], [ 117.921794869405858, -35.052081865912086 ], [ 117.921794869405858, -35.05295747886813 ], [ 117.920919256443511, -35.05295747886813 ] ] ], [ [ [ 117.925297321255229, -35.120379676483516 ], [ 117.926172934217576, -35.120379676483516 ], [ 117.926172934217576, -35.12125528943956 ], [ 117.925297321255229, -35.12125528943956 ], [ 117.924421708292883, -35.12125528943956 ], [ 117.924421708292883, -35.120379676483516 ], [ 117.925297321255229, -35.120379676483516 ] ] ], [ [ [ 117.923546095330536, -35.087106384153842 ], [ 117.922670482368204, -35.087106384153842 ], [ 117.922670482368204, -35.086230771197798 ], [ 117.923546095330536, -35.086230771197798 ], [ 117.923546095330536, -35.087106384153842 ] ] ], [ [ [ 117.9287997731046, -35.085355158241754 ], [ 117.9287997731046, -35.086230771197798 ], [ 117.9287997731046, -35.087106384153842 ], [ 117.927924160142254, -35.087106384153842 ], [ 117.927048547179922, -35.087106384153842 ], [ 117.927048547179922, -35.086230771197798 ], [ 117.926172934217576, -35.086230771197798 ], [ 117.926172934217576, -35.085355158241754 ], [ 117.927048547179922, -35.085355158241754 ], [ 117.927924160142254, -35.085355158241754 ], [ 117.9287997731046, -35.085355158241754 ] ] ], [ [ [ 117.924421708292883, -35.086230771197798 ], [ 117.924421708292883, -35.085355158241754 ], [ 117.925297321255229, -35.085355158241754 ], [ 117.925297321255229, -35.086230771197798 ], [ 117.924421708292883, -35.086230771197798 ] ] ], [ [ [ 117.926172934217576, -35.061713608428569 ], [ 117.926172934217576, -35.060837995472525 ], [ 117.927048547179922, -35.060837995472525 ], [ 117.927924160142254, -35.060837995472525 ], [ 117.927924160142254, -35.061713608428569 ], [ 117.927048547179922, -35.061713608428569 ], [ 117.926172934217576, -35.061713608428569 ] ] ], [ [ [ 117.931426611991625, -35.118628450571428 ], [ 117.931426611991625, -35.119504063527472 ], [ 117.931426611991625, -35.120379676483516 ], [ 117.930550999029293, -35.120379676483516 ], [ 117.930550999029293, -35.119504063527472 ], [ 117.930550999029293, -35.118628450571428 ], [ 117.931426611991625, -35.118628450571428 ] ] ], [ [ [ 117.927048547179922, -35.0941112878022 ], [ 117.927048547179922, -35.093235674846156 ], [ 117.927924160142254, -35.093235674846156 ], [ 117.9287997731046, -35.093235674846156 ], [ 117.9287997731046, -35.0941112878022 ], [ 117.927924160142254, -35.0941112878022 ], [ 117.927048547179922, -35.0941112878022 ] ] ], [ [ [ 117.933177837916318, -35.087981997109885 ], [ 117.933177837916318, -35.088857610065929 ], [ 117.932302224953972, -35.088857610065929 ], [ 117.931426611991625, -35.088857610065929 ], [ 117.930550999029293, -35.088857610065929 ], [ 117.930550999029293, -35.089733223021973 ], [ 117.929675386066947, -35.089733223021973 ], [ 117.929675386066947, -35.088857610065929 ], [ 117.929675386066947, -35.087981997109885 ], [ 117.930550999029293, -35.087981997109885 ], [ 117.930550999029293, -35.087106384153842 ], [ 117.931426611991625, -35.087106384153842 ], [ 117.931426611991625, -35.087981997109885 ], [ 117.932302224953972, -35.087981997109885 ], [ 117.933177837916318, -35.087981997109885 ] ] ], [ [ [ 117.931426611991625, -35.085355158241754 ], [ 117.931426611991625, -35.08447954528571 ], [ 117.932302224953972, -35.08447954528571 ], [ 117.932302224953972, -35.085355158241754 ], [ 117.931426611991625, -35.085355158241754 ] ] ], [ [ [ 117.930550999029293, -35.061713608428569 ], [ 117.929675386066947, -35.061713608428569 ], [ 117.929675386066947, -35.060837995472525 ], [ 117.930550999029293, -35.060837995472525 ], [ 117.930550999029293, -35.061713608428569 ] ] ], [ [ [ 117.932302224953972, -35.086230771197798 ], [ 117.932302224953972, -35.085355158241754 ], [ 117.933177837916318, -35.085355158241754 ], [ 117.933177837916318, -35.086230771197798 ], [ 117.932302224953972, -35.086230771197798 ] ] ], [ [ [ 117.937555902728036, -35.088857610065929 ], [ 117.937555902728036, -35.087981997109885 ], [ 117.938431515690382, -35.087981997109885 ], [ 117.938431515690382, -35.088857610065929 ], [ 117.937555902728036, -35.088857610065929 ] ] ], [ [ [ 117.946312032351457, -35.123882128307692 ], [ 117.946312032351457, -35.123006515351648 ], [ 117.947187645313804, -35.123006515351648 ], [ 117.947187645313804, -35.123882128307692 ], [ 117.946312032351457, -35.123882128307692 ] ] ], [ [ [ 117.940182741615061, -35.112499159879121 ], [ 117.940182741615061, -35.111623546923077 ], [ 117.941058354577407, -35.111623546923077 ], [ 117.941058354577407, -35.112499159879121 ], [ 117.940182741615061, -35.112499159879121 ] ] ], [ [ [ 117.941058354577407, -35.110747933967033 ], [ 117.941058354577407, -35.10987232101099 ], [ 117.941933967539754, -35.10987232101099 ], [ 117.941933967539754, -35.110747933967033 ], [ 117.941058354577407, -35.110747933967033 ] ] ], [ [ [ 117.94806325827615, -35.107245482142858 ], [ 117.948938871238497, -35.107245482142858 ], [ 117.949814484200843, -35.107245482142858 ], [ 117.949814484200843, -35.108121095098902 ], [ 117.949814484200843, -35.108996708054946 ], [ 117.948938871238497, -35.108996708054946 ], [ 117.94806325827615, -35.108996708054946 ], [ 117.947187645313804, -35.108996708054946 ], [ 117.946312032351457, -35.108996708054946 ], [ 117.946312032351457, -35.10987232101099 ], [ 117.945436419389125, -35.10987232101099 ], [ 117.945436419389125, -35.110747933967033 ], [ 117.944560806426779, -35.110747933967033 ], [ 117.944560806426779, -35.10987232101099 ], [ 117.944560806426779, -35.108996708054946 ], [ 117.945436419389125, -35.108996708054946 ], [ 117.945436419389125, -35.108121095098902 ], [ 117.946312032351457, -35.108121095098902 ], [ 117.947187645313804, -35.108121095098902 ], [ 117.94806325827615, -35.108121095098902 ], [ 117.94806325827615, -35.107245482142858 ] ] ], [ [ [ 117.947187645313804, -35.107245482142858 ], [ 117.946312032351457, -35.107245482142858 ], [ 117.946312032351457, -35.106369869186814 ], [ 117.947187645313804, -35.106369869186814 ], [ 117.94806325827615, -35.106369869186814 ], [ 117.94806325827615, -35.107245482142858 ], [ 117.947187645313804, -35.107245482142858 ] ] ], [ [ [ 117.947187645313804, -35.0941112878022 ], [ 117.947187645313804, -35.093235674846156 ], [ 117.94806325827615, -35.093235674846156 ], [ 117.94806325827615, -35.0941112878022 ], [ 117.947187645313804, -35.0941112878022 ] ] ], [ [ [ 117.947187645313804, -35.123006515351648 ], [ 117.947187645313804, -35.122130902395604 ], [ 117.94806325827615, -35.122130902395604 ], [ 117.94806325827615, -35.123006515351648 ], [ 117.947187645313804, -35.123006515351648 ] ] ], [ [ [ 117.949814484200843, -35.093235674846156 ], [ 117.948938871238497, -35.093235674846156 ], [ 117.948938871238497, -35.092360061890112 ], [ 117.948938871238497, -35.091484448934068 ], [ 117.949814484200843, -35.091484448934068 ], [ 117.950690097163175, -35.091484448934068 ], [ 117.950690097163175, -35.092360061890112 ], [ 117.950690097163175, -35.093235674846156 ], [ 117.949814484200843, -35.093235674846156 ] ] ], [ [ [ 117.962073065673636, -35.098489352582419 ], [ 117.961197452711303, -35.098489352582419 ], [ 117.961197452711303, -35.099364965538463 ], [ 117.960321839748957, -35.099364965538463 ], [ 117.960321839748957, -35.098489352582419 ], [ 117.960321839748957, -35.097613739626375 ], [ 117.959446226786611, -35.097613739626375 ], [ 117.959446226786611, -35.096738126670331 ], [ 117.960321839748957, -35.096738126670331 ], [ 117.961197452711303, -35.096738126670331 ], [ 117.962073065673636, -35.096738126670331 ], [ 117.962073065673636, -35.097613739626375 ], [ 117.962073065673636, -35.098489352582419 ] ] ], [ [ [ 117.962948678635982, -35.095862513714287 ], [ 117.962073065673636, -35.095862513714287 ], [ 117.961197452711303, -35.095862513714287 ], [ 117.961197452711303, -35.094986900758244 ], [ 117.962073065673636, -35.094986900758244 ], [ 117.962948678635982, -35.094986900758244 ], [ 117.962948678635982, -35.0941112878022 ], [ 117.963824291598328, -35.0941112878022 ], [ 117.964699904560675, -35.0941112878022 ], [ 117.965575517523007, -35.0941112878022 ], [ 117.965575517523007, -35.094986900758244 ], [ 117.966451130485353, -35.094986900758244 ], [ 117.966451130485353, -35.095862513714287 ], [ 117.9673267434477, -35.095862513714287 ], [ 117.968202356410046, -35.095862513714287 ], [ 117.969077969372378, -35.095862513714287 ], [ 117.969953582334725, -35.095862513714287 ], [ 117.970829195297071, -35.095862513714287 ], [ 117.970829195297071, -35.096738126670331 ], [ 117.971704808259418, -35.096738126670331 ], [ 117.971704808259418, -35.095862513714287 ], [ 117.971704808259418, -35.094986900758244 ], [ 117.972580421221764, -35.094986900758244 ], [ 117.973456034184096, -35.094986900758244 ], [ 117.973456034184096, -35.095862513714287 ], [ 117.973456034184096, -35.096738126670331 ], [ 117.974331647146442, -35.096738126670331 ], [ 117.974331647146442, -35.095862513714287 ], [ 117.975207260108789, -35.095862513714287 ], [ 117.976082873071135, -35.095862513714287 ], [ 117.976082873071135, -35.096738126670331 ], [ 117.976958486033467, -35.096738126670331 ], [ 117.977834098995814, -35.096738126670331 ], [ 117.97870971195816, -35.096738126670331 ], [ 117.97870971195816, -35.097613739626375 ], [ 117.97870971195816, -35.098489352582419 ], [ 117.977834098995814, -35.098489352582419 ], [ 117.976958486033467, -35.098489352582419 ], [ 117.976082873071135, -35.098489352582419 ], [ 117.976082873071135, -35.099364965538463 ], [ 117.976082873071135, -35.100240578494507 ], [ 117.975207260108789, -35.100240578494507 ], [ 117.975207260108789, -35.101116191450551 ], [ 117.975207260108789, -35.101991804406595 ], [ 117.975207260108789, -35.102867417362638 ], [ 117.974331647146442, -35.102867417362638 ], [ 117.974331647146442, -35.101991804406595 ], [ 117.973456034184096, -35.101991804406595 ], [ 117.973456034184096, -35.101116191450551 ], [ 117.972580421221764, -35.101116191450551 ], [ 117.971704808259418, -35.101116191450551 ], [ 117.970829195297071, -35.101116191450551 ], [ 117.969953582334725, -35.101116191450551 ], [ 117.969077969372378, -35.101116191450551 ], [ 117.969077969372378, -35.101991804406595 ], [ 117.968202356410046, -35.101991804406595 ], [ 117.968202356410046, -35.101116191450551 ], [ 117.968202356410046, -35.100240578494507 ], [ 117.968202356410046, -35.099364965538463 ], [ 117.9673267434477, -35.099364965538463 ], [ 117.9673267434477, -35.100240578494507 ], [ 117.9673267434477, -35.101116191450551 ], [ 117.966451130485353, -35.101116191450551 ], [ 117.966451130485353, -35.100240578494507 ], [ 117.966451130485353, -35.099364965538463 ], [ 117.966451130485353, -35.098489352582419 ], [ 117.965575517523007, -35.098489352582419 ], [ 117.964699904560675, -35.098489352582419 ], [ 117.963824291598328, -35.098489352582419 ], [ 117.963824291598328, -35.097613739626375 ], [ 117.962948678635982, -35.097613739626375 ], [ 117.962948678635982, -35.096738126670331 ], [ 117.963824291598328, -35.096738126670331 ], [ 117.963824291598328, -35.095862513714287 ], [ 117.962948678635982, -35.095862513714287 ] ], [ [ 117.965575517523007, -35.096738126670331 ], [ 117.965575517523007, -35.095862513714287 ], [ 117.964699904560675, -35.095862513714287 ], [ 117.964699904560675, -35.096738126670331 ], [ 117.965575517523007, -35.096738126670331 ] ], [ [ 117.972580421221764, -35.098489352582419 ], [ 117.972580421221764, -35.097613739626375 ], [ 117.971704808259418, -35.097613739626375 ], [ 117.971704808259418, -35.098489352582419 ], [ 117.972580421221764, -35.098489352582419 ] ], [ [ 117.973456034184096, -35.100240578494507 ], [ 117.974331647146442, -35.100240578494507 ], [ 117.974331647146442, -35.099364965538463 ], [ 117.973456034184096, -35.099364965538463 ], [ 117.973456034184096, -35.100240578494507 ] ] ], [ [ [ 117.960321839748957, -35.094986900758244 ], [ 117.960321839748957, -35.0941112878022 ], [ 117.961197452711303, -35.0941112878022 ], [ 117.961197452711303, -35.094986900758244 ], [ 117.960321839748957, -35.094986900758244 ] ] ], [ [ [ 117.9673267434477, -35.103743030318682 ], [ 117.9673267434477, -35.102867417362638 ], [ 117.968202356410046, -35.102867417362638 ], [ 117.968202356410046, -35.103743030318682 ], [ 117.9673267434477, -35.103743030318682 ] ] ], [ [ [ 117.983087776769878, -35.093235674846156 ], [ 117.983963389732224, -35.093235674846156 ], [ 117.984839002694557, -35.093235674846156 ], [ 117.985714615656903, -35.093235674846156 ], [ 117.986590228619249, -35.093235674846156 ], [ 117.986590228619249, -35.0941112878022 ], [ 117.987465841581596, -35.0941112878022 ], [ 117.988341454543928, -35.0941112878022 ], [ 117.989217067506274, -35.0941112878022 ], [ 117.990092680468621, -35.0941112878022 ], [ 117.990092680468621, -35.094986900758244 ], [ 117.989217067506274, -35.094986900758244 ], [ 117.988341454543928, -35.094986900758244 ], [ 117.987465841581596, -35.094986900758244 ], [ 117.986590228619249, -35.094986900758244 ], [ 117.985714615656903, -35.094986900758244 ], [ 117.984839002694557, -35.094986900758244 ], [ 117.984839002694557, -35.095862513714287 ], [ 117.983963389732224, -35.095862513714287 ], [ 117.983087776769878, -35.095862513714287 ], [ 117.983087776769878, -35.096738126670331 ], [ 117.982212163807532, -35.096738126670331 ], [ 117.981336550845185, -35.096738126670331 ], [ 117.981336550845185, -35.095862513714287 ], [ 117.981336550845185, -35.094986900758244 ], [ 117.982212163807532, -35.094986900758244 ], [ 117.982212163807532, -35.0941112878022 ], [ 117.983087776769878, -35.0941112878022 ], [ 117.983087776769878, -35.093235674846156 ] ] ], [ [ [ 118.011107391564849, -35.102867417362638 ], [ 118.011983004527195, -35.102867417362638 ], [ 118.012858617489542, -35.102867417362638 ], [ 118.012858617489542, -35.103743030318682 ], [ 118.011983004527195, -35.103743030318682 ], [ 118.011107391564849, -35.103743030318682 ], [ 118.011107391564849, -35.102867417362638 ] ] ], [ [ [ 118.011983004527195, -35.100240578494507 ], [ 118.012858617489542, -35.100240578494507 ], [ 118.013734230451888, -35.100240578494507 ], [ 118.014609843414235, -35.100240578494507 ], [ 118.014609843414235, -35.099364965538463 ], [ 118.013734230451888, -35.099364965538463 ], [ 118.013734230451888, -35.098489352582419 ], [ 118.014609843414235, -35.098489352582419 ], [ 118.015485456376567, -35.098489352582419 ], [ 118.015485456376567, -35.099364965538463 ], [ 118.016361069338913, -35.099364965538463 ], [ 118.016361069338913, -35.100240578494507 ], [ 118.016361069338913, -35.101116191450551 ], [ 118.015485456376567, -35.101116191450551 ], [ 118.014609843414235, -35.101116191450551 ], [ 118.013734230451888, -35.101116191450551 ], [ 118.012858617489542, -35.101116191450551 ], [ 118.011983004527195, -35.101116191450551 ], [ 118.011983004527195, -35.100240578494507 ] ] ], [ [ [ 118.00935616564017, -35.099364965538463 ], [ 118.008480552677824, -35.099364965538463 ], [ 118.008480552677824, -35.098489352582419 ], [ 118.00935616564017, -35.098489352582419 ], [ 118.00935616564017, -35.099364965538463 ] ] ], [ [ [ 117.989217067506274, -35.097613739626375 ], [ 117.989217067506274, -35.096738126670331 ], [ 117.989217067506274, -35.095862513714287 ], [ 117.990092680468621, -35.095862513714287 ], [ 117.990092680468621, -35.096738126670331 ], [ 117.990968293430967, -35.096738126670331 ], [ 117.991843906393314, -35.096738126670331 ], [ 117.991843906393314, -35.095862513714287 ], [ 117.992719519355646, -35.095862513714287 ], [ 117.993595132317992, -35.095862513714287 ], [ 117.993595132317992, -35.096738126670331 ], [ 117.994470745280339, -35.096738126670331 ], [ 117.994470745280339, -35.097613739626375 ], [ 117.994470745280339, -35.098489352582419 ], [ 117.993595132317992, -35.098489352582419 ], [ 117.992719519355646, -35.098489352582419 ], [ 117.991843906393314, -35.098489352582419 ], [ 117.990968293430967, -35.098489352582419 ], [ 117.990092680468621, -35.098489352582419 ], [ 117.989217067506274, -35.098489352582419 ], [ 117.989217067506274, -35.097613739626375 ] ] ], [ [ [ 117.984839002694557, -35.098489352582419 ], [ 117.984839002694557, -35.097613739626375 ], [ 117.985714615656903, -35.097613739626375 ], [ 117.985714615656903, -35.098489352582419 ], [ 117.984839002694557, -35.098489352582419 ] ] ], [ [ [ 117.99797319712971, -35.095862513714287 ], [ 117.99797319712971, -35.094986900758244 ], [ 117.998848810092056, -35.094986900758244 ], [ 117.999724423054388, -35.094986900758244 ], [ 118.000600036016735, -35.094986900758244 ], [ 118.001475648979081, -35.094986900758244 ], [ 118.002351261941428, -35.094986900758244 ], [ 118.003226874903774, -35.094986900758244 ], [ 118.004102487866106, -35.094986900758244 ], [ 118.004102487866106, -35.095862513714287 ], [ 118.003226874903774, -35.095862513714287 ], [ 118.002351261941428, -35.095862513714287 ], [ 118.001475648979081, -35.095862513714287 ], [ 118.001475648979081, -35.096738126670331 ], [ 118.000600036016735, -35.096738126670331 ], [ 117.999724423054388, -35.096738126670331 ], [ 117.998848810092056, -35.096738126670331 ], [ 117.99797319712971, -35.096738126670331 ], [ 117.99797319712971, -35.095862513714287 ] ] ], [ [ [ 118.007604939715478, -35.093235674846156 ], [ 118.006729326753145, -35.093235674846156 ], [ 118.005853713790799, -35.093235674846156 ], [ 118.005853713790799, -35.092360061890112 ], [ 118.004978100828453, -35.092360061890112 ], [ 118.004102487866106, -35.092360061890112 ], [ 118.003226874903774, -35.092360061890112 ], [ 118.002351261941428, -35.092360061890112 ], [ 118.002351261941428, -35.091484448934068 ], [ 118.003226874903774, -35.091484448934068 ], [ 118.003226874903774, -35.090608835978024 ], [ 118.004102487866106, -35.090608835978024 ], [ 118.004978100828453, -35.090608835978024 ], [ 118.005853713790799, -35.090608835978024 ], [ 118.005853713790799, -35.091484448934068 ], [ 118.006729326753145, -35.091484448934068 ], [ 118.007604939715478, -35.091484448934068 ], [ 118.008480552677824, -35.091484448934068 ], [ 118.008480552677824, -35.092360061890112 ], [ 118.008480552677824, -35.093235674846156 ], [ 118.00935616564017, -35.093235674846156 ], [ 118.010231778602517, -35.093235674846156 ], [ 118.011107391564849, -35.093235674846156 ], [ 118.011983004527195, -35.093235674846156 ], [ 118.012858617489542, -35.093235674846156 ], [ 118.012858617489542, -35.0941112878022 ], [ 118.013734230451888, -35.0941112878022 ], [ 118.013734230451888, -35.094986900758244 ], [ 118.013734230451888, -35.095862513714287 ], [ 118.012858617489542, -35.095862513714287 ], [ 118.011983004527195, -35.095862513714287 ], [ 118.011107391564849, -35.095862513714287 ], [ 118.011107391564849, -35.094986900758244 ], [ 118.010231778602517, -35.094986900758244 ], [ 118.00935616564017, -35.094986900758244 ], [ 118.00935616564017, -35.0941112878022 ], [ 118.008480552677824, -35.0941112878022 ], [ 118.007604939715478, -35.0941112878022 ], [ 118.007604939715478, -35.093235674846156 ] ] ], [ [ [ 118.007604939715478, -35.094986900758244 ], [ 118.007604939715478, -35.095862513714287 ], [ 118.006729326753145, -35.095862513714287 ], [ 118.005853713790799, -35.095862513714287 ], [ 118.004978100828453, -35.095862513714287 ], [ 118.004978100828453, -35.094986900758244 ], [ 118.005853713790799, -35.094986900758244 ], [ 118.006729326753145, -35.094986900758244 ], [ 118.006729326753145, -35.0941112878022 ], [ 118.007604939715478, -35.0941112878022 ], [ 118.007604939715478, -35.094986900758244 ] ] ], [ [ [ 117.993595132317992, -35.0941112878022 ], [ 117.992719519355646, -35.0941112878022 ], [ 117.991843906393314, -35.0941112878022 ], [ 117.991843906393314, -35.093235674846156 ], [ 117.991843906393314, -35.092360061890112 ], [ 117.992719519355646, -35.092360061890112 ], [ 117.992719519355646, -35.093235674846156 ], [ 117.993595132317992, -35.093235674846156 ], [ 117.993595132317992, -35.0941112878022 ] ] ], [ [ [ 117.996221971205017, -35.088857610065929 ], [ 117.997097584167363, -35.088857610065929 ], [ 117.99797319712971, -35.088857610065929 ], [ 117.998848810092056, -35.088857610065929 ], [ 117.999724423054388, -35.088857610065929 ], [ 117.999724423054388, -35.087981997109885 ], [ 118.000600036016735, -35.087981997109885 ], [ 118.000600036016735, -35.088857610065929 ], [ 118.001475648979081, -35.088857610065929 ], [ 118.002351261941428, -35.088857610065929 ], [ 118.003226874903774, -35.088857610065929 ], [ 118.003226874903774, -35.089733223021973 ], [ 118.003226874903774, -35.090608835978024 ], [ 118.002351261941428, -35.090608835978024 ], [ 118.002351261941428, -35.091484448934068 ], [ 118.001475648979081, -35.091484448934068 ], [ 118.001475648979081, -35.090608835978024 ], [ 118.001475648979081, -35.089733223021973 ], [ 118.000600036016735, -35.089733223021973 ], [ 117.999724423054388, -35.089733223021973 ], [ 117.998848810092056, -35.089733223021973 ], [ 117.998848810092056, -35.090608835978024 ], [ 117.99797319712971, -35.090608835978024 ], [ 117.99797319712971, -35.091484448934068 ], [ 117.997097584167363, -35.091484448934068 ], [ 117.997097584167363, -35.092360061890112 ], [ 117.996221971205017, -35.092360061890112 ], [ 117.995346358242685, -35.092360061890112 ], [ 117.995346358242685, -35.093235674846156 ], [ 117.994470745280339, -35.093235674846156 ], [ 117.993595132317992, -35.093235674846156 ], [ 117.993595132317992, -35.092360061890112 ], [ 117.992719519355646, -35.092360061890112 ], [ 117.992719519355646, -35.091484448934068 ], [ 117.993595132317992, -35.091484448934068 ], [ 117.994470745280339, -35.091484448934068 ], [ 117.995346358242685, -35.091484448934068 ], [ 117.996221971205017, -35.091484448934068 ], [ 117.996221971205017, -35.090608835978024 ], [ 117.996221971205017, -35.089733223021973 ], [ 117.996221971205017, -35.088857610065929 ] ] ], [ [ [ 118.010231778602517, -35.092360061890112 ], [ 118.00935616564017, -35.092360061890112 ], [ 118.00935616564017, -35.091484448934068 ], [ 118.010231778602517, -35.091484448934068 ], [ 118.010231778602517, -35.092360061890112 ] ] ], [ [ [ 118.005853713790799, -35.089733223021973 ], [ 118.004978100828453, -35.089733223021973 ], [ 118.004102487866106, -35.089733223021973 ], [ 118.004102487866106, -35.088857610065929 ], [ 118.004978100828453, -35.088857610065929 ], [ 118.005853713790799, -35.088857610065929 ], [ 118.005853713790799, -35.089733223021973 ] ] ] ] } }
]
}
