{
"type": "FeatureCollection",
"name": "granite",
"crs": { "type": "name", "properties": { "name": "urn:ogc:def:crs:OGC:1.3:CRS84" } },
"xy_coordinate_resolution": 1e-15,
"features": [
{ "type": "Feature", "properties": { "fid": 37, "CODE": "P_gp", "JNCODE": "si5011; P_gp", "fme_featur": "geology_surface_si5011" }, "geometry": { "type": "MultiPolygon", "coordinates": [ [ [ [ 117.304407292786237, -34.646498755290445 ], [ 117.30383622356679, -34.647393434966737 ], [ 117.30315093306649, -34.647831254985562 ], [ 117.302541791940456, -34.647888365198781 ], [ 117.302252480780126, -34.647558745486023 ], [ 117.301763588691742, -34.646879786014836 ], [ 117.301459017149455, -34.64627064642125 ], [ 117.301040225016195, -34.645356936991504 ], [ 117.30069758430254, -34.645242717146267 ], [ 117.300125813412748, -34.645249227312249 ], [ 117.298925001872135, -34.645546977552655 ], [ 117.298068400987063, -34.64604190764296 ], [ 117.297801901126803, -34.646651047523676 ], [ 117.29747829150449, -34.647698007296427 ], [ 117.296526510083012, -34.648326187491065 ], [ 117.294851356705806, -34.648630758127169 ], [ 117.292738392169028, -34.648764009021974 ], [ 117.290568317273326, -34.649411219940646 ], [ 117.29005435600304, -34.649677720171887 ], [ 117.288931260904164, -34.650876969901041 ], [ 117.288512473775199, -34.651885859680696 ], [ 117.288417295908204, -34.653123179451768 ], [ 117.288762206904948, -34.654341779238521 ], [ 117.289466525879817, -34.654722499174312 ], [ 117.29086259658942, -34.65478274872634 ], [ 117.2926014602088, -34.65468936784842 ], [ 117.293650092713364, -34.65481777727647 ], [ 117.293882403369864, -34.654907137135133 ], [ 117.293941253535777, -34.654929767099297 ], [ 117.294047503919145, -34.655020337022641 ], [ 117.294431635190804, -34.655283726760125 ], [ 117.294488735956676, -34.655669206637647 ], [ 117.294460187015829, -34.65634020649118 ], [ 117.294268637508566, -34.656874396464247 ], [ 117.293640467206231, -34.657464506658663 ], [ 117.292593496085871, -34.658054607082988 ], [ 117.290670893333782, -34.658682787981277 ], [ 117.2897571834297, -34.659272898234683 ], [ 117.289052865938174, -34.660262748102035 ], [ 117.288805397791151, -34.661271647938122 ], [ 117.288981379100235, -34.662161747746133 ], [ 117.289729000033901, -34.662922317483229 ], [ 117.290593432391631, -34.663690756941705 ], [ 117.291741265623912, -34.664353426135143 ], [ 117.29243955716602, -34.664533955690459 ], [ 117.293105628818651, -34.664817225239034 ], [ 117.293665010319387, -34.665107674864345 ], [ 117.295163333590025, -34.665459493990852 ], [ 117.295791515553461, -34.665916343636759 ], [ 117.296419698233962, -34.666753913314089 ], [ 117.296686200469452, -34.667686663209594 ], [ 117.296679302247398, -34.668619653244996 ], [ 117.296371202015095, -34.668758893384194 ], [ 117.29625099185462, -34.668776693436918 ], [ 117.295737031355003, -34.668948023660555 ], [ 117.294994641418015, -34.669590473959431 ], [ 117.294052371248839, -34.670261484295295 ], [ 117.292881680816436, -34.670961044659677 ], [ 117.292339779884756, -34.670918554855746 ], [ 117.290699706901535, -34.670715195474564 ], [ 117.286829095103158, -34.670473276450231 ], [ 117.285696104645837, -34.670292076728458 ], [ 117.28525273432065, -34.67015187685184 ], [ 117.284596193408774, -34.669740467076835 ], [ 117.282711650186158, -34.668274717774601 ], [ 117.280739078524391, -34.667553028327397 ], [ 117.279545418441316, -34.667553028571859 ], [ 117.278441348243589, -34.667495918809195 ], [ 117.277660888753729, -34.667762418917121 ], [ 117.276975600158238, -34.668447698925632 ], [ 117.276176112847637, -34.669742128843644 ], [ 117.275408336769431, -34.671615558650039 ], [ 117.274718300872678, -34.673067028459911 ], [ 117.274171025060525, -34.67439952824509 ], [ 117.274385175634549, -34.675065778125585 ], [ 117.274837276235857, -34.675922377940232 ], [ 117.274813490647745, -34.678087687549656 ], [ 117.275051432040399, -34.678825327367512 ], [ 117.275313173771181, -34.679634337154155 ], [ 117.274980056787157, -34.68096683697528 ], [ 117.274456578104477, -34.681561706986749 ], [ 117.273124079922297, -34.682418307147231 ], [ 117.272100911450124, -34.683132147263578 ], [ 117.270744623712119, -34.684179107404596 ], [ 117.269911815991335, -34.685202277425262 ], [ 117.269888018492409, -34.686273037236283 ], [ 117.269412129596844, -34.686772727266529 ], [ 117.268674500499117, -34.687201027377569 ], [ 117.268010570278818, -34.687145167557183 ], [ 117.26769083020065, -34.687130247641484 ], [ 117.266987578893804, -34.686612427911804 ], [ 117.266397467477219, -34.686041358161063 ], [ 117.266226145894308, -34.685375108319967 ], [ 117.266397464670021, -34.684842108369494 ], [ 117.266911433136144, -34.68415682836099 ], [ 117.268301030163883, -34.682805288256738 ], [ 117.270452055295593, -34.680597148134048 ], [ 117.271080233953569, -34.67958825811575 ], [ 117.271213483871549, -34.6786364781372 ], [ 117.27104882399837, -34.676345208279017 ], [ 117.270668115195974, -34.674037138401047 ], [ 117.270929854470481, -34.673037758437673 ], [ 117.271453582494985, -34.672609248468241 ], [ 117.273176113904483, -34.67085808872308 ], [ 117.274189696807937, -34.669516159022528 ], [ 117.274808349717517, -34.667683979436092 ], [ 117.274760757520923, -34.666422859653196 ], [ 117.274522817236502, -34.665352099779064 ], [ 117.274499017800679, -34.664186169793254 ], [ 117.274641790729419, -34.661330819645585 ], [ 117.273964345634809, -34.660386509637299 ], [ 117.273517548248776, -34.660053349680162 ], [ 117.272469593680611, -34.659445589854798 ], [ 117.268934207998527, -34.658141310902188 ], [ 117.26622162484172, -34.656984892301033 ], [ 117.264208606996377, -34.655999793761509 ], [ 117.263854985164684, -34.655417094378471 ], [ 117.263739431797106, -34.654670435037296 ], [ 117.263796529119801, -34.654142195431703 ], [ 117.264396156240537, -34.653728165399933 ], [ 117.265324144383428, -34.653599674922951 ], [ 117.26670898256684, -34.653628224049719 ], [ 117.268407920762897, -34.653885202890457 ], [ 117.270121128741607, -34.654399171716086 ], [ 117.272615943924521, -34.655396430233296 ], [ 117.274283188606844, -34.656481479478643 ], [ 117.274664707186943, -34.656665959342604 ], [ 117.275771074319138, -34.656921989210424 ], [ 117.276253403391792, -34.656967759196618 ], [ 117.276310283283067, -34.656973159194933 ], [ 117.276319083269115, -34.656971759194498 ], [ 117.277436941201444, -34.657039889157296 ], [ 117.277993740321108, -34.656925679132804 ], [ 117.278878899109046, -34.656397439094391 ], [ 117.278964559361953, -34.655797809084987 ], [ 117.27869330036431, -34.655212469077817 ], [ 117.278593361007736, -34.654669949067141 ], [ 117.278807510939572, -34.654084599060383 ], [ 117.279449969612131, -34.653656299073958 ], [ 117.28020663767343, -34.653670579097572 ], [ 117.281191725127044, -34.653856169122129 ], [ 117.281976943157261, -34.653727679149846 ], [ 117.283204749930576, -34.653342209215232 ], [ 117.284432546280215, -34.652599819335002 ], [ 117.285489022529575, -34.6516289995078 ], [ 117.285774551098726, -34.650986539609569 ], [ 117.285956939511266, -34.649765879774471 ], [ 117.28557146960857, -34.647081849987657 ], [ 117.285514359093682, -34.645597070125277 ], [ 117.285842727709877, -34.644269330256833 ], [ 117.286299576387293, -34.643498380328055 ], [ 117.287584483480487, -34.642884480371919 ], [ 117.289112090313225, -34.642584670375243 ], [ 117.291382100067153, -34.641999320155207 ], [ 117.29193889064247, -34.641656680098862 ], [ 117.292205770886227, -34.640938920139831 ], [ 117.292934211252401, -34.639232550294537 ], [ 117.293375791327236, -34.638478580392146 ], [ 117.293902201347748, -34.637842900495968 ], [ 117.294759751281362, -34.637129230653173 ], [ 117.295717931130326, -34.636609370816601 ], [ 117.296606691059466, -34.636415280920403 ], [ 117.297481111227626, -34.636544930931656 ], [ 117.29814787165229, -34.636904650841878 ], [ 117.299713786884737, -34.640745229308408 ], [ 117.300713170038492, -34.642339458466971 ], [ 117.301712542758793, -34.643338837792619 ], [ 117.304969712462523, -34.645896875474115 ], [ 117.304407292786237, -34.646498755290445 ] ] ] ] } },
{ "type": "Feature", "properties": { "fid": 39, "CODE": "P_gp", "JNCODE": "si5011; P_gp", "fme_featur": "geology_surface_si5011" }, "geometry": { "type": "MultiPolygon", "coordinates": [ [ [ [ 117.180731874441221, -34.843382183551753 ], [ 117.181213234065794, -34.843274583431786 ], [ 117.181397473734762, -34.843124693340904 ], [ 117.181484443395121, -34.842947483253894 ], [ 117.181439612927775, -34.842665483144422 ], [ 117.180874321675631, -34.841801572879241 ], [ 117.180749641138163, -34.841457582758061 ], [ 117.180834860403991, -34.841049962576548 ], [ 117.181180639416809, -34.840560352317745 ], [ 117.181787498294838, -34.840060622009851 ], [ 117.182650987086063, -34.839580011664708 ], [ 117.185335524469536, -34.838636010864768 ], [ 117.188419315293089, -34.838641720871578 ], [ 117.188960885438917, -34.838643290873271 ], [ 117.189828345872996, -34.83875055094564 ], [ 117.190472396443283, -34.838956501093101 ], [ 117.190955367094531, -34.839222871292776 ], [ 117.191473748137213, -34.839679111648046 ], [ 117.191827219178137, -34.840152872027701 ], [ 117.192118750438325, -34.840741912507227 ], [ 117.19221017168168, -34.841352152993366 ], [ 117.192132572310712, -34.841682633239635 ], [ 117.191902003188801, -34.842168323576516 ], [ 117.191081765010466, -34.843258604222697 ], [ 117.189919356623591, -34.844348444682758 ], [ 117.18800494715515, -34.845853024534904 ], [ 117.187715007094866, -34.846150394456238 ], [ 117.187501447082383, -34.846495274403878 ], [ 117.187446687120556, -34.84675668439742 ], [ 117.187583467209976, -34.846888604443805 ], [ 117.188880937800889, -34.847084824840842 ], [ 117.189502058105305, -34.847307745032751 ], [ 117.189830048299726, -34.847616465137335 ], [ 117.189952548428153, -34.848038225182357 ], [ 117.189855198462467, -34.848429335162201 ], [ 117.189558818433426, -34.848880275086742 ], [ 117.188435738256544, -34.850050284801263 ], [ 117.187387998191809, -34.851359514560748 ], [ 117.187302088222992, -34.851608994547547 ], [ 117.187294838294122, -34.851915054557885 ], [ 117.18746585843823, -34.852291644617807 ], [ 117.187797648563532, -34.852385024708241 ], [ 117.188399418709835, -34.85219560485973 ], [ 117.190525359307955, -34.851778755412141 ], [ 117.191407319535543, -34.851406135643096 ], [ 117.192006879668554, -34.85094797580166 ], [ 117.192182329663439, -34.850483505847372 ], [ 117.192397689460194, -34.84842692590076 ], [ 117.192666979416572, -34.847277365977924 ], [ 117.193131029493159, -34.846310686118933 ], [ 117.194257209507001, -34.844816966327876 ], [ 117.194573327209568, -34.843632755361647 ], [ 117.195082386160507, -34.843024974927069 ], [ 117.196397974063544, -34.841786503990498 ], [ 117.196916103322749, -34.841351703631027 ], [ 117.197333843016395, -34.841141323469998 ], [ 117.197845863047988, -34.841075003463807 ], [ 117.198280923335901, -34.841139203586238 ], [ 117.199690505196571, -34.841759204476361 ], [ 117.201198122403227, -34.842248413235509 ], [ 117.201941750798312, -34.842753892555208 ], [ 117.202170530514351, -34.843050682462291 ], [ 117.202383900493246, -34.843489062510628 ], [ 117.202423281313088, -34.844064642968036 ], [ 117.202166643498657, -34.844763664076069 ], [ 117.199864962391175, -34.848476068067562 ], [ 117.199591782280322, -34.848796927972415 ], [ 117.199488242237862, -34.849068367929391 ], [ 117.199577552261331, -34.849967107910594 ], [ 117.200021122362401, -34.851464697941452 ], [ 117.200725050736523, -34.852770357116668 ], [ 117.200860970507435, -34.853247746986128 ], [ 117.200746620845734, -34.853878227117278 ], [ 117.20011963212221, -34.854998967675385 ], [ 117.199948622287081, -34.855601387720995 ], [ 117.200064802209226, -34.856228717664202 ], [ 117.200610891526068, -34.857468177276317 ], [ 117.200717891508916, -34.858306697227391 ], [ 117.20056824174668, -34.859094817307856 ], [ 117.200308342001492, -34.859727257407805 ], [ 117.199789302180136, -34.860512827550572 ], [ 117.19929769211133, -34.860971297557384 ], [ 117.198741712036707, -34.861265037545017 ], [ 117.197960841930794, -34.861384727478089 ], [ 117.197431121855786, -34.861328647395887 ], [ 117.196075761652736, -34.861036897110402 ], [ 117.193200851210449, -34.860662716486054 ], [ 117.193103611185094, -34.860538226398241 ], [ 117.193065641162462, -34.86034562627998 ], [ 117.192970130919576, -34.858400236054401 ], [ 117.192838930784561, -34.857528936026107 ], [ 117.192739600732736, -34.857284736003677 ], [ 117.192565360669121, -34.857081755964039 ], [ 117.192046050527551, -34.856873065844702 ], [ 117.191759510466071, -34.856882635779129 ], [ 117.191531820430782, -34.856978265727868 ], [ 117.189586600280549, -34.858390485316733 ], [ 117.18872924022638, -34.858900265144868 ], [ 117.187984910173228, -34.859251284997647 ], [ 117.187160690077633, -34.859437734830806 ], [ 117.185502239798524, -34.859430094481453 ], [ 117.185245029790636, -34.85955453443416 ], [ 117.185264479840427, -34.859720134447336 ], [ 117.185400349917117, -34.859916354486188 ], [ 117.185857540051543, -34.860230174831685 ], [ 117.187737820416388, -34.860729545642265 ], [ 117.188854660656915, -34.861273446276201 ], [ 117.189191600743371, -34.861560646553237 ], [ 117.189408650811174, -34.861846086805862 ], [ 117.189594480883798, -34.862210147110659 ], [ 117.189693780951046, -34.862625707443307 ], [ 117.189621321015863, -34.863185197880625 ], [ 117.189367541052093, -34.863671018267461 ], [ 117.188983341062311, -34.864043898581969 ], [ 117.188538531048238, -34.864267478790076 ], [ 117.187634280994601, -34.86451315906077 ], [ 117.186737940927046, -34.864638019241497 ], [ 117.183704571245357, -34.864756769238944 ], [ 117.183325811403748, -34.86489212929272 ], [ 117.183173311495736, -34.865108029464309 ], [ 117.183168861552389, -34.865420649757461 ], [ 117.18335819151612, -34.865589229964343 ], [ 117.186536181160562, -34.866120790701466 ], [ 117.187154751257296, -34.866417290877308 ], [ 117.187562011367547, -34.866922231263459 ], [ 117.187669021433862, -34.867299631582448 ], [ 117.187662711524851, -34.867883462113099 ], [ 117.187485361649621, -34.868733332940515 ], [ 117.187168791802534, -34.869762094005736 ], [ 117.18668882194639, -34.8707072551029 ], [ 117.186330152015302, -34.87114815569668 ], [ 117.185902222076166, -34.871525806279969 ], [ 117.185411122122574, -34.871804576812167 ], [ 117.184836062203743, -34.871968377069152 ], [ 117.184150422418128, -34.872010856638518 ], [ 117.183633302565426, -34.871964816235085 ], [ 117.1830803927121, -34.871851385747298 ], [ 117.182220202921542, -34.871552634898357 ], [ 117.18, -34.870398759981647 ], [ 117.18, -34.843279835770105 ], [ 117.180731874441221, -34.843382183551753 ] ] ] ] } },
{ "type": "Feature", "properties": { "fid": 295, "CODE": "P_ng", "JNCODE": "si5011; P_ng", "fme_featur": "geology_surface_si5011" }, "geometry": { "type": "MultiPolygon", "coordinates": [ [ [ [ 117.714901760290445, -34.513381471167172 ], [ 117.714633650590855, -34.512596341695577 ], [ 117.714548540229828, -34.511693711654466 ], [ 117.714606599748549, -34.511270581352342 ], [ 117.714740609047752, -34.510881350842418 ], [ 117.715515005724043, -34.509683748239162 ], [ 117.71561583520969, -34.509414577866131 ], [ 117.715596765036906, -34.509084987818753 ], [ 117.71522347495187, -34.507266178319519 ], [ 117.715371573985394, -34.506576267681879 ], [ 117.715545253291964, -34.506391187130056 ], [ 117.715746602569453, -34.50629210652653 ], [ 117.716924518558017, -34.506020913094815 ], [ 117.717470186649251, -34.505828831487165 ], [ 117.718739621997301, -34.505106137675071 ], [ 117.719381769851609, -34.505027995832734 ], [ 117.720010127875014, -34.505116244075992 ], [ 117.720393006770649, -34.505301723040894 ], [ 117.721186044654189, -34.505904700951355 ], [ 117.721502073912418, -34.506274320150581 ], [ 117.721553533903062, -34.506479640058117 ], [ 117.721540264336369, -34.506989130229591 ], [ 117.721700314278863, -34.507588109929927 ], [ 117.722036463829994, -34.508412939183472 ], [ 117.722475612944351, -34.509094018100619 ], [ 117.722603782782798, -34.509416477815108 ], [ 117.722670363003203, -34.509975047765586 ], [ 117.722583223724513, -34.510544708160872 ], [ 117.722340914831051, -34.510973118968003 ], [ 117.721863816611332, -34.511305800429518 ], [ 117.72002272289491, -34.511848105889257 ], [ 117.719474774817556, -34.512084667538169 ], [ 117.718161399821199, -34.513204011658971 ], [ 117.71725569312305, -34.513793384460222 ], [ 117.714901760290445, -34.513381471167172 ] ] ] ] } },
{ "type": "Feature", "properties": { "fid": 297, "CODE": "P_gp", "JNCODE": "si5011; P_gp", "fme_featur": "geology_surface_si5011" }, "geometry": { "type": "MultiPolygon", "coordinates": [ [ [ [ 118.200243892980623, -34.973132640350791 ], [ 118.200859380789481, -34.972999189948247 ], [ 118.201993406513253, -34.972946048899082 ], [ 118.203045042283293, -34.973109437553241 ], [ 118.203694909465341, -34.973374366413765 ], [ 118.204975553633076, -34.974119573689137 ], [ 118.206711127808418, -34.974581204630638 ], [ 118.207590604389821, -34.974960834714153 ], [ 118.20843446042754, -34.975538574173541 ], [ 118.209720153200379, -34.976647742445564 ], [ 118.210972105986357, -34.977511870939992 ], [ 118.211206084181782, -34.977795110269682 ], [ 118.211325952641062, -34.978129009370456 ], [ 118.211352470567576, -34.978745127594927 ], [ 118.211280778514777, -34.979490245408854 ], [ 118.211031818035792, -34.980016633899773 ], [ 118.210027349960654, -34.981209153020089 ], [ 118.209595010500976, -34.981838902612552 ], [ 118.209416760379483, -34.982244752375536 ], [ 118.20933496987044, -34.982624922168789 ], [ 118.20937359812261, -34.983298841824002 ], [ 118.209598915754142, -34.983873221539127 ], [ 118.209918323392529, -34.984262091346302 ], [ 118.211356944336302, -34.985353170741604 ], [ 118.212082809337289, -34.986105760255057 ], [ 118.212772463732875, -34.98721144948707 ], [ 118.212987671634281, -34.987715569125882 ], [ 118.213032250837813, -34.987981528940047 ], [ 118.212969930617206, -34.988204048797279 ], [ 118.212720981225914, -34.98842805868172 ], [ 118.211530075549902, -34.988864038587089 ], [ 118.211112706846137, -34.989110008509272 ], [ 118.208794561837266, -34.991381007797088 ], [ 118.207961463144358, -34.992377317572618 ], [ 118.207334932229472, -34.993913807115298 ], [ 118.206806593054338, -34.994526947071869 ], [ 118.206183154613043, -34.995022957222119 ], [ 118.205124708241883, -34.995710798813079 ], [ 118.20394763890782, -34.996836091006919 ], [ 118.202290260425997, -34.997856302817766 ], [ 118.201879660569091, -34.998331373479928 ], [ 118.201729190341382, -34.998747424008791 ], [ 118.201448548808173, -35.000492106114216 ], [ 118.201382467594556, -35.001644457474555 ], [ 118.201466176888829, -35.002108808057237 ], [ 118.20166141612475, -35.002427918518222 ], [ 118.201997355041357, -35.002769059084443 ], [ 118.203739109906238, -35.003996351672036 ], [ 118.204401867660124, -35.004629293054791 ], [ 118.204758625974975, -35.005302504376402 ], [ 118.205165713423824, -35.006892457295876 ], [ 118.205409303250178, -35.007298748173859 ], [ 118.206267193696647, -35.008328630720733 ], [ 118.206375323707505, -35.008599011304973 ], [ 118.206364323521626, -35.008817071682124 ], [ 118.205808419295465, -35.011027703265569 ], [ 118.205568687922252, -35.011406633039705 ], [ 118.205244276569687, -35.011621572696043 ], [ 118.204673526316242, -35.011826382002717 ], [ 118.203920127965986, -35.011931931007624 ], [ 118.202892120499044, -35.011926159632488 ], [ 118.20261232101511, -35.012015879268461 ], [ 118.202458961092248, -35.012173259081123 ], [ 118.202203480392484, -35.012870448817544 ], [ 118.201628916332083, -35.015736658367231 ], [ 118.201331415656639, -35.016467628048645 ], [ 118.201001665340101, -35.017049657669588 ], [ 118.200405625230616, -35.017855976956078 ], [ 118.198998945672557, -35.019379205225484 ], [ 118.197925075445852, -35.020820413929201 ], [ 118.197018245843765, -35.021724112798232 ], [ 118.196032906516663, -35.022574871553076 ], [ 118.195621427030289, -35.022809171019929 ], [ 118.195137297837022, -35.022980670381848 ], [ 118.192877332326546, -35.023406257362886 ], [ 118.191798074193784, -35.023745715933224 ], [ 118.190950705325449, -35.024177434825589 ], [ 118.189743276098795, -35.025111013093543 ], [ 118.189351076395141, -35.02529248231194 ], [ 118.188959437101047, -35.025266841478611 ], [ 118.188583908050674, -35.02509002064042 ], [ 118.188097739592095, -35.024712329525627 ], [ 118.187794730877073, -35.024328148785642 ], [ 118.187577492878134, -35.023529738108451 ], [ 118.187493325487551, -35.022331337602225 ], [ 118.187614136443187, -35.021767857733764 ], [ 118.187764296669201, -35.021533518025961 ], [ 118.187969436668851, -35.021362918468036 ], [ 118.188308676325434, -35.021247039244663 ], [ 118.188661365620874, -35.021296440089678 ], [ 118.18963995218283, -35.022172132509205 ], [ 118.190254230338383, -35.022491963723397 ], [ 118.190815088961628, -35.022517454484863 ], [ 118.191034888663182, -35.022406714771854 ], [ 118.191109568723107, -35.022288254861735 ], [ 118.191064649500092, -35.021952314769102 ], [ 118.19027362389302, -35.02069451358134 ], [ 118.190139394836976, -35.020382913370995 ], [ 118.190104925469129, -35.020108463298769 ], [ 118.190261615749989, -35.019781833479769 ], [ 118.191191965133598, -35.018977874658638 ], [ 118.191594485040866, -35.018540785159416 ], [ 118.192000515314859, -35.017913465646032 ], [ 118.192161565835733, -35.017456655818712 ], [ 118.192215936873964, -35.016868145835097 ], [ 118.192120478479708, -35.016176055639967 ], [ 118.19182289093439, -35.015304075156351 ], [ 118.191656382915824, -35.014511824856996 ], [ 118.19152785371061, -35.014269794661537 ], [ 118.19132315451867, -35.014114364372226 ], [ 118.190935185536873, -35.014077523848748 ], [ 118.189071549022003, -35.014335309959961 ], [ 118.187333232213845, -35.014358965017649 ], [ 118.185350846297041, -35.01417457930085 ], [ 118.183783730082382, -35.013773854612339 ], [ 118.183329800772214, -35.013849143344139 ], [ 118.182238471932308, -35.014256310457128 ], [ 118.181507003138904, -35.014328508419872 ], [ 118.180631314988787, -35.014230295853665 ], [ 118.178761599349357, -35.013843650180895 ], [ 118.178176660536309, -35.013803878459555 ], [ 118.177859781026029, -35.013849977588691 ], [ 118.177657651190131, -35.013944307095827 ], [ 118.177527841090054, -35.01409492686669 ], [ 118.1775824702855, -35.014403267316432 ], [ 118.177783119460599, -35.014601678072722 ], [ 118.178442207405325, -35.014969270264942 ], [ 118.178743866288769, -35.015217161326504 ], [ 118.179074944673872, -35.015664372628272 ], [ 118.179341232754311, -35.016303303892293 ], [ 118.17945236138452, -35.016825184622753 ], [ 118.179421820842038, -35.017092304761277 ], [ 118.17920256072928, -35.017318934369108 ], [ 118.178871171084339, -35.017426083586358 ], [ 118.178348142348355, -35.017282592080086 ], [ 118.176728467310753, -35.016391046897795 ], [ 118.175656390070984, -35.016041963619386 ], [ 118.175222741579773, -35.015734432093176 ], [ 118.173849995612372, -35.014125218713048 ], [ 118.172507078096729, -35.013053356520473 ], [ 118.172296619014872, -35.012673785985228 ], [ 118.172297910231137, -35.012176985501291 ], [ 118.17240162063004, -35.012014425417789 ], [ 118.172580630889911, -35.011908405442448 ], [ 118.173145370934606, -35.011890835830641 ], [ 118.173825560357869, -35.012133766577094 ], [ 118.174880749023359, -35.012710247996097 ], [ 118.175506797897015, -35.012791449652319 ], [ 118.176120057026154, -35.012664561329998 ], [ 118.176555346750419, -35.012424762374238 ], [ 118.176783297048871, -35.012105452731852 ], [ 118.176771387652479, -35.011852452441232 ], [ 118.17644696912491, -35.011483361081815 ], [ 118.175467202214648, -35.010966287532064 ], [ 118.174681494411942, -35.01041227529177 ], [ 118.174133425468611, -35.009919784582443 ], [ 118.173650865608266, -35.009357755128555 ], [ 118.173262375727447, -35.008755745796186 ], [ 118.172745495886176, -35.007714907052623 ], [ 118.171529916116867, -35.004622601026703 ], [ 118.171676636171, -35.00431827156946 ], [ 118.172067446271441, -35.004080572145362 ], [ 118.174627316927371, -35.003461794477907 ], [ 118.174758166983182, -35.003353184710548 ], [ 118.174873137064438, -35.003130085104111 ], [ 118.174867597161906, -35.00272293570508 ], [ 118.174663307169624, -35.002458455987835 ], [ 118.174408787134951, -35.00229743609097 ], [ 118.173310876897048, -35.001863206154937 ], [ 118.173064306847252, -35.001704216262866 ], [ 118.172959506841366, -35.001529256470292 ], [ 118.172826786886887, -35.000931607298952 ], [ 118.17265497686985, -35.000624527671654 ], [ 118.172439486816089, -35.000436377843634 ], [ 118.171690856572624, -35.000070938010921 ], [ 118.171401256478418, -34.999844718205885 ], [ 118.171193546416376, -34.999549708548159 ], [ 118.170641066241487, -34.998368290069799 ], [ 118.169898655904902, -34.997281821366897 ], [ 118.169218805535081, -34.996499212241943 ], [ 118.167455884499404, -34.994767134115939 ], [ 118.168431865244955, -34.9946328247743 ], [ 118.170102666403182, -34.994643935506836 ], [ 118.171869818159152, -34.994266296857312 ], [ 118.17269185893592, -34.994177297343271 ], [ 118.175286509559726, -34.994550018355902 ], [ 118.177183275334414, -34.995011661300566 ], [ 118.178174943598094, -34.995035383139374 ], [ 118.178812452686174, -34.99491791448834 ], [ 118.179474922786483, -34.994478296310845 ], [ 118.180027773648106, -34.993873538138025 ], [ 118.180218944560565, -34.993466819026096 ], [ 118.180251076304685, -34.992864809871158 ], [ 118.180089428492749, -34.992197140442286 ], [ 118.179614342893771, -34.990866141305894 ], [ 118.178522037268934, -34.989638450918108 ], [ 118.178148909240292, -34.98899351109052 ], [ 118.177954511585654, -34.988130341881785 ], [ 118.178002952652122, -34.987706282532116 ], [ 118.178136343162194, -34.987487143063774 ], [ 118.178423253424967, -34.987344143771253 ], [ 118.178721003388247, -34.987316014345851 ], [ 118.179574562599768, -34.987480335671037 ], [ 118.180661650769835, -34.98793667704166 ], [ 118.182631806068983, -34.98903807919946 ], [ 118.183192514999845, -34.989234309970882 ], [ 118.183582634726605, -34.98923255068464 ], [ 118.183959554917408, -34.989105881532716 ], [ 118.184301615528895, -34.98887641244616 ], [ 118.184622526790875, -34.988484663524304 ], [ 118.184735978215599, -34.988089884227577 ], [ 118.184696099482196, -34.987759294571809 ], [ 118.184499600810582, -34.987427414635079 ], [ 118.184189421928622, -34.98715671441731 ], [ 118.183328563715975, -34.986734083403171 ], [ 118.181151556423288, -34.986058420361523 ], [ 118.180879246915993, -34.985912050063455 ], [ 118.180667777570065, -34.985706119952454 ], [ 118.180125750906129, -34.98459243043655 ], [ 118.179577525015702, -34.983131601376797 ], [ 118.17909327623785, -34.982624971189459 ], [ 118.177900737945649, -34.981740540266721 ], [ 118.177438169116073, -34.981151110242614 ], [ 118.177027240613242, -34.980402840525926 ], [ 118.176792791945942, -34.979768210978321 ], [ 118.176589524161699, -34.978827131934793 ], [ 118.176751145365884, -34.978404522795302 ], [ 118.177132366579059, -34.978037723944567 ], [ 118.177728077788245, -34.977723365373897 ], [ 118.178469318884098, -34.977483186936603 ], [ 118.179175949669911, -34.977352638287535 ], [ 118.179861440162497, -34.977339249445848 ], [ 118.180810680321912, -34.977564020737411 ], [ 118.18268597967095, -34.978566812632778 ], [ 118.183760329691367, -34.979018643910059 ], [ 118.184461930151286, -34.97909128502166 ], [ 118.185644681556766, -34.978847517324724 ], [ 118.186216911823408, -34.978974838153754 ], [ 118.186450651744906, -34.97914811835583 ], [ 118.186598511527166, -34.979367798360194 ], [ 118.187588182162514, -34.982161306696767 ], [ 118.188672463562867, -34.984213436093739 ], [ 118.189094401374248, -34.984710626237593 ], [ 118.189622429518096, -34.985120266680951 ], [ 118.190140498009981, -34.985358356945028 ], [ 118.190593806550993, -34.985377926429784 ], [ 118.190922206152621, -34.985248656222737 ], [ 118.191330646288094, -34.984944196120537 ], [ 118.191545456792824, -34.984684026172609 ], [ 118.191647957741367, -34.984400176372546 ], [ 118.191552566765608, -34.982454678653667 ], [ 118.191359712237826, -34.981389960096763 ], [ 118.190913426579968, -34.980795071372086 ], [ 118.188918074039933, -34.979003972730688 ], [ 118.188125884586341, -34.978148012313326 ], [ 118.187935334927445, -34.977809762363314 ], [ 118.187836515338788, -34.97747534256532 ], [ 118.187650377449344, -34.975942983947043 ], [ 118.187533007990609, -34.97553256421039 ], [ 118.187180188496129, -34.975081204143713 ], [ 118.185604560289647, -34.973575143356257 ], [ 118.185372500860893, -34.9731945634352 ], [ 118.18539986128765, -34.972945243767555 ], [ 118.185601031597315, -34.972788054261414 ], [ 118.185952971784928, -34.972721494882094 ], [ 118.187937092066079, -34.97282752783083 ], [ 118.188524612041988, -34.972942758615403 ], [ 118.18952938188535, -34.973254659843938 ], [ 118.190985037902905, -34.973565459258722 ], [ 118.191598745284509, -34.973783468374641 ], [ 118.192228792285619, -34.974259437156448 ], [ 118.19350336585309, -34.975517724221589 ], [ 118.195609634501267, -34.978175188186839 ], [ 118.196369491003168, -34.978647916536232 ], [ 118.196846608996353, -34.97879099569888 ], [ 118.197356116965494, -34.978852924928894 ], [ 118.198211393762264, -34.978790293879364 ], [ 118.198835111628213, -34.978581633369423 ], [ 118.199423859890572, -34.978161393253551 ], [ 118.19963793952175, -34.977796573555196 ], [ 118.199632449769339, -34.977613753852658 ], [ 118.199467840764896, -34.977319534525854 ], [ 118.199012223044861, -34.97688921576399 ], [ 118.198027187760161, -34.97613015810856 ], [ 118.197792479005656, -34.975850538801325 ], [ 118.197636540016504, -34.975516409476306 ], [ 118.197657560526508, -34.975038920157218 ], [ 118.198460849031861, -34.973759971202952 ], [ 118.200243892980623, -34.973132640350791 ] ] ] ] } },
{ "type": "Feature", "properties": { "fid": 299, "CODE": "P_ns", "JNCODE": "si5011; P_ns", "fme_featur": "geology_surface_si5011" }, "geometry": { "type": "MultiPolygon", "coordinates": [ [ [ [ 117.692085607136221, -34.521716728108558 ], [ 117.69132232078455, -34.522298592279149 ], [ 117.690722983547943, -34.522557085440731 ], [ 117.689871677323367, -34.522688609759697 ], [ 117.689927716726146, -34.522239719064622 ], [ 117.69016017530312, -34.521689787425167 ], [ 117.690533613363797, -34.521219125202038 ], [ 117.691003711115954, -34.520847602633381 ], [ 117.691657208173552, -34.520542409279138 ], [ 117.692296845433603, -34.520424596160751 ], [ 117.692825723271781, -34.520490403701451 ], [ 117.69314312207905, -34.520720342343708 ], [ 117.692085607136221, -34.521716728108558 ] ] ] ] } },
{ "type": "Feature", "properties": { "fid": 301, "CODE": "P_ns", "JNCODE": "si5011; P_ns", "fme_featur": "geology_surface_si5011" }, "geometry": { "type": "MultiPolygon", "coordinates": [ [ [ [ 117.669129623077865, -34.522494812220202 ], [ 117.668624013825863, -34.522353622487799 ], [ 117.668461304214389, -34.522152952143571 ], [ 117.668320484751476, -34.521777731283528 ], [ 117.668290375135442, -34.521416460320005 ], [ 117.668355295323735, -34.521113379403417 ], [ 117.668498665341218, -34.520852658515288 ], [ 117.668781805158275, -34.520540837333648 ], [ 117.669131364791028, -34.520273316211565 ], [ 117.669526914253083, -34.520079685251261 ], [ 117.670011443471637, -34.519976754445153 ], [ 117.67066667232595, -34.519960983686332 ], [ 117.672663158800233, -34.520149171956845 ], [ 117.673218517859198, -34.520350941820745 ], [ 117.673532097393092, -34.520770802456418 ], [ 117.673552457394834, -34.520999052970026 ], [ 117.673420787635351, -34.521300643837883 ], [ 117.67310956811464, -34.521605984940948 ], [ 117.67271914866383, -34.521813685921728 ], [ 117.670005252011222, -34.522470861022619 ], [ 117.669129623077865, -34.522494812220202 ] ] ] ] } },
{ "type": "Feature", "properties": { "fid": 315, "CODE": "P_ng", "JNCODE": "si5011; P_ng", "fme_featur": "geology_surface_si5011" }, "geometry": { "type": "MultiPolygon", "coordinates": [ [ [ [ 117.71487652351307, -34.50362441815895 ], [ 117.713638537474921, -34.503509261616514 ], [ 117.712599760698538, -34.503261484465334 ], [ 117.712327721476569, -34.503097775177551 ], [ 117.71213562196553, -34.502892345649741 ], [ 117.712010072201437, -34.502633505915782 ], [ 117.712023042004475, -34.502404745801698 ], [ 117.712328610767031, -34.502056644825046 ], [ 117.712804429075248, -34.5018643734238 ], [ 117.714179264419954, -34.501657549495334 ], [ 117.716048668159203, -34.501485484194404 ], [ 117.717622312948819, -34.501429249762232 ], [ 117.718772349208379, -34.501480616550317 ], [ 117.719210017860689, -34.501601655356225 ], [ 117.719476857234142, -34.501936184700511 ], [ 117.719464507551436, -34.502306944838743 ], [ 117.719235718609056, -34.502720545598386 ], [ 117.718799110393633, -34.503200896964508 ], [ 117.718404221843443, -34.503416738140075 ], [ 117.717853363723052, -34.503526439726357 ], [ 117.716839987091177, -34.503608022610962 ], [ 117.71487652351307, -34.50362441815895 ] ] ] ] } },
{ "type": "Feature", "properties": { "fid": 316, "CODE": "P_ng", "JNCODE": "si5011; P_ng", "fme_featur": "geology_surface_si5011" }, "geometry": { "type": "MultiPolygon", "coordinates": [ [ [ [ 117.71054769967914, -34.506698781457288 ], [ 117.709141783909089, -34.506367155065476 ], [ 117.70879959484671, -34.506164275845236 ], [ 117.708489605622347, -34.505861616493398 ], [ 117.708239846114395, -34.505404196912309 ], [ 117.708187355963801, -34.504904786816219 ], [ 117.708337735198114, -34.504440796241596 ], [ 117.708607004164335, -34.504147775462762 ], [ 117.708885803188608, -34.503995864728196 ], [ 117.709188072188113, -34.503922253973165 ], [ 117.70974656048395, -34.504010072667093 ], [ 117.710935427075896, -34.504671459648939 ], [ 117.712023983870353, -34.505170876735811 ], [ 117.712341862996851, -34.505405935913451 ], [ 117.712578822427545, -34.505700065339397 ], [ 117.712613652425333, -34.505862635294818 ], [ 117.712548082741094, -34.506014095531683 ], [ 117.712001614778885, -34.506408177218404 ], [ 117.711240697430426, -34.5066886994803 ], [ 117.71054769967914, -34.506698781457288 ] ] ] ] } },
{ "type": "Feature", "properties": { "fid": 444, "CODE": "P_ns", "JNCODE": "si5011; P_ns", "fme_featur": "geology_surface_si5011" }, "geometry": { "type": "MultiPolygon", "coordinates": [ [ [ [ 118.049574978240841, -34.507853960086258 ], [ 118.0494229163466, -34.508185169138564 ], [ 118.049100454183701, -34.508487787010118 ], [ 118.048700692497391, -34.508648354307304 ], [ 118.047310818600238, -34.508784084791998 ], [ 118.044176311578369, -34.508717863270455 ], [ 118.044522569797564, -34.507213765720678 ], [ 118.044758841730996, -34.506929007329198 ], [ 118.045111113256866, -34.50677889970838 ], [ 118.04644482720019, -34.506580258682028 ], [ 118.047660989707168, -34.506622746869105 ], [ 118.048585790829662, -34.506822253134438 ], [ 118.049652170902021, -34.507320150462995 ], [ 118.049574978240841, -34.507853960086258 ] ] ] ] } },
{ "type": "Feature", "properties": { "fid": 445, "CODE": "P_ns", "JNCODE": "si5011; P_ns", "fme_featur": "geology_surface_si5011" }, "geometry": { "type": "MultiPolygon", "coordinates": [ [ [ [ 118.060377271033204, -34.506660642713086 ], [ 118.065640865901173, -34.506284259653839 ], [ 118.065968366772168, -34.50637183876384 ], [ 118.066278167629022, -34.506568257812646 ], [ 118.066586478550377, -34.506855606763274 ], [ 118.066745079084868, -34.507117556104333 ], [ 118.066697479071536, -34.507595115771785 ], [ 118.066351348085433, -34.508467275901403 ], [ 118.066049147022909, -34.508810326444596 ], [ 118.065512264963786, -34.509261147604676 ], [ 118.064232589434567, -34.510118950768451 ], [ 118.063530766188293, -34.51043108271309 ], [ 118.062543001701542, -34.510597065658061 ], [ 118.060735053446237, -34.510760431184309 ], [ 118.059612578481634, -34.51075222465542 ], [ 118.058029592310092, -34.510482799491207 ], [ 118.056850378713534, -34.510067482938744 ], [ 118.056381308098963, -34.509717164192601 ], [ 118.056134028816217, -34.509280434717361 ], [ 118.056120751066757, -34.508694454479603 ], [ 118.056294226701809, -34.507396973410458 ], [ 118.060377271033204, -34.506660642713086 ] ] ] ] } },
{ "type": "Feature", "properties": { "fid": 451, "CODE": "P_ns", "JNCODE": "si5011; P_ns", "fme_featur": "geology_surface_si5011" }, "geometry": { "type": "MultiPolygon", "coordinates": [ [ [ [ 118.046167374617738, -34.477583029628043 ], [ 118.045797944489863, -34.477512797549942 ], [ 118.045382684904027, -34.477340735293872 ], [ 118.044525507349789, -34.476725460923738 ], [ 118.044205580063661, -34.476199799600217 ], [ 118.044151322254621, -34.475823919646281 ], [ 118.044234624793646, -34.475421140477117 ], [ 118.044454126951706, -34.475110611957142 ], [ 118.044750098496735, -34.47491744373302 ], [ 118.045133679522181, -34.474829035882813 ], [ 118.045627010160857, -34.474828908550876 ], [ 118.047416411056588, -34.475072718103704 ], [ 118.047986730077866, -34.475371231075577 ], [ 118.048524587683431, -34.475912453822858 ], [ 118.048557126377645, -34.476147593917922 ], [ 118.048316333984118, -34.47650564243385 ], [ 118.047607589410916, -34.477122428149158 ], [ 118.047083536763765, -34.477446424981871 ], [ 118.046622865335735, -34.47757493225722 ], [ 118.046167374617738, -34.477583029628043 ] ] ] ] } },
{ "type": "Feature", "properties": { "fid": 543, "CODE": "Agp", "JNCODE": "si5011; Agp", "fme_featur": "geology_surface_si5011" }, "geometry": { "type": "MultiPolygon", "coordinates": [ [ [ [ 117.579942236501765, -34.319411083535336 ], [ 117.578929007677601, -34.319219205563421 ], [ 117.578166669183091, -34.318964957060764 ], [ 117.577699651015706, -34.318650267943461 ], [ 117.577452333587246, -34.318207108360056 ], [ 117.577370988788417, -34.31731367837309 ], [ 117.577522701703941, -34.315112277753379 ], [ 117.577215530472927, -34.313577878024219 ], [ 117.577130896337096, -34.312557577982567 ], [ 117.577277949382434, -34.312054747666494 ], [ 117.577465280552573, -34.311882197350428 ], [ 117.577725501450189, -34.311768556935753 ], [ 117.578144662189786, -34.311707256289367 ], [ 117.578652822507067, -34.311731055517917 ], [ 117.579009542391475, -34.311803594978748 ], [ 117.579271951813482, -34.311937634583217 ], [ 117.579582530131532, -34.312258084112578 ], [ 117.580009635439424, -34.313079313442124 ], [ 117.580376143391263, -34.313453792841017 ], [ 117.581752908446717, -34.314381810483077 ], [ 117.582854396815037, -34.314732188552981 ], [ 117.58341015524482, -34.31501749753614 ], [ 117.583829982684193, -34.315437196703449 ], [ 117.584155908325229, -34.316115265945896 ], [ 117.58428024399629, -34.316771995538382 ], [ 117.584236859879042, -34.3173884854479 ], [ 117.584026376014194, -34.317964155693112 ], [ 117.583680223264366, -34.318373326259504 ], [ 117.582925020001625, -34.318863197635572 ], [ 117.582338468390773, -34.3191096187577 ], [ 117.580903166671106, -34.319380861602554 ], [ 117.579942236501765, -34.319411083535336 ] ] ] ] } },
{ "type": "Feature", "properties": { "fid": 564, "CODE": "P_ns", "JNCODE": "si5011; P_ns", "fme_featur": "geology_surface_si5011" }, "geometry": { "type": "MultiPolygon", "coordinates": [ [ [ [ 118.195512253876601, -34.689431849424246 ], [ 118.194963852051146, -34.689364788198972 ], [ 118.194679210895586, -34.689188397676169 ], [ 118.194461399820383, -34.68892387737997 ], [ 118.194319738755937, -34.688503927385732 ], [ 118.194311488151882, -34.688110947681032 ], [ 118.194395067903031, -34.687762018154629 ], [ 118.194533058018521, -34.687543418650435 ], [ 118.194775468489397, -34.687341379375475 ], [ 118.195160869446852, -34.687161570414993 ], [ 118.196067562120803, -34.687024782631369 ], [ 118.19717981580871, -34.68713683512771 ], [ 118.197497037029009, -34.687285735747466 ], [ 118.197819698417803, -34.687540206297037 ], [ 118.198173370119221, -34.687944716801006 ], [ 118.198332631063067, -34.688251236930341 ], [ 118.198358821513864, -34.68850735678982 ], [ 118.198244521521588, -34.688763826321612 ], [ 118.198023861099955, -34.688954585657264 ], [ 118.197681110234001, -34.689103674740871 ], [ 118.197053488535829, -34.689297193124872 ], [ 118.196436736738903, -34.689397941606998 ], [ 118.195512253876601, -34.689431849424246 ] ] ] ] } },
{ "type": "Feature", "properties": { "fid": 579, "CODE": "Agp", "JNCODE": "si5011; Agp", "fme_featur": "geology_surface_si5011" }, "geometry": { "type": "MultiPolygon", "coordinates": [ [ [ [ 117.476229835666331, -34.327400120638728 ], [ 117.475898767487834, -34.327591220315064 ], [ 117.47551964837217, -34.32757988024381 ], [ 117.475268268497075, -34.327484810311148 ], [ 117.474778918784779, -34.32730948043028 ], [ 117.474561969223217, -34.327290880405862 ], [ 117.474137760736639, -34.327377960196046 ], [ 117.47245035025442, -34.328363578507819 ], [ 117.471507404796313, -34.328758457762426 ], [ 117.470757467180334, -34.328844227471514 ], [ 117.470359457892897, -34.328789157451737 ], [ 117.470032057971892, -34.328652547558256 ], [ 117.469829187398005, -34.32844874775337 ], [ 117.469712916126923, -34.328161718095124 ], [ 117.469429537740297, -34.326510930239039 ], [ 117.469413478023824, -34.32475331263651 ], [ 117.469477775203245, -34.324276143304367 ], [ 117.46959837332642, -34.323995593714862 ], [ 117.469991960293186, -34.323636244288387 ], [ 117.470518587444161, -34.323339004792295 ], [ 117.471212884266563, -34.323046715319968 ], [ 117.471990601284276, -34.322820865772762 ], [ 117.473226337718174, -34.32267333620792 ], [ 117.473801136593025, -34.322703356279511 ], [ 117.474293786224138, -34.322841356193571 ], [ 117.474527516991813, -34.323084955919192 ], [ 117.474605868610112, -34.323423545490307 ], [ 117.474554841191178, -34.323888244870254 ], [ 117.474244717003927, -34.324846733547751 ], [ 117.474258239029282, -34.325233413042191 ], [ 117.474370170611749, -34.325581082609027 ], [ 117.474678171797279, -34.325943572199193 ], [ 117.475966832469481, -34.326664421537977 ], [ 117.476226413035164, -34.326894301296157 ], [ 117.476346253855127, -34.327108041044852 ], [ 117.476229835666331, -34.327400120638728 ] ] ] ] } },
{ "type": "Feature", "properties": { "fid": 602, "CODE": "P_gp", "JNCODE": "si5011; P_gp", "fme_featur": "geology_surface_si5011" }, "geometry": { "type": "MultiPolygon", "coordinates": [ [ [ [ 118.410158282594608, -34.893157046891851 ], [ 118.411913991971815, -34.893340729309784 ], [ 118.413974291242837, -34.89416203240458 ], [ 118.414444621099406, -34.894279943076647 ], [ 118.414856350979377, -34.894302563629573 ], [ 118.415443660642026, -34.894164562562914 ], [ 118.416162850382904, -34.893602840238081 ], [ 118.41689920017771, -34.893372817984179 ], [ 118.418020079809935, -34.893289354684796 ], [ 118.420401998708613, -34.893397467900201 ], [ 118.42088344866842, -34.89331916642606 ], [ 118.421122498911018, -34.893160915556692 ], [ 118.421257829463158, -34.892885114848326 ], [ 118.421231420289629, -34.89250475449338 ], [ 118.421050591940684, -34.891725504162984 ], [ 118.424317181551217, -34.892010544545741 ], [ 118.426162996847566, -34.893260471056323 ], [ 118.426525635517578, -34.89356102052836 ], [ 118.426767524067429, -34.893889690416785 ], [ 118.426821052921369, -34.894162690749944 ], [ 118.426795109274806, -34.895061902415904 ], [ 118.426890886934018, -34.895608663132684 ], [ 118.427039865388195, -34.895938173333768 ], [ 118.427754380119609, -34.896924683336643 ], [ 118.427930736858514, -34.897590404164958 ], [ 118.427912535316239, -34.897943784879963 ], [ 118.427748343473425, -34.898436206194326 ], [ 118.427559882706902, -34.898706367131659 ], [ 118.427316362366511, -34.898914898068291 ], [ 118.426680062896935, -34.899148849914006 ], [ 118.424493967665484, -34.899293225001166 ], [ 118.419220219041222, -34.900341437612475 ], [ 118.416237057060286, -34.901173794323789 ], [ 118.413929690819984, -34.90166636562919 ], [ 118.413630920812125, -34.901651175248247 ], [ 118.41347765081332, -34.901578235024019 ], [ 118.412599640884423, -34.900766543558561 ], [ 118.41213331093023, -34.90046161283226 ], [ 118.411740710953438, -34.900366912292967 ], [ 118.4111649509599, -34.900416461587817 ], [ 118.410676870941941, -34.900565581040553 ], [ 118.410357250900887, -34.900785310740304 ], [ 118.409447830501207, -34.902396670364098 ], [ 118.409079490373855, -34.902786830093056 ], [ 118.408757300314576, -34.902906689750736 ], [ 118.407954090221992, -34.902986298792733 ], [ 118.40734689009507, -34.903201378146228 ], [ 118.406177839768532, -34.903742806972886 ], [ 118.404421329401444, -34.904074474979161 ], [ 118.403979149231446, -34.904300194553954 ], [ 118.403846839093362, -34.904540134518172 ], [ 118.403900268912764, -34.904922794785861 ], [ 118.404866568773883, -34.906264456629593 ], [ 118.405213418687268, -34.906919997377358 ], [ 118.405440718563582, -34.907643828012837 ], [ 118.405742428276014, -34.909138499120871 ], [ 118.405930738193661, -34.909621579591111 ], [ 118.406313098132514, -34.910116900306818 ], [ 118.407420338041277, -34.911113712165879 ], [ 118.407656677978878, -34.911496002647475 ], [ 118.407714457887977, -34.911903842921539 ], [ 118.407545517754457, -34.912382392950597 ], [ 118.407138277570212, -34.91297284274011 ], [ 118.404623376724004, -34.915673470956115 ], [ 118.403897316523711, -34.916343340382724 ], [ 118.403479846430486, -34.916639180008453 ], [ 118.403087596367115, -34.916805669601835 ], [ 118.402619256314964, -34.916892599061661 ], [ 118.401161256190733, -34.916979157289475 ], [ 118.399313895427298, -34.916989853716579 ], [ 118.397972844151539, -34.916925449563145 ], [ 118.397482673746396, -34.916789828013044 ], [ 118.396771183386477, -34.91625420569013 ], [ 118.396108013299397, -34.915514133519288 ], [ 118.395857573467865, -34.914993712668505 ], [ 118.395545634143446, -34.913779431531971 ], [ 118.395274394303925, -34.913374920690501 ], [ 118.394889064291846, -34.913149349567767 ], [ 118.394568344129794, -34.913156848664364 ], [ 118.394201333815943, -34.913305467642544 ], [ 118.393584352681316, -34.914137065934767 ], [ 118.393318862284943, -34.91436610517485 ], [ 118.393098442048526, -34.914456994536316 ], [ 118.392740361825076, -34.914448253494974 ], [ 118.391091171189032, -34.914114598740781 ], [ 118.390635501131058, -34.913954137450887 ], [ 118.390489201284069, -34.913781347058823 ], [ 118.390455711574432, -34.913558157000175 ], [ 118.390623722398075, -34.91302091756193 ], [ 118.391050403171221, -34.912583798816442 ], [ 118.392187474408615, -34.911926032010719 ], [ 118.392609764961264, -34.911554923173711 ], [ 118.392791215333759, -34.911260333667997 ], [ 118.392919205775272, -34.910878554012015 ], [ 118.392919436072802, -34.910601514012491 ], [ 118.392793206358519, -34.910320643680585 ], [ 118.392410336744263, -34.909939292687646 ], [ 118.390994527894605, -34.908982719129412 ], [ 118.390736498403939, -34.90861388852953 ], [ 118.390104920357388, -34.907288347196321 ], [ 118.389757771076475, -34.906861556447303 ], [ 118.389261981861907, -34.906451365363161 ], [ 118.387999243542282, -34.905732492618206 ], [ 118.385694525770845, -34.904602117769294 ], [ 118.384298135591465, -34.903981215609697 ], [ 118.382768815191298, -34.903405864044466 ], [ 118.381064614974008, -34.902927762297615 ], [ 118.379232004934295, -34.902575130396045 ], [ 118.376315185096885, -34.902201877342677 ], [ 118.37489448524407, -34.902100175826192 ], [ 118.373880075387959, -34.902177344632413 ], [ 118.372955895530154, -34.90239774341623 ], [ 118.372305855629705, -34.902714662414176 ], [ 118.371207795746855, -34.903511180452774 ], [ 118.370651805767523, -34.90372301960835 ], [ 118.370165585784846, -34.903637719114094 ], [ 118.369082307099831, -34.902812178811189 ], [ 118.368696087627583, -34.902676968571548 ], [ 118.368280168192925, -34.902627608221856 ], [ 118.367691778995066, -34.90269360759244 ], [ 118.366520690619893, -34.903061926085542 ], [ 118.365905731477639, -34.903175225368678 ], [ 118.363599764666233, -34.903208743085969 ], [ 118.362845965726677, -34.903296532249911 ], [ 118.36224344660647, -34.903484201440733 ], [ 118.361395597931192, -34.904010939975144 ], [ 118.361119058347697, -34.904102489588212 ], [ 118.359687070299273, -34.903882768428687 ], [ 118.35851508191638, -34.903800687368204 ], [ 118.358030502554527, -34.9036963470232 ], [ 118.357550783133959, -34.903477616836916 ], [ 118.356215724518691, -34.902472876890599 ], [ 118.355449335325687, -34.902011766798623 ], [ 118.352931478163427, -34.900919386201572 ], [ 118.350254870760054, -34.899487636208683 ], [ 118.349086341941316, -34.899057785977739 ], [ 118.348332772779429, -34.898904135647285 ], [ 118.347696263543099, -34.898851105249264 ], [ 118.34705936439299, -34.898901954682366 ], [ 118.346606705166835, -34.899130673959327 ], [ 118.346432145651491, -34.899427753331729 ], [ 118.345981987421268, -34.900749570767481 ], [ 118.345757497985787, -34.901037930098781 ], [ 118.345518748438394, -34.901177449665681 ], [ 118.3452644988174, -34.901211689396305 ], [ 118.344963539152104, -34.901130489284562 ], [ 118.343187250661856, -34.900235099388844 ], [ 118.342712041156005, -34.900104529239847 ], [ 118.34220858178405, -34.900070288899627 ], [ 118.341674622591796, -34.900166258300651 ], [ 118.34131137324087, -34.900320107730238 ], [ 118.340779734361973, -34.900690356622718 ], [ 118.339854076457812, -34.901546254476472 ], [ 118.339598756744422, -34.90169036433236 ], [ 118.339366596882712, -34.901715104398725 ], [ 118.33915036687911, -34.901620574672414 ], [ 118.338842296657702, -34.901288905406275 ], [ 118.337876265470484, -34.899747208461463 ], [ 118.337512045301438, -34.899401869160798 ], [ 118.336874225238176, -34.899000180010006 ], [ 118.335869905317779, -34.898508921050464 ], [ 118.3349422355288, -34.89816445178414 ], [ 118.3339391559429, -34.897963112283094 ], [ 118.332008196972765, -34.897797312878616 ], [ 118.331755457069988, -34.897729823009932 ], [ 118.331521617077811, -34.897569483249171 ], [ 118.331362936811303, -34.897136983800941 ], [ 118.331309186208884, -34.896381364722266 ], [ 118.331468515442083, -34.895602195660736 ], [ 118.332113033631842, -34.894036267633474 ], [ 118.332099863316046, -34.893662208106782 ], [ 118.331884043381677, -34.893547918223639 ], [ 118.331635113640147, -34.893627468093122 ], [ 118.331231874166136, -34.893887867729617 ], [ 118.330720634983408, -34.894413877063144 ], [ 118.330409535695466, -34.895010646361335 ], [ 118.329792077570303, -34.896829924354797 ], [ 118.329551838037986, -34.89723001395123 ], [ 118.329219878522522, -34.897586603623935 ], [ 118.328404929398175, -34.898086533268049 ], [ 118.324622762906898, -34.899738502569157 ], [ 118.323204444995852, -34.900464711314093 ], [ 118.322759555741584, -34.900810990819906 ], [ 118.322475336311783, -34.901163670397779 ], [ 118.322030647602588, -34.90227665928353 ], [ 118.321830658077587, -34.902614418906388 ], [ 118.321565008584869, -34.902880078548414 ], [ 118.321239739098672, -34.903047888234042 ], [ 118.320863279611572, -34.903124237963866 ], [ 118.319626761162226, -34.903183137230009 ], [ 118.31776993372786, -34.903559765870497 ], [ 118.31643147549039, -34.903700694991748 ], [ 118.3135999486081, -34.903289063786524 ], [ 118.310228392044024, -34.902596422615375 ], [ 118.308796533733329, -34.90245186198559 ], [ 118.307677345154914, -34.90242600140401 ], [ 118.306711516481158, -34.902501170804236 ], [ 118.306004527588058, -34.902687810234724 ], [ 118.305545228481776, -34.902976819699099 ], [ 118.304775750264227, -34.903730368539492 ], [ 118.303849311895235, -34.904133467648556 ], [ 118.302487363518864, -34.903984097069525 ], [ 118.300660955389574, -34.903503996557639 ], [ 118.300344955779337, -34.90348367640776 ], [ 118.300136376127057, -34.903554026228626 ], [ 118.29996233658018, -34.903763305935264 ], [ 118.299904996918116, -34.904006515672094 ], [ 118.29993987722024, -34.904327955383394 ], [ 118.300109817412363, -34.904711975105933 ], [ 118.300611567301203, -34.905274114968101 ], [ 118.302016396421237, -34.906385365174089 ], [ 118.302716186089569, -34.907066435218368 ], [ 118.303041966160407, -34.907644045114999 ], [ 118.303038446670101, -34.908225154835172 ], [ 118.302914727221477, -34.908670484555969 ], [ 118.302238278878505, -34.909539703776716 ], [ 118.302105559636232, -34.910205633385488 ], [ 118.301950700003346, -34.910389273213802 ], [ 118.30125696128637, -34.910796592643379 ], [ 118.3003380428691, -34.911199431952134 ], [ 118.298832485258885, -34.911622820931342 ], [ 118.297353367389348, -34.911789380048084 ], [ 118.295316340162884, -34.911836608920403 ], [ 118.294133621936254, -34.91200457825439 ], [ 118.293908572180854, -34.911930918184297 ], [ 118.293183852684081, -34.911380088116132 ], [ 118.292549553238786, -34.911026477993353 ], [ 118.292046373778376, -34.910856687840997 ], [ 118.29148823448719, -34.91079019761073 ], [ 118.291094125124957, -34.910893797372189 ], [ 118.290209546774832, -34.911364016715268 ], [ 118.289827217389231, -34.911458486486111 ], [ 118.289455677900278, -34.911456536311043 ], [ 118.288229879393228, -34.911240345840866 ], [ 118.287115470933671, -34.911243335311802 ], [ 118.282728067749147, -34.91205193281035 ], [ 118.28132510985688, -34.912229122050093 ], [ 118.280357281214862, -34.912249321579033 ], [ 118.279947371731282, -34.912162431535798 ], [ 118.27883941334207, -34.911646423062457 ], [ 118.277584915294128, -34.911182844601683 ], [ 118.271790714962279, -34.909588110199721 ], [ 118.270693556752704, -34.909206990977104 ], [ 118.269372448813186, -34.908614871692834 ], [ 118.268544440253592, -34.908415522185244 ], [ 118.26755966206656, -34.908297222828658 ], [ 118.266795303562134, -34.908315043418241 ], [ 118.265914905398446, -34.908482584261947 ], [ 118.264608347722998, -34.908899294671762 ], [ 118.264104378085278, -34.908956213758003 ], [ 118.262067609159047, -34.908652409400482 ], [ 118.261265929672078, -34.908653877833245 ], [ 118.260617000164231, -34.908767406711846 ], [ 118.259735600922141, -34.909062245382415 ], [ 118.257755132808029, -34.910070462923215 ], [ 118.257304593332449, -34.910470012615882 ], [ 118.255424325756394, -34.912659822188751 ], [ 118.255089066271353, -34.913220172382005 ], [ 118.254976766566244, -34.913622072760923 ], [ 118.25518295823413, -34.916676667571728 ], [ 118.255103218685861, -34.917386588464055 ], [ 118.254864978977068, -34.91769438850087 ], [ 118.254636959099301, -34.917720178145828 ], [ 118.25437562918178, -34.917648887590644 ], [ 118.253723989279635, -34.917271675905205 ], [ 118.25325932928736, -34.916879114509968 ], [ 118.252391819208199, -34.915935731559223 ], [ 118.252053139244282, -34.915679480567469 ], [ 118.251558419425876, -34.915543819479453 ], [ 118.250730179839735, -34.915525187976911 ], [ 118.250019700245446, -34.915612246850664 ], [ 118.249377470431895, -34.915835965878557 ], [ 118.247991630916772, -34.916982935072461 ], [ 118.246888161019001, -34.917578094061334 ], [ 118.245112080908925, -34.918027651656082 ], [ 118.243622380726237, -34.918189809283064 ], [ 118.243337630696175, -34.918164528706484 ], [ 118.243087310688679, -34.918058338003924 ], [ 118.242833570718147, -34.917816126970827 ], [ 118.242665680772745, -34.917544716017886 ], [ 118.242371260996151, -34.916694823429559 ], [ 118.241863361747136, -34.914488647031455 ], [ 118.241578112002401, -34.913981885146505 ], [ 118.241293802202989, -34.913688553767869 ], [ 118.240690872579947, -34.913296811377343 ], [ 118.239573773236373, -34.912868167614683 ], [ 118.238174594032742, -34.912560813409797 ], [ 118.237308944420519, -34.912557651309797 ], [ 118.236506395326657, -34.911929577481168 ], [ 118.235915175875462, -34.911663675197175 ], [ 118.234520836965672, -34.911429460987684 ], [ 118.232940728226964, -34.91132789682753 ], [ 118.232100438756504, -34.911453205137136 ], [ 118.231532299064256, -34.911635584249616 ], [ 118.230090079592799, -34.912818933752654 ], [ 118.229534439942299, -34.913165423178185 ], [ 118.229154660237697, -34.913318712552361 ], [ 118.228446370876526, -34.913431090932846 ], [ 118.227425311871443, -34.913377978075687 ], [ 118.22695835231292, -34.913416446912677 ], [ 118.226349102885891, -34.913570995613334 ], [ 118.224879054363754, -34.914094122684197 ], [ 118.223335825900165, -34.913837607967722 ], [ 118.222429316797047, -34.913787845411008 ], [ 118.221569577695746, -34.913873123206507 ], [ 118.219679970080634, -34.914237298188183 ], [ 118.218414542369089, -34.914299223408932 ], [ 118.215153508030497, -34.914039010496467 ], [ 118.212289813162741, -34.914094069559454 ], [ 118.211533374420071, -34.913911166385873 ], [ 118.210411406115199, -34.91327407114688 ], [ 118.209405947486061, -34.912353595939017 ], [ 118.208629378471713, -34.911448471628596 ], [ 118.208395348714376, -34.911048760143494 ], [ 118.208119808889833, -34.910327638028811 ], [ 118.207641799549222, -34.909845885479079 ], [ 118.20645374138698, -34.909051649723772 ], [ 118.204483525478409, -34.908222342718723 ], [ 118.203979306774485, -34.907793181487882 ], [ 118.203781846989841, -34.907397810307515 ], [ 118.203793956621226, -34.90707155947765 ], [ 118.203901336086446, -34.906827939026137 ], [ 118.204975712678618, -34.905560858907293 ], [ 118.205174432153697, -34.905212569129716 ], [ 118.205192591910361, -34.904841038671591 ], [ 118.204940251889795, -34.904230936916377 ], [ 118.204872161751979, -34.903906226256069 ], [ 118.204908301386396, -34.903528755872792 ], [ 118.205094890719778, -34.903115515977305 ], [ 118.205558539460611, -34.902561316957872 ], [ 118.20622501785239, -34.901971968599796 ], [ 118.207138335807372, -34.901294150954449 ], [ 118.207859404324097, -34.900887942950732 ], [ 118.211178888441339, -34.900165263641043 ], [ 118.212116356879179, -34.900086326828692 ], [ 118.21245141638191, -34.900208288243128 ], [ 118.212549746288587, -34.900381758914705 ], [ 118.212551706352627, -34.900555489244134 ], [ 118.212398046747893, -34.900911919351472 ], [ 118.212184757223724, -34.90120376911662 ], [ 118.211012469752561, -34.902366686900933 ], [ 118.209936452066927, -34.903173394265103 ], [ 118.209747762550961, -34.903441224000694 ], [ 118.209732502766769, -34.903787944518946 ], [ 118.209938142503745, -34.904001465658858 ], [ 118.210363931792713, -34.90414575753065 ], [ 118.21098956066804, -34.904215210047035 ], [ 118.213768245421491, -34.903918650122556 ], [ 118.214576723876618, -34.903704652777954 ], [ 118.215141612752106, -34.90332576415269 ], [ 118.21708249900334, -34.901564657655975 ], [ 118.217449958347956, -34.901333308490003 ], [ 118.217835307683941, -34.901225889652153 ], [ 118.218312456879289, -34.901249431435815 ], [ 118.219149225470247, -34.901479975004719 ], [ 118.223077223296727, -34.903062107965837 ], [ 118.223939483167328, -34.903244359996634 ], [ 118.225167862966771, -34.903355922572402 ], [ 118.22705314257837, -34.903315456169416 ], [ 118.228162632263619, -34.903177608167908 ], [ 118.22899842194326, -34.902989589619359 ], [ 118.229441261699023, -34.902812380334886 ], [ 118.229857331365395, -34.902538320934759 ], [ 118.230110381047112, -34.90225096121538 ], [ 118.230318890601509, -34.901819481306433 ], [ 118.231109510354869, -34.901833743031013 ], [ 118.233338909457288, -34.90169025781168 ], [ 118.23424287927071, -34.901788139810648 ], [ 118.235405659194541, -34.902348222852893 ], [ 118.237063577655505, -34.902887218392642 ], [ 118.238048306986741, -34.903326751634673 ], [ 118.23874352686785, -34.90383593388006 ], [ 118.239071587361394, -34.904406844892414 ], [ 118.23936166749489, -34.904711675796285 ], [ 118.239844117320558, -34.905057547503738 ], [ 118.24028973670633, -34.905218239351989 ], [ 118.241013115850919, -34.905213961648286 ], [ 118.243482092754448, -34.90487795904081 ], [ 118.246469539243506, -34.904934828631312 ], [ 118.247614967657711, -34.904846502362048 ], [ 118.248176576654018, -34.904706384248485 ], [ 118.248706685344189, -34.904422276124393 ], [ 118.249001214182698, -34.904083167280852 ], [ 118.249151443081317, -34.903696078003414 ], [ 118.249101082123204, -34.90325983810002 ], [ 118.248586840472043, -34.902247256985206 ], [ 118.248465959300063, -34.901663606912223 ], [ 118.248512047597856, -34.900953647473031 ], [ 118.248976150851647, -34.898366610592291 ], [ 118.248805240298665, -34.898004090199478 ], [ 118.24870624856419, -34.89718210032423 ], [ 118.248828426368917, -34.89633226126211 ], [ 118.249265542743686, -34.89513754357931 ], [ 118.249697190111959, -34.894386005648578 ], [ 118.250248097447653, -34.893628697744852 ], [ 118.250913454955693, -34.892847989459909 ], [ 118.252079440964039, -34.891650122315689 ], [ 118.254216014424941, -34.889805177204202 ], [ 118.255536871082541, -34.88887701021536 ], [ 118.256446719072343, -34.888330612411053 ], [ 118.257386827209245, -34.887835924758207 ], [ 118.258836544686574, -34.887189098496954 ], [ 118.261188841320816, -34.886392054744107 ], [ 118.262467649832232, -34.886092258138376 ], [ 118.26397933837967, -34.885879632024803 ], [ 118.265527997129055, -34.885830574514337 ], [ 118.267222835858121, -34.885939354254226 ], [ 118.270518293903521, -34.886469833431555 ], [ 118.274808552162668, -34.887679102496541 ], [ 118.278821499998969, -34.888510132814211 ], [ 118.281813018034214, -34.888962493391602 ], [ 118.282599177320492, -34.888963893564998 ], [ 118.283437486353961, -34.888833753788234 ], [ 118.284077895426307, -34.888612443994212 ], [ 118.28449212471169, -34.888395084148968 ], [ 118.284885243925544, -34.88811886431612 ], [ 118.285417722644155, -34.887603864583504 ], [ 118.285991750907272, -34.886816884938625 ], [ 118.287202826632424, -34.884750445804841 ], [ 118.28890255136524, -34.882298506887416 ], [ 118.2896122894157, -34.881429497293695 ], [ 118.290821266581716, -34.880258887895401 ], [ 118.291873874371888, -34.879401458371646 ], [ 118.293229041895955, -34.878532558916262 ], [ 118.295802407002441, -34.877215850800553 ], [ 118.296413825522492, -34.87695876176133 ], [ 118.296924144437639, -34.876845882536841 ], [ 118.299260810146791, -34.876768115937466 ], [ 118.301233506700441, -34.876808468754597 ], [ 118.30252301468218, -34.876960280496512 ], [ 118.303241873794846, -34.877167761359459 ], [ 118.303817673335772, -34.877461461931254 ], [ 118.304317433179506, -34.877835962307508 ], [ 118.30648295370635, -34.879958293173118 ], [ 118.307298833780294, -34.880644843470186 ], [ 118.308116443498506, -34.881138463911704 ], [ 118.30879675294166, -34.881384304428849 ], [ 118.309180802484846, -34.881453414792702 ], [ 118.309801232115277, -34.881732595172323 ], [ 118.310641731637887, -34.881899355384789 ], [ 118.311554421011408, -34.881953545575527 ], [ 118.313151999543592, -34.881876616117161 ], [ 118.31558441812426, -34.882140866483617 ], [ 118.316181038233381, -34.882421996315486 ], [ 118.316960629169145, -34.883166555646923 ], [ 118.316715471113639, -34.883989244594645 ], [ 118.316063494846247, -34.885491192610836 ], [ 118.315987195844315, -34.885930632062873 ], [ 118.316031627151162, -34.886563851318364 ], [ 118.316218958714273, -34.887376300402138 ], [ 118.316524970065757, -34.888138959581667 ], [ 118.317668142137009, -34.889593828190229 ], [ 118.317976302396758, -34.889846667982646 ], [ 118.318759962105247, -34.890129287932673 ], [ 118.31989135123743, -34.890318938121901 ], [ 118.322408688902286, -34.89020535899396 ], [ 118.324018277509481, -34.890277309436406 ], [ 118.32576677624418, -34.890727639669578 ], [ 118.327050335246426, -34.890892129960683 ], [ 118.328079144312838, -34.890825060363724 ], [ 118.328731023605172, -34.890631070778504 ], [ 118.329046183196724, -34.890454601071866 ], [ 118.329121722976424, -34.890252931309966 ], [ 118.32899311265993, -34.889825991665624 ], [ 118.328703872035447, -34.88922800204805 ], [ 118.328368041615988, -34.888780022322024 ], [ 118.327149400703831, -34.887743462981646 ], [ 118.325347829315319, -34.886555023998618 ], [ 118.324899778786957, -34.886191204366426 ], [ 118.32457914831042, -34.885824354702017 ], [ 118.324150617182227, -34.885096065430695 ], [ 118.322602304154415, -34.882995687453445 ], [ 118.322145013661554, -34.882574977819289 ], [ 118.320956582912913, -34.881745408463601 ], [ 118.321472040679708, -34.880870829640372 ], [ 118.321893739249319, -34.880343910378926 ], [ 118.322474667737438, -34.879836961136284 ], [ 118.322929276882263, -34.879597601542706 ], [ 118.324325235215838, -34.879325072244654 ], [ 118.326185635756488, -34.879417221626817 ], [ 118.327204906422779, -34.879352501084277 ], [ 118.328471757009112, -34.879091810545248 ], [ 118.33008876773242, -34.878618439864958 ], [ 118.331179588287384, -34.878235759362504 ], [ 118.331669788464268, -34.877948629174213 ], [ 118.33222885838741, -34.877257019107027 ], [ 118.332899418095394, -34.875982069122962 ], [ 118.33319569822811, -34.875650768985345 ], [ 118.333502248495918, -34.875445538772119 ], [ 118.334262799431144, -34.875249408097424 ], [ 118.335831581567035, -34.875015036590575 ], [ 118.338546885392731, -34.874840613976929 ], [ 118.339660677030579, -34.874880682830437 ], [ 118.340636187153976, -34.875078482700012 ], [ 118.34127998659919, -34.875351523070776 ], [ 118.342958635031692, -34.87636717411057 ], [ 118.343641574411237, -34.876699444514927 ], [ 118.344697993494407, -34.877065385105794 ], [ 118.345810572555806, -34.877353175705316 ], [ 118.347014021597488, -34.87749489631365 ], [ 118.348780850232899, -34.8775799371777 ], [ 118.350731728767656, -34.877567168106026 ], [ 118.353335096867255, -34.877430469315883 ], [ 118.353843946447427, -34.877511319578396 ], [ 118.354039476238043, -34.877646569704659 ], [ 118.354196086016572, -34.877870589833933 ], [ 118.354419945424524, -34.87878236016293 ], [ 118.354495734990877, -34.879591000396161 ], [ 118.354346064612201, -34.880660230584866 ], [ 118.354380774406295, -34.881045910695434 ], [ 118.354720933918642, -34.881513290972386 ], [ 118.355010833609498, -34.881679581152042 ], [ 118.355300763343237, -34.881746511333468 ], [ 118.355638913072028, -34.881741331524722 ], [ 118.355992932827604, -34.881653171704777 ], [ 118.357868631805289, -34.880653892529139 ], [ 118.358587441361294, -34.880392642874718 ], [ 118.360230120287113, -34.879934693698537 ], [ 118.36277465888584, -34.878785914867777 ], [ 118.363910418120682, -34.878558215459137 ], [ 118.365043107214163, -34.878596276113406 ], [ 118.365323606945353, -34.878684596294754 ], [ 118.365583906643607, -34.878858816485319 ], [ 118.365771286351759, -34.879115256654416 ], [ 118.365828896162967, -34.879369306748998 ], [ 118.365676366001765, -34.879868876783696 ], [ 118.365156206113269, -34.880407056618488 ], [ 118.364869516249755, -34.880572976495586 ], [ 118.364475746503672, -34.880682826298134 ], [ 118.361642828548028, -34.881104514787779 ], [ 118.36053845929429, -34.881377594225469 ], [ 118.360168429492376, -34.881572074062177 ], [ 118.359851249587905, -34.881885853958075 ], [ 118.359763229523026, -34.882151943972765 ], [ 118.359869619310004, -34.882398894093505 ], [ 118.360485238502392, -34.882988864587723 ], [ 118.361294487518776, -34.883597475196481 ], [ 118.36175168703214, -34.883803515507005 ], [ 118.362255206598988, -34.883834475801137 ], [ 118.362747456263477, -34.883700516048634 ], [ 118.363265666024589, -34.883351076258592 ], [ 118.363936805806034, -34.882741596492316 ], [ 118.364914505669404, -34.881550386759052 ], [ 118.36532759549219, -34.881271176926219 ], [ 118.365854125185948, -34.88106259717533 ], [ 118.366788234548494, -34.880865277659183 ], [ 118.368020943586458, -34.880820118350059 ], [ 118.369734622102968, -34.881003859370466 ], [ 118.37071644110874, -34.881277969955562 ], [ 118.371310430330169, -34.88172124037628 ], [ 118.37148964001679, -34.881985250539515 ], [ 118.37153272982421, -34.882242950630911 ], [ 118.371413649759816, -34.882519990641484 ], [ 118.371019309818436, -34.882986820552844 ], [ 118.370299180022656, -34.883679090336344 ], [ 118.369732530245287, -34.884106600123353 ], [ 118.369584970241746, -34.884317340090632 ], [ 118.36954841996014, -34.884839390196738 ], [ 118.369833049063871, -34.88593605062524 ], [ 118.369874068749937, -34.886401030761625 ], [ 118.369751578657798, -34.886728480771495 ], [ 118.369116438573073, -34.887783690666595 ], [ 118.369040658447474, -34.888105740701768 ], [ 118.369092108283553, -34.888306830779939 ], [ 118.369461157776598, -34.888619931066003 ], [ 118.369922437294164, -34.888754951361243 ], [ 118.370438486867855, -34.888719441671533 ], [ 118.371655425960313, -34.888475432370441 ], [ 118.372223405428997, -34.888540492743068 ], [ 118.372794304739756, -34.888862403192292 ], [ 118.373552613680047, -34.88952806386893 ], [ 118.376156711430653, -34.890869185076511 ], [ 118.376762020949741, -34.890901425467639 ], [ 118.376956130760533, -34.890816715656719 ], [ 118.377141250521532, -34.890589085932923 ], [ 118.377199020354723, -34.8902835861726 ], [ 118.377170700275315, -34.889966926343021 ], [ 118.376724951551694, -34.888501485544488 ], [ 118.376681201883841, -34.888016635348826 ], [ 118.376812221952846, -34.887716005324684 ], [ 118.37709374192211, -34.887365125373023 ], [ 118.377403251804438, -34.887118005472274 ], [ 118.37788675154475, -34.886856815668324 ], [ 118.378570761103518, -34.886609335984815 ], [ 118.379348410538071, -34.886433286379194 ], [ 118.383198547531975, -34.885903978422455 ], [ 118.384644476455776, -34.885620739133543 ], [ 118.386355357269778, -34.885375981358919 ], [ 118.386892907753293, -34.885196822142227 ], [ 118.388092538867284, -34.884634183874361 ], [ 118.388733039388484, -34.884439694857896 ], [ 118.391128071057736, -34.884280228741389 ], [ 118.391422501238736, -34.8843404492331 ], [ 118.391690411358923, -34.884579239703363 ], [ 118.391825301366367, -34.884927379966207 ], [ 118.39189073120923, -34.885770630174086 ], [ 118.391962981211336, -34.885990670313035 ], [ 118.392320071382315, -34.886455380913588 ], [ 118.392744181657662, -34.886756741585074 ], [ 118.39309161193701, -34.88675565211058 ], [ 118.394317532956222, -34.886443773965908 ], [ 118.395151953617088, -34.886375205244654 ], [ 118.395969684256443, -34.886425356493099 ], [ 118.397378235375555, -34.88664540861209 ], [ 118.399468757024124, -34.886534161816044 ], [ 118.400197907447492, -34.88675139279983 ], [ 118.401024707290858, -34.887194763674636 ], [ 118.401431197206378, -34.887514984095844 ], [ 118.401577207190712, -34.887832844206727 ], [ 118.401815277187168, -34.888808154305011 ], [ 118.402143347078635, -34.889203484656719 ], [ 118.402792326806789, -34.889514735464189 ], [ 118.404469475969506, -34.890077067717783 ], [ 118.406547864482846, -34.891406711209243 ], [ 118.408574343348377, -34.892413174424526 ], [ 118.410158282594608, -34.893157046891851 ] ] ] ] } },
{ "type": "Feature", "properties": { "fid": 633, "CODE": "P_gp", "JNCODE": "si5011; P_gp", "fme_featur": "geology_surface_si5011" }, "geometry": { "type": "MultiPolygon", "coordinates": [ [ [ [ 118.215092186349523, -34.998000671382378 ], [ 118.215266065664849, -34.997947821218439 ], [ 118.215567534284006, -34.997807710796877 ], [ 118.215931273149209, -34.997794590709063 ], [ 118.216409652373926, -34.997959681106934 ], [ 118.216716422498266, -34.998207111774811 ], [ 118.216957773214318, -34.9985361726985 ], [ 118.217173164831706, -34.999041304150509 ], [ 118.217349019406683, -35.000174247457366 ], [ 118.217446687208465, -35.001965662718106 ], [ 118.217245470991955, -35.002785305044846 ], [ 118.217015333100761, -35.003245946287763 ], [ 118.216668894925064, -35.003655307307632 ], [ 118.216228816107602, -35.003932697880181 ], [ 118.215751116597673, -35.004052437973428 ], [ 118.215229846384162, -35.003982047518647 ], [ 118.214937395532189, -35.003714616658179 ], [ 118.214830444489763, -35.003384745730457 ], [ 118.214755071572867, -35.002462633252748 ], [ 118.214431260210333, -35.001929581746509 ], [ 118.21412904990467, -35.001714801104278 ], [ 118.213136859898768, -35.001243549671521 ], [ 118.212503709783618, -35.00078317842209 ], [ 118.210852650010423, -34.999023394193074 ], [ 118.209144973267371, -34.997473921014425 ], [ 118.208812274117236, -34.996988330085685 ], [ 118.208748904203162, -34.996645339404822 ], [ 118.208778533995726, -34.996379118856666 ], [ 118.20888765348046, -34.996113168282186 ], [ 118.209143852333185, -34.995792697538221 ], [ 118.209434511030082, -34.995561426950978 ], [ 118.209720569775953, -34.995442686591034 ], [ 118.210915984821796, -34.995400676033533 ], [ 118.212012530588396, -34.995547185950841 ], [ 118.213020307159994, -34.995820266246319 ], [ 118.21363775560603, -34.996144576853624 ], [ 118.214175645247423, -34.996715238163105 ], [ 118.214835576577784, -34.997841440990086 ], [ 118.215092186349523, -34.998000671382378 ] ] ] ] } },
{ "type": "Feature", "properties": { "fid": 641, "CODE": "P_gp", "JNCODE": "si5011; P_gp", "fme_featur": "geology_surface_si5011" }, "geometry": { "type": "MultiPolygon", "coordinates": [ [ [ [ 117.301658909293963, -34.722992113121528 ], [ 117.301694772277443, -34.723563453061601 ], [ 117.30157473426901, -34.723963613052369 ], [ 117.301094088644433, -34.724859083077135 ], [ 117.300946590331719, -34.725403733040224 ], [ 117.300984181320146, -34.725770962981237 ], [ 117.301155172142558, -34.726048802904948 ], [ 117.301807233534348, -34.726449122704643 ], [ 117.304953348258621, -34.727659221832702 ], [ 117.306719372095031, -34.728608445593039 ], [ 117.307829078940884, -34.729372627346592 ], [ 117.309197156163037, -34.730479508534962 ], [ 117.309516746041055, -34.730857378489745 ], [ 117.309656117123964, -34.731331617950538 ], [ 117.309583509856637, -34.732001736788469 ], [ 117.309343172965583, -34.732589295611326 ], [ 117.309026435668969, -34.732990454719555 ], [ 117.308454269555654, -34.7334607936221 ], [ 117.308322740915088, -34.733714853221102 ], [ 117.308434921499284, -34.734020412925666 ], [ 117.309211751383742, -34.734830102198615 ], [ 117.309382522522981, -34.735325091505231 ], [ 117.309353104214253, -34.735772870825393 ], [ 117.309201656602696, -34.736305840042142 ], [ 117.308621212730401, -34.737553948524095 ], [ 117.308218645904148, -34.738151228047222 ], [ 117.307747238862078, -34.738655917875938 ], [ 117.307202941524977, -34.739036628031926 ], [ 117.306794053144088, -34.739214898310486 ], [ 117.305842026147445, -34.739397729230156 ], [ 117.303499227912823, -34.739402060503323 ], [ 117.303154367959394, -34.739454740577784 ], [ 117.302808038296391, -34.73961889063699 ], [ 117.302663078684589, -34.739782340648496 ], [ 117.302533399449118, -34.740089190640084 ], [ 117.30250484118308, -34.74076279057617 ], [ 117.302716792566784, -34.741279330471258 ], [ 117.303299664297825, -34.741900420265907 ], [ 117.303695025102755, -34.742180370141199 ], [ 117.304273775974181, -34.742472529970783 ], [ 117.305257096161398, -34.742719429456606 ], [ 117.307902150208903, -34.742897096109239 ], [ 117.309874955369949, -34.74287334362802 ], [ 117.310989112233329, -34.742705192234297 ], [ 117.312792806500255, -34.742186479978848 ], [ 117.313821553521421, -34.742004378681699 ], [ 117.314947610627115, -34.741944977255962 ], [ 117.317220295179339, -34.741974154375669 ], [ 117.320570737454631, -34.741591081372754 ], [ 117.321761407027608, -34.741357832533943 ], [ 117.322607906505795, -34.74110963336544 ], [ 117.32316281592027, -34.740855273915585 ], [ 117.323510475258288, -34.74058510426493 ], [ 117.323708194452053, -34.740270354468841 ], [ 117.323782913128952, -34.739889424942795 ], [ 117.323729010540532, -34.739456466643574 ], [ 117.323527737876688, -34.739015428270442 ], [ 117.322864973383119, -34.738282120852773 ], [ 117.321299215851525, -34.737069815408269 ], [ 117.321113154304413, -34.73681676650731 ], [ 117.321046122743581, -34.736557527686458 ], [ 117.321066750731717, -34.736219849253985 ], [ 117.321158409315004, -34.735979470378389 ], [ 117.321634636522802, -34.735495502622292 ], [ 117.321978405672311, -34.735341183316343 ], [ 117.323006654921684, -34.73517996399174 ], [ 117.323314384254829, -34.735057424487493 ], [ 117.323340292787393, -34.734810245507745 ], [ 117.322980960257169, -34.734398187285592 ], [ 117.321866405915898, -34.733709640581964 ], [ 117.319689781270583, -34.732778345448232 ], [ 117.318776643977955, -34.732597215364052 ], [ 117.317242909983989, -34.73253408402806 ], [ 117.316519473663291, -34.732664752773864 ], [ 117.315762618701086, -34.733048030657415 ], [ 117.313120537410128, -34.73487622337899 ], [ 117.312681839540119, -34.735002462916711 ], [ 117.312209041128625, -34.734976812846192 ], [ 117.311906781657626, -34.734841843070797 ], [ 117.311760571628369, -34.734705323331525 ], [ 117.311650730954156, -34.734440983879558 ], [ 117.311656060061125, -34.734226494360314 ], [ 117.311837027256331, -34.73371013563581 ], [ 117.312439090198225, -34.732599288798887 ], [ 117.312754995238848, -34.731754041302374 ], [ 117.312900993574388, -34.731516922113578 ], [ 117.313278412040901, -34.731544042558021 ], [ 117.313680379831084, -34.731444593392034 ], [ 117.313985377584643, -34.731247974400546 ], [ 117.314259234917301, -34.730937015747813 ], [ 117.314474982071104, -34.730539817320995 ], [ 117.314649238719426, -34.730003539314083 ], [ 117.31472392580983, -34.72946765116366 ], [ 117.314711203517419, -34.728973882712985 ], [ 117.315034460835747, -34.728751254148087 ], [ 117.315762985593096, -34.728433576900635 ], [ 117.316065093052316, -34.728235678323799 ], [ 117.316406029410359, -34.727868410510744 ], [ 117.317079140494954, -34.726849856213747 ], [ 117.317453346626024, -34.726510318652089 ], [ 117.318095371766105, -34.726273141552831 ], [ 117.318900927321607, -34.726281623948658 ], [ 117.320106544305489, -34.726808604565143 ], [ 117.320996016006589, -34.727056281771844 ], [ 117.321371147243838, -34.727247960224574 ], [ 117.321860960386616, -34.727754437109958 ], [ 117.322687810087245, -34.729347688939256 ], [ 117.323313234749776, -34.730105414989794 ], [ 117.324112188130115, -34.730642001954124 ], [ 117.325384841305109, -34.731126758867624 ], [ 117.326068703527071, -34.731474497010019 ], [ 117.326776696751551, -34.731990534666103 ], [ 117.327356750502233, -34.732600612251829 ], [ 117.327737044161609, -34.733203190107155 ], [ 117.327891507147086, -34.733700708468156 ], [ 117.327895339883696, -34.734161767014776 ], [ 117.327747883419747, -34.734762845140658 ], [ 117.326961401353302, -34.736126240672085 ], [ 117.32691484292512, -34.736392459769469 ], [ 117.32700136454946, -34.736663098884286 ], [ 117.327219045800007, -34.736866488275624 ], [ 117.327574856917721, -34.737043037823852 ], [ 117.330038582669175, -34.737932906334102 ], [ 117.331139856696268, -34.738578065369367 ], [ 117.331684339484951, -34.739032414690541 ], [ 117.332092122323203, -34.739499783967361 ], [ 117.332333254980412, -34.739941973215394 ], [ 117.332397866485138, -34.740458433106014 ], [ 117.332294387343183, -34.740794592949079 ], [ 117.332086838085985, -34.74109324269682 ], [ 117.331499469042285, -34.741497812058753 ], [ 117.330656429539943, -34.741742031201426 ], [ 117.328885249627689, -34.741887349460505 ], [ 117.328454110026456, -34.742065719023756 ], [ 117.328299620581561, -34.742285858852661 ], [ 117.328336431579714, -34.742662148851352 ], [ 117.328610332680967, -34.743063639073171 ], [ 117.330410576149106, -34.744279500630348 ], [ 117.331210298168401, -34.745006811272916 ], [ 117.331357938826002, -34.74525043137362 ], [ 117.331428329631336, -34.745554851393628 ], [ 117.331372890249142, -34.745794151308054 ], [ 117.33123353072834, -34.745984701153823 ], [ 117.330798801312966, -34.746230310726048 ], [ 117.3298642915898, -34.746382919863549 ], [ 117.328756861552975, -34.746424178861851 ], [ 117.326403571122668, -34.746378166747142 ], [ 117.325581121215677, -34.746453796002335 ], [ 117.325132451577048, -34.746611705591263 ], [ 117.324894762036905, -34.746795965370062 ], [ 117.324729682898351, -34.747127305209077 ], [ 117.324756143617776, -34.747396215221606 ], [ 117.324942304260006, -34.747628805375975 ], [ 117.325274434808605, -34.747819845659123 ], [ 117.32652038638301, -34.748357276715716 ], [ 117.327307657018878, -34.748563157383302 ], [ 117.327966597269935, -34.748629587947867 ], [ 117.328863447328288, -34.748612818725427 ], [ 117.331338706494194, -34.748185320929288 ], [ 117.332288616503064, -34.748145841763971 ], [ 117.332972606798748, -34.748228472346703 ], [ 117.333535727248147, -34.748376052810819 ], [ 117.333946007781904, -34.748563463132342 ], [ 117.33426849849694, -34.748825083361432 ], [ 117.334492859590355, -34.749237493474247 ], [ 117.334494310806306, -34.74970697338378 ], [ 117.334385221385901, -34.749935153247044 ], [ 117.333734363327878, -34.750709512555588 ], [ 117.333678533856755, -34.750915362471559 ], [ 117.333752264398782, -34.751121452494814 ], [ 117.334328035790236, -34.751637252870736 ], [ 117.335967726207187, -34.752432592502913 ], [ 117.336579956143865, -34.75282755193976 ], [ 117.337015416348692, -34.753203671524709 ], [ 117.33719118673433, -34.753471671337138 ], [ 117.337210078115888, -34.754015351223693 ], [ 117.337355568772409, -34.754366281046742 ], [ 117.337823699290851, -34.754881920591863 ], [ 117.338971309684737, -34.755821189575528 ], [ 117.339315731490117, -34.756758579193324 ], [ 117.340345923158225, -34.758099138272001 ], [ 117.340650634299422, -34.758743927980134 ], [ 117.340744385264912, -34.759179547865976 ], [ 117.340755626367155, -34.75961327781144 ], [ 117.340658307616849, -34.760032547834598 ], [ 117.340517848561234, -34.760305637902562 ], [ 117.340193510155075, -34.760709968081464 ], [ 117.339616072504441, -34.76124303841376 ], [ 117.338837445406824, -34.761862658861041 ], [ 117.338256247334641, -34.762234689198721 ], [ 117.337864278422842, -34.76240361943519 ], [ 117.337406379377995, -34.762477679728214 ], [ 117.337031449847984, -34.762415769987186 ], [ 117.336690559942042, -34.762228030244991 ], [ 117.336488909647372, -34.761978630421872 ], [ 117.336325779042056, -34.761631720590898 ], [ 117.336129956955162, -34.76067745088978 ], [ 117.335979096309671, -34.760321341056823 ], [ 117.335687405979357, -34.759994651318713 ], [ 117.334806375631345, -34.759400461768905 ], [ 117.33430982284456, -34.758300211630676 ], [ 117.333970411470958, -34.757761091486515 ], [ 117.333639580608207, -34.757425011307845 ], [ 117.333141849752238, -34.757095361003515 ], [ 117.332699909304594, -34.756926610709883 ], [ 117.332366889286092, -34.756924790469917 ], [ 117.332067969637876, -34.757067310236323 ], [ 117.331794390284315, -34.757324120009109 ], [ 117.331288142831852, -34.758324159539832 ], [ 117.330648754862153, -34.75911887902334 ], [ 117.33026088578508, -34.75947887873145 ], [ 117.329795426503608, -34.759758588400736 ], [ 117.329259406934241, -34.759925988036919 ], [ 117.328481057139044, -34.760005937523282 ], [ 117.326237546731761, -34.759853686056836 ], [ 117.325737097221378, -34.760040375730782 ], [ 117.325170808393736, -34.760484465372969 ], [ 117.324242781412252, -34.761620374829917 ], [ 117.323693683821091, -34.76252185454404 ], [ 117.323429585890409, -34.763295454436538 ], [ 117.323222730121088, -34.764878414426555 ], [ 117.323052592262087, -34.765676654392308 ], [ 117.322784763856589, -34.766266274297614 ], [ 117.322312545065714, -34.766704234093638 ], [ 117.321642905815978, -34.766963143782192 ], [ 117.320672606128909, -34.767048663307996 ], [ 117.320114725901021, -34.766946853016158 ], [ 117.319092266738181, -34.766528393807654 ], [ 117.318762027332866, -34.766487414126935 ], [ 117.31845405818423, -34.766559524437973 ], [ 117.317366211776132, -34.767035025554847 ], [ 117.316579384057079, -34.767263176342823 ], [ 117.315521606671339, -34.767401977381255 ], [ 117.314882657832626, -34.767328007995722 ], [ 117.314363288235256, -34.767061578483506 ], [ 117.313865167766693, -34.766478618937306 ], [ 117.313595666613594, -34.765818289168827 ], [ 117.313646975281159, -34.765351419094102 ], [ 117.313788694401168, -34.765131948940919 ], [ 117.314144862787415, -34.764809578565561 ], [ 117.314986599639269, -34.764304997683489 ], [ 117.316156695672774, -34.76376539645139 ], [ 117.317784850910712, -34.763308554739673 ], [ 117.318305938874516, -34.762973194165319 ], [ 117.318633376656692, -34.762414403759784 ], [ 117.318719364744823, -34.761773723592015 ], [ 117.318583052425822, -34.760799363617622 ], [ 117.318431251921893, -34.760486503741845 ], [ 117.318264471911078, -34.760344503903241 ], [ 117.317857582396314, -34.760188084320902 ], [ 117.317268413406865, -34.760075744940366 ], [ 117.314826698494599, -34.759944077550358 ], [ 117.312612482334586, -34.759524549913998 ], [ 117.312000403733052, -34.759536650575598 ], [ 117.308434232883386, -34.760002604417188 ], [ 117.307354475458354, -34.760069985573857 ], [ 117.306258137696076, -34.759989446754091 ], [ 117.304888719549453, -34.759617518151039 ], [ 117.30402969857127, -34.759213538402733 ], [ 117.303373427522686, -34.75878728860247 ], [ 117.302935406571962, -34.758404808742078 ], [ 117.302658385562182, -34.758001868841127 ], [ 117.302618784881943, -34.757732088869574 ], [ 117.302670294129172, -34.757434268876359 ], [ 117.303248840994769, -34.756192658811962 ], [ 117.303363569597266, -34.755637258820514 ], [ 117.303334888898704, -34.755359688846866 ], [ 117.303189647895977, -34.75496258891198 ], [ 117.302825856739119, -34.754516099051777 ], [ 117.302282656007492, -34.75423777921916 ], [ 117.301590575831568, -34.754176859401475 ], [ 117.301007356055095, -34.754268399540209 ], [ 117.299085617336402, -34.754772089978047 ], [ 117.29845757732285, -34.754771010138214 ], [ 117.298077487027783, -34.754662250246021 ], [ 117.297425125805745, -34.754208170457211 ], [ 117.296441642733924, -34.753071440818616 ], [ 117.296146761188979, -34.752500750948869 ], [ 117.29592601863034, -34.751553271096874 ], [ 117.295651627321249, -34.751073921212274 ], [ 117.295181656307577, -34.750711541365099 ], [ 117.294566925705041, -34.750507431538495 ], [ 117.293738655477995, -34.750449571751048 ], [ 117.291774335698108, -34.750590012228983 ], [ 117.291224825901111, -34.750679932358203 ], [ 117.290989546219961, -34.750802142405767 ], [ 117.290933156511414, -34.750909122410128 ], [ 117.290993457042205, -34.751099352377494 ], [ 117.291786469149898, -34.751843422109765 ], [ 117.291993390431173, -34.752304632014926 ], [ 117.291959841233094, -34.752596831996257 ], [ 117.291805151944658, -34.752858192011033 ], [ 117.291519702503095, -34.75306561206402 ], [ 117.291249582779173, -34.75316984212273 ], [ 117.290535503116658, -34.753302362291301 ], [ 117.288595174489089, -34.75344055283194 ], [ 117.286814606397996, -34.753671413340818 ], [ 117.286060456876754, -34.753650383566679 ], [ 117.285290266929607, -34.753471313810458 ], [ 117.284972026606027, -34.753272333921302 ], [ 117.284798505781524, -34.752929464000935 ], [ 117.284388598974942, -34.75036149433128 ], [ 117.28412355634876, -34.749342064491088 ], [ 117.283909475313081, -34.748911104587975 ], [ 117.283647544579182, -34.748576554690622 ], [ 117.283368974206098, -34.7483681747877 ], [ 117.28309965419183, -34.748291984871429 ], [ 117.282702964760077, -34.7483932649778 ], [ 117.282249476049742, -34.748741235081582 ], [ 117.282016407060638, -34.749046455125345 ], [ 117.281941188058312, -34.749388445120637 ], [ 117.281995449832294, -34.750046015054018 ], [ 117.282410634349432, -34.751792194796607 ], [ 117.282422249363293, -34.753612634650921 ], [ 117.282545011030336, -34.754248544564653 ], [ 117.282776001879753, -34.754615764466863 ], [ 117.283061092264859, -34.754828494364844 ], [ 117.285664013783105, -34.756086003521588 ], [ 117.286922114894935, -34.75683627310638 ], [ 117.287757866475118, -34.757649162813358 ], [ 117.288490848927623, -34.75876066253435 ], [ 117.289098941661024, -34.759943102287622 ], [ 117.289673344884648, -34.761298792039995 ], [ 117.290114858237231, -34.762643301836867 ], [ 117.290389121452193, -34.763855911699444 ], [ 117.290522094191573, -34.7648876116087 ], [ 117.290536607086764, -34.765973861546399 ], [ 117.290409679256015, -34.766781371537085 ], [ 117.290076111152473, -34.767475471589663 ], [ 117.289761692048216, -34.767744631672329 ], [ 117.289313382834806, -34.767926361805515 ], [ 117.287958184247898, -34.768115002227837 ], [ 117.28642007523078, -34.768096512719289 ], [ 117.285983545249792, -34.767993622863266 ], [ 117.285610794897408, -34.767767092992642 ], [ 117.285471854250943, -34.76748901304979 ], [ 117.28557794312151, -34.767091263034644 ], [ 117.285835082049132, -34.766753372968921 ], [ 117.286641799712982, -34.76608064274572 ], [ 117.286805878849535, -34.765798192707557 ], [ 117.286834617975146, -34.765477272714051 ], [ 117.286680817089774, -34.765105692780423 ], [ 117.286457406460372, -34.764812322864678 ], [ 117.28511687376421, -34.763455373347902 ], [ 117.284638622475057, -34.762847183524649 ], [ 117.284352600828441, -34.762153603644691 ], [ 117.284242298385436, -34.761205383721148 ], [ 117.284165168081941, -34.76107111375093 ], [ 117.283963777890577, -34.76094668381856 ], [ 117.283546778015406, -34.760885093949831 ], [ 117.283036678465109, -34.760921664105368 ], [ 117.282671499044312, -34.761044834212711 ], [ 117.282366699864667, -34.761274854297113 ], [ 117.282127980921857, -34.7616115143569 ], [ 117.281892062596228, -34.762182024406357 ], [ 117.281661865070689, -34.763056234442111 ], [ 117.281444248566288, -34.764319744458767 ], [ 117.281160760304871, -34.764903354524257 ], [ 117.280609292164229, -34.765464294675461 ], [ 117.27972092451482, -34.766125424930202 ], [ 117.278968786024421, -34.766504265153884 ], [ 117.278251576955839, -34.766673555374815 ], [ 117.277857827170166, -34.766654075500227 ], [ 117.27762749711799, -34.766575295575954 ], [ 117.277269926526287, -34.766259325699984 ], [ 117.277020325125974, -34.765664105799118 ], [ 117.276770651859295, -34.764360325921473 ], [ 117.276596351213414, -34.764070125985803 ], [ 117.276397450948977, -34.76391818605299 ], [ 117.275645660787504, -34.763661856296224 ], [ 117.272471828491476, -34.763002733277098 ], [ 117.271380227096557, -34.762555092215926 ], [ 117.270761576097954, -34.762174301808322 ], [ 117.269419243214401, -34.760861571784901 ], [ 117.268353240833818, -34.759583552568515 ], [ 117.268030469553338, -34.758831763418158 ], [ 117.267994728957035, -34.758482143890603 ], [ 117.268065528136034, -34.75801544456472 ], [ 117.268288937392626, -34.757625065155885 ], [ 117.268711816677438, -34.757301835658737 ], [ 117.269546375738614, -34.756963976165729 ], [ 117.271153484213897, -34.75654300665277 ], [ 117.272111652976946, -34.756183626882269 ], [ 117.273239200916038, -34.755556227057404 ], [ 117.273940858974015, -34.754942507072961 ], [ 117.274523056195747, -34.754064576962804 ], [ 117.274829283383596, -34.753109646937979 ], [ 117.274984868907609, -34.751511406999093 ], [ 117.274913047839149, -34.751103687046168 ], [ 117.274718796995828, -34.750748547123933 ], [ 117.274274206110789, -34.750317407276555 ], [ 117.273848176011725, -34.750177797404689 ], [ 117.270465128561924, -34.750290348343832 ], [ 117.26970515897905, -34.750258468558165 ], [ 117.26899396906272, -34.750115728765067 ], [ 117.268274068794767, -34.749841028981329 ], [ 117.267326678024531, -34.74932478927316 ], [ 117.264418354303459, -34.747230180183855 ], [ 117.263889283858944, -34.746933610343333 ], [ 117.261444824235568, -34.746461261034362 ], [ 117.260455734195091, -34.746197581315869 ], [ 117.259778703734796, -34.745860991511449 ], [ 117.258976312237479, -34.745118851748806 ], [ 117.258415221812243, -34.744830781904646 ], [ 117.25793412195965, -34.744774592030709 ], [ 117.256624382905315, -34.744824792365947 ], [ 117.25585306303951, -34.744696202568981 ], [ 117.255419122812143, -34.744510252686915 ], [ 117.255017411936123, -34.74408849280421 ], [ 117.254718970610725, -34.743521932899348 ], [ 117.254699319936591, -34.743264552912841 ], [ 117.254841477688643, -34.742455102903293 ], [ 117.254700896279772, -34.741893692957497 ], [ 117.25436595486994, -34.741285553061751 ], [ 117.253969004049594, -34.740883403174443 ], [ 117.253740333832511, -34.740747443236089 ], [ 117.253434303860629, -34.740685063314771 ], [ 117.251363735567338, -34.740832843830034 ], [ 117.25071577583256, -34.740777863994118 ], [ 117.250254805742401, -34.740633504113546 ], [ 117.249746045388193, -34.740377754247461 ], [ 117.249408474884788, -34.740106454338488 ], [ 117.249240004314956, -34.739854104390503 ], [ 117.249136032961289, -34.739331214443766 ], [ 117.249154931377632, -34.738752574469338 ], [ 117.249287289920048, -34.738247304463094 ], [ 117.249499298920583, -34.737929714427644 ], [ 117.249861108125515, -34.737723184349726 ], [ 117.251581125597994, -34.737203503956522 ], [ 117.251867565010699, -34.737056153894812 ], [ 117.25211435423104, -34.736828983847559 ], [ 117.252148823396837, -34.736531323856269 ], [ 117.251683631768202, -34.73582275400981 ], [ 117.251566360996151, -34.735511334055829 ], [ 117.25161659026908, -34.735256594058178 ], [ 117.251796819558265, -34.73503922402702 ], [ 117.252158528711135, -34.734815673952724 ], [ 117.252671158048003, -34.734696153836445 ], [ 117.255725905181208, -34.734383263122119 ], [ 117.257831652896357, -34.734056912639169 ], [ 117.258389172456191, -34.734030692507623 ], [ 117.259152962416039, -34.734199202313057 ], [ 117.259445532730695, -34.734383462230078 ], [ 117.260208764226931, -34.735112391992168 ], [ 117.260569094332467, -34.735243911891025 ], [ 117.260918944172218, -34.735276271799691 ], [ 117.261308193664391, -34.735193001706826 ], [ 117.261766812722072, -34.734970481606759 ], [ 117.26204160185307, -34.734727181555272 ], [ 117.262481199980044, -34.734163721486482 ], [ 117.263044688862763, -34.733906121364036 ], [ 117.263788818257609, -34.733880631178536 ], [ 117.265377037916863, -34.734168950755105 ], [ 117.266095728026485, -34.734393960555103 ], [ 117.266678908434784, -34.734691110382869 ], [ 117.267168209064067, -34.735043170229254 ], [ 117.267482260032565, -34.735471780113194 ], [ 117.267652561852813, -34.736169260010463 ], [ 117.267692144274989, -34.737049429925428 ], [ 117.267580436346762, -34.737765369893395 ], [ 117.267247169485287, -34.738808869891706 ], [ 117.267206580809514, -34.739274619863139 ], [ 117.267380212159267, -34.739803289772979 ], [ 117.267804882947758, -34.740198439634383 ], [ 117.268133343039139, -34.740316439541473 ], [ 117.268418982858179, -34.7403230494659 ], [ 117.269583890564235, -34.739782989196279 ], [ 117.270366839612223, -34.739637829003804 ], [ 117.27086562932223, -34.739658768871152 ], [ 117.272078889157171, -34.739902638530232 ], [ 117.274139840332154, -34.740856147924646 ], [ 117.275364290612643, -34.741276317568961 ], [ 117.276694830308827, -34.741528687183305 ], [ 117.27741648957165, -34.74145663698814 ], [ 117.277822698600175, -34.741213486892782 ], [ 117.277944998063646, -34.741051386870403 ], [ 117.277986927461029, -34.740843376873585 ], [ 117.277597064986594, -34.739839167056509 ], [ 117.277254540380326, -34.738111727327066 ], [ 117.27709901942923, -34.737732027407993 ], [ 117.276814108466965, -34.737313297527564 ], [ 117.276441627876764, -34.73700284765934 ], [ 117.276090987850424, -34.736898557764292 ], [ 117.274494039669733, -34.737123258166051 ], [ 117.273997289927777, -34.737090028297388 ], [ 117.273637789901883, -34.736990118399483 ], [ 117.27306233955315, -34.736720338573257 ], [ 117.272530108920989, -34.736359888743763 ], [ 117.272158428158278, -34.735993198873224 ], [ 117.271983017384798, -34.735672218947855 ], [ 117.271967006665577, -34.735411148976212 ], [ 117.272095135992785, -34.735203408962846 ], [ 117.272707354781488, -34.734927028833198 ], [ 117.273921773275703, -34.73469969854677 ], [ 117.274373563016496, -34.734722568430108 ], [ 117.274956852951348, -34.734847948269952 ], [ 117.278992703091419, -34.73599488707859 ], [ 117.279812053405408, -34.736327866823778 ], [ 117.280694174107694, -34.736814636534547 ], [ 117.281308634988093, -34.737291456317053 ], [ 117.281923526531287, -34.738002016072492 ], [ 117.282294908060919, -34.738641775900575 ], [ 117.282658030649159, -34.73965267568849 ], [ 117.282893441114155, -34.73987944559849 ], [ 117.283263311007957, -34.739940145490131 ], [ 117.283602250572514, -34.739876515404262 ], [ 117.28471122794744, -34.739245685172769 ], [ 117.285058617353783, -34.739128925091414 ], [ 117.285573456961288, -34.739127534950931 ], [ 117.286112867203826, -34.739356084776624 ], [ 117.286446308090717, -34.739756434637748 ], [ 117.286411569006532, -34.740071484612798 ], [ 117.286107120006051, -34.740349734673046 ], [ 117.285283061904366, -34.740812064861572 ], [ 117.284876773034625, -34.741110544949208 ], [ 117.284553384236389, -34.741457565010336 ], [ 117.284313735507908, -34.74185270504465 ], [ 117.284173247371783, -34.742489135032088 ], [ 117.284224738174316, -34.742793324992995 ], [ 117.2844074090128, -34.743145804913297 ], [ 117.284886679820602, -34.743566564744548 ], [ 117.285938910340477, -34.744036134409917 ], [ 117.28898151996323, -34.744711203493743 ], [ 117.289944049539372, -34.744814323212523 ], [ 117.290466369400804, -34.744753773088192 ], [ 117.2909640689344, -34.744553812985338 ], [ 117.293742304527854, -34.742754142480472 ], [ 117.295985292341868, -34.741768982035587 ], [ 117.296720161463952, -34.741380071897403 ], [ 117.29696993089739, -34.741146781860522 ], [ 117.297129399995441, -34.740795091857137 ], [ 117.297175318657892, -34.740289801896118 ], [ 117.297119266497063, -34.739493492005188 ], [ 117.297261844945609, -34.738907442049772 ], [ 117.297680432671228, -34.738023762069218 ], [ 117.298107811353375, -34.737488762040464 ], [ 117.298823480106932, -34.736943751946086 ], [ 117.299624279249699, -34.736528811814892 ], [ 117.300348758871067, -34.736298961676873 ], [ 117.302022008565856, -34.735976071330768 ], [ 117.302667288199771, -34.735753881211267 ], [ 117.303020997538084, -34.735453641170999 ], [ 117.30316375624659, -34.734936921210341 ], [ 117.303115325429303, -34.734628391264891 ], [ 117.303006204902331, -34.734440311316654 ], [ 117.302606674228954, -34.734236861437587 ], [ 117.302027033876328, -34.734182591579277 ], [ 117.299988933202769, -34.734208562047108 ], [ 117.299421832728001, -34.734107942191926 ], [ 117.299001131943072, -34.733872152321204 ], [ 117.298907921341595, -34.733660382371419 ], [ 117.298937630241468, -34.733245302420904 ], [ 117.299062419272389, -34.732865062443864 ], [ 117.299276488392991, -34.732504442443656 ], [ 117.299843157320893, -34.732016502380418 ], [ 117.301685345146495, -34.730901202113813 ], [ 117.301983064165711, -34.730477452104978 ], [ 117.302010833005355, -34.730029282161112 ], [ 117.301844842227865, -34.729760752235997 ], [ 117.301571371627062, -34.729578922323121 ], [ 117.300388350250074, -34.729262622633776 ], [ 117.299597349787575, -34.729226162817199 ], [ 117.298762560091561, -34.729483682970574 ], [ 117.298375170069974, -34.729541643050254 ], [ 117.297978889753679, -34.729491433146535 ], [ 117.297751199342656, -34.729377773213223 ], [ 117.297506908441136, -34.729086043307468 ], [ 117.297377657316048, -34.728692833389196 ], [ 117.297318293629985, -34.727342553583142 ], [ 117.297231792573697, -34.726968913652392 ], [ 117.296882861010516, -34.726458883798131 ], [ 117.296316419393818, -34.725973953988387 ], [ 117.295720598342953, -34.725705184155935 ], [ 117.294910877578701, -34.725584394351102 ], [ 117.29104312575393, -34.725670785196115 ], [ 117.289766895213162, -34.725606095493525 ], [ 117.288600405283091, -34.725305025820553 ], [ 117.288207735062556, -34.7251178359409 ], [ 117.287885544254976, -34.72487949605123 ], [ 117.286522775259286, -34.723318116601291 ], [ 117.286301073230604, -34.722976916702812 ], [ 117.286045487405957, -34.722044056893438 ], [ 117.285815858020115, -34.72056352715245 ], [ 117.285634844989275, -34.720072807264458 ], [ 117.285377263355599, -34.71978932736733 ], [ 117.284074997561092, -34.718738907835707 ], [ 117.283292873361717, -34.717998048132458 ], [ 117.283034241386616, -34.717662728243035 ], [ 117.282821458098184, -34.717130108369339 ], [ 117.28222087352988, -34.714812008838251 ], [ 117.282042271225308, -34.714435978934738 ], [ 117.281769029728821, -34.714173929039319 ], [ 117.281344268380863, -34.713917699181202 ], [ 117.280700587017009, -34.713634329381847 ], [ 117.280175526498496, -34.713494929532914 ], [ 117.279413327235574, -34.713522159720554 ], [ 117.27907159820893, -34.713633289790941 ], [ 117.278677329980326, -34.713861189858349 ], [ 117.278339982296529, -34.714179219898938 ], [ 117.278056305040238, -34.714568919915926 ], [ 117.277759580066842, -34.715307919887756 ], [ 117.277751114403046, -34.715973619797452 ], [ 117.277950051612947, -34.717105159590602 ], [ 117.279217303721538, -34.720655558782312 ], [ 117.279405488927054, -34.721479388621518 ], [ 117.279460053312846, -34.722161158513636 ], [ 117.279305118721794, -34.722975168439518 ], [ 117.278916463863212, -34.72371934843283 ], [ 117.278449117479411, -34.724218808479506 ], [ 117.276975435107616, -34.7255059886851 ], [ 117.276628066911854, -34.726048918716536 ], [ 117.276615398520434, -34.726617028662282 ], [ 117.277140872160047, -34.728057668383663 ], [ 117.277360244439137, -34.728928368238989 ], [ 117.277396836015228, -34.729498258171162 ], [ 117.2773192370652, -34.729849498155168 ], [ 117.277132158048374, -34.730146738172714 ], [ 117.276816668933151, -34.730373428230884 ], [ 117.276533189430751, -34.730471578293866 ], [ 117.276030359988567, -34.730530328417444 ], [ 117.275513100279099, -34.730489998554738 ], [ 117.275056300311178, -34.730374468683685 ], [ 117.273992039587469, -34.729838578997395 ], [ 117.273707418697512, -34.729446949104499 ], [ 117.273661937623331, -34.729051989153433 ], [ 117.273788646333614, -34.728625369163609 ], [ 117.274356372701646, -34.727480329136966 ], [ 117.274391751525243, -34.727070579168199 ], [ 117.274006030237501, -34.726509579314772 ], [ 117.273351129403082, -34.72603815951603 ], [ 117.273045608692229, -34.725703279620419 ], [ 117.272713347309491, -34.725121049754016 ], [ 117.272686865391137, -34.724751929808377 ], [ 117.272994088083877, -34.723684979895033 ], [ 117.273217175412171, -34.723304309897493 ], [ 117.273590993777475, -34.723093549837053 ], [ 117.274828500033919, -34.722641249597146 ], [ 117.27508705863228, -34.72245253955947 ], [ 117.275171317615715, -34.722306709558836 ], [ 117.275176145967123, -34.722054369592854 ], [ 117.275069404232525, -34.721775479658355 ], [ 117.274518178883241, -34.72090933992002 ], [ 117.274167844424255, -34.72020325011124 ], [ 117.274091291661264, -34.719777410192528 ], [ 117.274109448491842, -34.719296370257084 ], [ 117.27433016359015, -34.718563080303717 ], [ 117.275118165814774, -34.7174218902543 ], [ 117.275316602712039, -34.716968870267948 ], [ 117.27540290749161, -34.716177830356791 ], [ 117.275236830123191, -34.715028260558874 ], [ 117.275267398430245, -34.714772000586933 ], [ 117.276404638595935, -34.713391350494199 ], [ 117.27669164546694, -34.712943080484457 ], [ 117.276829382003839, -34.712426580521715 ], [ 117.276786088040325, -34.711812850618017 ], [ 117.276598022800542, -34.710987070780284 ], [ 117.276396919503256, -34.710458430904595 ], [ 117.276118527815314, -34.710168581015132 ], [ 117.275393056379585, -34.709681701283174 ], [ 117.274315475477962, -34.709251281677076 ], [ 117.271513723670353, -34.70867640264602 ], [ 117.270994652884994, -34.708391632857776 ], [ 117.270656021947417, -34.70803758302668 ], [ 117.270486810986128, -34.70766566314682 ], [ 117.27043925971121, -34.707163493253866 ], [ 117.270575118861217, -34.706820213276195 ], [ 117.271048237935418, -34.706429893206007 ], [ 117.271662867603268, -34.706267413051513 ], [ 117.27324406759476, -34.706184172592302 ], [ 117.274334698180908, -34.706361142230577 ], [ 117.275951949412871, -34.707080941656358 ], [ 117.278632401502222, -34.708667810675884 ], [ 117.280080882252435, -34.709375970168246 ], [ 117.283314503782393, -34.710342659177229 ], [ 117.286356079204722, -34.711520498250181 ], [ 117.288494021178479, -34.712066937638014 ], [ 117.291034269718139, -34.713276526821453 ], [ 117.292621265551574, -34.713756626340377 ], [ 117.293369448801727, -34.714074706104405 ], [ 117.294019982715255, -34.714539345878109 ], [ 117.294819759909402, -34.715528405554309 ], [ 117.296388519132606, -34.716704495021254 ], [ 117.296537330953072, -34.716984624952836 ], [ 117.296769777158076, -34.718014394781854 ], [ 117.296984349633604, -34.718400844686862 ], [ 117.297331272422184, -34.718817344556967 ], [ 117.297973736226226, -34.719359594343203 ], [ 117.299343933119914, -34.720337843914152 ], [ 117.301527837223446, -34.722612613186193 ], [ 117.301658909293963, -34.722992113121528 ] ] ] ] } },
{ "type": "Feature", "properties": { "fid": 704, "CODE": "P_ns", "JNCODE": "si5011; P_ns", "fme_featur": "geology_surface_si5011" }, "geometry": { "type": "MultiPolygon", "coordinates": [ [ [ [ 117.489181004300676, -34.58139641657737 ], [ 117.48886470325111, -34.581309716302542 ], [ 117.488546571236185, -34.581115025500914 ], [ 117.488151867863266, -34.580777334010023 ], [ 117.487842394210958, -34.580401802265754 ], [ 117.487633568535855, -34.579791499299759 ], [ 117.487603310857111, -34.578938465076504 ], [ 117.487749934522583, -34.578212441491146 ], [ 117.488087230589457, -34.577726599152292 ], [ 117.488788976778324, -34.57719855675807 ], [ 117.489118376140297, -34.577078446277682 ], [ 117.489543526396673, -34.577045086241121 ], [ 117.490175318710541, -34.577216457197054 ], [ 117.490554942188439, -34.577560718833183 ], [ 117.490748477852662, -34.578185901646847 ], [ 117.490846807571842, -34.579294086557788 ], [ 117.490674143107412, -34.579953399507673 ], [ 117.490237968824246, -34.580660262790104 ], [ 117.489713022709438, -34.5811608152611 ], [ 117.489181004300676, -34.58139641657737 ] ] ] ] } },
{ "type": "Feature", "properties": { "fid": 706, "CODE": "P_gp", "JNCODE": "si5011; P_gp", "fme_featur": "geology_surface_si5011" }, "geometry": { "type": "MultiPolygon", "coordinates": [ [ [ [ 117.182818893869893, -34.679310255475116 ], [ 117.182414382374702, -34.679012825835493 ], [ 117.182152639766457, -34.678560726333956 ], [ 117.182093156887518, -34.678096736817544 ], [ 117.182322761017616, -34.677206817703009 ], [ 117.182541666203903, -34.676483458421444 ], [ 117.182570224000045, -34.676140818770875 ], [ 117.182436971123138, -34.675664929274873 ], [ 117.182046738166505, -34.675131929862914 ], [ 117.181237715982448, -34.674646520440376 ], [ 117.180238195238104, -34.674353130835641 ], [ 117.18, -34.674065220353377 ], [ 117.18, -34.651552943022516 ], [ 117.180310891247856, -34.651584028530031 ], [ 117.181307360064352, -34.65172466854407 ], [ 117.183046028802792, -34.652688858659815 ], [ 117.184604577790708, -34.653664438773504 ], [ 117.185104258228108, -34.654663818894932 ], [ 117.18545134066342, -34.657278579217632 ], [ 117.186424862267202, -34.659934319530592 ], [ 117.186508143408716, -34.661064569668532 ], [ 117.186234515194784, -34.662325679830637 ], [ 117.185532577370552, -34.66339643998068 ], [ 117.18361711164782, -34.664859810210487 ], [ 117.183224504247448, -34.665288109924148 ], [ 117.182938968493261, -34.66589486930539 ], [ 117.182927082138477, -34.666465938716378 ], [ 117.183302955388157, -34.667055018093528 ], [ 117.183626825786035, -34.667184197946561 ], [ 117.18543184639401, -34.667649027383021 ], [ 117.186120487012246, -34.667887037099213 ], [ 117.187376679093688, -34.668464686422311 ], [ 117.187638424849908, -34.669404575404783 ], [ 117.187614631286635, -34.670392044351978 ], [ 117.187174440004156, -34.671653163039501 ], [ 117.185889551603609, -34.673211701494374 ], [ 117.185556427731782, -34.674104000584933 ], [ 117.185485052019629, -34.674758349903485 ], [ 117.185639716283305, -34.675448399161468 ], [ 117.186032331059764, -34.676257408266089 ], [ 117.186541335432167, -34.677020247401153 ], [ 117.187841718456383, -34.677699476522847 ], [ 117.188937661608563, -34.678358475679126 ], [ 117.189280315236502, -34.678967614977815 ], [ 117.189518259913996, -34.67971952413307 ], [ 117.189537302865361, -34.680357223780312 ], [ 117.18944212437296, -34.680785523722882 ], [ 117.188823466398659, -34.681213823738887 ], [ 117.188242877162082, -34.681270933810943 ], [ 117.187433587746526, -34.681205563935087 ], [ 117.185267367663599, -34.680535684346637 ], [ 117.184191847134329, -34.680069304572719 ], [ 117.183516076456257, -34.679821844850863 ], [ 117.182818893869893, -34.679310255475116 ] ] ] ] } },
{ "type": "Feature", "properties": { "fid": 718, "CODE": "P_gp", "JNCODE": "si5011; P_gp", "fme_featur": "geology_surface_si5011" }, "geometry": { "type": "MultiPolygon", "coordinates": [ [ [ [ 117.1895711088181, -34.624902723336035 ], [ 117.189116828352141, -34.624870483309223 ], [ 117.188225437091759, -34.624675973273447 ], [ 117.186869264374593, -34.624133703253541 ], [ 117.186484013316573, -34.623895573260199 ], [ 117.186202402138989, -34.623588463283035 ], [ 117.186156931294931, -34.623313623316896 ], [ 117.186248060686339, -34.623065573355419 ], [ 117.186475800207631, -34.622801093404 ], [ 117.186836330076105, -34.622592683452538 ], [ 117.187959770685126, -34.622273023558463 ], [ 117.190137171619241, -34.621371883788548 ], [ 117.192447303714971, -34.62060633399507 ], [ 117.194605526731237, -34.619420084298199 ], [ 117.195222457871665, -34.619165394389086 ], [ 117.195818488844324, -34.619104464433811 ], [ 117.196502499878392, -34.619269564429104 ], [ 117.197227320979565, -34.61970848435908 ], [ 117.197656911855091, -34.620191484294267 ], [ 117.197782862369948, -34.620564204268071 ], [ 117.197678792583119, -34.621029134222205 ], [ 117.197282462421711, -34.621535834156596 ], [ 117.196807912090804, -34.621905764097278 ], [ 117.196252951548786, -34.622121044046345 ], [ 117.194294849350456, -34.62244154390342 ], [ 117.193222198439372, -34.622738973810179 ], [ 117.192598898352301, -34.623136443730701 ], [ 117.191772179332929, -34.624172903565743 ], [ 117.191332639546076, -34.624503093500095 ], [ 117.190602149472937, -34.624792713418394 ], [ 117.1895711088181, -34.624902723336035 ] ] ] ] } },
{ "type": "Feature", "properties": { "fid": 721, "CODE": "P_gp", "JNCODE": "si5011; P_gp", "fme_featur": "geology_surface_si5011" }, "geometry": { "type": "MultiPolygon", "coordinates": [ [ [ [ 117.20387102284478, -34.690828449959859 ], [ 117.20385674522467, -34.691613669822544 ], [ 117.203585488956918, -34.692755809657299 ], [ 117.203585491595561, -34.69362668950297 ], [ 117.20363798351103, -34.694279019380033 ], [ 117.203904554355063, -34.694662229275053 ], [ 117.204939613128602, -34.694662229131239 ], [ 117.206284011023882, -34.694483768976326 ], [ 117.207295278667615, -34.694067358910672 ], [ 117.208520694398047, -34.693020398929491 ], [ 117.2089014135654, -34.692865728904962 ], [ 117.210121961910957, -34.692736748760026 ], [ 117.210954041636612, -34.692974588602233 ], [ 117.212851311635717, -34.693805618188513 ], [ 117.213410481785388, -34.694126848052292 ], [ 117.214100531132516, -34.694186327945658 ], [ 117.214969029068101, -34.693734237908437 ], [ 117.215778045029793, -34.693210748161903 ], [ 117.216914269971312, -34.692812158481701 ], [ 117.217707567566876, -34.693003268613637 ], [ 117.218564177125941, -34.69407402857388 ], [ 117.219534995622013, -34.695273278622643 ], [ 117.220206000352803, -34.696900829109268 ], [ 117.220867485334708, -34.69766225953866 ], [ 117.221057842285674, -34.698499829846462 ], [ 117.220924591024826, -34.699432580028834 ], [ 117.220315444267371, -34.700022679820997 ], [ 117.219268491962367, -34.700193999219366 ], [ 117.216584482468178, -34.700193997582126 ], [ 117.210188509323203, -34.699832327425035 ], [ 117.20858498913789, -34.698956857829963 ], [ 117.207631619111382, -34.698469168061372 ], [ 117.206954599612629, -34.69834104818478 ], [ 117.206624950020512, -34.698347648232257 ], [ 117.205376252382408, -34.698718338350744 ], [ 117.20459102561847, -34.699693918296219 ], [ 117.204412566868641, -34.700134118246233 ], [ 117.204269810125268, -34.701442828039369 ], [ 117.202758856492977, -34.703393977940877 ], [ 117.2023424486013, -34.704084027890438 ], [ 117.202247270669673, -34.704916837764671 ], [ 117.202687471334386, -34.705416527607213 ], [ 117.203183112038531, -34.705959397431926 ], [ 117.204092402043216, -34.70640704720239 ], [ 117.204611662299783, -34.706769487051623 ], [ 117.205438132194956, -34.707127946848516 ], [ 117.206151974314494, -34.708370026504696 ], [ 117.206437515137509, -34.708855436367976 ], [ 117.206366126673288, -34.709469336269954 ], [ 117.205809338490695, -34.709969026278564 ], [ 117.202711279989288, -34.711168278723214 ], [ 117.2019117797837, -34.711839290046775 ], [ 117.201569139225384, -34.712410361115168 ], [ 117.201312157461871, -34.71363816329783 ], [ 117.200312773879361, -34.716579178949104 ], [ 117.19972743275342, -34.717692771196226 ], [ 117.19885654187695, -34.718749253264107 ], [ 117.197785792534361, -34.718991953909651 ], [ 117.19601547437459, -34.718934854153318 ], [ 117.194016727546042, -34.718206733234382 ], [ 117.192203579500628, -34.718106803408617 ], [ 117.189276841918087, -34.718392334494283 ], [ 117.188171292861824, -34.718481564871048 ], [ 117.187248054040467, -34.718319764759741 ], [ 117.186496155365191, -34.717967604271792 ], [ 117.186027466795949, -34.717382633308418 ], [ 117.185990328037022, -34.716654802003298 ], [ 117.186461458492602, -34.716098010907892 ], [ 117.187575049326981, -34.714927308581736 ], [ 117.187689260535734, -34.714127807118665 ], [ 117.187483492417613, -34.713113005329461 ], [ 117.187745223225321, -34.712467534115724 ], [ 117.188014343628325, -34.712062213333603 ], [ 117.189388203475104, -34.711329561749785 ], [ 117.190587452543355, -34.711172511237045 ], [ 117.190958642834531, -34.710772760446083 ], [ 117.191258460945505, -34.708731189151223 ], [ 117.19178669959507, -34.708374269103004 ], [ 117.193043046062201, -34.70738916901221 ], [ 117.193371412070107, -34.705804449184761 ], [ 117.193371408936287, -34.704448159384391 ], [ 117.19345706558272, -34.703034759577434 ], [ 117.193685494424145, -34.702635009596996 ], [ 117.194199452838646, -34.702178149576433 ], [ 117.195784169052473, -34.701250159447127 ], [ 117.196041147095627, -34.700522049515691 ], [ 117.195984045662854, -34.699879589624061 ], [ 117.195415064650831, -34.699188249823564 ], [ 117.1950522743509, -34.698895639927237 ], [ 117.193599822565218, -34.69746682037519 ], [ 117.19342849126069, -34.696824360497196 ], [ 117.193685728239529, -34.695634870632546 ], [ 117.194583647224647, -34.695607420497652 ], [ 117.194895017117616, -34.69570359043491 ], [ 117.196475527381452, -34.696537150060649 ], [ 117.19711903690488, -34.696624139945904 ], [ 117.198368255654486, -34.696653039744803 ], [ 117.199481833077868, -34.696053419666931 ], [ 117.199867310197988, -34.6949969397796 ], [ 117.200181384307754, -34.693283720033897 ], [ 117.200152830458094, -34.692084480247978 ], [ 117.199824468945877, -34.691513410395331 ], [ 117.199053517569808, -34.690842400627787 ], [ 117.198582387595735, -34.690699630723024 ], [ 117.19723357950501, -34.690855170897279 ], [ 117.196589879947737, -34.690785621005354 ], [ 117.196258080022019, -34.69070267106909 ], [ 117.195116948822303, -34.689973161363689 ], [ 117.194527786575961, -34.689100631599416 ], [ 117.194556333975939, -34.688315411728659 ], [ 117.194856141472329, -34.687644401798728 ], [ 117.19581267834775, -34.68698767177122 ], [ 117.196854885608417, -34.686473711707904 ], [ 117.198013753892184, -34.686308621568301 ], [ 117.198319533790951, -34.686373021512786 ], [ 117.198988664375662, -34.686762211348004 ], [ 117.199655546241559, -34.687546151113963 ], [ 117.200218428116358, -34.688287240904266 ], [ 117.202002749967463, -34.689337210478087 ], [ 117.202414710032897, -34.689473190398139 ], [ 117.203399891080139, -34.690100330153165 ], [ 117.20387102284478, -34.690828449959859 ] ] ] ] } },
{ "type": "Feature", "properties": { "fid": 744, "CODE": "P_gp", "JNCODE": "si5011; P_gp", "fme_featur": "geology_surface_si5011" }, "geometry": { "type": "MultiPolygon", "coordinates": [ [ [ [ 117.230747335583004, -34.649286604734073 ], [ 117.229739259459322, -34.649829655257321 ], [ 117.229539761190011, -34.650045355335763 ], [ 117.228769906307633, -34.650757764969129 ], [ 117.227433394876741, -34.651750764336633 ], [ 117.226359951854178, -34.65264680384017 ], [ 117.225370738170227, -34.653389753386605 ], [ 117.22376968783216, -34.654130472645157 ], [ 117.223401100099252, -34.654341592477849 ], [ 117.222785264044546, -34.65483668220665 ], [ 117.222355506957726, -34.655327332026211 ], [ 117.222279087590863, -34.655517141999553 ], [ 117.222349027431122, -34.655715562042943 ], [ 117.222819234999704, -34.655844452272113 ], [ 117.223413611669613, -34.655780642550511 ], [ 117.224183396807817, -34.655220342891027 ], [ 117.224784203339695, -34.655071633171069 ], [ 117.225462349735153, -34.655172753498178 ], [ 117.225789518327844, -34.655505883666017 ], [ 117.225771679214958, -34.656184033682258 ], [ 117.225622960734739, -34.656790793634435 ], [ 117.224950766095446, -34.658248213377028 ], [ 117.223583355509604, -34.659961812821727 ], [ 117.221774358005632, -34.662333642123336 ], [ 117.221408970461582, -34.662761711983961 ], [ 117.220994583138364, -34.66315326182211 ], [ 117.220616255245957, -34.663210371658067 ], [ 117.220066598176047, -34.663174671412847 ], [ 117.219474120758193, -34.662610741115181 ], [ 117.219039692397033, -34.661960190879846 ], [ 117.218963592580394, -34.661750790832045 ], [ 117.219003671684234, -34.661129340809673 ], [ 117.21916257001088, -34.660387950833517 ], [ 117.219794324754545, -34.658730821018182 ], [ 117.219762374352641, -34.658207470971014 ], [ 117.219561564979443, -34.657780810851257 ], [ 117.219064797133228, -34.657269990586968 ], [ 117.218273230976365, -34.656824940186702 ], [ 117.217037707556088, -34.656658499594684 ], [ 117.215869023965567, -34.656672539046539 ], [ 117.215379866911405, -34.656928098837255 ], [ 117.215232807914774, -34.657117128783639 ], [ 117.215106688940381, -34.657436728750667 ], [ 117.214932260477497, -34.658296338778243 ], [ 117.21461262352922, -34.660769348989234 ], [ 117.214470594365594, -34.661372999042669 ], [ 117.214197685501986, -34.662084879108882 ], [ 117.213636137011946, -34.662760649180626 ], [ 117.21293181844554, -34.663169909234838 ], [ 117.211951479870962, -34.663198469264849 ], [ 117.21088548069217, -34.662541739237078 ], [ 117.210561880314401, -34.661751759175999 ], [ 117.210571389594392, -34.661085509116823 ], [ 117.21161128607234, -34.659151118922416 ], [ 117.211860665137195, -34.658600468869167 ], [ 117.211813074359696, -34.657801768800965 ], [ 117.211604864250646, -34.657421058772108 ], [ 117.2110036548994, -34.657233078767476 ], [ 117.209747306791954, -34.657347288802264 ], [ 117.208414808731959, -34.657404398833712 ], [ 117.20736784947691, -34.656719118790527 ], [ 117.206673039275202, -34.655615048699566 ], [ 117.206244738594023, -34.654415798593249 ], [ 117.206416057416831, -34.653540158507873 ], [ 117.207263144918286, -34.652312348381386 ], [ 117.207415434004218, -34.651655618318401 ], [ 117.207410563242718, -34.650936018251542 ], [ 117.206936583282257, -34.650353958201855 ], [ 117.206247172894734, -34.649802417998636 ], [ 117.205528822207043, -34.649479087695049 ], [ 117.204462513865877, -34.649515147735158 ], [ 117.203808163766737, -34.649324787554178 ], [ 117.203213302384952, -34.64890838715111 ], [ 117.202725510591819, -34.648444386698038 ], [ 117.202796887976547, -34.64796849623341 ], [ 117.203296574923996, -34.647516395796885 ], [ 117.204081792450069, -34.647242755540283 ], [ 117.205699819399541, -34.647064295389747 ], [ 117.206568328450288, -34.647099995435326 ], [ 117.207771779751127, -34.647658645975582 ], [ 117.209378862390736, -34.648594156856284 ], [ 117.210009582237959, -34.648732026984412 ], [ 117.21037648177365, -34.648738566990616 ], [ 117.211346508784516, -34.648406266688689 ], [ 117.216029634255491, -34.645486124555859 ], [ 117.218980141624883, -34.643830014236862 ], [ 117.220379251995126, -34.643220874200303 ], [ 117.221159716557054, -34.642849674136663 ], [ 117.222298912241669, -34.643139664860811 ], [ 117.223033288942872, -34.643210515215586 ], [ 117.224540972740769, -34.643505376104741 ], [ 117.225641407333796, -34.643509596539715 ], [ 117.226455203387147, -34.64352638687609 ], [ 117.226826462079941, -34.643663797169545 ], [ 117.227094621470656, -34.643853187480097 ], [ 117.227290171616247, -34.644149657879382 ], [ 117.227658184274588, -34.64535491934253 ], [ 117.227951013580991, -34.645571269703233 ], [ 117.228881599874413, -34.645865150425685 ], [ 117.229299328789295, -34.646163670939252 ], [ 117.230892949350562, -34.647463942785059 ], [ 117.231189911695751, -34.648201573576436 ], [ 117.231161353276292, -34.648672704068019 ], [ 117.230747335583004, -34.649286604734073 ] ] ] ] } },
{ "type": "Feature", "properties": { "fid": 745, "CODE": "P_gm", "JNCODE": "si5011; P_gm", "fme_featur": "geology_surface_si5011" }, "geometry": { "type": "MultiPolygon", "coordinates": [ [ [ [ 117.332881235140064, -34.630883917880517 ], [ 117.333730855198269, -34.631744247766896 ], [ 117.334095145157832, -34.632178137696449 ], [ 117.334175635151169, -34.63237996766204 ], [ 117.334023675283674, -34.633115527542827 ], [ 117.333609365621584, -34.633964997423952 ], [ 117.333552885778204, -34.634624207326063 ], [ 117.333701665865746, -34.635157857098989 ], [ 117.334215356043359, -34.635884406372703 ], [ 117.334338036235579, -34.636249486016311 ], [ 117.334604428381567, -34.639258233131613 ], [ 117.334869299430949, -34.640839251586719 ], [ 117.33478910981907, -34.641266221192438 ], [ 117.334334950902104, -34.642264470322296 ], [ 117.334015551820769, -34.643178169518769 ], [ 117.333885552369551, -34.643779498978382 ], [ 117.333884452657529, -34.644152268628126 ], [ 117.334036783104281, -34.644858667930926 ], [ 117.334353813479112, -34.645603207157336 ], [ 117.335275043797893, -34.647000755857697 ], [ 117.335682273494399, -34.647350605820762 ], [ 117.336151622935091, -34.647492556030627 ], [ 117.336719552138476, -34.647499436437521 ], [ 117.337283921275301, -34.647384246946075 ], [ 117.33778439046074, -34.647172737482677 ], [ 117.338205109744408, -34.646902968000653 ], [ 117.339011588335651, -34.646170269130849 ], [ 117.340731375771796, -34.64493549113206 ], [ 117.341186015140693, -34.644539951674822 ], [ 117.342577993374135, -34.64303481341264 ], [ 117.342860043045107, -34.64254134385331 ], [ 117.343194602649632, -34.641300094739677 ], [ 117.343401732381082, -34.63896360616301 ], [ 117.343697522177891, -34.638159766709137 ], [ 117.344020201995932, -34.637799886999929 ], [ 117.344457661771131, -34.637509557274043 ], [ 117.345345481359089, -34.637108867703965 ], [ 117.345791111157922, -34.637012267859227 ], [ 117.346163280940729, -34.637198037867932 ], [ 117.346468230692409, -34.637612617767317 ], [ 117.34648538057985, -34.638052527583682 ], [ 117.346206930448162, -34.639436706892155 ], [ 117.346183660359685, -34.639939896661481 ], [ 117.346338660167589, -34.640288096568931 ], [ 117.346868649644875, -34.64071195660447 ], [ 117.347953588617514, -34.641122376906594 ], [ 117.350369076338723, -34.641565427439936 ], [ 117.351330195438308, -34.641837116715664 ], [ 117.355088172435018, -34.641705684216241 ], [ 117.355920571773936, -34.641773343630433 ], [ 117.356582971298323, -34.641955553116503 ], [ 117.357448900847757, -34.642485622329779 ], [ 117.359067090576886, -34.643869580665928 ], [ 117.360794040638652, -34.645004578962705 ], [ 117.362410890550521, -34.645497857571044 ], [ 117.363397860689545, -34.645874326675042 ], [ 117.365380350742441, -34.646395555247842 ], [ 117.36636229068219, -34.646821605078252 ], [ 117.368044860783613, -34.647683554717638 ], [ 117.370727991773393, -34.649594333859156 ], [ 117.370956032308627, -34.650026873582078 ], [ 117.370885183592833, -34.650472362614686 ], [ 117.370553894842502, -34.650851901811421 ], [ 117.369926036180573, -34.651209591108348 ], [ 117.368733597817297, -34.651578390504909 ], [ 117.367579398972339, -34.651790340272228 ], [ 117.36622979961453, -34.651766550522055 ], [ 117.362010468396235, -34.651246524091583 ], [ 117.36130377780762, -34.651072294938395 ], [ 117.360728147019842, -34.650813105778326 ], [ 117.359487054598432, -34.649996007875693 ], [ 117.3587125939912, -34.649351098755929 ], [ 117.358659093917723, -34.649241718841033 ], [ 117.358708033857468, -34.649124998848571 ], [ 117.359381513629501, -34.648631638519525 ], [ 117.359649473375327, -34.648239448471315 ], [ 117.35961627324123, -34.648051598573389 ], [ 117.359450433103092, -34.647853978780915 ], [ 117.358950102951368, -34.647601649264537 ], [ 117.358065702901115, -34.647427720005453 ], [ 117.354760593090674, -34.647077662633428 ], [ 117.354074653165938, -34.647112113139592 ], [ 117.352250133294618, -34.647367244440758 ], [ 117.351129343372421, -34.647376955288337 ], [ 117.35013749359301, -34.647095496116265 ], [ 117.348923915321947, -34.646606785595893 ], [ 117.348346736137756, -34.646488845240121 ], [ 117.347722766969014, -34.646468914822755 ], [ 117.34701085785953, -34.646642624268601 ], [ 117.346411038581337, -34.646987703707168 ], [ 117.342443905057593, -34.650289698898476 ], [ 117.341830656939919, -34.650697978161809 ], [ 117.340501460487729, -34.651412386712494 ], [ 117.340143731741122, -34.651768346252688 ], [ 117.339515724767267, -34.652846065252362 ], [ 117.339121565897528, -34.653160314815636 ], [ 117.338712286758124, -34.65333488443914 ], [ 117.337492118683045, -34.65354034347331 ], [ 117.333576493128078, -34.653825242048413 ], [ 117.333242663526931, -34.653951792112572 ], [ 117.332600344716212, -34.654470942153502 ], [ 117.331855435840225, -34.654900372256819 ], [ 117.33140624633225, -34.655035992357398 ], [ 117.33073986686837, -34.655109902545107 ], [ 117.3290621279709, -34.655134153066186 ], [ 117.327619498329597, -34.654779763619501 ], [ 117.326544998798184, -34.654647373992248 ], [ 117.323483310829133, -34.654710924932466 ], [ 117.322184841480052, -34.65460793536478 ], [ 117.32165285144481, -34.654381485587649 ], [ 117.321271200960979, -34.653940115816042 ], [ 117.321172110300012, -34.653499345956156 ], [ 117.321071777473279, -34.651738416422901 ], [ 117.320924227077398, -34.651443406539869 ], [ 117.319950355714155, -34.650248377083528 ], [ 117.319697885447397, -34.649815577201387 ], [ 117.31953434519373, -34.64916940763127 ], [ 117.319321264208384, -34.647423518854488 ], [ 117.319178184065791, -34.647053809082799 ], [ 117.318853874057467, -34.646699919242529 ], [ 117.318493794195447, -34.646533799252218 ], [ 117.318272894384975, -34.646571149156394 ], [ 117.316972876257921, -34.647560538041319 ], [ 117.315803407897917, -34.648187587241217 ], [ 117.315221888884494, -34.648599616776806 ], [ 117.314742499539449, -34.648771946514032 ], [ 117.314031190166091, -34.648725956336726 ], [ 117.313328710511527, -34.648479566300196 ], [ 117.312810840485895, -34.648112356399231 ], [ 117.312418550158071, -34.647636566607723 ], [ 117.312335449733666, -34.647291616818599 ], [ 117.312641436112031, -34.644881158567159 ], [ 117.312682893890639, -34.643306129662491 ], [ 117.312478322507204, -34.642275710300261 ], [ 117.311812570064347, -34.640515181270182 ], [ 117.311642348441893, -34.639429551946989 ], [ 117.311766767717984, -34.638941972323849 ], [ 117.312004047380839, -34.638698182577322 ], [ 117.312552566890432, -34.638306073048732 ], [ 117.313807517305307, -34.638477893396171 ], [ 117.314191367552183, -34.63863513342875 ], [ 117.314526357932266, -34.638918383354088 ], [ 117.315142958986328, -34.639799382959382 ], [ 117.315903990455993, -34.641199062239117 ], [ 117.317215411934896, -34.643041241371421 ], [ 117.317943222823644, -34.644411930621487 ], [ 117.31829278293722, -34.644772250473132 ], [ 117.31903438271226, -34.645011480537818 ], [ 117.322701570817614, -34.645583239818549 ], [ 117.323388070404235, -34.645613829638656 ], [ 117.323830790051218, -34.645501549627511 ], [ 117.32441621945253, -34.645156679772846 ], [ 117.325041988674769, -34.644590050095715 ], [ 117.325404758097349, -34.644079210436843 ], [ 117.325544337704414, -34.64363175077542 ], [ 117.325546947348002, -34.643107191205353 ], [ 117.325425806921814, -34.642356881843 ], [ 117.32475118648459, -34.64102603304184 ], [ 117.324527586098341, -34.640215003731747 ], [ 117.324487505391673, -34.639108834628715 ], [ 117.3245853149607, -34.638564555054792 ], [ 117.324708794671793, -34.638262515283536 ], [ 117.325149623966396, -34.637680795703943 ], [ 117.327030111268471, -34.635742287122618 ], [ 117.328236528678801, -34.633872267694173 ], [ 117.329607486536887, -34.632218367722245 ], [ 117.330587505371909, -34.630915037819882 ], [ 117.330932955207615, -34.630699977847456 ], [ 117.331278985134233, -34.630606407866949 ], [ 117.331965345076611, -34.630549677895466 ], [ 117.332526335074078, -34.630603537907312 ], [ 117.332881235140064, -34.630883917880517 ] ] ] ] } },
{ "type": "Feature", "properties": { "fid": 746, "CODE": "P_gp", "JNCODE": "si5011; P_gp", "fme_featur": "geology_surface_si5011" }, "geometry": { "type": "MultiPolygon", "coordinates": [ [ [ [ 117.202721810980563, -34.671527521998009 ], [ 117.203473717642353, -34.671156332381351 ], [ 117.203984544129995, -34.670733072846978 ], [ 117.205082221735481, -34.6691671046407 ], [ 117.205691360158454, -34.669043374753244 ], [ 117.206043515739324, -34.668491335395402 ], [ 117.206519403581822, -34.66827242563312 ], [ 117.207658380850972, -34.668085385799706 ], [ 117.208279850975899, -34.668201725626531 ], [ 117.208831887029262, -34.669096404507677 ], [ 117.209269726717409, -34.670447932831443 ], [ 117.209783693110566, -34.67136165167792 ], [ 117.21058320019398, -34.672389570355179 ], [ 117.210659345650498, -34.673112929458924 ], [ 117.210488031158931, -34.673817248607484 ], [ 117.209650467411592, -34.674559637773569 ], [ 117.209555291360516, -34.675073597153791 ], [ 117.210031189274403, -34.676158635776588 ], [ 117.210716486141493, -34.67711041453326 ], [ 117.211467132354514, -34.67796829338959 ], [ 117.212219047399657, -34.678663092439642 ], [ 117.212885299805421, -34.679005731932016 ], [ 117.214154793344818, -34.679514311137524 ], [ 117.216241962080645, -34.680122130779516 ], [ 117.21691296929184, -34.680107850984307 ], [ 117.217598245189038, -34.679865151370812 ], [ 117.218012270081388, -34.67945112202873 ], [ 117.218140754849074, -34.678880052803159 ], [ 117.21802652699968, -34.67786640407126 ], [ 117.21739835106932, -34.676809925222663 ], [ 117.21647035601454, -34.675682056351327 ], [ 117.215899282833419, -34.674968217061789 ], [ 117.215927830064132, -34.674639857487989 ], [ 117.216313993842718, -34.67408745832487 ], [ 117.216832362036456, -34.674159408416656 ], [ 117.218103189792743, -34.674598158301293 ], [ 117.219362199182427, -34.6752151779407 ], [ 117.220301318534979, -34.675642357705819 ], [ 117.222407132884271, -34.6760825578395 ], [ 117.223763906670683, -34.676061018324731 ], [ 117.224675932646562, -34.676064248627448 ], [ 117.225829972801634, -34.676659118209933 ], [ 117.226947527271435, -34.677704097153836 ], [ 117.227632823349722, -34.678703466004407 ], [ 117.22847516976374, -34.682886553701053 ], [ 117.22906052210908, -34.684514113411645 ], [ 117.229337913101887, -34.685235533284143 ], [ 117.229760083383056, -34.685900203207829 ], [ 117.2308022889668, -34.686185743384009 ], [ 117.231616054393484, -34.686085803600086 ], [ 117.232315610279741, -34.685785993808274 ], [ 117.233225035404061, -34.685439934036204 ], [ 117.23392119203092, -34.685573324167208 ], [ 117.23446956925946, -34.685767714277731 ], [ 117.235885971366102, -34.68629870462668 ], [ 117.236242888803019, -34.686703214756733 ], [ 117.236290477725817, -34.687226694824432 ], [ 117.2355290512414, -34.68839263465668 ], [ 117.235291102132862, -34.689320624605465 ], [ 117.235267311525476, -34.690296204634734 ], [ 117.235633747782515, -34.690948174858562 ], [ 117.236256471566207, -34.691445985244663 ], [ 117.237614857139633, -34.692265836170989 ], [ 117.23899173088968, -34.693101647252263 ], [ 117.240105299115541, -34.693173028025072 ], [ 117.24110466926399, -34.693073098661031 ], [ 117.241804224324, -34.692659068945048 ], [ 117.242746490231625, -34.691788189112685 ], [ 117.243603087476757, -34.691002969180175 ], [ 117.244388304292428, -34.690488999293642 ], [ 117.24533742076504, -34.690135579377333 ], [ 117.245782798801187, -34.690220569421058 ], [ 117.246889904358227, -34.690397929493614 ], [ 117.247746498928677, -34.690904749719799 ], [ 117.248267594734088, -34.691425859934874 ], [ 117.248353250915955, -34.692089730237072 ], [ 117.248139097397768, -34.692782150594134 ], [ 117.246797083650662, -34.693617341267029 ], [ 117.245754869799839, -34.694252661864297 ], [ 117.245590684563936, -34.695023602349892 ], [ 117.245747726005504, -34.69558039223601 ], [ 117.246026126859832, -34.695894482118504 ], [ 117.24689164817805, -34.696341971818917 ], [ 117.24724287845541, -34.696421701710065 ], [ 117.248793659267463, -34.696610421249559 ], [ 117.250076629736299, -34.696686260878465 ], [ 117.250503759989684, -34.696750000749574 ], [ 117.251470010237469, -34.696765500475465 ], [ 117.251980920049618, -34.696647600348264 ], [ 117.252558319253396, -34.696283410237676 ], [ 117.253130117977534, -34.695730060156784 ], [ 117.253886776560478, -34.694816350024944 ], [ 117.254886158531789, -34.693103139558069 ], [ 117.255614268294991, -34.692232249362519 ], [ 117.25679923615229, -34.691132939194233 ], [ 117.257755783186241, -34.690290609158488 ], [ 117.260224815386138, -34.689772189127474 ], [ 117.262055264646335, -34.689352168717349 ], [ 117.263175345445717, -34.689629418379276 ], [ 117.264106316482327, -34.690018948070396 ], [ 117.265628568536613, -34.690809667535305 ], [ 117.26711573160236, -34.692035096927583 ], [ 117.268091314403677, -34.693177236464088 ], [ 117.268626696728873, -34.694140916147141 ], [ 117.268698077656708, -34.69453352605737 ], [ 117.26861479888376, -34.695057005986264 ], [ 117.267710609547493, -34.695366336178999 ], [ 117.26596169889811, -34.695199776688504 ], [ 117.264385967581006, -34.694742137198425 ], [ 117.263421806767823, -34.694448797510937 ], [ 117.262023686922703, -34.694593017868527 ], [ 117.260703087391448, -34.69486665818507 ], [ 117.259703718656922, -34.695437728368823 ], [ 117.259215930537849, -34.69622294838053 ], [ 117.259394392171359, -34.696853508230696 ], [ 117.259632332824538, -34.697091448125796 ], [ 117.260649715149043, -34.697945317702995 ], [ 117.261771125792933, -34.698142377355794 ], [ 117.26338916790418, -34.698894286774483 ], [ 117.264312400430185, -34.699846066351341 ], [ 117.264788293740267, -34.701130975995717 ], [ 117.264835886176698, -34.702092285817471 ], [ 117.264483726949607, -34.702415885864625 ], [ 117.263579526929561, -34.702453956121722 ], [ 117.262752005742172, -34.702026476433979 ], [ 117.261898794215043, -34.701466046773859 ], [ 117.261240373879019, -34.701366746980348 ], [ 117.260590924089783, -34.701483137149246 ], [ 117.25948685611651, -34.702358777331419 ], [ 117.259233687431475, -34.702900347320487 ], [ 117.259148029507458, -34.703728397215116 ], [ 117.258534121649618, -34.704627837257448 ], [ 117.25779173343868, -34.705398777360912 ], [ 117.257149283480118, -34.705470167543936 ], [ 117.25667814308909, -34.705355947703559 ], [ 117.256304462293954, -34.705073537858993 ], [ 117.256303042295087, -34.705074127859376 ], [ 117.255721301052972, -34.704632818100592 ], [ 117.255060994907069, -34.702259298650432 ], [ 117.254507762019273, -34.701164748974037 ], [ 117.253966440442895, -34.700587729216103 ], [ 117.252990858938205, -34.70007614957278 ], [ 117.25185947809976, -34.699841329933165 ], [ 117.250838238048829, -34.699908480218831 ], [ 117.250076818774701, -34.700260640390759 ], [ 117.249762730487774, -34.700964960386109 ], [ 117.249619964018805, -34.702373600237038 ], [ 117.249191665442211, -34.70297322028275 ], [ 117.2482493968988, -34.703629950474969 ], [ 117.247621217172011, -34.703791760640819 ], [ 117.247040626901821, -34.703734650821325 ], [ 117.24689354562102, -34.703240670928821 ], [ 117.24693513325407, -34.702300941037713 ], [ 117.247066001868575, -34.701741771071511 ], [ 117.246685288958545, -34.700623421326839 ], [ 117.245495556325054, -34.699683541790627 ], [ 117.243972223563162, -34.699177431493773 ], [ 117.241963230188361, -34.698670780476895 ], [ 117.24090719005747, -34.697754189767096 ], [ 117.240324226701631, -34.696802409216112 ], [ 117.239550916183674, -34.695922008465288 ], [ 117.238872774776638, -34.69541041780947 ], [ 117.238218432992483, -34.695124887206376 ], [ 117.236440373312647, -34.695165805841896 ], [ 117.235444912102864, -34.695687205371179 ], [ 117.234859564228231, -34.696472425427764 ], [ 117.234788176966376, -34.697900106274624 ], [ 117.235130807602673, -34.699056527167798 ], [ 117.235816076718109, -34.70012728809413 ], [ 117.236087330752454, -34.700983888661085 ], [ 117.23581606933098, -34.701669178944655 ], [ 117.235087961783989, -34.702068928969638 ], [ 117.232736740449766, -34.701439357848706 ], [ 117.229163156077107, -34.700227215285381 ], [ 117.227557077239666, -34.699043773372054 ], [ 117.227286473789761, -34.698392992734192 ], [ 117.227257928827157, -34.6977219822096 ], [ 117.227500640417361, -34.697322231998214 ], [ 117.228342966639289, -34.695994491196885 ], [ 117.228999711912564, -34.695052220533555 ], [ 117.229242408883422, -34.694038570789097 ], [ 117.229213856349233, -34.69312486103933 ], [ 117.228871204551197, -34.692068381260071 ], [ 117.228200202447724, -34.690469381549697 ], [ 117.227460181248148, -34.68906966175458 ], [ 117.226270452459261, -34.687891831775232 ], [ 117.223736208719828, -34.686625111453829 ], [ 117.223511419267311, -34.686505351425041 ], [ 117.220380970191499, -34.686049180718612 ], [ 117.213804162029348, -34.686134839463413 ], [ 117.211010672440622, -34.685567339940391 ], [ 117.20935457165848, -34.684882050285239 ], [ 117.207519998545948, -34.683375860799856 ], [ 117.206856626502983, -34.682536261038059 ], [ 117.204415764868585, -34.679268192666868 ], [ 117.20279771675294, -34.676615095996432 ], [ 117.201930187884869, -34.675275657660841 ], [ 117.201394804685421, -34.674764078311988 ], [ 117.200789363123135, -34.674476548704874 ], [ 117.199552034034241, -34.67445192885107 ], [ 117.198790605386719, -34.674523318843363 ], [ 117.197362931112181, -34.675130078291751 ], [ 117.196506335357668, -34.675617867826624 ], [ 117.195768706333155, -34.675641667878274 ], [ 117.195170164588717, -34.675282598345696 ], [ 117.194302988210453, -34.674182289665417 ], [ 117.194207805620252, -34.673777780126208 ], [ 117.194463591946345, -34.673272140668246 ], [ 117.195641421381239, -34.671903952106064 ], [ 117.195915045652583, -34.671100892991596 ], [ 117.195903151829242, -34.670529823637466 ], [ 117.195665197972829, -34.669911164351355 ], [ 117.194314850230839, -34.668495386019842 ], [ 117.194112586455546, -34.667889806706576 ], [ 117.194036441098277, -34.667071277623322 ], [ 117.194626541396374, -34.665738779090397 ], [ 117.195264225451723, -34.664967839913416 ], [ 117.196482512784485, -34.664092189785109 ], [ 117.197434291075965, -34.663749549723576 ], [ 117.198081030083728, -34.663671119698925 ], [ 117.198409009892927, -34.663918369716846 ], [ 117.198787769791736, -34.664314069749018 ], [ 117.199542461657515, -34.665308309427431 ], [ 117.200399082153027, -34.668468225726919 ], [ 117.200741743952875, -34.670238543646292 ], [ 117.201046317586346, -34.670809612959921 ], [ 117.202043660915351, -34.671427302165831 ], [ 117.202721810980563, -34.671527521998009 ] ] ] ] } },
{ "type": "Feature", "properties": { "fid": 747, "CODE": "P_gp", "JNCODE": "si5011; P_gp", "fme_featur": "geology_surface_si5011" }, "geometry": { "type": "MultiPolygon", "coordinates": [ [ [ [ 117.29155229803898, -34.63359835137836 ], [ 117.290342477843396, -34.633408911348269 ], [ 117.288888747944767, -34.633132251584385 ], [ 117.287054657873824, -34.632651042030091 ], [ 117.286125387980036, -34.632485782216023 ], [ 117.284821258594121, -34.632459282380275 ], [ 117.284301989067544, -34.632542652402783 ], [ 117.283742129835531, -34.632733722381815 ], [ 117.283155931069359, -34.633098632286924 ], [ 117.282551252772762, -34.633632612121005 ], [ 117.281721245554877, -34.634510821834354 ], [ 117.280593118729939, -34.635853321620552 ], [ 117.279914810102241, -34.636400451598924 ], [ 117.279042681553079, -34.636790751615663 ], [ 117.275529817528394, -34.637869011698989 ], [ 117.274802458981057, -34.638207741689037 ], [ 117.274346199772594, -34.638522351695691 ], [ 117.272055755313716, -34.640970691939181 ], [ 117.269723709432597, -34.643111292887866 ], [ 117.26916584044821, -34.643692863215776 ], [ 117.268874651321099, -34.644183243426887 ], [ 117.268463324068563, -34.645689733880346 ], [ 117.268232784717256, -34.646082284093026 ], [ 117.267843524944212, -34.646293864391239 ], [ 117.266386664866573, -34.64661700546629 ], [ 117.265710615105661, -34.646941386042357 ], [ 117.265211085532059, -34.647342506543545 ], [ 117.263431027290949, -34.649076878678578 ], [ 117.2620135782864, -34.650086970298254 ], [ 117.260738961726972, -34.650731890768519 ], [ 117.259128746380185, -34.651326140825738 ], [ 117.256936922210585, -34.651911080419126 ], [ 117.254543017750308, -34.652424860111672 ], [ 117.253245470141877, -34.652615070042465 ], [ 117.251904201531175, -34.652660070139355 ], [ 117.250983831046781, -34.652492250427244 ], [ 117.250430649182718, -34.652175070841672 ], [ 117.250184336581924, -34.651790371297885 ], [ 117.250168073328183, -34.651340581801342 ], [ 117.250292501042296, -34.651038782124118 ], [ 117.250818584542657, -34.650196873004305 ], [ 117.250941092569633, -34.649690683142282 ], [ 117.250892342079752, -34.649257643028349 ], [ 117.250566710774848, -34.647981012740004 ], [ 117.250521049602725, -34.646984202489428 ], [ 117.250691638732064, -34.646373112283406 ], [ 117.251132787637587, -34.645751541983572 ], [ 117.251867496420942, -34.645221471591704 ], [ 117.254048573407587, -34.644164460439399 ], [ 117.254530492638636, -34.643853040122565 ], [ 117.254955401646512, -34.64332968971771 ], [ 117.255505279526702, -34.641993108845043 ], [ 117.255866698790172, -34.641641268499107 ], [ 117.256326128064032, -34.641362728130709 ], [ 117.257075587257916, -34.641209757672378 ], [ 117.258063836426217, -34.641190747161673 ], [ 117.260096065395842, -34.641614556434625 ], [ 117.260817965568805, -34.641683666204358 ], [ 117.261398825492748, -34.641581945920244 ], [ 117.261696665203317, -34.64135587567668 ], [ 117.261819454864821, -34.641111465492259 ], [ 117.261890464104809, -34.640578395164887 ], [ 117.261628999631711, -34.637427673406791 ], [ 117.261625336978796, -34.635554362312654 ], [ 117.261815543783641, -34.634341452301399 ], [ 117.261991832310315, -34.633947632498334 ], [ 117.262270520906853, -34.633580242684701 ], [ 117.262576090129272, -34.633387992786346 ], [ 117.262972969559527, -34.633260202859027 ], [ 117.263869778956348, -34.633161742930724 ], [ 117.264250669068176, -34.633224622911499 ], [ 117.265185429867898, -34.633533662793582 ], [ 117.266137780233976, -34.633724632733873 ], [ 117.26711618029988, -34.633833552714385 ], [ 117.267756859930174, -34.633782752757455 ], [ 117.268187588935916, -34.633523602886974 ], [ 117.26876683574767, -34.632608693311077 ], [ 117.269310674088842, -34.63214472352923 ], [ 117.2704886422801, -34.63167029376077 ], [ 117.272311630402442, -34.631198933994675 ], [ 117.273308409106235, -34.630843904159015 ], [ 117.274125977522345, -34.630375094364062 ], [ 117.274636695955095, -34.629886524570296 ], [ 117.274837564622786, -34.629456144748062 ], [ 117.274790573534816, -34.629095474895401 ], [ 117.274598492725957, -34.628822815006679 ], [ 117.273613209662216, -34.627799455430939 ], [ 117.273339498321675, -34.62736212561483 ], [ 117.273203717066593, -34.626956195785723 ], [ 117.273144995351814, -34.626403566017899 ], [ 117.273171551826849, -34.625267536493546 ], [ 117.273024737019313, -34.623724387144271 ], [ 117.273041154822579, -34.623017087440715 ], [ 117.273526327861688, -34.620737518375449 ], [ 117.273815755601476, -34.619797228715683 ], [ 117.2741676556318, -34.619207588829539 ], [ 117.274928975806262, -34.618514478954843 ], [ 117.275301345880109, -34.618005059058085 ], [ 117.275465835897919, -34.617550359158137 ], [ 117.275616265880714, -34.616607199374513 ], [ 117.275768985909508, -34.616169869474092 ], [ 117.276048816039477, -34.616493889391307 ], [ 117.27751456660549, -34.616684239310139 ], [ 117.279208747267873, -34.616379669349882 ], [ 117.281512068317809, -34.615427889572388 ], [ 117.282972849074241, -34.614816829735631 ], [ 117.283342079069271, -34.615567229505814 ], [ 117.283916348919689, -34.617126369018095 ], [ 117.284219448869948, -34.61773116882204 ], [ 117.284704398888763, -34.618244698644361 ], [ 117.285795048992782, -34.618990748361092 ], [ 117.286450558989173, -34.619540188150765 ], [ 117.286757578935863, -34.619912808011733 ], [ 117.286908419732427, -34.620329587818432 ], [ 117.286884420305142, -34.6205819277017 ], [ 117.286699510995987, -34.620899007563899 ], [ 117.285505552949928, -34.621818267209143 ], [ 117.285216373960708, -34.622256947025519 ], [ 117.28522175489887, -34.622648566845058 ], [ 117.285540477506444, -34.623735246322326 ], [ 117.285535618751993, -34.624259796080601 ], [ 117.285329130221896, -34.62487427581312 ], [ 117.284700222957412, -34.6259884953529 ], [ 117.284561404675301, -34.626687205045549 ], [ 117.284657467179258, -34.62772456456306 ], [ 117.284916239148615, -34.628565114153965 ], [ 117.285160619967925, -34.62893517396023 ], [ 117.285504170616775, -34.629251773780283 ], [ 117.28645949142755, -34.629733833459717 ], [ 117.287817711766081, -34.630098453147816 ], [ 117.289833591395379, -34.630279102849791 ], [ 117.290353011646275, -34.630449392768185 ], [ 117.290927062244862, -34.630767562650966 ], [ 117.292180523880944, -34.63163250233481 ], [ 117.2926849250223, -34.632220832108317 ], [ 117.292883685781689, -34.632605101953438 ], [ 117.293012696665443, -34.633046051769107 ], [ 117.292981727553936, -34.633477431574818 ], [ 117.292813368056642, -34.633709081454931 ], [ 117.29155229803898, -34.63359835137836 ] ] ] ] } },
{ "type": "Feature", "properties": { "fid": 760, "CODE": "P_gp", "JNCODE": "si5011; P_gp", "fme_featur": "geology_surface_si5011" }, "geometry": { "type": "MultiPolygon", "coordinates": [ [ [ [ 117.202068022685424, -34.637383815830745 ], [ 117.201448582027879, -34.637142725538034 ], [ 117.200801380596062, -34.636753515093503 ], [ 117.199977858049451, -34.636127574391551 ], [ 117.200546385999886, -34.635848884170358 ], [ 117.20093983416605, -34.635577293940642 ], [ 117.201100352871308, -34.635363883745846 ], [ 117.201138831527985, -34.635119343507796 ], [ 117.201006190848673, -34.634753853380587 ], [ 117.200695280971203, -34.634335183380109 ], [ 117.200272261218743, -34.633963233363801 ], [ 117.199801711506154, -34.633694953335123 ], [ 117.199002241956947, -34.6334859132701 ], [ 117.198330432447861, -34.633534173197603 ], [ 117.196297814988768, -34.634598252891507 ], [ 117.196051404778558, -34.634215912901155 ], [ 117.194999494166225, -34.633093142900925 ], [ 117.197303201805852, -34.632021463227098 ], [ 117.197712631260316, -34.631563863306255 ], [ 117.198049690626917, -34.630877713396828 ], [ 117.198834130549798, -34.631022633456595 ], [ 117.199955050325542, -34.631126193551687 ], [ 117.200721289650488, -34.631152283632446 ], [ 117.201179259187825, -34.631078783688366 ], [ 117.201676518572881, -34.63072344377084 ], [ 117.202259167773562, -34.630114813882948 ], [ 117.20251858733738, -34.629647523948719 ], [ 117.202598217080222, -34.629202423992879 ], [ 117.202704886852445, -34.628892224029393 ], [ 117.202920336514069, -34.628563204079555 ], [ 117.203815775282223, -34.627625204254365 ], [ 117.20460044430844, -34.627063584387351 ], [ 117.205166043702789, -34.626893914464432 ], [ 117.205816283133061, -34.627007684528017 ], [ 117.20660743254453, -34.62739999458443 ], [ 117.207088372224518, -34.62772991461091 ], [ 117.208198031608745, -34.628785534646944 ], [ 117.208582061339371, -34.629013524670533 ], [ 117.208947941046205, -34.62914234470027 ], [ 117.209616600466603, -34.629270954763427 ], [ 117.210147209974991, -34.629296424819913 ], [ 117.210547159555546, -34.629197594872494 ], [ 117.211317618667408, -34.628814254990417 ], [ 117.21160998838036, -34.62878937502493 ], [ 117.211881438150129, -34.628853835049433 ], [ 117.21239489780416, -34.62919092507741 ], [ 117.212819047602565, -34.629671235083016 ], [ 117.21299329758439, -34.630024045071792 ], [ 117.213216967769469, -34.630977515014123 ], [ 117.213532057673618, -34.631462775006625 ], [ 117.213942977383667, -34.63169856503098 ], [ 117.214905446562952, -34.631910555117422 ], [ 117.215204095724644, -34.632087275163016 ], [ 117.215284285480166, -34.632305255164418 ], [ 117.215228745971771, -34.63291552509655 ], [ 117.215269335936242, -34.633231595079039 ], [ 117.21581417401552, -34.634032445146133 ], [ 117.215906843816384, -34.63445095513211 ], [ 117.215882904052449, -34.634760865098457 ], [ 117.215770594809598, -34.635026625085949 ], [ 117.214885592609434, -34.635948975696529 ], [ 117.214584974971345, -34.636368116037794 ], [ 117.214473296900167, -34.636736146353364 ], [ 117.214240865420521, -34.638410997819342 ], [ 117.214032898638351, -34.639016488341419 ], [ 117.213835540336476, -34.639316468593925 ], [ 117.21345725221083, -34.639611788830258 ], [ 117.212335165200287, -34.639966519070654 ], [ 117.211688767623457, -34.640308189336679 ], [ 117.211164710594986, -34.640782969735149 ], [ 117.210450345950193, -34.641683110516745 ], [ 117.210048608417566, -34.642078690858824 ], [ 117.209563670748693, -34.642426601155087 ], [ 117.209061432325228, -34.642620671310496 ], [ 117.207085015798, -34.642844571426956 ], [ 117.206264956616806, -34.642816071362027 ], [ 117.205893066434982, -34.642696881231103 ], [ 117.205397445586712, -34.642422640945334 ], [ 117.205040454394648, -34.642114870632419 ], [ 117.204903563075405, -34.641832330353949 ], [ 117.205053716644656, -34.640634729213268 ], [ 117.205204873285922, -34.640023628637309 ], [ 117.205367101328662, -34.639682418321868 ], [ 117.205760128869628, -34.639291737976997 ], [ 117.207813798062858, -34.63761837655877 ], [ 117.208374034524738, -34.637039736067038 ], [ 117.208595532604846, -34.636708125778192 ], [ 117.208712270407588, -34.636301285410347 ], [ 117.208657148803994, -34.635977325103283 ], [ 117.208496047542923, -34.635700544829078 ], [ 117.208138136098611, -34.635351954466714 ], [ 117.207774455214505, -34.635112674204358 ], [ 117.207370664933876, -34.634956504045299 ], [ 117.207104475173864, -34.634929894019059 ], [ 117.20674185565521, -34.635009063996861 ], [ 117.206243988035311, -34.635377214293555 ], [ 117.205366345349162, -34.636618825390393 ], [ 117.204841728269031, -34.637077485781575 ], [ 117.204117240565637, -34.637376016004346 ], [ 117.203555711666837, -34.637476896052611 ], [ 117.20280962262602, -34.637514706024135 ], [ 117.202068022685424, -34.637383815830745 ] ] ] ] } },
{ "type": "Feature", "properties": { "fid": 766, "CODE": "P_gp", "JNCODE": "si5011; P_gp", "fme_featur": "geology_surface_si5011" }, "geometry": { "type": "MultiPolygon", "coordinates": [ [ [ [ 117.231209204135865, -34.659697624730441 ], [ 117.230984503319021, -34.659643384924216 ], [ 117.230821962617668, -34.659528535066464 ], [ 117.230661861547816, -34.659148475212064 ], [ 117.23061502037784, -34.658442665269241 ], [ 117.230708578960531, -34.657324285237401 ], [ 117.230914477786214, -34.656285335151871 ], [ 117.231318076804087, -34.655297134993674 ], [ 117.232162695328782, -34.654013274744763 ], [ 117.232451964203051, -34.653385924728582 ], [ 117.232854593663887, -34.653049234646105 ], [ 117.234623391921232, -34.652197174319397 ], [ 117.236535436369664, -34.65069232450162 ], [ 117.237013864222178, -34.650220944664028 ], [ 117.237474771501653, -34.649380534384363 ], [ 117.237803597686835, -34.647805863496146 ], [ 117.237992976505083, -34.647316373243292 ], [ 117.238420235066087, -34.646723702981511 ], [ 117.239412262627155, -34.645640782645231 ], [ 117.239847101176494, -34.644918102449523 ], [ 117.24069081679589, -34.642508921865868 ], [ 117.240992154939292, -34.641398681652582 ], [ 117.241242754211513, -34.640896691637003 ], [ 117.241592923659226, -34.640430911709956 ], [ 117.241923663635049, -34.640265571867886 ], [ 117.242463904059392, -34.640269682199062 ], [ 117.243125234998516, -34.640564412648594 ], [ 117.243605725910911, -34.640973272980119 ], [ 117.244010906779053, -34.641429683246649 ], [ 117.244380347636607, -34.641938483471328 ], [ 117.244566558266428, -34.642374133582337 ], [ 117.244630148912677, -34.642882013632544 ], [ 117.244593949637959, -34.643485843644456 ], [ 117.244245930674779, -34.644371003577454 ], [ 117.244149401250596, -34.644826233583316 ], [ 117.244261531900349, -34.645330753648793 ], [ 117.244727842701295, -34.646004863781506 ], [ 117.244832783024222, -34.646288423808457 ], [ 117.244790133510591, -34.646690353813518 ], [ 117.24458774403297, -34.647078763804124 ], [ 117.244169804787035, -34.647568543797789 ], [ 117.241618010426876, -34.65008876418009 ], [ 117.24114854254988, -34.650398013980755 ], [ 117.239806506438526, -34.650991723742727 ], [ 117.239123729283691, -34.651519363516314 ], [ 117.238850681516709, -34.651973493282483 ], [ 117.237726126077717, -34.655312981684858 ], [ 117.237366497923063, -34.655871171569267 ], [ 117.236472649891397, -34.656766671645883 ], [ 117.23437800069928, -34.658457882428856 ], [ 117.23314679933749, -34.659261443181606 ], [ 117.23246696784787, -34.659529913691145 ], [ 117.231737305827892, -34.659685754283537 ], [ 117.231209204135865, -34.659697624730441 ] ] ] ] } },
{ "type": "Feature", "properties": { "fid": 767, "CODE": "P_gp", "JNCODE": "si5011; P_gp", "fme_featur": "geology_surface_si5011" }, "geometry": { "type": "MultiPolygon", "coordinates": [ [ [ [ 117.253345651890029, -34.678107257103484 ], [ 117.254316463552669, -34.678050157533178 ], [ 117.255076447780127, -34.677775017834833 ], [ 117.255929729757, -34.677978768240848 ], [ 117.256300914644484, -34.678478458499072 ], [ 117.256457960853041, -34.679092358690923 ], [ 117.255872613880129, -34.67977763852037 ], [ 117.254887522376791, -34.68040581808507 ], [ 117.253202877689105, -34.680762737308413 ], [ 117.251618171896766, -34.680934056588889 ], [ 117.249976367761263, -34.680762735741709 ], [ 117.247558384398147, -34.679560544248268 ], [ 117.246756941692254, -34.679339973886705 ], [ 117.241844788542224, -34.67886176386277 ], [ 117.240757948330241, -34.678692154209145 ], [ 117.239655417501567, -34.67843143464863 ], [ 117.238397951515807, -34.67729348585133 ], [ 117.238554988834423, -34.676808076167198 ], [ 117.239340207468118, -34.676493986091984 ], [ 117.241067697734621, -34.676365495474684 ], [ 117.241553106958406, -34.676122785406811 ], [ 117.243651792952917, -34.67453806511913 ], [ 117.24430852311562, -34.674309634838288 ], [ 117.245046923538538, -34.67418592448923 ], [ 117.246350095927895, -34.674580894770202 ], [ 117.247649268577874, -34.675637374977732 ], [ 117.249716183581526, -34.677351785541347 ], [ 117.250136290065711, -34.677499075706258 ], [ 117.251575347382428, -34.678092986309302 ], [ 117.253345651890029, -34.678107257103484 ] ] ] ] } },
{ "type": "Feature", "properties": { "fid": 771, "CODE": "P_gp", "JNCODE": "si5011; P_gp", "fme_featur": "geology_surface_si5011" }, "geometry": { "type": "MultiPolygon", "coordinates": [ [ [ [ 117.229990724755538, -34.739500278974795 ], [ 117.230637885066571, -34.739782818826697 ], [ 117.23101891571298, -34.740113628733447 ], [ 117.231145416596718, -34.740485118705173 ], [ 117.231126677284578, -34.740748258710774 ], [ 117.231021107973575, -34.740992638736927 ], [ 117.230560639217131, -34.741374428848026 ], [ 117.229845010541865, -34.741543298947356 ], [ 117.229216232483367, -34.741442578822806 ], [ 117.225236895067297, -34.740808417971344 ], [ 117.223700089755241, -34.740406887590744 ], [ 117.22307858155645, -34.740176017418612 ], [ 117.222476433048271, -34.739850767254516 ], [ 117.221791984254082, -34.739338777109765 ], [ 117.220927775405912, -34.73853806693085 ], [ 117.219798496585142, -34.737347986700854 ], [ 117.219072607748515, -34.736738336549962 ], [ 117.218489649123086, -34.736423446424908 ], [ 117.21647273474666, -34.73567321598523 ], [ 117.21580608702827, -34.735595565836086 ], [ 117.215256219286758, -34.735686955709276 ], [ 117.214915290565386, -34.735843615720412 ], [ 117.213997501938337, -34.736486026351223 ], [ 117.213350032353219, -34.736735456784601 ], [ 117.212959182316069, -34.736759587053875 ], [ 117.212493961908919, -34.736608197397956 ], [ 117.212101761195811, -34.736278977724126 ], [ 117.211766020287001, -34.735819298042607 ], [ 117.211396278985873, -34.735113968446399 ], [ 117.211165217868569, -34.734476138749258 ], [ 117.211008605834962, -34.733295739114268 ], [ 117.211056104461434, -34.732520869229873 ], [ 117.211172533503813, -34.732011649226763 ], [ 117.211557902208753, -34.731424848981938 ], [ 117.212317740345057, -34.730732298372743 ], [ 117.213832936527453, -34.72954266700274 ], [ 117.215108912929352, -34.72868364584621 ], [ 117.215945598691263, -34.72825058604424 ], [ 117.216432446424406, -34.728082546157403 ], [ 117.21706231384205, -34.728010006300202 ], [ 117.21759332209956, -34.72812669641641 ], [ 117.218050470994442, -34.728387166512846 ], [ 117.218428770448696, -34.728751336589127 ], [ 117.218691240527718, -34.729188576637917 ], [ 117.218810021261262, -34.729668516653504 ], [ 117.218740073484668, -34.73046185661947 ], [ 117.218142499641573, -34.732046326448184 ], [ 117.217973382099743, -34.732788166392744 ], [ 117.218009883994156, -34.733614846381684 ], [ 117.218107184464472, -34.733954006395763 ], [ 117.218286914512248, -34.734245816429585 ], [ 117.218586683943272, -34.734468106492237 ], [ 117.219047692607234, -34.734621886593011 ], [ 117.221024465882579, -34.734873687034636 ], [ 117.221540854300258, -34.73500798714857 ], [ 117.221721374150761, -34.735215367184857 ], [ 117.221797025593744, -34.735901057186837 ], [ 117.222056355560383, -34.736269067237515 ], [ 117.223252543537171, -34.737214667488509 ], [ 117.224378101070187, -34.737871637730159 ], [ 117.226233146062057, -34.738570518137543 ], [ 117.229004137662798, -34.739236638755152 ], [ 117.229990724755538, -34.739500278974795 ] ] ] ] } },
{ "type": "Feature", "properties": { "fid": 775, "CODE": "P_gp", "JNCODE": "si5011; P_gp", "fme_featur": "geology_surface_si5011" }, "geometry": { "type": "MultiPolygon", "coordinates": [ [ [ [ 117.239628767642259, -34.803744803151069 ], [ 117.240285499363566, -34.804844113796321 ], [ 117.241207351174097, -34.806054254490725 ], [ 117.241827361670474, -34.806476894705192 ], [ 117.242481742066559, -34.80685281488703 ], [ 117.243239512194606, -34.807109314981687 ], [ 117.245104232326682, -34.807640585155326 ], [ 117.245865662036351, -34.807688175138949 ], [ 117.246650881398409, -34.807557305002589 ], [ 117.247388510558807, -34.807307464789488 ], [ 117.248352978576207, -34.806514364197497 ], [ 117.252456766068022, -34.806284293772393 ], [ 117.254158074455248, -34.805891683392026 ], [ 117.254693453109553, -34.805332502974053 ], [ 117.256988641422751, -34.805064812632878 ], [ 117.257904731116, -34.80514810262725 ], [ 117.258880310987337, -34.805338452692169 ], [ 117.259606040640577, -34.805350352650883 ], [ 117.260617319637987, -34.805112402435391 ], [ 117.262116378860526, -34.805136202396788 ], [ 117.263472668488376, -34.805326562480822 ], [ 117.266021438197583, -34.805888432786446 ], [ 117.266751838611341, -34.806299943053048 ], [ 117.266787529296849, -34.806656863305435 ], [ 117.266264050097547, -34.806918603508613 ], [ 117.263713501504853, -34.806931433601527 ], [ 117.262651752105995, -34.806944593645682 ], [ 117.262080683229414, -34.807360993956003 ], [ 117.261927913849277, -34.807635984153357 ], [ 117.2619373951851, -34.808322084633289 ], [ 117.262033105650431, -34.808586424815431 ], [ 117.262520886460479, -34.809133695184876 ], [ 117.263163347144328, -34.809657175534667 ], [ 117.263841497415243, -34.809978405742577 ], [ 117.265393127442849, -34.810409006006367 ], [ 117.265897608015209, -34.810834106294791 ], [ 117.266741460180285, -34.81215462721223 ], [ 117.267598070771314, -34.812678107566661 ], [ 117.26938267027397, -34.812892257683565 ], [ 117.271536078877674, -34.812749487537744 ], [ 117.274785485583195, -34.811945676886978 ], [ 117.278021620156906, -34.811032335298073 ], [ 117.278597329340258, -34.810949115069505 ], [ 117.278843619164846, -34.811008185031987 ], [ 117.279773838660589, -34.811327744941686 ], [ 117.280135519309042, -34.811936895190527 ], [ 117.280604480177558, -34.812761215516169 ], [ 117.281478499716414, -34.813128565415404 ], [ 117.283148877479249, -34.813042904769922 ], [ 117.284019756075324, -34.812843024359836 ], [ 117.284640315374247, -34.812888714162909 ], [ 117.286010884450789, -34.813421713913037 ], [ 117.287486153159989, -34.813840493539139 ], [ 117.288636211492062, -34.813704473053043 ], [ 117.291509479068296, -34.813661692927425 ], [ 117.293883548325681, -34.813801583626415 ], [ 117.294641878305995, -34.813979903910123 ], [ 117.295264988539913, -34.814274574213044 ], [ 117.29572314891503, -34.814606934493035 ], [ 117.296036980125237, -34.815240095033275 ], [ 117.296008430717151, -34.815454245256724 ], [ 117.295913601630389, -34.815780855580321 ], [ 117.295218992540924, -34.81606027565244 ], [ 117.294152303268547, -34.816254235498 ], [ 117.293746723424292, -34.816283915391288 ], [ 117.292260783035701, -34.815996764611484 ], [ 117.291539803049233, -34.815932524313666 ], [ 117.290558443752488, -34.816148064188972 ], [ 117.29018377409659, -34.816269904173311 ], [ 117.29002306437836, -34.816385304222216 ], [ 117.289769195500739, -34.816767164641327 ], [ 117.288828766177048, -34.816542234769123 ], [ 117.287879227289778, -34.816513655075831 ], [ 117.28611506927507, -34.816410905614447 ], [ 117.284818271244745, -34.816613156211005 ], [ 117.281498928061538, -34.818409648357964 ], [ 117.280428170265068, -34.819123489019823 ], [ 117.280035561499929, -34.819706459408359 ], [ 117.279964182293924, -34.820218039679141 ], [ 117.279987972910774, -34.820670139899875 ], [ 117.280485283161951, -34.821159720061807 ], [ 117.281220992728279, -34.821305230019647 ], [ 117.281659732352608, -34.821311059952698 ], [ 117.281914361969882, -34.821208569853162 ], [ 117.283005129672901, -34.820395909172504 ], [ 117.284439935998137, -34.819068167996512 ], [ 117.286360162941506, -34.818511377102851 ], [ 117.287480891527892, -34.818411436721142 ], [ 117.288187591421277, -34.818739796797345 ], [ 117.288504052210328, -34.819289457173348 ], [ 117.28840888447175, -34.820348318075261 ], [ 117.288527855311216, -34.820812318439224 ], [ 117.2891227156409, -34.821228718689994 ], [ 117.289680706603818, -34.821909249198171 ], [ 117.289823467650891, -34.822451759659423 ], [ 117.289687849040774, -34.823051390203027 ], [ 117.289430860246298, -34.823529660642791 ], [ 117.288545703367376, -34.824743181721132 ], [ 117.288555224256044, -34.825178632085034 ], [ 117.28881696489178, -34.825559342405256 ], [ 117.289304754920337, -34.825702112532454 ], [ 117.289963794072278, -34.825476772340146 ], [ 117.290616384741526, -34.825609292842984 ], [ 117.291578186226374, -34.825970463794569 ], [ 117.292172007307968, -34.826249384446875 ], [ 117.293092368033854, -34.826268965069595 ], [ 117.29324734846935, -34.826399175300971 ], [ 117.294640203337224, -34.827871187752571 ], [ 117.295077244351489, -34.828108498311892 ], [ 117.295581855134046, -34.828228798801334 ], [ 117.296383426270125, -34.828372629534933 ], [ 117.297186496828999, -34.828304810039505 ], [ 117.298614637296595, -34.828015400731317 ], [ 117.298822497494484, -34.828018890883271 ], [ 117.300675981824284, -34.828859233238681 ], [ 117.301461203518613, -34.829144764177684 ], [ 117.302448684751411, -34.829216155008041 ], [ 117.303126825116564, -34.829120975391866 ], [ 117.303376674189352, -34.82877595512344 ], [ 117.303293391513691, -34.828014524059952 ], [ 117.303150617064162, -34.826741512288656 ], [ 117.303205163931167, -34.825807331098432 ], [ 117.304221374118626, -34.825658851550429 ], [ 117.304840035004972, -34.825789722123005 ], [ 117.305732325835081, -34.826289412671045 ], [ 117.306672214397295, -34.826277512334052 ], [ 117.3076953817327, -34.82593249155309 ], [ 117.308027479919403, -34.825527610944405 ], [ 117.308552088471046, -34.825309600518516 ], [ 117.310047076840917, -34.82545660024109 ], [ 117.311867365600293, -34.825908690167232 ], [ 117.313390213755127, -34.826039559802425 ], [ 117.315663089928492, -34.825844848876166 ], [ 117.316956337733288, -34.825711728348246 ], [ 117.318333264846274, -34.825318137607901 ], [ 117.319482512039215, -34.824775246872164 ], [ 117.321102269092464, -34.823846525381342 ], [ 117.321881547550191, -34.823221924494362 ], [ 117.322630845303692, -34.822289873481679 ], [ 117.323181984898468, -34.822169363095796 ], [ 117.323692684862152, -34.822209222826409 ], [ 117.324108815037377, -34.822331562653595 ], [ 117.325047146188581, -34.822932822410507 ], [ 117.325455497178453, -34.823402762390501 ], [ 117.326140777477804, -34.823595492052561 ], [ 117.326925857458804, -34.823658171585897 ], [ 117.327599548227965, -34.824044151312847 ], [ 117.327818158839932, -34.824321491278234 ], [ 117.327878339763089, -34.824716631389649 ], [ 117.327767200674757, -34.825093851610212 ], [ 117.327379672430979, -34.825811682165728 ], [ 117.32731386322439, -34.826144772347803 ], [ 117.327402313691863, -34.826348882364954 ], [ 117.327546013965986, -34.826473842308189 ], [ 117.32804686425682, -34.826625721992436 ], [ 117.328620164166736, -34.826620301560396 ], [ 117.329226283728019, -34.826471451057039 ], [ 117.331108250882622, -34.825415219390912 ], [ 117.331875069967452, -34.825095588782496 ], [ 117.332847029212445, -34.824860088070473 ], [ 117.334064528537084, -34.82467880721974 ], [ 117.334918608464704, -34.824712046649282 ], [ 117.335549167775625, -34.824604976145665 ], [ 117.337167195068588, -34.824027954836552 ], [ 117.339695371154065, -34.82328437290812 ], [ 117.342140268611217, -34.823054351092281 ], [ 117.344513666953731, -34.823129489297877 ], [ 117.345032346975259, -34.823280688870817 ], [ 117.346483168143294, -34.824079827536416 ], [ 117.347481868098683, -34.824324726672842 ], [ 117.347659870994249, -34.825364306182202 ], [ 117.347882693196368, -34.826173355719668 ], [ 117.348181885008003, -34.826863005219622 ], [ 117.348612966540813, -34.827483314612202 ], [ 117.348793168702898, -34.828257344159944 ], [ 117.347003459454598, -34.828123505859132 ], [ 117.345737490544622, -34.82822121699909 ], [ 117.345101871648708, -34.828467337525538 ], [ 117.34490978233562, -34.828666947656323 ], [ 117.344816132996669, -34.828879817693306 ], [ 117.344782794052861, -34.829245677637736 ], [ 117.344856885414615, -34.829742347446967 ], [ 117.346052623576952, -34.83444507911571 ], [ 117.346466875443227, -34.835573169559062 ], [ 117.346675225871607, -34.835860399608464 ], [ 117.346950726080607, -34.836045179547291 ], [ 117.347416316076519, -34.836162649315042 ], [ 117.347921725870904, -34.836181318988096 ], [ 117.348303575567186, -34.836116028680912 ], [ 117.348626185106241, -34.835952528334936 ], [ 117.348954564212903, -34.835562087798593 ], [ 117.349706070945416, -34.834033335992395 ], [ 117.349974720396574, -34.833817465599246 ], [ 117.350353180113075, -34.833732625042764 ], [ 117.350766570093441, -34.833788014539621 ], [ 117.351624720393886, -34.834084033652744 ], [ 117.353017411378801, -34.834833522457764 ], [ 117.354593321519502, -34.83517086067264 ], [ 117.355924881129482, -34.835185338927857 ], [ 117.358799569306427, -34.834682124669321 ], [ 117.360193858659571, -34.834563702712586 ], [ 117.361662108132379, -34.834522560728267 ], [ 117.362488337940675, -34.834557339666276 ], [ 117.363264667875427, -34.83465411873037 ], [ 117.363878568261654, -34.834975338226975 ], [ 117.364035619504577, -34.835696318715129 ], [ 117.36368584062744, -34.836260249718009 ], [ 117.362893481769405, -34.836752801227632 ], [ 117.361694342267953, -34.836812362851489 ], [ 117.359512493341242, -34.837010175885958 ], [ 117.358655664546006, -34.837513757468102 ], [ 117.3577990556891, -34.837980139008756 ], [ 117.35661884719498, -34.838579761081924 ], [ 117.356476077984013, -34.838979511627528 ], [ 117.356924968719682, -34.839460961485543 ], [ 117.357835708765336, -34.839657610495024 ], [ 117.358408199155718, -34.839978880055575 ], [ 117.358589039476385, -34.840188280016719 ], [ 117.358617600409346, -34.840702240453403 ], [ 117.358466860820883, -34.84089704082475 ], [ 117.358214821510117, -34.841222741444447 ], [ 117.357684852215669, -34.8415017423726 ], [ 117.356885352999186, -34.841768243628294 ], [ 117.355851103789036, -34.84198984513683 ], [ 117.355313654073484, -34.842036445858056 ], [ 117.354930174067306, -34.841957456272382 ], [ 117.354659963843332, -34.841784316460341 ], [ 117.354441943435091, -34.841523116504739 ], [ 117.353982932104657, -34.84072317638055 ], [ 117.353772221829757, -34.840536266484527 ], [ 117.353463651666573, -34.840390726750407 ], [ 117.352631411484751, -34.840137317592593 ], [ 117.352130491573178, -34.840090558192998 ], [ 117.351509141994256, -34.840197329080318 ], [ 117.350789622762477, -34.840468270232776 ], [ 117.350087743758408, -34.840860441462738 ], [ 117.349530264828815, -34.841311452143728 ], [ 117.349075306061422, -34.841872242783417 ], [ 117.348849967186638, -34.842425153308739 ], [ 117.348853548018241, -34.842867513657943 ], [ 117.349000468721727, -34.84326822392881 ], [ 117.34923998928295, -34.843609324129616 ], [ 117.34981562018352, -34.844186914442268 ], [ 117.349964780603145, -34.844433434610842 ], [ 117.350001171267053, -34.844788474903154 ], [ 117.349906301869339, -34.845102865200928 ], [ 117.349654622434841, -34.845392355519195 ], [ 117.349407302621813, -34.84545714562644 ], [ 117.348461852638948, -34.845288675674517 ], [ 117.348109912645498, -34.845225965698454 ], [ 117.346899501771489, -34.844522595466515 ], [ 117.34624127177382, -34.844407095557628 ], [ 117.345288462233285, -34.844487975855351 ], [ 117.343966534733738, -34.845690496810164 ], [ 117.343252705435205, -34.845976037062691 ], [ 117.342795845674516, -34.846033137158095 ], [ 117.342066595603441, -34.845852067207566 ], [ 117.34139639559119, -34.845717317279529 ], [ 117.340391895370544, -34.84539332738477 ], [ 117.339797725909918, -34.845604837542879 ], [ 117.339312316726733, -34.846004587691525 ], [ 117.338899838015124, -34.846702947837194 ], [ 117.339283700142772, -34.848058047992268 ], [ 117.339460290839369, -34.848511098062609 ], [ 117.34005471275097, -34.849773658332516 ], [ 117.339940504042417, -34.850530318464429 ], [ 117.339298045424428, -34.851244158455231 ], [ 117.338662726453677, -34.851747418359999 ], [ 117.337734747162955, -34.852004398121828 ], [ 117.335619677782702, -34.851988987523015 ], [ 117.333293729586799, -34.852306400904375 ], [ 117.333016259870149, -34.852369611484818 ], [ 117.332166811467303, -34.852989503285201 ], [ 117.331724232657635, -34.853517744261282 ], [ 117.331495803957807, -34.854188754803474 ], [ 117.331324485861757, -34.855230955264766 ], [ 117.330524988018439, -34.856158947220869 ], [ 117.329611279610319, -34.85670146947858 ], [ 117.32752687209279, -34.857258264651946 ], [ 117.326574733465833, -34.857637787116026 ], [ 117.32329107706046, -34.858280255575202 ], [ 117.32169683860316, -34.858470619696284 ], [ 117.319788999130068, -34.8581545535123 ], [ 117.314138237433426, -34.858946170200589 ], [ 117.312651807430953, -34.859404229508165 ], [ 117.310645107812704, -34.860201458737464 ], [ 117.310321067725951, -34.860245738552933 ], [ 117.308533096361856, -34.860093977136835 ], [ 117.306495364554536, -34.859771895421439 ], [ 117.298122414440414, -34.858194179295019 ], [ 117.296426052231467, -34.856817988133315 ], [ 117.295367191218929, -34.855973277565198 ], [ 117.293148349936061, -34.855063136686674 ], [ 117.290627599221835, -34.854044626007877 ], [ 117.289240580687533, -34.853110486469198 ], [ 117.28808654270216, -34.851837477224414 ], [ 117.287646343327552, -34.851468667442468 ], [ 117.287106023999769, -34.851369637650407 ], [ 117.286641024566052, -34.851516477813014 ], [ 117.286291475016952, -34.851796897938627 ], [ 117.284264178574219, -34.854238229053223 ], [ 117.283450410185765, -34.854709359607362 ], [ 117.282650911588092, -34.854709360092102 ], [ 117.281423113414846, -34.854323890707164 ], [ 117.276797438873871, -34.852839112384373 ], [ 117.27474753966365, -34.851804632421185 ], [ 117.272576280302431, -34.85149530240934 ], [ 117.269612071288165, -34.851063432442366 ], [ 117.268922620933608, -34.850565142202456 ], [ 117.268260810732727, -34.850154992031619 ], [ 117.267431331132514, -34.850063762094102 ], [ 117.266573492286653, -34.850498312472581 ], [ 117.2658885027368, -34.850517642574928 ], [ 117.265251572793176, -34.85025901251683 ], [ 117.264621482816537, -34.849962462445838 ], [ 117.264233573086543, -34.849976532510318 ], [ 117.263091345186126, -34.851129823250616 ], [ 117.261790187234553, -34.852304323947173 ], [ 117.25962012002195, -34.853974704856242 ], [ 117.257935471982648, -34.854959805549399 ], [ 117.257193072578303, -34.855116845744327 ], [ 117.256265083007975, -34.855016915849497 ], [ 117.2562015121961, -34.854240725480103 ], [ 117.256546531474726, -34.853752935193 ], [ 117.257296060457875, -34.853181864820279 ], [ 117.257855239486688, -34.852539404453438 ], [ 117.257855238949375, -34.852027824218979 ], [ 117.257641088717349, -34.851706594093635 ], [ 117.256887858632041, -34.851282963968387 ], [ 117.25657354861977, -34.851132213925197 ], [ 117.25571782882993, -34.850953353913809 ], [ 117.255013668885951, -34.850707413849612 ], [ 117.252895769937112, -34.850762434055653 ], [ 117.251996329824834, -34.850319853879654 ], [ 117.251157008935806, -34.84928179333658 ], [ 117.250817308603715, -34.84889466312702 ], [ 117.250413247955294, -34.848237772753784 ], [ 117.249349937079813, -34.847213922159597 ], [ 117.24860706709454, -34.847009882043388 ], [ 117.247920357282425, -34.846959662020183 ], [ 117.246296408130732, -34.847145112165649 ], [ 117.246229567476973, -34.846643641827228 ], [ 117.245829816867996, -34.846091611451939 ], [ 117.244158224753377, -34.844300700169917 ], [ 117.24317480381643, -34.843543519617626 ], [ 117.241282181125612, -34.841491158174328 ], [ 117.240650039728706, -34.840473537477884 ], [ 117.239968318256714, -34.839392076744929 ], [ 117.238797623057877, -34.835765774331463 ], [ 117.23799812072167, -34.834066833220618 ], [ 117.23670288002495, -34.833334312768095 ], [ 117.234804809146041, -34.832339812173309 ], [ 117.234161687968381, -34.831408821596781 ], [ 117.233543026165663, -34.830057280758126 ], [ 117.232857395546773, -34.829537160447941 ], [ 117.232042996161326, -34.829737070611756 ], [ 117.230758086439295, -34.829637130599963 ], [ 117.229373247766816, -34.829208831000841 ], [ 117.227888460724856, -34.828623482048137 ], [ 117.227077251389545, -34.827918752253872 ], [ 117.226866921567861, -34.827753242309868 ], [ 117.22487606669344, -34.827781154169152 ], [ 117.221620975588337, -34.827981037405927 ], [ 117.219465192715461, -34.828437890021419 ], [ 117.218194567444542, -34.828809091763752 ], [ 117.217166643897443, -34.829765634175303 ], [ 117.216609855625478, -34.830765014844239 ], [ 117.21636714510484, -34.831964254691179 ], [ 117.216509913644742, -34.833092124196433 ], [ 117.21726380113148, -34.833974023321083 ], [ 117.217857659704762, -34.834140452817138 ], [ 117.218214579191113, -34.83374784262098 ], [ 117.21855959889055, -34.832962622485425 ], [ 117.218662379294969, -34.831848392589166 ], [ 117.21940671784175, -34.830804102020579 ], [ 117.221022333469307, -34.830154850401684 ], [ 117.222665067877983, -34.829701338341359 ], [ 117.223440296323304, -34.829943417789174 ], [ 117.224920102481676, -34.83063943643517 ], [ 117.225698870738213, -34.831276615845759 ], [ 117.226225759840389, -34.831938875567914 ], [ 117.226533459538572, -34.83252254550203 ], [ 117.226782869456684, -34.833126415518308 ], [ 117.226761280178422, -34.83389184583605 ], [ 117.227886159285987, -34.835372045642018 ], [ 117.227837209803468, -34.835766535859513 ], [ 117.227720430296969, -34.836028086056452 ], [ 117.227295851552498, -34.836520606539906 ], [ 117.226661563039087, -34.836966747096845 ], [ 117.224863306483115, -34.837827468356828 ], [ 117.224515907210247, -34.838260538638103 ], [ 117.224515907488765, -34.838850638776918 ], [ 117.224877587328209, -34.839440748769363 ], [ 117.225543836766704, -34.839816698615181 ], [ 117.226282075938045, -34.83983868834369 ], [ 117.227547224349152, -34.83969708780382 ], [ 117.229301541605054, -34.839175596829307 ], [ 117.229921830646418, -34.839053696492513 ], [ 117.230762550369533, -34.839086906479395 ], [ 117.231576270553148, -34.839366396659599 ], [ 117.231901870848176, -34.839627776826212 ], [ 117.232055261139024, -34.839853586969404 ], [ 117.232160231951042, -34.840422837328326 ], [ 117.231962223251685, -34.84126783785586 ], [ 117.231060375885946, -34.842897948854926 ], [ 117.230651117566907, -34.843973459511574 ], [ 117.230870028630889, -34.844734889992075 ], [ 117.231631448887143, -34.845144160207781 ], [ 117.23246901875757, -34.845267890272069 ], [ 117.234524878319391, -34.84528693037624 ], [ 117.235514728239352, -34.845477280489426 ], [ 117.236596498499154, -34.846087120783132 ], [ 117.236573578720851, -34.846364120886982 ], [ 117.236473798910708, -34.846589560963416 ], [ 117.231941101364612, -34.850704481373207 ], [ 117.230009751896944, -34.85335044124237 ], [ 117.228349476191212, -34.855137943000621 ], [ 117.227824737703401, -34.855582423625769 ], [ 117.224364918482735, -34.857462158112838 ], [ 117.223660601354936, -34.85807129932418 ], [ 117.223298923925938, -34.859004050425966 ], [ 117.223184705007071, -34.859441870891764 ], [ 117.223576314920564, -34.860166520874643 ], [ 117.224057184163343, -34.860687070559543 ], [ 117.224271153814485, -34.860893730413096 ], [ 117.223661796344956, -34.861362691478909 ], [ 117.223419088034234, -34.862062252194043 ], [ 117.223476198642985, -34.86261905245253 ], [ 117.223806748842762, -34.863396152534754 ], [ 117.224504128176747, -34.864160942240368 ], [ 117.225322036767636, -34.864555381625223 ], [ 117.225674767185765, -34.865295981783618 ], [ 117.225417839550516, -34.86633101277701 ], [ 117.225417840230321, -34.866730763059337 ], [ 117.225746200384776, -34.867216173104694 ], [ 117.226200680052557, -34.867542752939165 ], [ 117.226313710804192, -34.868072183241537 ], [ 117.226618330742141, -34.868345913194517 ], [ 117.226042562950738, -34.868977004146132 ], [ 117.225040585990982, -34.869755485479175 ], [ 117.223926308693564, -34.870358776689351 ], [ 117.223130490190499, -34.870563827375726 ], [ 117.222460880789498, -34.870230297670815 ], [ 117.221410922062972, -34.869886568271205 ], [ 117.220902442571585, -34.869566288510811 ], [ 117.220479832710154, -34.868942158578839 ], [ 117.220175572383425, -34.867933478429322 ], [ 117.219900952702588, -34.867674618569467 ], [ 117.219661043140192, -34.86762940876384 ], [ 117.219295233902216, -34.867683629104327 ], [ 117.218019596693651, -34.86823434036674 ], [ 117.217787347122297, -34.868217630558647 ], [ 117.217543137501551, -34.86803187072212 ], [ 117.217320597725688, -34.867524230802267 ], [ 117.217284617575132, -34.866955960711643 ], [ 117.217446677077461, -34.866573020475968 ], [ 117.218046825453044, -34.865919479738295 ], [ 117.218110695182503, -34.865677859611303 ], [ 117.21807265513614, -34.865420039581537 ], [ 117.21786435546278, -34.865091409710395 ], [ 117.217020267177773, -34.864234110411822 ], [ 117.216807157584427, -34.863816810565233 ], [ 117.216210358759554, -34.86211558097164 ], [ 117.215974519377326, -34.861794111213847 ], [ 117.215200291592168, -34.861015252098305 ], [ 117.214689472361755, -34.860175482387042 ], [ 117.214646171855463, -34.859822442153842 ], [ 117.214692810799221, -34.859507031687208 ], [ 117.215607432293552, -34.857503277970963 ], [ 117.216130723605957, -34.855151904188617 ], [ 117.216489960990444, -34.8545525330644 ], [ 117.217374107153276, -34.853863161440884 ], [ 117.217747525275612, -34.853452810642473 ], [ 117.217868873861647, -34.853021770030047 ], [ 117.217679962585535, -34.852439579455982 ], [ 117.217298671925249, -34.851981569138673 ], [ 117.216209661667534, -34.851327538946883 ], [ 117.21520789146156, -34.850812038783531 ], [ 117.214394502688478, -34.850586639359129 ], [ 117.21375741438969, -34.850567540159382 ], [ 117.213219526250697, -34.85069557102095 ], [ 117.212767238228494, -34.850958341925811 ], [ 117.211893632416221, -34.851663203831329 ], [ 117.21131963447769, -34.851909334780281 ], [ 117.210995625318247, -34.851926305174906 ], [ 117.210658265960063, -34.851845655484411 ], [ 117.210100506525848, -34.851477585782092 ], [ 117.209804276505466, -34.851115975801982 ], [ 117.209573196142443, -34.850653445668243 ], [ 117.209132893897376, -34.848932744746314 ], [ 117.208435752253024, -34.846867534122978 ], [ 117.20780621226227, -34.845553864212675 ], [ 117.207584911777758, -34.844152893906397 ], [ 117.207637890978759, -34.842875013356164 ], [ 117.207859570028035, -34.842463852856433 ], [ 117.208186138787283, -34.842101482228315 ], [ 117.2085235576168, -34.84193346165997 ], [ 117.208882656422617, -34.841881251096794 ], [ 117.209264255171121, -34.841912350518733 ], [ 117.20979393342148, -34.842053729724832 ], [ 117.211736036559458, -34.842884046653317 ], [ 117.212330454222865, -34.843278555624885 ], [ 117.212944591537962, -34.843892134467488 ], [ 117.214762207958699, -34.846378592855238 ], [ 117.214980648492329, -34.846784063069364 ], [ 117.215949870741426, -34.847710714125149 ], [ 117.216468801191184, -34.84798955436127 ], [ 117.216913581035882, -34.848059984325907 ], [ 117.217519850521967, -34.848055684144882 ], [ 117.21829833934865, -34.847856493687026 ], [ 117.218698158250618, -34.84755276323444 ], [ 117.21915519644908, -34.846962032477435 ], [ 117.219590604394952, -34.846216861608319 ], [ 117.220254101339648, -34.844849570308142 ], [ 117.220611031361273, -34.844387170314825 ], [ 117.220864441315726, -34.844192570303157 ], [ 117.221265521192223, -34.844016780271893 ], [ 117.222987110463478, -34.843718810085129 ], [ 117.22342653022541, -34.843561170013032 ], [ 117.223651860060656, -34.843376059954011 ], [ 117.223799819907455, -34.843147219892245 ], [ 117.223890859655782, -34.842585259771226 ], [ 117.223709489585858, -34.842011539702149 ], [ 117.223226039836334, -34.841542769743107 ], [ 117.222127760726906, -34.840907519982942 ], [ 117.221301951549179, -34.840550160228503 ], [ 117.220841562038956, -34.840428590381748 ], [ 117.219843963091449, -34.840376660721461 ], [ 117.218243104614047, -34.840605321218789 ], [ 117.217824445084105, -34.840537341369753 ], [ 117.216964856224877, -34.840236481739232 ], [ 117.21630160696445, -34.840207051980734 ], [ 117.215391547699568, -34.840415162217099 ], [ 117.214415319256005, -34.840955052968496 ], [ 117.213864581048639, -34.840852143788091 ], [ 117.213229393006245, -34.840827024696424 ], [ 117.212342226109797, -34.840178146046739 ], [ 117.211442799019068, -34.839435757294915 ], [ 117.21020950256522, -34.8379541687368 ], [ 117.209676843834416, -34.837444759257842 ], [ 117.207074788690207, -34.835729911297527 ], [ 117.20526461155562, -34.835231492580625 ], [ 117.202664284592004, -34.834300263897717 ], [ 117.200658484748743, -34.832900743814051 ], [ 117.200401774396695, -34.832591763614118 ], [ 117.200392593316309, -34.832083223046169 ], [ 117.20069240265542, -34.831911902711845 ], [ 117.201734601478407, -34.831826242136643 ], [ 117.202362780707318, -34.831726301754749 ], [ 117.203562029242732, -34.831483601021731 ], [ 117.203910698822412, -34.831398170809045 ], [ 117.204645948488277, -34.831655160676235 ], [ 117.205416168496114, -34.832384400766919 ], [ 117.206720767575263, -34.833118290420614 ], [ 117.208794465089156, -34.833734329322468 ], [ 117.209908043512556, -34.834019858615527 ], [ 117.210607602489617, -34.834005588128846 ], [ 117.211035911981398, -34.833634387833158 ], [ 117.211235781925666, -34.833034767717429 ], [ 117.211664092032677, -34.831664197561032 ], [ 117.21230654193171, -34.830864697386268 ], [ 117.213134591931777, -34.830108027259783 ], [ 117.213291640119351, -34.829508406553259 ], [ 117.213091758790469, -34.829122926063604 ], [ 117.212136067718959, -34.828630525726922 ], [ 117.210799227553693, -34.828244435765633 ], [ 117.209723708442965, -34.828215876182789 ], [ 117.208667229650388, -34.828301536716566 ], [ 117.207487021612636, -34.828653697536083 ], [ 117.206915952593306, -34.8288630979415 ], [ 117.206278252911247, -34.82878694811 ], [ 117.20518370257254, -34.828206368084835 ], [ 117.204146262253872, -34.827521078074874 ], [ 117.204092640503447, -34.826538837464504 ], [ 117.204149749372803, -34.825967767059467 ], [ 117.204387687916864, -34.825377656515599 ], [ 117.204102156809356, -34.824540086162941 ], [ 117.20390227637948, -34.824111786040653 ], [ 117.204054565338666, -34.82369299565233 ], [ 117.204749363876303, -34.823616855033386 ], [ 117.205387062843883, -34.823702514575281 ], [ 117.206586311804529, -34.824216484044712 ], [ 117.20765230169863, -34.824901763881755 ], [ 117.208566020585408, -34.825035013372421 ], [ 117.209232269099715, -34.824892242751744 ], [ 117.20970815667043, -34.824349731797952 ], [ 117.209660564642363, -34.823654921047606 ], [ 117.209727182220675, -34.822903010137914 ], [ 117.21007934012637, -34.822465189315672 ], [ 117.211307144449179, -34.821570507044875 ], [ 117.211906760663581, -34.820894745549623 ], [ 117.211811578634396, -34.820247524796727 ], [ 117.211117108114124, -34.819547644689138 ], [ 117.209567231542323, -34.819256206181421 ], [ 117.208111005874457, -34.819327597999226 ], [ 117.206740439714409, -34.819313319622054 ], [ 117.206068770893111, -34.818994560163134 ], [ 117.206042989891884, -34.818518459805603 ], [ 117.206747306079791, -34.817814138296924 ], [ 117.207023313422212, -34.817090777278487 ], [ 117.206823443413413, -34.816814767311534 ], [ 117.206443044447582, -34.816709537758882 ], [ 117.205242569162323, -34.817018329695401 ], [ 117.204064744255604, -34.817660781751854 ], [ 117.20280363936989, -34.818362723815348 ], [ 117.201661503070838, -34.818541185351876 ], [ 117.1995080878159, -34.81831513763931 ], [ 117.196926377422201, -34.817803558899492 ], [ 117.195903206770197, -34.817077819273628 ], [ 117.195379726169037, -34.816423469400476 ], [ 117.195072124752357, -34.814969379196569 ], [ 117.195348902194937, -34.814305238104282 ], [ 117.195634438274411, -34.813317756494897 ], [ 117.195634435997633, -34.812734785655309 ], [ 117.195398705395817, -34.812539105578928 ], [ 117.194665086305278, -34.812649646364477 ], [ 117.194303407153171, -34.812820966893767 ], [ 117.193637159685892, -34.8134491482028 ], [ 117.193028022472021, -34.814229609541307 ], [ 117.192000093620749, -34.814534180528263 ], [ 117.191790704811424, -34.814933931047534 ], [ 117.191790705595366, -34.815657291241614 ], [ 117.191543236107563, -34.816190291494095 ], [ 117.191048316629292, -34.816723291881431 ], [ 117.19045820683175, -34.816913642247457 ], [ 117.189791956715766, -34.816761362586917 ], [ 117.188164406036364, -34.815962653348379 ], [ 117.187022265553665, -34.815391583896009 ], [ 117.18483315476044, -34.814439804943881 ], [ 117.183310305351796, -34.814213755269321 ], [ 117.182132475686757, -34.813928215507119 ], [ 117.181252075515246, -34.813333355634867 ], [ 117.180240795139483, -34.812488645763239 ], [ 117.18, -34.812376272578049 ], [ 117.18, -34.803888655409587 ], [ 117.180329185698355, -34.80399860462586 ], [ 117.180878555703487, -34.804277584521927 ], [ 117.181366005812961, -34.804620014442804 ], [ 117.182300056211844, -34.80544722431663 ], [ 117.182754766150168, -34.80561861422472 ], [ 117.183356705745396, -34.80555334406332 ], [ 117.184096684993548, -34.805243303832491 ], [ 117.18645540837079, -34.803665920551843 ], [ 117.187031866363739, -34.803506209362027 ], [ 117.187453925111654, -34.803531078538981 ], [ 117.187830604247964, -34.803688017872176 ], [ 117.18803897394524, -34.803859727553046 ], [ 117.188265113940574, -34.80420016729952 ], [ 117.188348404233153, -34.80446858728952 ], [ 117.188348415409266, -34.805060917615059 ], [ 117.188029919193411, -34.806605328972346 ], [ 117.188046330114346, -34.807107849203732 ], [ 117.188142840425186, -34.80737480919548 ], [ 117.188395320269748, -34.807556068916647 ], [ 117.189279468670549, -34.807632977658379 ], [ 117.189725188391137, -34.807890237187266 ], [ 117.190150498846407, -34.808406226972039 ], [ 117.190537840656077, -34.80938128723551 ], [ 117.190754731332973, -34.809765667287017 ], [ 117.191086991686831, -34.810070687154415 ], [ 117.191388931693751, -34.810218356936197 ], [ 117.192184541126821, -34.810374656176137 ], [ 117.193427419509689, -34.810359244745953 ], [ 117.198049910909234, -34.809752128431334 ], [ 117.198878008518847, -34.809497696960172 ], [ 117.20016373198068, -34.808609833647736 ], [ 117.200584990451404, -34.808499763023249 ], [ 117.201076009292549, -34.80849539253871 ], [ 117.201789098444763, -34.808667802159391 ], [ 117.202668798221495, -34.809081482007706 ], [ 117.204066228485971, -34.809967771994707 ], [ 117.204715369117139, -34.810552942177793 ], [ 117.205097898796467, -34.81074154201778 ], [ 117.206771776088971, -34.811306120808396 ], [ 117.209217070166233, -34.811728498275222 ], [ 117.210231477944561, -34.812036667305087 ], [ 117.21124100620311, -34.812580846504297 ], [ 117.212515214319467, -34.813559345586889 ], [ 117.214374201842105, -34.815299174315911 ], [ 117.215075773134529, -34.816178224724347 ], [ 117.215352035492785, -34.816787785633288 ], [ 117.215445037707624, -34.817341266481108 ], [ 117.215400711076441, -34.818149757763621 ], [ 117.215079917389389, -34.81959033015751 ], [ 117.215131788541413, -34.81988104059873 ], [ 117.215317949197484, -34.820093900856143 ], [ 117.215634759303256, -34.820216280909193 ], [ 117.216186728851227, -34.820277860759042 ], [ 117.217084507603886, -34.820251090319573 ], [ 117.217616616537299, -34.820146909934117 ], [ 117.217843275857049, -34.820040079683508 ], [ 117.218131814583671, -34.819789679209023 ], [ 117.218949389158581, -34.818526807168809 ], [ 117.2195190667546, -34.81798808627201 ], [ 117.22001106560073, -34.817773645849819 ], [ 117.220480055017077, -34.817717145644608 ], [ 117.220829515017783, -34.817809125658584 ], [ 117.221125755546822, -34.818057235872772 ], [ 117.22129544635095, -34.818363166187645 ], [ 117.22144968800788, -34.818944766828679 ], [ 117.221494191697872, -34.820152688244541 ], [ 117.22134446478141, -34.821081189419509 ], [ 117.220676492385735, -34.823142542301966 ], [ 117.220624534040482, -34.823624942933066 ], [ 117.220731305449831, -34.824123293477697 ], [ 117.220911116474994, -34.824552893878817 ], [ 117.221195127219133, -34.824970064177556 ], [ 117.221449187396004, -34.825196564257759 ], [ 117.22190877709933, -34.825418684166848 ], [ 117.222407936241211, -34.8254909138629 ], [ 117.224336981130676, -34.825127101998909 ], [ 117.225233309111559, -34.825069701269037 ], [ 117.22593914771555, -34.825102120768982 ], [ 117.226649206639735, -34.825286110392852 ], [ 117.227495925928451, -34.825808390166408 ], [ 117.227832885469851, -34.825949910008717 ], [ 117.228335954463844, -34.826010809649055 ], [ 117.228834953259394, -34.825965209212249 ], [ 117.22935331180669, -34.825799008679844 ], [ 117.229663080693598, -34.825548528266197 ], [ 117.22990517953798, -34.825170757831131 ], [ 117.230417077363512, -34.824082207026549 ], [ 117.230767746494678, -34.82363707671928 ], [ 117.231181976013048, -34.823440876568903 ], [ 117.231685595919345, -34.823499056578115 ], [ 117.2320382561185, -34.823698866688005 ], [ 117.23242289659521, -34.824072046909265 ], [ 117.233828579460535, -34.82609983815847 ], [ 117.234322940192428, -34.826644118490485 ], [ 117.234842110415627, -34.82688891862594 ], [ 117.236183680318234, -34.827117718712337 ], [ 117.236472760438929, -34.827250818786531 ], [ 117.236714660697885, -34.827455568910516 ], [ 117.236905011111261, -34.827740569090302 ], [ 117.237095681983334, -34.828296789449901 ], [ 117.237207703328437, -34.829115869987682 ], [ 117.237281275732357, -34.830619440976328 ], [ 117.237374836409117, -34.831087621279771 ], [ 117.237540326996651, -34.831512181552746 ], [ 117.237875717545208, -34.831947501828175 ], [ 117.238309817794573, -34.832205821985653 ], [ 117.238790967751711, -34.832281372021811 ], [ 117.239370847322249, -34.832124671900893 ], [ 117.239795156594298, -34.83174027163151 ], [ 117.239974015818987, -34.831272791313189 ], [ 117.24011616371871, -34.829938910415052 ], [ 117.240165760907885, -34.828301109315667 ], [ 117.240107459893252, -34.827694088911599 ], [ 117.239965529083236, -34.8271893685802 ], [ 117.239738278443582, -34.826766008307807 ], [ 117.23907861712415, -34.825850017728513 ], [ 117.23886772617891, -34.825248347337961 ], [ 117.238832635349794, -34.824752657009327 ], [ 117.238879954179183, -34.824074036554258 ], [ 117.239320889292529, -34.821299004676348 ], [ 117.239252498185706, -34.820632714235686 ], [ 117.23903306737003, -34.820102113895707 ], [ 117.238701146812531, -34.819696563646971 ], [ 117.238311536727025, -34.819554893578434 ], [ 117.237309727116553, -34.819549293641309 ], [ 117.236738887619396, -34.819712493787186 ], [ 117.236490108127455, -34.819955163963904 ], [ 117.236340268789689, -34.820312784210032 ], [ 117.236088371694336, -34.821978095325179 ], [ 117.235938012479892, -34.822410205619228 ], [ 117.235562873162507, -34.822730555852488 ], [ 117.234939753577194, -34.822835875958177 ], [ 117.234431183589606, -34.822727615916811 ], [ 117.234045623236128, -34.822428605743525 ], [ 117.233858222684574, -34.822055905510723 ], [ 117.233599710799922, -34.82086898475039 ], [ 117.233304630309291, -34.820506054532011 ], [ 117.23294466011275, -34.820303334422888 ], [ 117.232485740088038, -34.820179904372168 ], [ 117.231814740306277, -34.820151704397432 ], [ 117.230241601449407, -34.820467004702934 ], [ 117.229410872312585, -34.820460154987984 ], [ 117.228476282960884, -34.82016109519342 ], [ 117.227739192818504, -34.819637145103215 ], [ 117.225909551022852, -34.817962494328661 ], [ 117.225405239922608, -34.817326943883735 ], [ 117.224854487154076, -34.816061382795816 ], [ 117.224863795874597, -34.815556462303576 ], [ 117.225007924525812, -34.815044221789535 ], [ 117.225257503508303, -34.814547801437854 ], [ 117.225494562879234, -34.814244661225601 ], [ 117.225761542380212, -34.814021551058801 ], [ 117.226168471870125, -34.813822900890891 ], [ 117.226683321430187, -34.813687650749422 ], [ 117.227209361141647, -34.813639930660308 ], [ 117.229107550587088, -34.813740260507572 ], [ 117.229818810257683, -34.813709980408277 ], [ 117.230048020056728, -34.813648470345044 ], [ 117.230258719700842, -34.813501030235777 ], [ 117.230325229410042, -34.813355490139365 ], [ 117.230335378817585, -34.813029049934258 ], [ 117.230195997678422, -34.812363109529521 ], [ 117.229954116701478, -34.811763079176984 ], [ 117.229296115301551, -34.810838308678704 ], [ 117.228278184025086, -34.809897008217625 ], [ 117.227285653240529, -34.809231357928304 ], [ 117.226991823073931, -34.809070267865522 ], [ 117.227059280205637, -34.807478296874585 ], [ 117.227211558578475, -34.806602656314183 ], [ 117.227820706481495, -34.805574725597857 ], [ 117.228886704008104, -34.804451624756737 ], [ 117.230295341016358, -34.803138153752137 ], [ 117.231151938610012, -34.802034082968184 ], [ 117.23170397748035, -34.801558192608724 ], [ 117.232408296626744, -34.80127742235392 ], [ 117.233343426336077, -34.801370212308839 ], [ 117.234264276456543, -34.801684302406208 ], [ 117.235170846495492, -34.801948422474752 ], [ 117.235727646054301, -34.801855622354616 ], [ 117.235898965043219, -34.801348802011979 ], [ 117.235777603627426, -34.800542161510215 ], [ 117.2359132327244, -34.800085311203013 ], [ 117.236321281990413, -34.799807630983757 ], [ 117.237158881762625, -34.799904350947159 ], [ 117.238072592579371, -34.800589631281881 ], [ 117.238676073913865, -34.801475341785796 ], [ 117.239628767642259, -34.803744803151069 ] ] ] ] } },
{ "type": "Feature", "properties": { "fid": 778, "CODE": "P_gp", "JNCODE": "si5011; P_gp", "fme_featur": "geology_surface_si5011" }, "geometry": { "type": "MultiPolygon", "coordinates": [ [ [ [ 117.238759933693359, -34.737271987003901 ], [ 117.238031134060066, -34.737249857172742 ], [ 117.237063024282691, -34.737121157400132 ], [ 117.236513504119813, -34.736939417532376 ], [ 117.236173173825577, -34.736754067616175 ], [ 117.23482762226628, -34.735870287949879 ], [ 117.233974560838504, -34.735142558163659 ], [ 117.233725489763415, -34.734681578232028 ], [ 117.233737739070207, -34.734422978235905 ], [ 117.233832688442632, -34.73420778821999 ], [ 117.234113527483871, -34.733909728164555 ], [ 117.234546726463066, -34.733622978074855 ], [ 117.235206395728085, -34.733495317930398 ], [ 117.236427695154177, -34.733555027654759 ], [ 117.238051284767664, -34.733774967283225 ], [ 117.238519064761874, -34.733877627174579 ], [ 117.238929025080452, -34.734088497075113 ], [ 117.240023716576431, -34.734891056799214 ], [ 117.240710957926012, -34.735546576618724 ], [ 117.241029259047153, -34.736034576527544 ], [ 117.241102250221459, -34.736488166493508 ], [ 117.240995501034945, -34.736767986507303 ], [ 117.240874661453063, -34.736897426530206 ], [ 117.240413042316177, -34.737118546628203 ], [ 117.23948424322181, -34.737253896837451 ], [ 117.238759933693359, -34.737271987003901 ] ] ] ] } },
{ "type": "Feature", "properties": { "fid": 779, "CODE": "P_gp", "JNCODE": "si5011; P_gp", "fme_featur": "geology_surface_si5011" }, "geometry": { "type": "MultiPolygon", "coordinates": [ [ [ [ 117.291452018184174, -34.737070943658345 ], [ 117.290530887690693, -34.736996843883794 ], [ 117.289680427222549, -34.736800774119232 ], [ 117.28924247695312, -34.736589304263212 ], [ 117.289014476456686, -34.73635419435346 ], [ 117.288417474033281, -34.735343814637197 ], [ 117.287896643174122, -34.734901984829605 ], [ 117.287415282984298, -34.734705484981106 ], [ 117.285665363231061, -34.734319255490497 ], [ 117.285088592909844, -34.734049825674376 ], [ 117.284552292254219, -34.733673265859423 ], [ 117.283906660963524, -34.73304251610142 ], [ 117.28350805944666, -34.732398656279031 ], [ 117.283346387566908, -34.731691196401343 ], [ 117.283382566897387, -34.7314649064176 ], [ 117.283537236040203, -34.731204956406998 ], [ 117.283884274990882, -34.730930236348534 ], [ 117.284282454177301, -34.730752836266056 ], [ 117.287025340328412, -34.730152065630392 ], [ 117.287737779057011, -34.729901215477675 ], [ 117.289164476095465, -34.729254185191856 ], [ 117.289843015097219, -34.72909092503901 ], [ 117.291004395307084, -34.729048394777706 ], [ 117.292410326296562, -34.729167364445651 ], [ 117.293196607278574, -34.72938850423985 ], [ 117.293872128780933, -34.72981765403167 ], [ 117.294349240619681, -34.730404163847346 ], [ 117.29463022240455, -34.731005593705056 ], [ 117.294665543331035, -34.731335583653824 ], [ 117.29417272971213, -34.733712723456961 ], [ 117.293819282594612, -34.734797693397766 ], [ 117.293336435601631, -34.735937163362685 ], [ 117.292967476918108, -34.736451573382496 ], [ 117.292264747968019, -34.736905173488815 ], [ 117.291452018184174, -34.737070943658345 ] ] ] ] } },
{ "type": "Feature", "properties": { "fid": 780, "CODE": "P_gp", "JNCODE": "si5011; P_gp", "fme_featur": "geology_surface_si5011" }, "geometry": { "type": "MultiPolygon", "coordinates": [ [ [ [ 117.291561620135695, -34.706028458041281 ], [ 117.290642967807244, -34.705906468316556 ], [ 117.29006851567803, -34.705563008550541 ], [ 117.289859124437911, -34.705077598715206 ], [ 117.289840082966606, -34.704487488856735 ], [ 117.290173212055223, -34.704030638879424 ], [ 117.2910774031768, -34.703678478723489 ], [ 117.292699386464477, -34.70355290832692 ], [ 117.293164177294912, -34.703471888224179 ], [ 117.293414247769505, -34.70343934816642 ], [ 117.294008908951966, -34.703383418023762 ], [ 117.294703711274622, -34.703697507765057 ], [ 117.295274783837414, -34.704220987486629 ], [ 117.29541755518936, -34.704639777346259 ], [ 117.295341415797736, -34.704953867289554 ], [ 117.294827445440134, -34.70526795734969 ], [ 117.294113603935358, -34.705296507533163 ], [ 117.292885802150991, -34.70566769777205 ], [ 117.291873330605867, -34.705942107978075 ], [ 117.291561620135695, -34.706028458041281 ] ] ] ] } },
{ "type": "Feature", "properties": { "fid": 781, "CODE": "P_gp", "JNCODE": "si5011; P_gp", "fme_featur": "geology_surface_si5011" }, "geometry": { "type": "MultiPolygon", "coordinates": [ [ [ [ 117.310725683994974, -34.726564568720029 ], [ 117.310421125605089, -34.726546507860945 ], [ 117.310005937442952, -34.726424186851361 ], [ 117.309680098037049, -34.726089456420965 ], [ 117.309495226991757, -34.725507076755129 ], [ 117.309434443815135, -34.724489006891844 ], [ 117.309344492976265, -34.724089786230884 ], [ 117.309057252822996, -34.723585874880406 ], [ 117.308667893359342, -34.723151073342628 ], [ 117.308047664680686, -34.722641281164357 ], [ 117.305962740530887, -34.721579824988488 ], [ 117.305473241465307, -34.721281793683232 ], [ 117.305184361544079, -34.721016032947645 ], [ 117.305082430959999, -34.720797112704162 ], [ 117.30508399937959, -34.720468732728193 ], [ 117.305239407162915, -34.720144763108998 ], [ 117.305509744770831, -34.719878953727516 ], [ 117.305832352611645, -34.719701124437911 ], [ 117.30623825045862, -34.719592945317935 ], [ 117.308393180800095, -34.719366619896007 ], [ 117.309902354924631, -34.71942578319544 ], [ 117.310848121809514, -34.719669275542167 ], [ 117.311217340884582, -34.719884276647015 ], [ 117.311616360123708, -34.720229468042604 ], [ 117.312060480248775, -34.721046440330909 ], [ 117.312823548745143, -34.721932363767557 ], [ 117.314825291727502, -34.723652122942667 ], [ 117.315278670004872, -34.724168735525851 ], [ 117.315329370034192, -34.724390056193094 ], [ 117.315222391060715, -34.724679336491398 ], [ 117.314983942864814, -34.724959516305816 ], [ 117.314630206066241, -34.725214714431587 ], [ 117.313500664229352, -34.725568809648252 ], [ 117.311640088251977, -34.726391551784197 ], [ 117.310725683994974, -34.726564568720029 ] ] ] ] } },
{ "type": "Feature", "properties": { "fid": 785, "CODE": "P_ng", "JNCODE": "si5011; P_ng", "fme_featur": "geology_surface_si5011" }, "geometry": { "type": "MultiPolygon", "coordinates": [ [ [ [ 117.392366307558461, -34.655987182275744 ], [ 117.392115977990201, -34.655946892256047 ], [ 117.391785147796284, -34.655704742802655 ], [ 117.39160251711435, -34.655428133538223 ], [ 117.3915325158315, -34.655069114587633 ], [ 117.391566663474194, -34.654506876311643 ], [ 117.392006298450113, -34.653537429492793 ], [ 117.39274217307225, -34.652677232498391 ], [ 117.392926451223374, -34.652342333610918 ], [ 117.393252115960081, -34.651271357022225 ], [ 117.393164402784777, -34.650446399467775 ], [ 117.393240300684838, -34.649982040894891 ], [ 117.393534440122522, -34.649604990876107 ], [ 117.393973549128674, -34.64936593097709 ], [ 117.394518287755517, -34.649313031210326 ], [ 117.395070426274529, -34.649452591522035 ], [ 117.395461975393246, -34.649798201716187 ], [ 117.395588135522402, -34.650100111478167 ], [ 117.395624926960096, -34.650454190382867 ], [ 117.395536049216645, -34.650957228838678 ], [ 117.395056284942171, -34.652140235333675 ], [ 117.395027997779607, -34.652801673350268 ], [ 117.395228409119341, -34.653192122088001 ], [ 117.396215642272182, -34.654303068136322 ], [ 117.396305853048219, -34.654520817390186 ], [ 117.396282253863077, -34.654705616816592 ], [ 117.39615921474217, -34.654868746378959 ], [ 117.395772126277691, -34.655089405948019 ], [ 117.394354311083788, -34.655571464653995 ], [ 117.392783446386716, -34.655943692643412 ], [ 117.392366307558461, -34.655987182275744 ] ] ] ] } },
{ "type": "Feature", "properties": { "fid": 788, "CODE": "P_gp", "JNCODE": "si5011; P_gp", "fme_featur": "geology_surface_si5011" }, "geometry": { "type": "MultiPolygon", "coordinates": [ [ [ [ 117.34232893076836, -34.750872987622678 ], [ 117.340604263779412, -34.750843209032141 ], [ 117.339866844914894, -34.750772449644053 ], [ 117.339188625548573, -34.750550250233069 ], [ 117.338750545265384, -34.750141330659083 ], [ 117.338639284657773, -34.749832370802054 ], [ 117.338610833477716, -34.749361200904183 ], [ 117.338678562086898, -34.748875830928625 ], [ 117.338848900394296, -34.74834622087355 ], [ 117.339104058603908, -34.747838610741205 ], [ 117.339401476960262, -34.747417100556696 ], [ 117.340063044317617, -34.746868250077888 ], [ 117.34054833286821, -34.746653179694441 ], [ 117.341113061535239, -34.746537919226334 ], [ 117.341685160589847, -34.746575178729913 ], [ 117.342247059964023, -34.74672628822799 ], [ 117.343432699121394, -34.7472238371533 ], [ 117.344588008631675, -34.747830086104834 ], [ 117.345206958580121, -34.748232365541341 ], [ 117.345584509025102, -34.748655755182952 ], [ 117.345696929991831, -34.749094405047245 ], [ 117.345645911230505, -34.749524355048834 ], [ 117.345431472580429, -34.749885955191253 ], [ 117.3450515342236, -34.750246465468067 ], [ 117.344566655831642, -34.750523785836769 ], [ 117.343729097978169, -34.750766596494252 ], [ 117.34232893076836, -34.750872987622678 ] ] ] ] } },
{ "type": "Feature", "properties": { "fid": 794, "CODE": "P_gp", "JNCODE": "si5011; P_gp", "fme_featur": "geology_surface_si5011" }, "geometry": { "type": "MultiPolygon", "coordinates": [ [ [ [ 117.327139919622567, -34.772481366596089 ], [ 117.326592259142402, -34.772257726383494 ], [ 117.325244626938016, -34.771318475791809 ], [ 117.324939205939259, -34.770915085626967 ], [ 117.324890344907729, -34.770513805562693 ], [ 117.325221593753284, -34.770083595657539 ], [ 117.326635089966786, -34.768705346267154 ], [ 117.32886472705971, -34.76767719735227 ], [ 117.329639616391418, -34.767446887743972 ], [ 117.330927645749085, -34.767242468394443 ], [ 117.33167133560849, -34.767213098764969 ], [ 117.332376505757694, -34.76729578910254 ], [ 117.334864257658595, -34.768137340169879 ], [ 117.33562044782542, -34.768596889801479 ], [ 117.336004628374539, -34.769057119499372 ], [ 117.336015888952844, -34.769292739451423 ], [ 117.335885389644119, -34.769483769491181 ], [ 117.335147122127879, -34.770003569808502 ], [ 117.334464453247591, -34.770349909592127 ], [ 117.332146515885555, -34.771301568522524 ], [ 117.329263678448328, -34.772154987370278 ], [ 117.327139919622567, -34.772481366596089 ] ] ] ] } },
{ "type": "Feature", "properties": { "fid": 795, "CODE": "P_gp", "JNCODE": "si5011; P_gp", "fme_featur": "geology_surface_si5011" }, "geometry": { "type": "MultiPolygon", "coordinates": [ [ [ [ 117.311174705559665, -34.771171231737583 ], [ 117.310846436024619, -34.771086492030108 ], [ 117.310637985997957, -34.770904262206912 ], [ 117.310559095633991, -34.770694002263951 ], [ 117.3106740640211, -34.770146482117291 ], [ 117.311130701381771, -34.769488971671322 ], [ 117.311867568359787, -34.768918430963659 ], [ 117.312504156433093, -34.768692050352087 ], [ 117.313113885193459, -34.768708679772629 ], [ 117.31363425468345, -34.768932049289113 ], [ 117.314062264986802, -34.769390358909412 ], [ 117.314127415664089, -34.769700268865968 ], [ 117.314023686644063, -34.769991298979896 ], [ 117.313789007782844, -34.770244369232437 ], [ 117.313353229383139, -34.770515359670917 ], [ 117.31266140157733, -34.770812950342922 ], [ 117.311745544209884, -34.771103681211052 ], [ 117.311174705559665, -34.771171231737583 ] ] ] ] } },
{ "type": "Feature", "properties": { "fid": 797, "CODE": "P_gp", "JNCODE": "si5011; P_gp", "fme_featur": "geology_surface_si5011" }, "geometry": { "type": "MultiPolygon", "coordinates": [ [ [ [ 117.28485741205813, -34.773859306448713 ], [ 117.284182581931617, -34.773652056977994 ], [ 117.283557211288041, -34.773270487804666 ], [ 117.283401260583801, -34.772979488355332 ], [ 117.283527439665818, -34.772679148847295 ], [ 117.284192557926531, -34.772212169477761 ], [ 117.285984083959065, -34.771212810678414 ], [ 117.286549032916682, -34.770972880916005 ], [ 117.286934402428173, -34.770889330940008 ], [ 117.28738691218372, -34.770909710767725 ], [ 117.287759832336221, -34.771054040412679 ], [ 117.288093762929265, -34.771347589822746 ], [ 117.28826167398195, -34.77176684907564 ], [ 117.288181275083417, -34.772144168470859 ], [ 117.287903536398744, -34.772551217869591 ], [ 117.287382828093456, -34.773036677197304 ], [ 117.286867799385632, -34.77337856675684 ], [ 117.28631967040883, -34.773615666496234 ], [ 117.285635761298892, -34.773772336402544 ], [ 117.28485741205813, -34.773859306448713 ] ] ] ] } },
{ "type": "Feature", "properties": { "fid": 798, "CODE": "P_gp", "JNCODE": "si5011; P_gp", "fme_featur": "geology_surface_si5011" }, "geometry": { "type": "MultiPolygon", "coordinates": [ [ [ [ 117.280703754695281, -34.770212324060914 ], [ 117.280490994707677, -34.770165754212535 ], [ 117.280185884355134, -34.769964614635164 ], [ 117.28004679395238, -34.76977733468707 ], [ 117.279967143184308, -34.769466784724507 ], [ 117.280115441633171, -34.768917744698008 ], [ 117.280559650094872, -34.76844862457417 ], [ 117.281199198632223, -34.76805809438558 ], [ 117.281764057981121, -34.767955384209728 ], [ 117.282835537429392, -34.768018623865593 ], [ 117.283095667494422, -34.768108933778798 ], [ 117.283314297852115, -34.768299023700862 ], [ 117.283426748706461, -34.768649283649793 ], [ 117.283383449834119, -34.769063213645659 ], [ 117.283187850948011, -34.769433733692388 ], [ 117.282912531831172, -34.769697423769458 ], [ 117.282313112900425, -34.769950063951505 ], [ 117.280703754695281, -34.770212324060914 ] ] ] ] } },
{ "type": "Feature", "properties": { "fid": 800, "CODE": "P_gp", "JNCODE": "si5011; P_gp", "fme_featur": "geology_surface_si5011" }, "geometry": { "type": "MultiPolygon", "coordinates": [ [ [ [ 117.231528082336212, -34.746681938638226 ], [ 117.231042923398945, -34.746992128758897 ], [ 117.230322344581637, -34.747299758938112 ], [ 117.229703525888027, -34.747394018994825 ], [ 117.228959147838097, -34.747306208941964 ], [ 117.228268739315027, -34.747081538884288 ], [ 117.22735916094075, -34.746626648787732 ], [ 117.226710961862835, -34.746174948698133 ], [ 117.22623609226747, -34.745704148612148 ], [ 117.225968312128416, -34.745260478542626 ], [ 117.22588370138935, -34.744796598488641 ], [ 117.226014030244244, -34.744459878473542 ], [ 117.226481078121282, -34.744176878511411 ], [ 117.228784038907477, -34.743449368803553 ], [ 117.229399856631034, -34.743351798895894 ], [ 117.229901495104002, -34.743403678974168 ], [ 117.230495085155496, -34.743669788875977 ], [ 117.231142355945892, -34.744117178721837 ], [ 117.231589316888218, -34.744579558615406 ], [ 117.231885817985543, -34.745069178545066 ], [ 117.232010939109983, -34.745532308516054 ], [ 117.231992080774489, -34.74617414852262 ], [ 117.231528082336212, -34.746681938638226 ] ] ] ] } },
{ "type": "Feature", "properties": { "fid": 801, "CODE": "P_gp", "JNCODE": "si5011; P_gp", "fme_featur": "geology_surface_si5011" }, "geometry": { "type": "MultiPolygon", "coordinates": [ [ [ [ 117.246598076926063, -34.760354857569446 ], [ 117.245922327032744, -34.759431200654838 ], [ 117.245161027254085, -34.758727643070884 ], [ 117.243788687691946, -34.757799586355787 ], [ 117.243606037747483, -34.757564927157567 ], [ 117.243524267757039, -34.757239678233418 ], [ 117.24359577769944, -34.756885739368798 ], [ 117.243764077602464, -34.756608470231754 ], [ 117.244038467455056, -34.756351321002711 ], [ 117.244431997247702, -34.756105691705443 ], [ 117.245566586602962, -34.755621012985664 ], [ 117.247294085545235, -34.755185073922107 ], [ 117.248456184921992, -34.755354793070872 ], [ 117.249303374504635, -34.755574612152287 ], [ 117.25018995413177, -34.755956560722119 ], [ 117.25081104393314, -34.756362459295687 ], [ 117.25141103381516, -34.756907107451759 ], [ 117.251905693821499, -34.757578015252172 ], [ 117.252188533941506, -34.75822739317676 ], [ 117.25229475419124, -34.758973460844665 ], [ 117.252186054525978, -34.759698998619115 ], [ 117.251881754956173, -34.760494506207777 ], [ 117.251531025313767, -34.761099514387361 ], [ 117.251145595552416, -34.761383283565429 ], [ 117.250613135796343, -34.761561623091488 ], [ 117.250032716014616, -34.761630482964684 ], [ 117.247175116924836, -34.761395454149685 ], [ 117.246598076926063, -34.760354857569446 ] ] ] ] } },
{ "type": "Feature", "properties": { "fid": 802, "CODE": "P_gp", "JNCODE": "si5011; P_gp", "fme_featur": "geology_surface_si5011" }, "geometry": { "type": "MultiPolygon", "coordinates": [ [ [ [ 117.243411655072094, -34.754005175608143 ], [ 117.243316737424522, -34.754883175619689 ], [ 117.243010367882221, -34.755533173914152 ], [ 117.242518818138478, -34.755959482642425 ], [ 117.241847458459233, -34.756215321965378 ], [ 117.241051178828201, -34.756250682038278 ], [ 117.240228119221513, -34.756010773027633 ], [ 117.239197469755325, -34.755490975006083 ], [ 117.238692450055282, -34.755025646684771 ], [ 117.23778527672556, -34.753526397058714 ], [ 117.236539233590236, -34.752070257384283 ], [ 117.236124091921525, -34.751343247492386 ], [ 117.236018740666879, -34.75083813752066 ], [ 117.236091569060235, -34.750233557504288 ], [ 117.236285087762326, -34.749772947457316 ], [ 117.236741485824695, -34.749120347345766 ], [ 117.238759296427503, -34.74976643683712 ], [ 117.239976267403605, -34.75038881652624 ], [ 117.24064148832143, -34.750875096353653 ], [ 117.242034001113694, -34.752222325985201 ], [ 117.242831682358045, -34.7528559657733 ], [ 117.243293512846307, -34.753133625651301 ], [ 117.243411655072094, -34.754005175608143 ] ] ] ] } },
{ "type": "Feature", "properties": { "fid": 803, "CODE": "P_gp", "JNCODE": "si5011; P_gp", "fme_featur": "geology_surface_si5011" }, "geometry": { "type": "MultiPolygon", "coordinates": [ [ [ [ 117.270954480896847, -34.778567985547689 ], [ 117.271554100859376, -34.778520396257719 ], [ 117.271982400131009, -34.778263417073958 ], [ 117.272772388127237, -34.777549579044148 ], [ 117.273625497538617, -34.777256740609715 ], [ 117.273967438224574, -34.777449930729226 ], [ 117.274508330481311, -34.778180140098591 ], [ 117.274780221200373, -34.778412859978026 ], [ 117.275837132082287, -34.778910629155313 ], [ 117.276589041767352, -34.77897725891161 ], [ 117.277531311167337, -34.778986768746314 ], [ 117.278245149688644, -34.778625099302729 ], [ 117.279568126880037, -34.777930290353609 ], [ 117.280164315704297, -34.777649610757301 ], [ 117.280831415672196, -34.777797790369952 ], [ 117.281246585947983, -34.777996509939896 ], [ 117.281923467230868, -34.778620648711048 ], [ 117.282576647379969, -34.778830718233287 ], [ 117.283053468390008, -34.779308607316914 ], [ 117.283284530819017, -34.780238685650289 ], [ 117.283579581706618, -34.780628914928464 ], [ 117.284683652770127, -34.781276123670239 ], [ 117.286107384479834, -34.782232481879142 ], [ 117.286862636656579, -34.783197000177289 ], [ 117.28701749799913, -34.783717489287547 ], [ 117.28691369958554, -34.784263848372511 ], [ 117.2865929407441, -34.784604297814958 ], [ 117.285289390077551, -34.784052488832188 ], [ 117.284247778575235, -34.783262330270453 ], [ 117.282704216796233, -34.782252312173327 ], [ 117.281690875376611, -34.781498543615598 ], [ 117.280852764674322, -34.781045044523857 ], [ 117.280267394545263, -34.780858464930951 ], [ 117.275601905970305, -34.780254866644221 ], [ 117.273881606367723, -34.780247185858194 ], [ 117.273073026888966, -34.780413304970494 ], [ 117.272489887790186, -34.78069560412473 ], [ 117.271857109547739, -34.781231812967562 ], [ 117.271515460904254, -34.781636462247221 ], [ 117.271287112295781, -34.782049731617704 ], [ 117.271074243614791, -34.782434981061641 ], [ 117.270653115240549, -34.782883680399301 ], [ 117.270185136643576, -34.783246749883538 ], [ 117.269179778946082, -34.783782939190985 ], [ 117.267748401364258, -34.784250088716846 ], [ 117.262617138321275, -34.785455749005706 ], [ 117.261143419610988, -34.78562922923772 ], [ 117.26049828991755, -34.785580759256014 ], [ 117.259950629949955, -34.785430199200796 ], [ 117.258482857902123, -34.784563868726082 ], [ 117.257754056847233, -34.784254768551541 ], [ 117.256947946681748, -34.784124588530801 ], [ 117.256081457482821, -34.784188068677508 ], [ 117.255724958248067, -34.784303358813247 ], [ 117.255413569380934, -34.784498649012178 ], [ 117.252521237274422, -34.786841050959332 ], [ 117.251540129088426, -34.787448181460334 ], [ 117.250723570398577, -34.78785692181296 ], [ 117.24967134177102, -34.788229492166067 ], [ 117.248607422780694, -34.788420392402273 ], [ 117.247706243322881, -34.788427232502791 ], [ 117.246607723610268, -34.788249402506764 ], [ 117.24670817281563, -34.787882922262881 ], [ 117.246662982131085, -34.787528572042312 ], [ 117.245768889012353, -34.78570797098488 ], [ 117.24554794724196, -34.784899400472554 ], [ 117.245589882721802, -34.784044769681785 ], [ 117.245749050418013, -34.783623389277672 ], [ 117.245944918702108, -34.783316788976208 ], [ 117.246213767156661, -34.783049238704088 ], [ 117.246586045875702, -34.782841528477533 ], [ 117.248055323177638, -34.78246695799622 ], [ 117.248655641451407, -34.782190247691034 ], [ 117.248962389533887, -34.78184606735487 ], [ 117.249510253045599, -34.78062780622146 ], [ 117.249930140839609, -34.780230545835245 ], [ 117.250360639984251, -34.780097645684286 ], [ 117.250926689459959, -34.780040325590264 ], [ 117.252537879595977, -34.780200615605793 ], [ 117.252722519180551, -34.780132775532707 ], [ 117.252826898271351, -34.779959015374459 ], [ 117.25274070681067, -34.779658955121391 ], [ 117.252436815415081, -34.779355514880621 ], [ 117.250015549805894, -34.778069853914545 ], [ 117.248957236670037, -34.777389163371168 ], [ 117.249627993436846, -34.776796622806714 ], [ 117.250122921890394, -34.77652060253677 ], [ 117.250598811324195, -34.776434942437639 ], [ 117.251232702057678, -34.776614832564192 ], [ 117.252289181117916, -34.776486342399359 ], [ 117.253445599524326, -34.776229362121221 ], [ 117.254026187466806, -34.775843881764054 ], [ 117.254397375031004, -34.775367991341867 ], [ 117.25467152974268, -34.774304320426161 ], [ 117.254806128137787, -34.773982500148456 ], [ 117.255106456408569, -34.773640299849539 ], [ 117.255633845385375, -34.773448499673279 ], [ 117.256091745302129, -34.77344640965952 ], [ 117.258290167944395, -34.774073560117706 ], [ 117.260131881204416, -34.774815960878001 ], [ 117.261288296331372, -34.775772503468467 ], [ 117.261773710693433, -34.776686214687551 ], [ 117.262803373365699, -34.777197736308395 ], [ 117.263008025119987, -34.777586206684454 ], [ 117.263014775859062, -34.777756786738173 ], [ 117.262914076802232, -34.777981346678139 ], [ 117.262292339065951, -34.778532106157485 ], [ 117.261816551316883, -34.779056165892335 ], [ 117.261859383428089, -34.779527296158619 ], [ 117.262416186291972, -34.780169746904932 ], [ 117.26357260797522, -34.780569497887043 ], [ 117.265551128134859, -34.780641479297678 ], [ 117.267978179138282, -34.780962710810229 ], [ 117.269084628315952, -34.780766401691707 ], [ 117.269733026695505, -34.780314312565288 ], [ 117.270298144584828, -34.77969565364976 ], [ 117.270405221904355, -34.778898534598639 ], [ 117.270244279969319, -34.778334825022291 ], [ 117.270954480896847, -34.778567985547689 ] ] ] ] } },
{ "type": "Feature", "properties": { "fid": 806, "CODE": "P_gp", "JNCODE": "si5011; P_gp", "fme_featur": "geology_surface_si5011" }, "geometry": { "type": "MultiPolygon", "coordinates": [ [ [ [ 117.210152868448631, -34.766981197177927 ], [ 117.209522318574841, -34.766826537894453 ], [ 117.209058318477801, -34.766422029738401 ], [ 117.208926168201032, -34.765926551985672 ], [ 117.209248677745762, -34.765434554198137 ], [ 117.20996251697585, -34.764732617335177 ], [ 117.210759636413201, -34.764411398740499 ], [ 117.212294385338012, -34.763852221163802 ], [ 117.213733954440002, -34.763519102563514 ], [ 117.214452384140841, -34.76355085237401 ], [ 117.215042664003505, -34.763804631220673 ], [ 117.215244913888043, -34.764399498673853 ], [ 117.215209224541809, -34.765089535587961 ], [ 117.214566765835031, -34.765731992631409 ], [ 117.212425257342332, -34.766612388770042 ], [ 117.211104658083613, -34.766957407258779 ], [ 117.210152868448631, -34.766981197177927 ] ] ] ] } },
{ "type": "Feature", "properties": { "fid": 822, "CODE": "P_gp", "JNCODE": "si5011; P_gp", "fme_featur": "geology_surface_si5011" }, "geometry": { "type": "MultiPolygon", "coordinates": [ [ [ [ 117.1899744244717, -34.781761861391175 ], [ 117.19200314537305, -34.781488324851161 ], [ 117.193021341337996, -34.781680692118833 ], [ 117.193844339499151, -34.782510411176965 ], [ 117.193798300768336, -34.783045762296794 ], [ 117.193651581881255, -34.783309903203147 ], [ 117.193365033438255, -34.783529354420359 ], [ 117.192226989133232, -34.784258488907348 ], [ 117.191521811829716, -34.784284250915597 ], [ 117.190232296584952, -34.784211384395022 ], [ 117.189323050273259, -34.784436717263297 ], [ 117.18804338511373, -34.784511280912689 ], [ 117.187264038010667, -34.784511703069249 ], [ 117.186810169654706, -34.784444104239817 ], [ 117.186340001336106, -34.784310385380465 ], [ 117.185904302850787, -34.784041976276271 ], [ 117.185189765256112, -34.783030707147631 ], [ 117.185092955445498, -34.782354696675291 ], [ 117.184375986327069, -34.781545926244547 ], [ 117.1841435165028, -34.781228065973721 ], [ 117.184161836319831, -34.780739285425213 ], [ 117.184540165773953, -34.780389504906147 ], [ 117.185018435165503, -34.780246734562681 ], [ 117.186017810634908, -34.780303841510189 ], [ 117.186564818396064, -34.780730580331984 ], [ 117.187749633573944, -34.781301447442118 ], [ 117.188409570934382, -34.781546075779517 ], [ 117.189320267231366, -34.781737403315148 ], [ 117.1899744244717, -34.781761861391175 ] ] ] ] } },
{ "type": "Feature", "properties": { "fid": 841, "CODE": "P_gp", "JNCODE": "si5011; P_gp", "fme_featur": "geology_surface_si5011" }, "geometry": { "type": "MultiPolygon", "coordinates": [ [ [ [ 117.212460174057838, -34.869689964045421 ], [ 117.211829894469091, -34.869579894288094 ], [ 117.211170634896078, -34.869288174523696 ], [ 117.210556415291023, -34.868827244722034 ], [ 117.209598115903489, -34.8677674349887 ], [ 117.209223656145525, -34.867468075102529 ], [ 117.208582036563939, -34.867155915317447 ], [ 117.207628737189467, -34.866877365654588 ], [ 117.207144407505552, -34.866578355805764 ], [ 117.206848307697157, -34.866236035877975 ], [ 117.206737617766265, -34.865892255878258 ], [ 117.206734827762077, -34.865377695816107 ], [ 117.206892157653016, -34.86498397570854 ], [ 117.207177927460961, -34.864787695577327 ], [ 117.207678827126841, -34.864658415373974 ], [ 117.208315316703846, -34.864637265133027 ], [ 117.209116646172816, -34.864701304839791 ], [ 117.210949414962059, -34.865025944185042 ], [ 117.211597134536888, -34.865258953963547 ], [ 117.212048264243677, -34.865541813819654 ], [ 117.213305333445874, -34.867108243479763 ], [ 117.213523813311241, -34.867535563431943 ], [ 117.213629903251714, -34.86798753342935 ], [ 117.213616043273646, -34.868545873482766 ], [ 117.213378393443023, -34.869129403627625 ], [ 117.212883533777827, -34.86957961386544 ], [ 117.212460174057838, -34.869689964045421 ] ] ] ] } },
{ "type": "Feature", "properties": { "fid": 842, "CODE": "P_gp", "JNCODE": "si5011; P_gp", "fme_featur": "geology_surface_si5011" }, "geometry": { "type": "MultiPolygon", "coordinates": [ [ [ [ 117.188990852098243, -34.876838676434197 ], [ 117.188384422179453, -34.87676047689402 ], [ 117.18786708226429, -34.876612277340797 ], [ 117.187300172381967, -34.876296067935058 ], [ 117.187083452450068, -34.876038078255014 ], [ 117.187013182541278, -34.875590908601971 ], [ 117.187125982647601, -34.875018958904995 ], [ 117.187359742585656, -34.874608208412631 ], [ 117.187763072513533, -34.874216607786479 ], [ 117.188420582449609, -34.873886277071747 ], [ 117.190316362348014, -34.873357275473687 ], [ 117.191826222243122, -34.872530544022709 ], [ 117.1934280121786, -34.871802442731465 ], [ 117.193770622179002, -34.871777742543905 ], [ 117.194119522188572, -34.871869892414409 ], [ 117.194499402206986, -34.872098142331964 ], [ 117.194821022229959, -34.872428692318927 ], [ 117.195014782258326, -34.872874592418704 ], [ 117.194999352282878, -34.873257322604381 ], [ 117.194807322308876, -34.873615502888747 ], [ 117.194430882339432, -34.873960123292697 ], [ 117.193866022373456, -34.874248313806739 ], [ 117.191889172464073, -34.874670815379929 ], [ 117.191379922497546, -34.874841305843539 ], [ 117.190808122421657, -34.87531719614099 ], [ 117.190416332208841, -34.876037465968288 ], [ 117.190025112116857, -34.876431085990966 ], [ 117.18946848207041, -34.876764796158717 ], [ 117.188990852098243, -34.876838676434197 ] ] ] ] } },
{ "type": "Feature", "properties": { "fid": 843, "CODE": "P_gp", "JNCODE": "si5011; P_gp", "fme_featur": "geology_surface_si5011" }, "geometry": { "type": "MultiPolygon", "coordinates": [ [ [ [ 117.187139758208815, -34.828999436117741 ], [ 117.186464478152104, -34.828930716401544 ], [ 117.185968067983623, -34.82874328658923 ], [ 117.185466367639194, -34.828365516752172 ], [ 117.184376506838504, -34.827115706900152 ], [ 117.1830488064858, -34.825942977005795 ], [ 117.182844566123663, -34.82542970697515 ], [ 117.182874285814449, -34.825113166923714 ], [ 117.183006815462733, -34.824811946852734 ], [ 117.183322214988678, -34.824487526739432 ], [ 117.183639474676497, -34.824339196650747 ], [ 117.184111614352105, -34.824270176540544 ], [ 117.184750514047977, -34.82432240641247 ], [ 117.185317324091642, -34.824532206241258 ], [ 117.186596334800925, -34.82532511575647 ], [ 117.187326295108733, -34.825671115470442 ], [ 117.187937525266264, -34.825852365215773 ], [ 117.189364665480269, -34.826108784597622 ], [ 117.189997885701487, -34.8263566843519 ], [ 117.190376595952443, -34.826630944231503 ], [ 117.190693446314825, -34.827022424165222 ], [ 117.190838576665655, -34.827398244175747 ], [ 117.190857557066607, -34.827825304254333 ], [ 117.190706697478319, -34.82826170441038 ], [ 117.190490047722605, -34.828519024558233 ], [ 117.190165617900206, -34.828704384737996 ], [ 117.189720877961719, -34.828764724945188 ], [ 117.187139758208815, -34.828999436117741 ] ] ] ] } },
{ "type": "Feature", "properties": { "fid": 848, "CODE": "P_gp", "JNCODE": "si5011; P_gp", "fme_featur": "geology_surface_si5011" }, "geometry": { "type": "MultiPolygon", "coordinates": [ [ [ [ 117.324337596373525, -34.967825168088353 ], [ 117.324985886179888, -34.968707786605179 ], [ 117.32603652518101, -34.970780453411912 ], [ 117.326750365453137, -34.971608502065727 ], [ 117.32780684642367, -34.972507940547423 ], [ 117.328863327884179, -34.97310755945405 ], [ 117.330305290584903, -34.973393098663266 ], [ 117.331647303203752, -34.973607248007276 ], [ 117.333917318038218, -34.97356441738669 ], [ 117.33494525036204, -34.973335987333336 ], [ 117.335523510101368, -34.973104688582147 ], [ 117.335856579868761, -34.972933859420792 ], [ 117.336272989824622, -34.972422280763986 ], [ 117.336463340057364, -34.971886901674061 ], [ 117.336439550335243, -34.971565671953336 ], [ 117.336237290828919, -34.971173061972465 ], [ 117.335785941407423, -34.97093864137549 ], [ 117.337664969716343, -34.970981514818675 ], [ 117.340968607138137, -34.970700451160461 ], [ 117.342827965860451, -34.970470764726748 ], [ 117.345364404621179, -34.969923139623575 ], [ 117.346256694183367, -34.969767341291302 ], [ 117.347074913056758, -34.970047262644549 ], [ 117.347568460466562, -34.971258683105553 ], [ 117.347508967617216, -34.972864822421151 ], [ 117.345870047303023, -34.974098328636764 ], [ 117.345721356628403, -34.9746143880947 ], [ 117.346319234123996, -34.975660678886101 ], [ 117.347568449357112, -34.977385790941177 ], [ 117.347922717274315, -34.978232121451697 ], [ 117.348587905593249, -34.978573952871365 ], [ 117.350192064025805, -34.978225276482007 ], [ 117.351270494091324, -34.978100528024349 ], [ 117.352227003863788, -34.97813222937198 ], [ 117.353667012924063, -34.978502871467313 ], [ 117.354208462701521, -34.978578222269455 ], [ 117.354702192700586, -34.978537562977799 ], [ 117.355662442940272, -34.978319134291233 ], [ 117.356084632895559, -34.978305234889476 ], [ 117.357205253161951, -34.978040156349287 ], [ 117.358097552116746, -34.978575537936607 ], [ 117.358572340844887, -34.979309309125682 ], [ 117.358995530381861, -34.979565289959254 ], [ 117.359259040755063, -34.979315170183057 ], [ 117.359336182288118, -34.978351029571876 ], [ 117.35954238523351, -34.976477288409825 ], [ 117.360010495952224, -34.975944158549765 ], [ 117.360278616165076, -34.975759868710078 ], [ 117.360885986178246, -34.975638399306753 ], [ 117.361488285703132, -34.975839160198007 ], [ 117.361781113377006, -34.977350622068023 ], [ 117.362543752411312, -34.977907073688598 ], [ 117.363038860591871, -34.979119725758281 ], [ 117.363114210026382, -34.979510616321015 ], [ 117.363021539516083, -34.979875366592118 ], [ 117.362925191192872, -34.981188042956525 ], [ 117.362047673178452, -34.982467487684914 ], [ 117.3609626458923, -34.984256830507356 ], [ 117.359991827703567, -34.985475115211706 ], [ 117.35886871933441, -34.986598209926285 ], [ 117.356306512007194, -34.988527009715121 ], [ 117.35569384274136, -34.989072746997927 ], [ 117.353748125914848, -34.991471326260054 ], [ 117.352955217315653, -34.992559631511767 ], [ 117.352396596731253, -34.992175641737816 ], [ 117.352435366036815, -34.991658703413961 ], [ 117.352891524872092, -34.990767006972391 ], [ 117.353405484032791, -34.990119799862455 ], [ 117.353443553384821, -34.989643901403738 ], [ 117.353424522550512, -34.989034763260932 ], [ 117.353260952270787, -34.988837113596603 ], [ 117.353995591137206, -34.987983047487084 ], [ 117.354295399947162, -34.987112170686594 ], [ 117.354095518996672, -34.986426882472294 ], [ 117.353752878049548, -34.985741604023239 ], [ 117.35299620716988, -34.985099144760284 ], [ 117.352082496692077, -34.984742224358435 ], [ 117.350826146078489, -34.984271093755687 ], [ 117.34998381547085, -34.983771403924671 ], [ 117.349212865391749, -34.982900525023105 ], [ 117.348327705154091, -34.981601337022163 ], [ 117.347685255310921, -34.980816117878064 ], [ 117.346999966347695, -34.98074473649821 ], [ 117.346443177690418, -34.981230143845856 ], [ 117.346486008338474, -34.982015361737112 ], [ 117.346714438482707, -34.982529320784614 ], [ 117.347870848108244, -34.983714299790677 ], [ 117.348242048408935, -34.984413858468571 ], [ 117.348270599042564, -34.985013476740725 ], [ 117.348113559846979, -34.985584544748107 ], [ 117.347927960997268, -34.986469701795897 ], [ 117.347742161922142, -34.987176429396058 ], [ 117.34537996462592, -34.987945353255498 ], [ 117.344723225415891, -34.988316551192007 ], [ 117.344166436217051, -34.988901898776298 ], [ 117.343862196951449, -34.989757886106737 ], [ 117.343523987210318, -34.989858435352204 ], [ 117.34273859761629, -34.989750104465273 ], [ 117.342610037710259, -34.989787214184275 ], [ 117.342214118022497, -34.989970953157126 ], [ 117.341957708256814, -34.990193902250923 ], [ 117.34177513844034, -34.990418411456325 ], [ 117.341596618824951, -34.991243279261887 ], [ 117.341439579001985, -34.991571638283396 ], [ 117.341247139104865, -34.991661147823748 ], [ 117.339940519586676, -34.99158591628975 ], [ 117.339383719817903, -34.991742955224318 ], [ 117.338955420010535, -34.992399693286266 ], [ 117.338284410185281, -34.993356230503394 ], [ 117.336357049988806, -34.995083715119904 ], [ 117.335543268873167, -34.995768993278993 ], [ 117.335442539387699, -34.995451733651585 ], [ 117.334990449445698, -34.995404143273866 ], [ 117.334072367876686, -34.995938762133378 ], [ 117.332607816380786, -34.996168851317222 ], [ 117.331230895645149, -34.995987111093186 ], [ 117.330421875404483, -34.995772961069441 ], [ 117.329267835857053, -34.995023431469896 ], [ 117.328565895099487, -34.994238212693872 ], [ 117.328375534451666, -34.993107964861089 ], [ 117.328446924212543, -34.992382236323934 ], [ 117.328805204282176, -34.991565078048517 ], [ 117.329624745159123, -34.991289568824307 ], [ 117.331962777966851, -34.990804180389638 ], [ 117.332762279025587, -34.990347321435955 ], [ 117.333415890067187, -34.989424503259592 ], [ 117.333660530523417, -34.9889585541465 ], [ 117.333980561163315, -34.988348575294957 ], [ 117.334056711531844, -34.987449146905043 ], [ 117.334092402050842, -34.985819219801591 ], [ 117.334473113425503, -34.983820473351344 ], [ 117.334877624464198, -34.983356474165483 ], [ 117.336310643221481, -34.982610058249634 ], [ 117.339076069298528, -34.982229094986153 ], [ 117.339549078596193, -34.98210341628895 ], [ 117.343479362494051, -34.98151241639615 ], [ 117.343963591612919, -34.981290898054148 ], [ 117.344244621058962, -34.981114499150053 ], [ 117.344408960576544, -34.98078387039012 ], [ 117.344458050202178, -34.980349921640929 ], [ 117.344392320688812, -34.97957830265706 ], [ 117.344243102042213, -34.978846392706629 ], [ 117.344064183017323, -34.978385142549712 ], [ 117.343700614455997, -34.977788142063055 ], [ 117.343277475802182, -34.977289201410116 ], [ 117.342861036897276, -34.97693707070416 ], [ 117.342381337911831, -34.976691099807098 ], [ 117.34192330873519, -34.976552778897286 ], [ 117.341368989776598, -34.976336897841087 ], [ 117.339691472237163, -34.976194124312975 ], [ 117.335764717561943, -34.976220145786456 ], [ 117.334313897229549, -34.975860984712632 ], [ 117.333248684831389, -34.975808245024552 ], [ 117.332663333685758, -34.975579815427793 ], [ 117.330678859496899, -34.975265726290395 ], [ 117.327916563686387, -34.974944637396298 ], [ 117.326872551800534, -34.974611708102429 ], [ 117.326419111079872, -34.974405798495511 ], [ 117.326053180822015, -34.974009379121682 ], [ 117.325353620188324, -34.973395480146102 ], [ 117.32314071753629, -34.972139122571598 ], [ 117.322971178212612, -34.97150420352088 ], [ 117.322453238443188, -34.970747084776505 ], [ 117.321204018248451, -34.969497867050784 ], [ 117.319522977261599, -34.968869678482967 ], [ 117.318903517686024, -34.968651378838125 ], [ 117.317966178044784, -34.96848341913703 ], [ 117.317832658068298, -34.968474319157586 ], [ 117.318231888953974, -34.968014329829344 ], [ 117.319171779918989, -34.967467060593293 ], [ 117.320772441911203, -34.966991580890991 ], [ 117.322143734311055, -34.966868620428215 ], [ 117.323328705927167, -34.967039949633417 ], [ 117.324337596373525, -34.967825168088353 ] ] ] ] } },
{ "type": "Feature", "properties": { "fid": 853, "CODE": "P_gp", "JNCODE": "si5011; P_gp", "fme_featur": "geology_surface_si5011" }, "geometry": { "type": "MultiPolygon", "coordinates": [ [ [ [ 117.316703527723604, -34.973485781582319 ], [ 117.315860687788103, -34.97332610181877 ], [ 117.315505478078023, -34.973140002102127 ], [ 117.315186828698515, -34.972811942605937 ], [ 117.315043009385434, -34.97248080311666 ], [ 117.315029930250716, -34.972085353727067 ], [ 117.315166880983213, -34.971764454220832 ], [ 117.315358091424372, -34.971579104504016 ], [ 117.31563498177303, -34.971441204712228 ], [ 117.316146972101535, -34.971328864876433 ], [ 117.317289522283559, -34.971334454849419 ], [ 117.318293741946079, -34.971594094442828 ], [ 117.318675721609367, -34.971806114119964 ], [ 117.318940721168275, -34.972065623728987 ], [ 117.318989510799014, -34.972265103430431 ], [ 117.318862120216281, -34.972553652999132 ], [ 117.318545569438015, -34.972912892460414 ], [ 117.31816053872879, -34.973217682000438 ], [ 117.317535818069686, -34.973449491645525 ], [ 117.316703527723604, -34.973485781582319 ] ] ] ] } },
{ "type": "Feature", "properties": { "fid": 1566, "CODE": "Agp", "JNCODE": "si5011; Agp", "fme_featur": "geology_surface_si5011" }, "geometry": { "type": "MultiPolygon", "coordinates": [ [ [ [ 117.443038527856871, -34.303490016792267 ], [ 117.442613598794964, -34.303488586784667 ], [ 117.441928180461957, -34.303352846679907 ], [ 117.441483131651253, -34.303168026547475 ], [ 117.441247722461412, -34.302908416368489 ], [ 117.441172382982657, -34.302592646153585 ], [ 117.441236653243763, -34.302238255912215 ], [ 117.441479643255988, -34.301766335586862 ], [ 117.442200753025773, -34.300632974782673 ], [ 117.442650952566709, -34.300216214470794 ], [ 117.443165621788381, -34.299964654266851 ], [ 117.443983480365731, -34.299731304054667 ], [ 117.44475857890923, -34.299606303918758 ], [ 117.445663897078958, -34.299567563837471 ], [ 117.446363865539965, -34.299634123848634 ], [ 117.446928364157216, -34.299793573942132 ], [ 117.447397262824353, -34.300060984129836 ], [ 117.447645371939885, -34.300333444335976 ], [ 117.447760301089133, -34.300786384694582 ], [ 117.447678820519755, -34.301338775140017 ], [ 117.447371280643779, -34.30173798546523 ], [ 117.446704181408762, -34.302246625875078 ], [ 117.44591192263195, -34.302628286174546 ], [ 117.443951356084639, -34.303293846662825 ], [ 117.443038527856871, -34.303490016792267 ] ] ] ] } },
{ "type": "Feature", "properties": { "fid": 1641, "CODE": "Agp", "JNCODE": "si5011; Agp", "fme_featur": "geology_surface_si5011" }, "geometry": { "type": "MultiPolygon", "coordinates": [ [ [ [ 117.534582422643425, -34.342479608595454 ], [ 117.534119693348529, -34.342379627843968 ], [ 117.53370786504405, -34.342021716990011 ], [ 117.533238128341353, -34.34127149578601 ], [ 117.532767702932858, -34.340198514370876 ], [ 117.532636725322774, -34.339621183790342 ], [ 117.532674387127329, -34.33916116353209 ], [ 117.532882998293303, -34.338830733605015 ], [ 117.53324156886778, -34.33862156397231 ], [ 117.533614328901905, -34.338545494449747 ], [ 117.533977078605901, -34.338554354971336 ], [ 117.534363898020317, -34.338631985575354 ], [ 117.534628157288381, -34.338769056047795 ], [ 117.535155664540767, -34.339369267226012 ], [ 117.535652650465039, -34.340313908616217 ], [ 117.535808687246572, -34.341103289410356 ], [ 117.535765556016699, -34.341422929577696 ], [ 117.535639354850417, -34.341740639621733 ], [ 117.535424203805249, -34.342042539522879 ], [ 117.535127892998702, -34.342297379269404 ], [ 117.534582422643425, -34.342479608595454 ] ] ] ] } },
{ "type": "Feature", "properties": { "fid": 1642, "CODE": "Agv", "JNCODE": "si5011; Agv", "fme_featur": "geology_surface_si5011" }, "geometry": { "type": "MultiPolygon", "coordinates": [ [ [ [ 117.591018143196195, -34.343896290287354 ], [ 117.590745912816857, -34.343869650335733 ], [ 117.590392522671863, -34.343737560308803 ], [ 117.589618523224587, -34.343110549937464 ], [ 117.589140544513043, -34.342402909391986 ], [ 117.589013265524358, -34.34203276907099 ], [ 117.588958217175033, -34.341540628615604 ], [ 117.589094059971899, -34.340870477952997 ], [ 117.589244251350479, -34.340598077668119 ], [ 117.589511913091101, -34.340307607348592 ], [ 117.59020625597752, -34.339906016833083 ], [ 117.590992217188543, -34.339744196436513 ], [ 117.591390707316904, -34.339803096365948 ], [ 117.591684737171533, -34.339923046385962 ], [ 117.592316856137145, -34.340431866668446 ], [ 117.592601904682923, -34.341003427122217 ], [ 117.592861401553634, -34.342153548136984 ], [ 117.592714299569636, -34.342749218744331 ], [ 117.592269417279638, -34.343276649367098 ], [ 117.591638774775419, -34.343740029974562 ], [ 117.591289713753838, -34.343869760189783 ], [ 117.591018143196195, -34.343896290287354 ] ] ] ] } },
{ "type": "Feature", "properties": { "fid": 1651, "CODE": "Agp", "JNCODE": "si5011; Agp", "fme_featur": "geology_surface_si5011" }, "geometry": { "type": "MultiPolygon", "coordinates": [ [ [ [ 117.532870344062346, -34.3474378294516 ], [ 117.531966455416807, -34.347234957924563 ], [ 117.531143817612886, -34.346810546381228 ], [ 117.530450280515495, -34.346192364918153 ], [ 117.528536073181257, -34.344185650662652 ], [ 117.528017876677239, -34.343536569528197 ], [ 117.527817358658268, -34.343041688982048 ], [ 117.527834300256217, -34.342486138733612 ], [ 117.528077080949032, -34.342093588883031 ], [ 117.52853658094682, -34.341827109387374 ], [ 117.529158440049144, -34.341768250219211 ], [ 117.530259378051795, -34.341851201820411 ], [ 117.531268066344452, -34.342107623467292 ], [ 117.531735325098808, -34.342340884308783 ], [ 117.532222393319529, -34.34270535527056 ], [ 117.533647756830433, -34.344101918340712 ], [ 117.53409128436121, -34.34465272938796 ], [ 117.534333902524551, -34.345077470050043 ], [ 117.534480780335343, -34.34560719064374 ], [ 117.534452688753078, -34.346011460885215 ], [ 117.534230597037137, -34.346479630875073 ], [ 117.533837545546319, -34.346916580578466 ], [ 117.533343754412257, -34.347277900070281 ], [ 117.532870344062346, -34.3474378294516 ] ] ] ] } },
{ "type": "Feature", "properties": { "fid": 1652, "CODE": "Agp", "JNCODE": "si5011; Agp", "fme_featur": "geology_surface_si5011" }, "geometry": { "type": "MultiPolygon", "coordinates": [ [ [ [ 117.519851254045349, -34.349720446804071 ], [ 117.518339992322623, -34.34956497389733 ], [ 117.517757595255972, -34.349407072806116 ], [ 117.517312137272441, -34.349210881997934 ], [ 117.516990378464939, -34.348980131445003 ], [ 117.516788798882885, -34.348717021136252 ], [ 117.516710028388474, -34.348357051089444 ], [ 117.516791097276865, -34.348069761317696 ], [ 117.516983025729942, -34.347809161736073 ], [ 117.517354423318451, -34.347507332478337 ], [ 117.517923410368041, -34.347323193531089 ], [ 117.520114230571039, -34.3473380174174 ], [ 117.520630258287142, -34.347390148333126 ], [ 117.520993536696849, -34.347509758981431 ], [ 117.521331115221685, -34.347792379596356 ], [ 117.521544514265017, -34.348150810001975 ], [ 117.521605134012617, -34.348571880138365 ], [ 117.521523834472632, -34.3488942800046 ], [ 117.521300335717584, -34.349179139594874 ], [ 117.520874788134975, -34.349449788787666 ], [ 117.520406290847419, -34.349632837883085 ], [ 117.519851254045349, -34.349720446804071 ] ] ] ] } },
{ "type": "Feature", "properties": { "fid": 1688, "CODE": "Agp", "JNCODE": "si5011; Agp", "fme_featur": "geology_surface_si5011" }, "geometry": { "type": "MultiPolygon", "coordinates": [ [ [ [ 117.674466445612595, -34.385274148358853 ], [ 117.675062416130487, -34.385646967512244 ], [ 117.675551205370837, -34.386112146442777 ], [ 117.675799133234207, -34.386604405368381 ], [ 117.675863230471862, -34.387067744433473 ], [ 117.675780467669838, -34.387452683762902 ], [ 117.675497274321003, -34.387822893326117 ], [ 117.674835658849631, -34.388365343043979 ], [ 117.67435763615336, -34.388578463227482 ], [ 117.674068495557179, -34.388531253625544 ], [ 117.673603975674638, -34.388248724536979 ], [ 117.672943696372641, -34.387694175910489 ], [ 117.672643477252663, -34.387300066639966 ], [ 117.672511698972656, -34.386839877263469 ], [ 117.672488281282256, -34.386336277840748 ], [ 117.672588884513843, -34.385751948445893 ], [ 117.67277597709689, -34.385395358783164 ], [ 117.674466445612595, -34.385274148358853 ] ] ] ] } },
{ "type": "Feature", "properties": { "fid": 1709, "CODE": "Agp", "JNCODE": "si5011; Agp", "fme_featur": "geology_surface_si5011" }, "geometry": { "type": "MultiPolygon", "coordinates": [ [ [ [ 117.652796494657821, -34.404313356247499 ], [ 117.652592834768228, -34.404566066962367 ], [ 117.652151055032192, -34.404890698358017 ], [ 117.65109461571123, -34.405261911415543 ], [ 117.648891007111672, -34.4058442275103 ], [ 117.647727197822192, -34.406011220550411 ], [ 117.645775619010152, -34.406112535520485 ], [ 117.643803850188363, -34.406094640454036 ], [ 117.641584621459884, -34.405959235918878 ], [ 117.640932371778732, -34.405813787443968 ], [ 117.636548773140632, -34.404010587023933 ], [ 117.633767204040794, -34.402544893914779 ], [ 117.632352984299615, -34.401677767370622 ], [ 117.631422544054885, -34.401014439105253 ], [ 117.630161252830575, -34.39983818031434 ], [ 117.629452131262241, -34.398854859877666 ], [ 117.628864358885011, -34.397614018155316 ], [ 117.628417615354394, -34.395949214678154 ], [ 117.628266993252041, -34.39485607213954 ], [ 117.628183113364642, -34.393508690158512 ], [ 117.628184433568464, -34.391830457557219 ], [ 117.628293263921009, -34.389731674205215 ], [ 117.628535724513995, -34.387109569980097 ], [ 117.628941755491013, -34.383848314787215 ], [ 117.630907337813952, -34.384416954513732 ], [ 117.633476510538983, -34.385403344222873 ], [ 117.634754271701354, -34.386045674121462 ], [ 117.635144541838429, -34.386336423951967 ], [ 117.635418121658645, -34.386678373684504 ], [ 117.635508431511155, -34.386953423772155 ], [ 117.635515271307554, -34.387330764166656 ], [ 117.635117960372057, -34.389075077008762 ], [ 117.63504457995397, -34.389859898042083 ], [ 117.635165429595133, -34.390523658478955 ], [ 117.635631898988478, -34.391614978547373 ], [ 117.635686968659627, -34.392216829068126 ], [ 117.635508688273035, -34.39295078029793 ], [ 117.634653847447936, -34.395527054672321 ], [ 117.634530207880957, -34.396111745389021 ], [ 117.634518108308896, -34.39662363588301 ], [ 117.634664498752912, -34.397124016073136 ], [ 117.635053969217267, -34.397693135768094 ], [ 117.636434179785795, -34.398966753359034 ], [ 117.638320110129612, -34.400417189815528 ], [ 117.640121360152946, -34.401664996301143 ], [ 117.641266889967014, -34.402253723899257 ], [ 117.642472549637574, -34.402706151238149 ], [ 117.643121779392416, -34.402822449707259 ], [ 117.644196438936916, -34.402906857091146 ], [ 117.651706795352169, -34.403288338400642 ], [ 117.652672384792865, -34.403386635926474 ], [ 117.653196194480557, -34.403504094628353 ], [ 117.652796494657821, -34.404313356247499 ] ] ] ] } },
{ "type": "Feature", "properties": { "fid": 1723, "CODE": "P_ns", "JNCODE": "si5011; P_ns", "fme_featur": "geology_surface_si5011" }, "geometry": { "type": "MultiPolygon", "coordinates": [ [ [ [ 118.46303895741336, -34.440110120746731 ], [ 118.462626885133417, -34.440096671321356 ], [ 118.461476679643795, -34.439881732971791 ], [ 118.461039669374543, -34.439586003852021 ], [ 118.460771890620634, -34.439220274568036 ], [ 118.460524033431241, -34.4386684054409 ], [ 118.460397416343724, -34.438195276073081 ], [ 118.460409509074722, -34.437841236385346 ], [ 118.460571472769743, -34.437454426490504 ], [ 118.460868787356873, -34.437027156405222 ], [ 118.461179800980418, -34.436729306165724 ], [ 118.461550364299981, -34.4365026657537 ], [ 118.462331479181628, -34.436304944622663 ], [ 118.46346530385749, -34.436358432697439 ], [ 118.463734614455319, -34.436451242185278 ], [ 118.464092964545586, -34.436689581431843 ], [ 118.464698693369073, -34.437328310036641 ], [ 118.465007950684239, -34.438013919125986 ], [ 118.465025806853603, -34.438660908704499 ], [ 118.464909594660938, -34.438921648717667 ], [ 118.464609830763806, -34.439295708922501 ], [ 118.464011104442974, -34.439779879463082 ], [ 118.463406859608071, -34.440045930198679 ], [ 118.46303895741336, -34.440110120746731 ] ] ] ] } },
{ "type": "Feature", "properties": { "fid": 1796, "CODE": "P_ns", "JNCODE": "si5011; P_ns", "fme_featur": "geology_surface_si5011" }, "geometry": { "type": "MultiPolygon", "coordinates": [ [ [ [ 117.649091342252547, -34.488902015377441 ], [ 117.647926004902459, -34.488893998218963 ], [ 117.647027876791668, -34.488801390597843 ], [ 117.646227088235818, -34.488588842999974 ], [ 117.645527069255522, -34.488277255369205 ], [ 117.645166659455597, -34.487945096958448 ], [ 117.644932188691826, -34.487251009023637 ], [ 117.644987607620735, -34.486739939995317 ], [ 117.645277185851043, -34.486123800635518 ], [ 117.64579874375282, -34.485590630547662 ], [ 117.646209502607974, -34.485442819891098 ], [ 117.647005480804879, -34.485382928127692 ], [ 117.648868526873144, -34.485404383647676 ], [ 117.650254454273636, -34.485513760209763 ], [ 117.650726463815644, -34.485644768993822 ], [ 117.652254512631444, -34.486291344546707 ], [ 117.652551092541444, -34.48651680345543 ], [ 117.652727722728443, -34.48681323243904 ], [ 117.652836683481794, -34.487424250844668 ], [ 117.652758634321501, -34.487905699912659 ], [ 117.652530795150213, -34.488223459648566 ], [ 117.652165176034103, -34.488432229905868 ], [ 117.651356647661359, -34.48866825098667 ], [ 117.650353359471467, -34.488815902657642 ], [ 117.649091342252547, -34.488902015377441 ] ] ] ] } },
{ "type": "Feature", "properties": { "fid": 1809, "CODE": "P_ng", "JNCODE": "si5011; P_ng", "fme_featur": "geology_surface_si5011" }, "geometry": { "type": "MultiPolygon", "coordinates": [ [ [ [ 117.75656877827511, -34.550379987681652 ], [ 117.756171550389794, -34.550297368468833 ], [ 117.755882451643956, -34.550108258664757 ], [ 117.755561252718692, -34.549774238498635 ], [ 117.755206163189257, -34.549135007467648 ], [ 117.755059011985566, -34.548303295313261 ], [ 117.755089890756963, -34.547851013886856 ], [ 117.75521940927409, -34.547484122516032 ], [ 117.756124153032587, -34.546505527867545 ], [ 117.757872893434438, -34.545118391007001 ], [ 117.758399340959599, -34.544617889802467 ], [ 117.758528030253601, -34.544325249591253 ], [ 117.758705168646088, -34.543041809305869 ], [ 117.75884802770976, -34.542508259070502 ], [ 117.759115766332599, -34.542034278624449 ], [ 117.759497274522914, -34.541572587985556 ], [ 117.760098781873381, -34.541130016974115 ], [ 117.760723229286128, -34.540897955921928 ], [ 117.761246527307975, -34.540963395041025 ], [ 117.761893375011581, -34.541244083955661 ], [ 117.76223905389574, -34.541542763378985 ], [ 117.762516573212821, -34.54206713292195 ], [ 117.762698523088758, -34.54284349263159 ], [ 117.762789753498538, -34.543864032498966 ], [ 117.762744804322679, -34.544736052590601 ], [ 117.762436895430426, -34.546284305393762 ], [ 117.762313835889216, -34.546727166414328 ], [ 117.762081556888248, -34.547193037716603 ], [ 117.761594479197811, -34.547829249917207 ], [ 117.760847613078298, -34.548569543016797 ], [ 117.759908138394962, -34.549332546812792 ], [ 117.759182632737947, -34.549807659645943 ], [ 117.758383707487496, -34.550074452273229 ], [ 117.757043895465515, -34.550330766329957 ], [ 117.75656877827511, -34.550379987681652 ] ] ] ] } },
{ "type": "Feature", "properties": { "fid": 1817, "CODE": "P_ns", "JNCODE": "si5011; P_ns", "fme_featur": "geology_surface_si5011" }, "geometry": { "type": "MultiPolygon", "coordinates": [ [ [ [ 117.834162511336729, -34.524965681106949 ], [ 117.833914551015738, -34.525587342109937 ], [ 117.83367299208787, -34.525919063039964 ], [ 117.832517681197942, -34.526836487505371 ], [ 117.83158917923005, -34.527810911555449 ], [ 117.831207073426853, -34.527995753140765 ], [ 117.830884987517663, -34.527898494273536 ], [ 117.830659330903742, -34.527493584748811 ], [ 117.83052879364223, -34.526703224480741 ], [ 117.830462226657076, -34.525155583229122 ], [ 117.834162511336729, -34.524965681106949 ] ] ] ] } },
{ "type": "Feature", "properties": { "fid": 1830, "CODE": "P_ng", "JNCODE": "si5011; P_ng", "fme_featur": "geology_surface_si5011" }, "geometry": { "type": "MultiPolygon", "coordinates": [ [ [ [ 117.746297283986991, -34.553258939672716 ], [ 117.745418948440971, -34.553603782636593 ], [ 117.741789375113555, -34.553866161438492 ], [ 117.738631327991939, -34.554330760503767 ], [ 117.737398392060229, -34.554302523801809 ], [ 117.736088616151562, -34.554056566725563 ], [ 117.734620980337667, -34.553511069334306 ], [ 117.731944657147594, -34.552243593635595 ], [ 117.730910939838097, -34.551912295778337 ], [ 117.728896505170169, -34.551431500441765 ], [ 117.726763570031764, -34.55063852486726 ], [ 117.724426654338217, -34.549631059697425 ], [ 117.723708805229265, -34.549245881139434 ], [ 117.721253058548442, -34.547713715940127 ], [ 117.719385181423306, -34.546254579401328 ], [ 117.718658262972426, -34.545858651135525 ], [ 117.7180637744694, -34.545680102822978 ], [ 117.718112212589801, -34.543757890537421 ], [ 117.719854176950733, -34.543170814318472 ], [ 117.720523684888292, -34.543080762045626 ], [ 117.721081133233724, -34.543089260211232 ], [ 117.721928720866075, -34.543302727541388 ], [ 117.723842955920318, -34.544350571732124 ], [ 117.724444214306104, -34.54460318983039 ], [ 117.724785003310515, -34.544635488694965 ], [ 117.726340379309676, -34.544475083556648 ], [ 117.727036147718863, -34.54456876134531 ], [ 117.727509926855333, -34.544841009929591 ], [ 117.72805953670732, -34.545523399433236 ], [ 117.728476886354827, -34.545883008918736 ], [ 117.729674114547564, -34.546546116662199 ], [ 117.731347121959018, -34.547611973992943 ], [ 117.731718431156779, -34.547728603130246 ], [ 117.732131440062133, -34.547725051844118 ], [ 117.733532095746142, -34.547245346280526 ], [ 117.733853334904921, -34.547237595258636 ], [ 117.734140924484365, -34.547500265044519 ], [ 117.73485447419614, -34.54886185642065 ], [ 117.735099363823366, -34.549128236384256 ], [ 117.735337363330444, -34.549281156073434 ], [ 117.735951191757295, -34.549419504599214 ], [ 117.737794146440351, -34.549264008631908 ], [ 117.738409804748372, -34.549301826885547 ], [ 117.740803907251262, -34.550673044294633 ], [ 117.74153973391671, -34.55099067358033 ], [ 117.742409109688282, -34.550970271580844 ], [ 117.744470229179086, -34.550516945647132 ], [ 117.745572743547683, -34.550337402653717 ], [ 117.746623958278718, -34.55026845009963 ], [ 117.747390774596724, -34.550333108576687 ], [ 117.74771442325499, -34.550496068336564 ], [ 117.747888143064117, -34.550919749205697 ], [ 117.747847204802909, -34.551910922238299 ], [ 117.747600876742396, -34.552418214290817 ], [ 117.746297283986991, -34.553258939672716 ] ] ] ] } },
{ "type": "Feature", "properties": { "fid": 1836, "CODE": "P_ns", "JNCODE": "si5011; P_ns", "fme_featur": "geology_surface_si5011" }, "geometry": { "type": "MultiPolygon", "coordinates": [ [ [ [ 117.647404318393086, -34.509104623277047 ], [ 117.646874919653911, -34.509024024275213 ], [ 117.646423730521192, -34.508805825005709 ], [ 117.646151750731875, -34.508448395267877 ], [ 117.646038990473627, -34.508050265178134 ], [ 117.646030089968434, -34.507669424889407 ], [ 117.646126679062917, -34.507200134305066 ], [ 117.646293408154378, -34.506863083672798 ], [ 117.646507307234046, -34.506608593000323 ], [ 117.646853045936254, -34.506335642018023 ], [ 117.647270164534774, -34.506126170923459 ], [ 117.647759853059398, -34.506002959736854 ], [ 117.648291821602712, -34.505972878537371 ], [ 117.649283149216075, -34.506143796524334 ], [ 117.649707248358524, -34.506327455782859 ], [ 117.650176047710076, -34.506632475051269 ], [ 117.650470457599994, -34.506906754642735 ], [ 117.650680567728372, -34.50723674448512 ], [ 117.650705518270215, -34.507625804823725 ], [ 117.65049700916876, -34.507988805693529 ], [ 117.649867801180136, -34.508545257731264 ], [ 117.649187223482187, -34.508909249488553 ], [ 117.648377855820499, -34.50907271128434 ], [ 117.647404318393086, -34.509104623277047 ] ] ] ] } },
{ "type": "Feature", "properties": { "fid": 1837, "CODE": "P_ns", "JNCODE": "si5011; P_ns", "fme_featur": "geology_surface_si5011" }, "geometry": { "type": "MultiPolygon", "coordinates": [ [ [ [ 117.664327132313161, -34.521194494959836 ], [ 117.66353726475154, -34.52112008629873 ], [ 117.662986646562572, -34.520949756905956 ], [ 117.662485168279517, -34.520679417158014 ], [ 117.661935380172793, -34.520268167156779 ], [ 117.661623631295257, -34.519895426804624 ], [ 117.661591951501876, -34.519724966416554 ], [ 117.661650631479375, -34.519550835826422 ], [ 117.661975301197486, -34.518896013358052 ], [ 117.662260330847118, -34.518538621749457 ], [ 117.662593540329894, -34.518298410334225 ], [ 117.663038589544342, -34.518123058827854 ], [ 117.66353537857276, -34.518043087459496 ], [ 117.664321126924733, -34.518023235593475 ], [ 117.665421444406945, -34.518126563929293 ], [ 117.665775873390999, -34.518300244108588 ], [ 117.666140782183959, -34.518613664678831 ], [ 117.666424931073919, -34.519009775554068 ], [ 117.666523320274706, -34.519470456794579 ], [ 117.666417839969512, -34.519845548000816 ], [ 117.666080720015273, -34.520240819531018 ], [ 117.665419190290024, -34.520792261923177 ], [ 117.664863820855217, -34.521108973646911 ], [ 117.664327132313161, -34.521194494959836 ] ] ] ] } },
{ "type": "Feature", "properties": { "fid": 1842, "CODE": "P_ns", "JNCODE": "si5011; P_ns", "fme_featur": "geology_surface_si5011" }, "geometry": { "type": "MultiPolygon", "coordinates": [ [ [ [ 117.642846793503551, -34.45719612856913 ], [ 117.642683433478368, -34.457749456999224 ], [ 117.641895323980094, -34.458988984615949 ], [ 117.641725184032907, -34.459385133596491 ], [ 117.641633363874647, -34.460028681415878 ], [ 117.641636283513265, -34.460852198292038 ], [ 117.641806272819181, -34.461932723765244 ], [ 117.642141691987732, -34.46282455955965 ], [ 117.642791940662462, -34.463892093980192 ], [ 117.643572289182359, -34.464916958355118 ], [ 117.642749420068597, -34.465386558554862 ], [ 117.642295930602955, -34.46554027903229 ], [ 117.641589141503118, -34.465625410340223 ], [ 117.640758282643333, -34.465536232594907 ], [ 117.639617144287897, -34.465232316423936 ], [ 117.637306647855425, -34.464061016622864 ], [ 117.635485230512813, -34.463491783446813 ], [ 117.634764701628683, -34.463150016683379 ], [ 117.634358992861806, -34.461860453159808 ], [ 117.634295333235642, -34.461342665510251 ], [ 117.634386333450109, -34.460638778287937 ], [ 117.634851203380961, -34.459003514201953 ], [ 117.634817043821755, -34.458184447779104 ], [ 117.634364295521792, -34.456725784968768 ], [ 117.633246728891635, -34.455518472383709 ], [ 117.632333984829671, -34.454153869650575 ], [ 117.632252496313711, -34.453825191072212 ], [ 117.632274707264628, -34.453569192011614 ], [ 117.632416178239296, -34.453237933012012 ], [ 117.63267039882561, -34.45294397365948 ], [ 117.633132718916173, -34.452664063868767 ], [ 117.633809958155979, -34.452485723292178 ], [ 117.634478876782808, -34.452464652121584 ], [ 117.635111904946271, -34.452584500289603 ], [ 117.635856072214764, -34.45295316624847 ], [ 117.63764061463425, -34.454158585815172 ], [ 117.638381421989934, -34.45456718201789 ], [ 117.642055875137956, -34.455836605993497 ], [ 117.642937153791308, -34.45626104174972 ], [ 117.642846793503551, -34.45719612856913 ] ] ] ] } },
{ "type": "Feature", "properties": { "fid": 1849, "CODE": "P_ns", "JNCODE": "si5011; P_ns", "fme_featur": "geology_surface_si5011" }, "geometry": { "type": "MultiPolygon", "coordinates": [ [ [ [ 117.61192285413486, -34.505487038246081 ], [ 117.611679245161895, -34.505675638758731 ], [ 117.611393708078793, -34.506389468760233 ], [ 117.611493650254729, -34.507074757679426 ], [ 117.611950511196596, -34.507602995855407 ], [ 117.612817561227331, -34.508122603064038 ], [ 117.613073061577396, -34.508390562163839 ], [ 117.613292522931033, -34.50895928111035 ], [ 117.61336391453375, -34.509516080453636 ], [ 117.613306806010428, -34.509944380212204 ], [ 117.612856589121989, -34.510595760620397 ], [ 117.612703439850677, -34.510709600842731 ], [ 117.612109171760167, -34.510861351962603 ], [ 117.611393723848039, -34.510972313357563 ], [ 117.610722724953519, -34.510829544960096 ], [ 117.609480645196598, -34.510101428693829 ], [ 117.607989554175617, -34.508984813970145 ], [ 117.607980794174267, -34.50897980400007 ], [ 117.607941684134673, -34.50894896414831 ], [ 117.606924512977727, -34.50814693813723 ], [ 117.606512711845241, -34.507679450103971 ], [ 117.606167040272254, -34.507149972076739 ], [ 117.605724606320024, -34.506038235586935 ], [ 117.605625594113278, -34.505486557027062 ], [ 117.605608301446338, -34.50486016839006 ], [ 117.605722738212947, -34.504145339521038 ], [ 117.605851656343347, -34.503748909923893 ], [ 117.606310902016659, -34.502863150184091 ], [ 117.606369311607835, -34.502782190145382 ], [ 117.607253439211135, -34.50244910774127 ], [ 117.608467516673684, -34.502149374029557 ], [ 117.60970234515591, -34.502102299763486 ], [ 117.610920844264385, -34.502223685325411 ], [ 117.612106793779546, -34.502469270914872 ], [ 117.612443923689284, -34.502558409658356 ], [ 117.613235404287337, -34.503034426508968 ], [ 117.613606595655881, -34.503619774772709 ], [ 117.613649427328966, -34.504176574174487 ], [ 117.613275989756488, -34.504780364833458 ], [ 117.61192285413486, -34.505487038246081 ] ] ] ] } },
{ "type": "Feature", "properties": { "fid": 1851, "CODE": "P_ns", "JNCODE": "si5011; P_ns", "fme_featur": "geology_surface_si5011" }, "geometry": { "type": "MultiPolygon", "coordinates": [ [ [ [ 117.610359216353885, -34.490551925263794 ], [ 117.60963870653282, -34.490487058167169 ], [ 117.609100066584475, -34.49040232039561 ], [ 117.60873115484226, -34.4895468231922 ], [ 117.608826332898502, -34.488690214186001 ], [ 117.609283191336601, -34.488062043406593 ], [ 117.609835220053498, -34.487567112042335 ], [ 117.610387259615266, -34.487452890071943 ], [ 117.611472289245299, -34.487452885842565 ], [ 117.612277339687267, -34.487793012167209 ], [ 117.612748800198034, -34.488116919818921 ], [ 117.613025870779623, -34.488444868222473 ], [ 117.613221491678033, -34.488913336722192 ], [ 117.612842863704159, -34.489813306776227 ], [ 117.612366975185651, -34.490422447665068 ], [ 117.611835636240187, -34.490808879119321 ], [ 117.610359216353885, -34.490551925263794 ] ] ] ] } },
{ "type": "Feature", "properties": { "fid": 1852, "CODE": "P_ns", "JNCODE": "si5011; P_ns", "fme_featur": "geology_surface_si5011" }, "geometry": { "type": "MultiPolygon", "coordinates": [ [ [ [ 117.647546659557761, -34.520226344587847 ], [ 117.64712787089195, -34.52028344514337 ], [ 117.646214163290523, -34.520207306123183 ], [ 117.645018386023565, -34.519962247284703 ], [ 117.643247131445534, -34.520113779518205 ], [ 117.640865149317349, -34.520492852542084 ], [ 117.638676055988242, -34.520626105091701 ], [ 117.63604500449766, -34.52091875809851 ], [ 117.634179367868754, -34.520623652145311 ], [ 117.633142788686158, -34.520372485795541 ], [ 117.632032607236113, -34.519503009810727 ], [ 117.631351254109006, -34.51841760241183 ], [ 117.631275161178166, -34.517628342817744 ], [ 117.631358769664729, -34.517261982571689 ], [ 117.631528068211551, -34.516936372000366 ], [ 117.631892416274042, -34.516538760711093 ], [ 117.63256908390079, -34.51610668824744 ], [ 117.635078297199868, -34.514934439005074 ], [ 117.635992014482611, -34.514553717403693 ], [ 117.637069761251666, -34.51409802545961 ], [ 117.637965738756932, -34.513887183853001 ], [ 117.638907806431845, -34.513911312232914 ], [ 117.639228066030341, -34.514230101806753 ], [ 117.639151926838963, -34.514725032132347 ], [ 117.638809288624685, -34.515181892879703 ], [ 117.638714110527957, -34.515714893233273 ], [ 117.639018682299195, -34.516533423073781 ], [ 117.639589751698622, -34.516818962336565 ], [ 117.641569457323826, -34.517085459556974 ], [ 117.642940024539087, -34.517370987768807 ], [ 117.646584576485594, -34.517980833208085 ], [ 117.646927185984197, -34.518144132922551 ], [ 117.647356475594023, -34.5184471226965 ], [ 117.647965444909943, -34.518836732368122 ], [ 117.648270015202073, -34.519293592554668 ], [ 117.648365185734662, -34.519617192850369 ], [ 117.648174837067842, -34.519940803493078 ], [ 117.647546659557761, -34.520226344587847 ] ] ] ] } },
{ "type": "Feature", "properties": { "fid": 1853, "CODE": "P_ns", "JNCODE": "si5011; P_ns", "fme_featur": "geology_surface_si5011" }, "geometry": { "type": "MultiPolygon", "coordinates": [ [ [ [ 117.617864243721598, -34.513154639332015 ], [ 117.617143425596524, -34.513120000617178 ], [ 117.616398127225636, -34.512972231997765 ], [ 117.615926567398645, -34.51257485302969 ], [ 117.615893676186388, -34.512106113310075 ], [ 117.616007894162593, -34.511477933371175 ], [ 117.616274392236491, -34.511011563018791 ], [ 117.616969189321537, -34.510535671695102 ], [ 117.617702056680628, -34.510164470161882 ], [ 117.618016145940956, -34.51015494945873 ], [ 117.618697784787258, -34.510324877924887 ], [ 117.619226124221754, -34.510611356770362 ], [ 117.619330664281506, -34.510746386553542 ], [ 117.619434305315167, -34.511316126383214 ], [ 117.619367686809056, -34.511906226568726 ], [ 117.619079019301978, -34.512672157164381 ], [ 117.618850650398869, -34.512882627586031 ], [ 117.61840603208087, -34.513086268377783 ], [ 117.617864243721598, -34.513154639332015 ] ] ] ] } },
{ "type": "Feature", "properties": { "fid": 1858, "CODE": "P_ns", "JNCODE": "si5011; P_ns", "fme_featur": "geology_surface_si5011" }, "geometry": { "type": "MultiPolygon", "coordinates": [ [ [ [ 117.685602662236803, -34.52857240866723 ], [ 117.684833965761499, -34.528469252735675 ], [ 117.684406557529627, -34.528254134764595 ], [ 117.684070548601298, -34.527829015971761 ], [ 117.683996648640147, -34.527575475997551 ], [ 117.684004538224016, -34.527262595493589 ], [ 117.684258006461874, -34.526773413424799 ], [ 117.684787713520279, -34.526342470004494 ], [ 117.685499439958718, -34.526070425885642 ], [ 117.686335216093056, -34.526020041433583 ], [ 117.687017563148473, -34.526186368053082 ], [ 117.687248522245895, -34.526342117021258 ], [ 117.687408731707578, -34.526543776410591 ], [ 117.687558991498662, -34.527045766191783 ], [ 117.687537052139461, -34.527606816954631 ], [ 117.687343713434331, -34.528008448466473 ], [ 117.687012735259287, -34.528278350586902 ], [ 117.686482577967183, -34.528477133726099 ], [ 117.685602662236803, -34.52857240866723 ] ] ] ] } },
{ "type": "Feature", "properties": { "fid": 1938, "CODE": "P_ns", "JNCODE": "si5011; P_ns", "fme_featur": "geology_surface_si5011" }, "geometry": { "type": "MultiPolygon", "coordinates": [ [ [ [ 117.253291174859868, -34.432971302370014 ], [ 117.25179950410346, -34.432711233244547 ], [ 117.249173642794375, -34.431910424937556 ], [ 117.247034831707452, -34.431335786303144 ], [ 117.241750739830977, -34.429546559725232 ], [ 117.239878149323715, -34.429009780879426 ], [ 117.239558819239463, -34.428848511110537 ], [ 117.239352499188882, -34.428650121304969 ], [ 117.239211969160749, -34.428365251508936 ], [ 117.239216419173104, -34.428112951626829 ], [ 117.239322409208839, -34.428002581627332 ], [ 117.239488939259772, -34.427950551570284 ], [ 117.240221629476338, -34.427899661234179 ], [ 117.242125760030802, -34.427937270280843 ], [ 117.243669140472718, -34.428076459460115 ], [ 117.249073082963605, -34.429466886000064 ], [ 117.251747054323587, -34.430319314219673 ], [ 117.252867154881031, -34.430729913461697 ], [ 117.253495815183612, -34.431035793009663 ], [ 117.253921475368983, -34.431405762642775 ], [ 117.254344105530336, -34.431956112210997 ], [ 117.254461745546635, -34.432351801999268 ], [ 117.254421285502829, -34.432545441946935 ], [ 117.254290705412501, -34.432731891943909 ], [ 117.253843995153261, -34.432945202094025 ], [ 117.253291174859868, -34.432971302370014 ] ] ] ] } },
{ "type": "Feature", "properties": { "fid": 1978, "CODE": "P_ns", "JNCODE": "si5011; P_ns", "fme_featur": "geology_surface_si5011" }, "geometry": { "type": "MultiPolygon", "coordinates": [ [ [ [ 118.134794587827699, -34.482834201406668 ], [ 118.134116418075507, -34.482685921832903 ], [ 118.133626598848721, -34.48247303239296 ], [ 118.132170762794317, -34.481537994943949 ], [ 118.13171701489739, -34.481086486205598 ], [ 118.131519999359071, -34.480253808361191 ], [ 118.131552503900778, -34.479445970361795 ], [ 118.131847318850234, -34.478614312234825 ], [ 118.132080830765091, -34.478315892799102 ], [ 118.132297881897316, -34.478154783028664 ], [ 118.132888203394316, -34.477999842948854 ], [ 118.133352983700703, -34.478033052517667 ], [ 118.133683903513898, -34.478128062054282 ], [ 118.134054172469931, -34.478380871225859 ], [ 118.135208487492719, -34.479461888199985 ], [ 118.136737916154075, -34.47995966639639 ], [ 118.137027275382309, -34.480142205917495 ], [ 118.137231094180322, -34.480383835387265 ], [ 118.137356681882054, -34.480800664594824 ], [ 118.137318419701472, -34.481170013958085 ], [ 118.137143997262896, -34.481562273320144 ], [ 118.136843974769036, -34.48194523271512 ], [ 118.1363421518395, -34.482373912038611 ], [ 118.135859399832356, -34.4826479216064 ], [ 118.135223518220741, -34.482831261346625 ], [ 118.134794587827699, -34.482834201406668 ] ] ] ] } },
{ "type": "Feature", "properties": { "fid": 2026, "CODE": "P_ng", "JNCODE": "si5011; P_ng", "fme_featur": "geology_surface_si5011" }, "geometry": { "type": "MultiPolygon", "coordinates": [ [ [ [ 118.236831303104253, -34.547887460152317 ], [ 118.236141072202898, -34.548206469248633 ], [ 118.234671879911616, -34.548345426804616 ], [ 118.23403365887998, -34.548252195627917 ], [ 118.233256787265731, -34.547675833724377 ], [ 118.233073536802223, -34.547432333165752 ], [ 118.23300122647629, -34.547151622757312 ], [ 118.233043796193797, -34.546705262375177 ], [ 118.233206646066023, -34.546227282164686 ], [ 118.233875326459113, -34.545452772510373 ], [ 118.234320167069654, -34.545387593198591 ], [ 118.234889757939712, -34.545417324195022 ], [ 118.235543939111167, -34.545552635487226 ], [ 118.236078870153875, -34.545748446638797 ], [ 118.236591861226586, -34.546026547834828 ], [ 118.237060452292184, -34.54638659903484 ], [ 118.237730844056543, -34.547198081052464 ], [ 118.236831303104253, -34.547887460152317 ] ] ] ] } },
{ "type": "Feature", "properties": { "fid": 2027, "CODE": "P_ng", "JNCODE": "si5011; P_ng", "fme_featur": "geology_surface_si5011" }, "geometry": { "type": "MultiPolygon", "coordinates": [ [ [ [ 118.268361951659415, -34.548912238649166 ], [ 118.267717259708064, -34.548473217159533 ], [ 118.267468898784045, -34.54811283643803 ], [ 118.267421048257845, -34.547651126032925 ], [ 118.267507098232201, -34.547383446032967 ], [ 118.267700248445607, -34.547086646248168 ], [ 118.268296449458688, -34.546561667226669 ], [ 118.268872140652903, -34.546292658364919 ], [ 118.269420102006535, -34.546286289587286 ], [ 118.270914675798792, -34.546390782950233 ], [ 118.271412117117848, -34.546497864069707 ], [ 118.271625187760492, -34.546641294554682 ], [ 118.271809918405779, -34.546877544977143 ], [ 118.271905978862449, -34.547153705202014 ], [ 118.271914899145926, -34.547482505241632 ], [ 118.271828259178335, -34.547790095084828 ], [ 118.271671878978381, -34.548018944788893 ], [ 118.270803797371897, -34.548650193185885 ], [ 118.270075235871502, -34.548976631891513 ], [ 118.269017093443026, -34.549138849984423 ], [ 118.268361951659415, -34.548912238649166 ] ] ] ] } },
{ "type": "Feature", "properties": { "fid": 2028, "CODE": "P_ng", "JNCODE": "si5011; P_ng", "fme_featur": "geology_surface_si5011" }, "geometry": { "type": "MultiPolygon", "coordinates": [ [ [ [ 118.27367061728944, -34.571168426834156 ], [ 118.274139075704483, -34.570566055616389 ], [ 118.274426073804463, -34.570011224350424 ], [ 118.274548711712029, -34.569514773095577 ], [ 118.274561309049403, -34.568965801604023 ], [ 118.274456173884829, -34.567972678808658 ], [ 118.274452950627079, -34.567310626998292 ], [ 118.274230397425043, -34.566777335387947 ], [ 118.274440843528055, -34.565870463057728 ], [ 118.274669431435456, -34.565325831713835 ], [ 118.2751480803215, -34.564855610714474 ], [ 118.2757232900871, -34.564519420124576 ], [ 118.276355971003639, -34.564388800129265 ], [ 118.277772254023006, -34.564292960678841 ], [ 118.279708482463676, -34.564990823872897 ], [ 118.280177295021929, -34.565272874953251 ], [ 118.280294536271867, -34.565467435575606 ], [ 118.280156797056108, -34.565666416124962 ], [ 118.279834567035422, -34.565802146365193 ], [ 118.277982963873129, -34.566112136062287 ], [ 118.277491383393198, -34.56626735618228 ], [ 118.276885283885804, -34.566675626937098 ], [ 118.276387575281134, -34.567212518108356 ], [ 118.276286756877553, -34.567583679081288 ], [ 118.276623643845213, -34.568786372730571 ], [ 118.276700621504716, -34.570261696971372 ], [ 118.276540956251409, -34.571294009753011 ], [ 118.276159109048905, -34.572073511599115 ], [ 118.275856199941387, -34.572431552316758 ], [ 118.275553500239283, -34.572672742699623 ], [ 118.274696699301671, -34.573003682782705 ], [ 118.273532706657846, -34.573182532126225 ], [ 118.27150343111802, -34.573310460458771 ], [ 118.27367061728944, -34.571168426834156 ] ] ] ] } },
{ "type": "Feature", "properties": { "fid": 2037, "CODE": "P_ns", "JNCODE": "si5011; P_ns", "fme_featur": "geology_surface_si5011" }, "geometry": { "type": "MultiPolygon", "coordinates": [ [ [ [ 118.304786571486375, -34.595355242749676 ], [ 118.304099029752578, -34.595353322249984 ], [ 118.30360097781238, -34.59521668154828 ], [ 118.303477685990657, -34.594917570708454 ], [ 118.303606913995949, -34.594459239649503 ], [ 118.303925462667166, -34.59403926881982 ], [ 118.304424332323165, -34.593725318382148 ], [ 118.305655532890299, -34.593231678001629 ], [ 118.306064023450716, -34.59314160805981 ], [ 118.306520265376022, -34.593296918773525 ], [ 118.306783817213926, -34.593529299548742 ], [ 118.306926688691846, -34.593749940210124 ], [ 118.306968230297869, -34.594045420990554 ], [ 118.30679877185689, -34.594435401861176 ], [ 118.306483192804549, -34.594777252504144 ], [ 118.305998223164025, -34.595087182942684 ], [ 118.305406512628494, -34.595273902990257 ], [ 118.304786571486375, -34.595355242749676 ] ] ] ] } },
{ "type": "Feature", "properties": { "fid": 2049, "CODE": "P_ns", "JNCODE": "si5011; P_ns", "fme_featur": "geology_surface_si5011" }, "geometry": { "type": "MultiPolygon", "coordinates": [ [ [ [ 118.162697669284185, -34.580371331352772 ], [ 118.161725528509081, -34.581127211227155 ], [ 118.160764537120983, -34.581560400972229 ], [ 118.159943045291413, -34.581649080643516 ], [ 118.159611863529804, -34.58149303997196 ], [ 118.15948422232924, -34.581107939852707 ], [ 118.1595281212918, -34.580327530292259 ], [ 118.159746650437697, -34.579122301334337 ], [ 118.160901092653887, -34.578597901929406 ], [ 118.161658573973199, -34.578501411719969 ], [ 118.162082554942742, -34.578585781575491 ], [ 118.162551656214163, -34.578789071424474 ], [ 118.163502369402991, -34.579509711248512 ], [ 118.162697669284185, -34.580371331352772 ] ] ] ] } },
{ "type": "Feature", "properties": { "fid": 2050, "CODE": "P_ns", "JNCODE": "si5011; P_ns", "fme_featur": "geology_surface_si5011" }, "geometry": { "type": "MultiPolygon", "coordinates": [ [ [ [ 118.062534717437956, -34.570335916440037 ], [ 118.063985529890928, -34.571116867265552 ], [ 118.06509377144684, -34.571570547917204 ], [ 118.066710063296597, -34.571976158924244 ], [ 118.067402554233396, -34.572393099269412 ], [ 118.067724144772612, -34.572756779369662 ], [ 118.067899885151036, -34.573087009378604 ], [ 118.068277946373954, -34.574462999163202 ], [ 118.068580457071477, -34.575059069184107 ], [ 118.069846191155619, -34.576456800070829 ], [ 118.071687606474129, -34.57914474850255 ], [ 118.072196777087072, -34.579684997857711 ], [ 118.072668947301466, -34.580055467239049 ], [ 118.073194017231188, -34.580341006544948 ], [ 118.073690836928947, -34.58049974589774 ], [ 118.076377014233245, -34.580902462397461 ], [ 118.077548782914178, -34.58114371074948 ], [ 118.078680861530131, -34.581527588968562 ], [ 118.079367980582433, -34.581891947718397 ], [ 118.080182539171915, -34.58293349553788 ], [ 118.080463358520916, -34.583527604494748 ], [ 118.08044344846158, -34.583895764134567 ], [ 118.080123278909625, -34.584948903554611 ], [ 118.080069998957953, -34.585381223202404 ], [ 118.080174878657431, -34.585642522751762 ], [ 118.080816296806873, -34.586422640769662 ], [ 118.080905186441953, -34.586760700231437 ], [ 118.080774976688744, -34.587073730131806 ], [ 118.080437517551928, -34.587405240422456 ], [ 118.079895439096305, -34.587636291241303 ], [ 118.077614486035742, -34.58803538541347 ], [ 118.076929808273647, -34.588253796635414 ], [ 118.076481339936251, -34.588601467321446 ], [ 118.075221165740956, -34.590077699064402 ], [ 118.074937157268266, -34.590266329359139 ], [ 118.073985671664076, -34.590702730557283 ], [ 118.073515973490728, -34.590810801301906 ], [ 118.073009415212894, -34.590829812290409 ], [ 118.070501613071741, -34.590516958220235 ], [ 118.069774044565662, -34.590491199171787 ], [ 118.069230174307947, -34.590550028662129 ], [ 118.068521134368098, -34.590846527443574 ], [ 118.066409086304645, -34.592211383083033 ], [ 118.06525315742816, -34.592726261542907 ], [ 118.064724537419536, -34.592729241368396 ], [ 118.06418828691011, -34.592556511534447 ], [ 118.063526115711539, -34.592178032008292 ], [ 118.063001214263124, -34.5917512925568 ], [ 118.062786302925247, -34.5913568831457 ], [ 118.062306757026022, -34.589510275188175 ], [ 118.062036715101385, -34.58876575498914 ], [ 118.061708893746882, -34.588284874752119 ], [ 118.061264542752028, -34.587996024434332 ], [ 118.056608097656294, -34.58725951113302 ], [ 118.053619565041743, -34.587895488937981 ], [ 118.052687893273102, -34.587957228230174 ], [ 118.051935231649111, -34.587920877665709 ], [ 118.050504288143998, -34.587674556624847 ], [ 118.047960650986454, -34.586871684910562 ], [ 118.047204389118122, -34.586749244394717 ], [ 118.046752318264225, -34.586784904059712 ], [ 118.046189457476004, -34.586940863609655 ], [ 118.044307385783128, -34.587823641944212 ], [ 118.041442612645398, -34.588880779342183 ], [ 118.040842142531019, -34.589302418685541 ], [ 118.040309282743735, -34.589791898037475 ], [ 118.039471249054131, -34.590892777039151 ], [ 118.038900072675432, -34.591456996400041 ], [ 118.038191996032253, -34.592013905627709 ], [ 118.037695127152674, -34.592249595112776 ], [ 118.0372265059125, -34.592183934684599 ], [ 118.036444191068128, -34.591726964044859 ], [ 118.036071947824226, -34.591392123768166 ], [ 118.035364659364788, -34.590468943312565 ], [ 118.034901805899935, -34.590124382961882 ], [ 118.033928242775346, -34.589848432122885 ], [ 118.032586250205824, -34.589732280893529 ], [ 118.031438929020609, -34.589881759809046 ], [ 118.029832220165815, -34.590382088209665 ], [ 118.029115790360507, -34.59054370750129 ], [ 118.025540356793584, -34.590783494110987 ], [ 118.02210762234084, -34.591390321846312 ], [ 118.019518899884829, -34.591982179852266 ], [ 118.018286939435583, -34.592330958694887 ], [ 118.017847039874766, -34.592520228178927 ], [ 118.017158521887424, -34.592959917147148 ], [ 118.01646159192903, -34.592070937845676 ], [ 118.016327318378657, -34.591721458243505 ], [ 118.016292045216929, -34.591383998689956 ], [ 118.017257365922163, -34.591146269515527 ], [ 118.018038894648726, -34.590741170391453 ], [ 118.018506441704304, -34.590246901158665 ], [ 118.018858008598002, -34.589517151466161 ], [ 118.018957077158618, -34.589091001400455 ], [ 118.018875975410282, -34.588717661279219 ], [ 118.017839496736102, -34.587206520503436 ], [ 118.017434372238981, -34.586265580104239 ], [ 118.017233597937121, -34.585217299755215 ], [ 118.017277204424772, -34.584240519523547 ], [ 118.017588860541636, -34.583059909355711 ], [ 118.017881488698691, -34.582463369331911 ], [ 118.019464492530474, -34.580477319547526 ], [ 118.020485248657053, -34.579394319759281 ], [ 118.021389285755902, -34.578641420007699 ], [ 118.022234903433827, -34.57807721028032 ], [ 118.024265368130003, -34.576943681010732 ], [ 118.025697147806753, -34.57635497230082 ], [ 118.027878649592125, -34.574818315484649 ], [ 118.028892212421468, -34.574239226927666 ], [ 118.032084643037379, -34.573089741609735 ], [ 118.034639562417979, -34.572524145425696 ], [ 118.03563266583069, -34.572233806878984 ], [ 118.036684868994968, -34.571782518364387 ], [ 118.03854890401206, -34.570814150915822 ], [ 118.039813376815673, -34.569984092565363 ], [ 118.041309417596807, -34.568794803193285 ], [ 118.042146377467915, -34.567961243440465 ], [ 118.043283216295208, -34.566436443754533 ], [ 118.043745396581286, -34.566060063974859 ], [ 118.044401957382874, -34.565651564335795 ], [ 118.04500798853725, -34.565412034712388 ], [ 118.04560948995578, -34.565266725112089 ], [ 118.047413234796451, -34.565027946368971 ], [ 118.050324163189416, -34.564832218462534 ], [ 118.051627167148823, -34.564820069409713 ], [ 118.052245879171636, -34.564875169856208 ], [ 118.052709040991232, -34.565050180179007 ], [ 118.053892156439119, -34.56587723093336 ], [ 118.054504909020679, -34.566218231309215 ], [ 118.055117611121489, -34.566421461703882 ], [ 118.057010194812932, -34.566858683094068 ], [ 118.05764399622042, -34.567119043532344 ], [ 118.059043369642865, -34.567954544428069 ], [ 118.060399043196398, -34.56907619519167 ], [ 118.061216954820438, -34.569510135690606 ], [ 118.062534717437956, -34.570335916440037 ] ] ] ] } },
{ "type": "Feature", "properties": { "fid": 2055, "CODE": "P_ns", "JNCODE": "si5011; P_ns", "fme_featur": "geology_surface_si5011" }, "geometry": { "type": "MultiPolygon", "coordinates": [ [ [ [ 118.125128459684916, -34.511937006569092 ], [ 118.125525639849286, -34.512779646020689 ], [ 118.126703468548911, -34.514333546688633 ], [ 118.126903848298227, -34.514697696769396 ], [ 118.126937078407195, -34.514981296501531 ], [ 118.126878778225048, -34.51528156615543 ], [ 118.126300448664338, -34.516376953860743 ], [ 118.125322191651051, -34.516270081104949 ], [ 118.124646793756668, -34.516108669245249 ], [ 118.123461487450186, -34.515648846055704 ], [ 118.122546300205684, -34.515184343626508 ], [ 118.119985453084013, -34.513396081191871 ], [ 118.11905413260682, -34.512485061912543 ], [ 118.118389481473784, -34.51166652329006 ], [ 118.119612895705643, -34.510339890023651 ], [ 118.120666841957572, -34.509409474523331 ], [ 118.121376462114171, -34.509859674322264 ], [ 118.122235001690342, -34.510211774785382 ], [ 118.123242470711759, -34.510465765887787 ], [ 118.124648008877557, -34.510641057985545 ], [ 118.125128459684916, -34.511937006569092 ] ] ] ] } },
{ "type": "Feature", "properties": { "fid": 2067, "CODE": "P_ns", "JNCODE": "si5011; P_ns", "fme_featur": "geology_surface_si5011" }, "geometry": { "type": "MultiPolygon", "coordinates": [ [ [ [ 117.982780572187096, -34.538655977388181 ], [ 117.982131296353131, -34.53862386654189 ], [ 117.980141329460011, -34.538188313599051 ], [ 117.979861451535939, -34.538076583299841 ], [ 117.979584353872767, -34.537871833058922 ], [ 117.979203987292692, -34.537437442582309 ], [ 117.97893606005114, -34.536873881999739 ], [ 117.978899831016975, -34.536322011453287 ], [ 117.979108859930136, -34.535856501003735 ], [ 117.979425827694101, -34.535608440768193 ], [ 117.979878164209509, -34.535485520657943 ], [ 117.980739428732733, -34.535474691607305 ], [ 117.981729452626581, -34.535549542979297 ], [ 117.98301854445377, -34.535800074910689 ], [ 117.983432811627608, -34.536018685662121 ], [ 117.983926918052745, -34.536410136679251 ], [ 117.984236245611513, -34.536785207436097 ], [ 117.984337294481648, -34.537135717898714 ], [ 117.984297173974383, -34.537663058348002 ], [ 117.984086854713965, -34.538071578469825 ], [ 117.983753096395333, -34.53837595833965 ], [ 117.983350598677561, -34.538572508022561 ], [ 117.982780572187096, -34.538655977388181 ] ] ] ] } },
{ "type": "Feature", "properties": { "fid": 2078, "CODE": "P_ns", "JNCODE": "si5011; P_ns", "fme_featur": "geology_surface_si5011" }, "geometry": { "type": "MultiPolygon", "coordinates": [ [ [ [ 118.067582895245735, -34.560321433427333 ], [ 118.065893091536921, -34.560300311974345 ], [ 118.064992379497752, -34.560232581216333 ], [ 118.064340847918956, -34.560098350691433 ], [ 118.063930386983998, -34.559854100499713 ], [ 118.063677416745506, -34.559426440706659 ], [ 118.063574696936243, -34.558867471174018 ], [ 118.063820668091367, -34.558091302169252 ], [ 118.064250489726717, -34.557279853374212 ], [ 118.064701401081194, -34.556920344150875 ], [ 118.065251142490567, -34.556796864782427 ], [ 118.065968234222709, -34.556768875471718 ], [ 118.066975946578651, -34.556817746348443 ], [ 118.067555977837216, -34.556945586746444 ], [ 118.068126108900358, -34.557240536953799 ], [ 118.069094680489997, -34.557913387106652 ], [ 118.069578391159084, -34.558344167071233 ], [ 118.069827101323497, -34.558725856874148 ], [ 118.069860581036309, -34.559065036530853 ], [ 118.069705970392889, -34.559340426091914 ], [ 118.069119678517467, -34.559876454993343 ], [ 118.068643877458257, -34.560159234400359 ], [ 118.068232736625873, -34.560265224007885 ], [ 118.067582895245735, -34.560321433427333 ] ] ] ] } },
{ "type": "Feature", "properties": { "fid": 2096, "CODE": "P_ns", "JNCODE": "si5011; P_ns", "fme_featur": "geology_surface_si5011" }, "geometry": { "type": "MultiPolygon", "coordinates": [ [ [ [ 118.316330400870996, -34.589327447256785 ], [ 118.315952200409924, -34.589316307469183 ], [ 118.315587178847579, -34.589080307087833 ], [ 118.315391857473173, -34.588844516605803 ], [ 118.31531433637673, -34.588639286127972 ], [ 118.315326145482175, -34.588456035646061 ], [ 118.315459724394074, -34.58820880490947 ], [ 118.316026522498532, -34.58771358318787 ], [ 118.317043870268904, -34.587072490659445 ], [ 118.317539420120625, -34.586950319915132 ], [ 118.31805519084449, -34.586996829617128 ], [ 118.318478622256933, -34.587194499828186 ], [ 118.318758034268996, -34.58753434057396 ], [ 118.318796465942683, -34.587852901456422 ], [ 118.318624337424126, -34.588175202505674 ], [ 118.318227248679847, -34.588499733711018 ], [ 118.317634609751948, -34.588831125047641 ], [ 118.316330400870996, -34.589327447256785 ] ] ] ] } },
{ "type": "Feature", "properties": { "fid": 2099, "CODE": "P_ng", "JNCODE": "si5011; P_ng", "fme_featur": "geology_surface_si5011" }, "geometry": { "type": "MultiPolygon", "coordinates": [ [ [ [ 117.293262717942852, -34.538447306392477 ], [ 117.295918988394845, -34.53741027619624 ], [ 117.298005978934512, -34.536807916049746 ], [ 117.299185679498393, -34.536766835977417 ], [ 117.300958690442044, -34.536816375872654 ], [ 117.302063901076281, -34.536900755809128 ], [ 117.302681141506767, -34.537036355776763 ], [ 117.303763642507619, -34.537559735729843 ], [ 117.304190133031369, -34.537916245716396 ], [ 117.304353303355299, -34.538195965716277 ], [ 117.304446673702046, -34.53854356572262 ], [ 117.304456044035135, -34.538924625735184 ], [ 117.304378404305226, -34.53928389575222 ], [ 117.30414258451394, -34.539665045779572 ], [ 117.303765224550673, -34.53992971581151 ], [ 117.30315021442884, -34.540150145856146 ], [ 117.301876074014174, -34.540418475942268 ], [ 117.301438833930561, -34.540578455974291 ], [ 117.300555923941914, -34.541110226045973 ], [ 117.297303794203458, -34.543320466319578 ], [ 117.296519384122718, -34.543686386379861 ], [ 117.295849203858324, -34.543772596423487 ], [ 117.294790143194192, -34.543624186482376 ], [ 117.29372196243186, -34.543367456538085 ], [ 117.292666961462999, -34.542864596584167 ], [ 117.291973290697015, -34.542385276609238 ], [ 117.291628230071083, -34.541863926611619 ], [ 117.291467489461496, -34.541253906599728 ], [ 117.29126400749027, -34.539096136535683 ], [ 117.293262717942852, -34.538447306392477 ] ] ] ] } },
{ "type": "Feature", "properties": { "fid": 2123, "CODE": "P_ng", "JNCODE": "si5011; P_ng", "fme_featur": "geology_surface_si5011" }, "geometry": { "type": "MultiPolygon", "coordinates": [ [ [ [ 117.764703195564039, -34.55642505513228 ], [ 117.76412192016835, -34.556379707151123 ], [ 117.763781562910637, -34.55627168820395 ], [ 117.763554084841758, -34.556010138602872 ], [ 117.76352685511803, -34.555896888519882 ], [ 117.76361318458305, -34.55568960789364 ], [ 117.763989781938406, -34.5553980261516 ], [ 117.765089034428641, -34.554750801546582 ], [ 117.765661060871793, -34.554298819105064 ], [ 117.766478216359928, -34.553496025598747 ], [ 117.767161013439008, -34.552558432581435 ], [ 117.767404792330481, -34.552313391639359 ], [ 117.767713660731189, -34.552127080582977 ], [ 117.768347467189187, -34.55191458860579 ], [ 117.76885516490853, -34.551545316919722 ], [ 117.769796512170913, -34.550450173747485 ], [ 117.771117541737539, -34.548522540355222 ], [ 117.772085160111232, -34.54769683838542 ], [ 117.773838475872822, -34.546709345182308 ], [ 117.774434804226587, -34.546456384156826 ], [ 117.775039802247193, -34.546302333154472 ], [ 117.775993008542414, -34.54624502162352 ], [ 117.777163373496691, -34.546323859764186 ], [ 117.777510491654496, -34.546447089216699 ], [ 117.777804409463812, -34.546732468757192 ], [ 117.777923168152398, -34.546969728573323 ], [ 117.777940247065587, -34.547262768555861 ], [ 117.777822706575918, -34.54754576876195 ], [ 117.777598086607597, -34.547809509151115 ], [ 117.77615417878782, -34.548976561740091 ], [ 117.774305643027475, -34.550134685251521 ], [ 117.773331444284992, -34.55110116730512 ], [ 117.772583644262639, -34.552198229074001 ], [ 117.771742932259883, -34.554142741447869 ], [ 117.771469942068251, -34.554637912203688 ], [ 117.771022412599649, -34.555177043359684 ], [ 117.770351354193664, -34.55573317502666 ], [ 117.770000385340566, -34.555932245884286 ], [ 117.769568648278366, -34.556072987476263 ], [ 117.767527493593334, -34.556311654895104 ], [ 117.764703195564039, -34.55642505513228 ] ] ] ] } },
{ "type": "Feature", "properties": { "fid": 2135, "CODE": "P_ns", "JNCODE": "si5011; P_ns", "fme_featur": "geology_surface_si5011" }, "geometry": { "type": "MultiPolygon", "coordinates": [ [ [ [ 117.959696916057112, -34.558408031284209 ], [ 117.959174370734161, -34.558194331496672 ], [ 117.958926062788194, -34.557959551256893 ], [ 117.95872450428098, -34.557628790701941 ], [ 117.958629244560882, -34.557139559591548 ], [ 117.958632123908259, -34.556655798359401 ], [ 117.95869690281495, -34.556295497360111 ], [ 117.958810001412104, -34.556061106620199 ], [ 117.959024599034265, -34.555840425788517 ], [ 117.959357065526518, -34.555640694866128 ], [ 117.960058288367506, -34.555415933429117 ], [ 117.961095617920094, -34.555212541646775 ], [ 117.963309055809489, -34.55495957833763 ], [ 117.96457999346076, -34.555028396934482 ], [ 117.964955840022881, -34.555161346760144 ], [ 117.965199918302886, -34.555408917143026 ], [ 117.965229958647129, -34.555739977836474 ], [ 117.965076980613077, -34.556074098624762 ], [ 117.964709454812109, -34.556445439850641 ], [ 117.964250209813258, -34.556752991129251 ], [ 117.963007112495788, -34.557157673703628 ], [ 117.960473398541922, -34.55831266994133 ], [ 117.959696916057112, -34.558408031284209 ] ] ] ] } },
{ "type": "Feature", "properties": { "fid": 2164, "CODE": "P_ng", "JNCODE": "si5011; P_ng", "fme_featur": "geology_surface_si5011" }, "geometry": { "type": "MultiPolygon", "coordinates": [ [ [ [ 117.723587364322398, -34.558816850835981 ], [ 117.722495495238647, -34.558751293444878 ], [ 117.718553567530648, -34.557538151284753 ], [ 117.717306918711373, -34.557310454143817 ], [ 117.713725902658311, -34.556830532800468 ], [ 117.709986987377988, -34.555578281239271 ], [ 117.706547435514253, -34.554792573546329 ], [ 117.705354588278283, -34.554414677787243 ], [ 117.704767429609333, -34.554105629785951 ], [ 117.704294890642501, -34.5536772912576 ], [ 117.704237120748601, -34.55350650133974 ], [ 117.704266870640694, -34.553263131019094 ], [ 117.704511139995503, -34.55272025959831 ], [ 117.704930388974674, -34.552256637536296 ], [ 117.705959426564959, -34.551490332732619 ], [ 117.707178193792487, -34.550745757096273 ], [ 117.707668732697428, -34.550510554866285 ], [ 117.708214391491268, -34.550351912479286 ], [ 117.709496458678075, -34.550104326974655 ], [ 117.710126017294328, -34.550096834509183 ], [ 117.712206772770671, -34.550556578721583 ], [ 117.716064235413299, -34.551738138822429 ], [ 117.718531021414719, -34.552493732798808 ], [ 117.723392994575264, -34.553687561034423 ], [ 117.724245813876436, -34.554054039371302 ], [ 117.725408882110514, -34.55443285693142 ], [ 117.725880251030645, -34.554667876149921 ], [ 117.727170268437888, -34.555556744618741 ], [ 117.727580967702721, -34.555913004321766 ], [ 117.72776513752197, -34.556156704383113 ], [ 117.727863267744539, -34.556458164806195 ], [ 117.727871478277009, -34.556756865460699 ], [ 117.727658080174848, -34.55735408736205 ], [ 117.727157633088609, -34.557915099899596 ], [ 117.726441216698348, -34.558391502765367 ], [ 117.725920669055711, -34.558588844503454 ], [ 117.725038402702168, -34.558740397037987 ], [ 117.723587364322398, -34.558816850835981 ] ] ] ] } },
{ "type": "Feature", "properties": { "fid": 2167, "CODE": "P_ns", "JNCODE": "si5011; P_ns", "fme_featur": "geology_surface_si5011" }, "geometry": { "type": "MultiPolygon", "coordinates": [ [ [ [ 118.047787182695757, -34.607533869973111 ], [ 118.047635405578788, -34.607993660266921 ], [ 118.0471466484464, -34.608426600415818 ], [ 118.046266041832013, -34.608920700469596 ], [ 118.045895082607586, -34.609022900411873 ], [ 118.045375223005934, -34.609052110243127 ], [ 118.043357042838991, -34.608876439362412 ], [ 118.041413543403493, -34.608826718605869 ], [ 118.039778464027535, -34.608871167917279 ], [ 118.038817163619484, -34.608978067151824 ], [ 118.037285755217297, -34.609517626291129 ], [ 118.035291328994987, -34.610454205511793 ], [ 118.034683511320779, -34.610915845488279 ], [ 118.034340425560472, -34.611639145970706 ], [ 118.033874738908111, -34.612227106238691 ], [ 118.033201012052828, -34.61279632635911 ], [ 118.03232028498482, -34.613340186338647 ], [ 118.03154580655135, -34.613651796159893 ], [ 118.028198651493611, -34.614651345169285 ], [ 118.018514267818489, -34.616907575637832 ], [ 118.01519667992244, -34.617060845745776 ], [ 118.013649379763237, -34.616996305388767 ], [ 118.01208574857435, -34.616818924575256 ], [ 118.009355284069983, -34.616296831883552 ], [ 118.008201900454367, -34.615938610001251 ], [ 118.007126515178072, -34.615399687601219 ], [ 118.005522669639191, -34.614850815207703 ], [ 118.004905418374534, -34.614733784669561 ], [ 118.004498989303485, -34.614846634951789 ], [ 118.004194963016218, -34.615255926209628 ], [ 118.004011159413309, -34.615950198392532 ], [ 118.00383250377142, -34.617500673278315 ], [ 118.003763125819219, -34.617722903943658 ], [ 118.003578827821983, -34.617943274520478 ], [ 118.002894210582426, -34.618257905017842 ], [ 118.002201260971162, -34.618317494691333 ], [ 118.001248728868134, -34.618116493423841 ], [ 118.001006487253719, -34.617949812787828 ], [ 118.000855104551974, -34.617664381894301 ], [ 118.000537155488232, -34.61563184615526 ], [ 118.00069665615662, -34.614627783453464 ], [ 118.000663774454722, -34.613375750014285 ], [ 118.000744201750166, -34.61308340921142 ], [ 118.000887049863849, -34.61287651863514 ], [ 118.001282257763208, -34.612637837941008 ], [ 118.001818237174959, -34.612556177660132 ], [ 118.005147819238715, -34.612662477710423 ], [ 118.006296498875884, -34.612583287340023 ], [ 118.008595365637944, -34.612151555459903 ], [ 118.009121984072365, -34.611962804633642 ], [ 118.009667061562965, -34.611670543357377 ], [ 118.01050056643885, -34.611072881400858 ], [ 118.011377380076297, -34.610316139491687 ], [ 118.013003387572113, -34.608780136096676 ], [ 118.013292344161187, -34.60836373508225 ], [ 118.01322662091215, -34.608000193697073 ], [ 118.01301105772886, -34.6076615421307 ], [ 118.011613738125931, -34.60674547621791 ], [ 118.011238524370029, -34.606375614074494 ], [ 118.011134251650546, -34.606088432753651 ], [ 118.011106338189691, -34.605709951224704 ], [ 118.011252023467108, -34.605167459431158 ], [ 118.011516851512383, -34.604916679451343 ], [ 118.012005830227437, -34.604713990914497 ], [ 118.014086320306703, -34.604418225931099 ], [ 118.014652479825642, -34.604280757360556 ], [ 118.014629925012159, -34.604844156418231 ], [ 118.014724808128179, -34.60518132703848 ], [ 118.01496069029082, -34.605398288248644 ], [ 118.015280431415647, -34.605482509197863 ], [ 118.015800761985702, -34.605471980269833 ], [ 118.016300731572684, -34.605346930959357 ], [ 118.01774094730682, -34.604630483495619 ], [ 118.021371531206327, -34.604502001456893 ], [ 118.02244404156194, -34.604366053848715 ], [ 118.023048199466558, -34.60401003533584 ], [ 118.024299131686803, -34.60282941842619 ], [ 118.025074688566519, -34.602289100046384 ], [ 118.025904747312268, -34.601980070999332 ], [ 118.026718198314114, -34.601954721845168 ], [ 118.028825226139261, -34.60254107385078 ], [ 118.029243088296596, -34.602733034230212 ], [ 118.029529860896716, -34.603004494452811 ], [ 118.029671344590511, -34.603439194480821 ], [ 118.029655448795751, -34.603966684319467 ], [ 118.029535751508618, -34.604327054094696 ], [ 118.028971538042185, -34.605290843706086 ], [ 118.028874911367112, -34.605798124255443 ], [ 118.028882804386043, -34.606238694828207 ], [ 118.029031548431519, -34.606803305697632 ], [ 118.029319921809972, -34.607246886540388 ], [ 118.029734774700074, -34.607599547378292 ], [ 118.030209766568746, -34.607793558065254 ], [ 118.031556638326364, -34.607819049357943 ], [ 118.032940758533925, -34.607597130408394 ], [ 118.036726437161832, -34.60661517306049 ], [ 118.037897786468136, -34.606239743881176 ], [ 118.039036115270335, -34.605769664625669 ], [ 118.040506324705376, -34.605487255587683 ], [ 118.04227799217378, -34.605240796079556 ], [ 118.043493101141976, -34.605196176517694 ], [ 118.044833820942401, -34.605305877125566 ], [ 118.045600861418066, -34.605465857548026 ], [ 118.046957233675641, -34.605976968466557 ], [ 118.047979443713444, -34.606082308940586 ], [ 118.047787182695757, -34.607533869973111 ] ] ] ] } },
{ "type": "Feature", "properties": { "fid": 2179, "CODE": "P_ns", "JNCODE": "si5011; P_ns", "fme_featur": "geology_surface_si5011" }, "geometry": { "type": "MultiPolygon", "coordinates": [ [ [ [ 118.012427463477138, -34.56412413388113 ], [ 118.012045983024706, -34.56404143373824 ], [ 118.010823090483171, -34.563487303268175 ], [ 118.010388769057329, -34.563155473098057 ], [ 118.010075977647986, -34.562817222972718 ], [ 118.00994016671369, -34.562488672824209 ], [ 118.009947505283051, -34.562112802815534 ], [ 118.010065374040067, -34.561850152920186 ], [ 118.010315453255643, -34.561600012989096 ], [ 118.010800962860785, -34.561414603136278 ], [ 118.011501593011204, -34.561339573358033 ], [ 118.012575963673171, -34.561342023705159 ], [ 118.01357012457099, -34.561426484034179 ], [ 118.014012775290183, -34.561558014190865 ], [ 118.014394286259773, -34.561775694338046 ], [ 118.014860037852813, -34.562167234534641 ], [ 118.015079628957281, -34.562459464641101 ], [ 118.015165650047294, -34.562770294705942 ], [ 118.015116791255451, -34.563136794731214 ], [ 118.01493113215588, -34.563429764699897 ], [ 118.014600292854567, -34.563679814611334 ], [ 118.014158963281176, -34.563860764474335 ], [ 118.013430803479324, -34.564007024229539 ], [ 118.012427463477138, -34.56412413388113 ] ] ] ] } },
{ "type": "Feature", "properties": { "fid": 2186, "CODE": "P_ng", "JNCODE": "si5011; P_ng", "fme_featur": "geology_surface_si5011" }, "geometry": { "type": "MultiPolygon", "coordinates": [ [ [ [ 117.811485546611394, -34.577221989038087 ], [ 117.810447324033504, -34.577510222625925 ], [ 117.808649270905988, -34.578351670922387 ], [ 117.808227536445514, -34.577871898578294 ], [ 117.807591902736192, -34.577385296569936 ], [ 117.8068363305605, -34.576980815310591 ], [ 117.806019419904416, -34.576676004806274 ], [ 117.803617072375303, -34.576119565539834 ], [ 117.799419826177626, -34.575509122303913 ], [ 117.798308243309108, -34.574884027185526 ], [ 117.797642578461364, -34.574374771442805 ], [ 117.797281190057802, -34.573900893477898 ], [ 117.797119159238136, -34.573421124084589 ], [ 117.797088256858984, -34.572933343787099 ], [ 117.797151523557659, -34.572466232905192 ], [ 117.797462975992204, -34.571700000227423 ], [ 117.797896328873151, -34.571220677200643 ], [ 117.798240434264699, -34.571020655009292 ], [ 117.79857782027851, -34.570920362956571 ], [ 117.799130594549936, -34.570911649702666 ], [ 117.799968706857058, -34.571119584813097 ], [ 117.801251894848846, -34.571640832116877 ], [ 117.803676501410948, -34.572826937673007 ], [ 117.805896806174061, -34.573638193806282 ], [ 117.807222832434022, -34.574054821574627 ], [ 117.81009133287624, -34.574686066779734 ], [ 117.81065516100908, -34.574878625931632 ], [ 117.811316071390365, -34.575206466269613 ], [ 117.811485546611394, -34.577221989038087 ] ] ] ] } },
{ "type": "Feature", "properties": { "fid": 2188, "CODE": "P_ns", "JNCODE": "si5011; P_ns", "fme_featur": "geology_surface_si5011" }, "geometry": { "type": "MultiPolygon", "coordinates": [ [ [ [ 117.980625229681181, -34.594520788898365 ], [ 117.979521513371267, -34.593987880915542 ], [ 117.978049177736537, -34.593519441979211 ], [ 117.977621101858333, -34.593326212198605 ], [ 117.977409003445985, -34.593111482219051 ], [ 117.977329593433751, -34.592880522124275 ], [ 117.977337142292669, -34.59262761195621 ], [ 117.977456319650329, -34.592349301714634 ], [ 117.977770784595435, -34.592096521411648 ], [ 117.978334546677999, -34.59193790108138 ], [ 117.979641368777166, -34.591734820489251 ], [ 117.980826621694163, -34.591687118162078 ], [ 117.981468690475495, -34.591747596452471 ], [ 117.982037059919818, -34.591885084947407 ], [ 117.98269081002104, -34.592161303230171 ], [ 117.98337862073933, -34.592548271438609 ], [ 117.980625229681181, -34.594520788898365 ] ] ] ] } },
{ "type": "Feature", "properties": { "fid": 2190, "CODE": "P_ng", "JNCODE": "si5011; P_ng", "fme_featur": "geology_surface_si5011" }, "geometry": { "type": "MultiPolygon", "coordinates": [ [ [ [ 117.703737289587494, -34.631823882561669 ], [ 117.702833233303437, -34.631784367026597 ], [ 117.701987667029442, -34.631826031157658 ], [ 117.700934312098838, -34.632019106212667 ], [ 117.699113721453045, -34.632571704773973 ], [ 117.697974107033659, -34.632843690156236 ], [ 117.695647707700388, -34.633177331260981 ], [ 117.694488053023804, -34.633248107849489 ], [ 117.694148394403072, -34.633164720214346 ], [ 117.693826135443388, -34.632988752531276 ], [ 117.69363480586712, -34.632814573958946 ], [ 117.693456695790715, -34.632482785415476 ], [ 117.693353364521428, -34.631848366594056 ], [ 117.693415941077404, -34.630709757036357 ], [ 117.698582922313022, -34.628695440057989 ], [ 117.699570406946592, -34.628365465337055 ], [ 117.700033564617314, -34.628277253073023 ], [ 117.701273018739073, -34.628163736927334 ], [ 117.70214934430966, -34.627999752626863 ], [ 117.702531842106907, -34.627844790795599 ], [ 117.70307637839116, -34.627446738283105 ], [ 117.70360686442541, -34.626959545878236 ], [ 117.703852052237963, -34.626628334819372 ], [ 117.703906991096218, -34.626353944689804 ], [ 117.703776399138221, -34.625565525781774 ], [ 117.70379577774149, -34.625162335902665 ], [ 117.703942766207788, -34.624900495294007 ], [ 117.704279643999172, -34.624705083675941 ], [ 117.70506148970162, -34.624510379774506 ], [ 117.706300003312847, -34.624336373512939 ], [ 117.70943932769822, -34.624089267511977 ], [ 117.710206604413258, -34.624177973548036 ], [ 117.711996988133293, -34.624740504243555 ], [ 117.712582925577578, -34.62478481125143 ], [ 117.713149852681383, -34.62471480839185 ], [ 117.714429695156426, -34.624303852001638 ], [ 117.714760232863242, -34.624109350372272 ], [ 117.715049390401944, -34.623823118975913 ], [ 117.715157409088604, -34.623615218480424 ], [ 117.715170707865127, -34.623315938492283 ], [ 117.714973567019996, -34.622857049623796 ], [ 117.714745826874619, -34.622539290877114 ], [ 117.715341132482351, -34.622138457931136 ], [ 117.717141603456, -34.622033398712119 ], [ 117.717986178971955, -34.621923724397782 ], [ 117.71996637739818, -34.621419084310823 ], [ 117.721060380435119, -34.621015108740131 ], [ 117.72161533617772, -34.620642355931253 ], [ 117.721857073561267, -34.620301404729254 ], [ 117.721933501837299, -34.61994217434161 ], [ 117.721860001923531, -34.619285254203703 ], [ 117.722054250858278, -34.618823542833574 ], [ 117.7225901283458, -34.618208429572576 ], [ 117.723257955515834, -34.617652015673166 ], [ 117.723600594148209, -34.617444383733748 ], [ 117.72389450298644, -34.617364282147612 ], [ 117.725236487278195, -34.617506425388825 ], [ 117.725724824825022, -34.61745351299507 ], [ 117.726062533207966, -34.61726166123465 ], [ 117.72677561984851, -34.616626367413261 ], [ 117.727307867236235, -34.616244844670412 ], [ 117.727770354883504, -34.616045472388876 ], [ 117.728075523280282, -34.616043640958438 ], [ 117.728606790429708, -34.616287248580427 ], [ 117.729251286961116, -34.616889085782994 ], [ 117.7296008551277, -34.61713342420547 ], [ 117.730363851203137, -34.617437120639806 ], [ 117.731797683929827, -34.617672353769528 ], [ 117.73444585058472, -34.617837380939243 ], [ 117.73497318798951, -34.617970908359403 ], [ 117.735280906540851, -34.618157416828325 ], [ 117.73543138589082, -34.618345646056952 ], [ 117.735448685914221, -34.618543765933488 ], [ 117.734862679012309, -34.618931038763577 ], [ 117.734564700631324, -34.619269160203451 ], [ 117.734332601980896, -34.619779601316282 ], [ 117.734205784733717, -34.620409611984485 ], [ 117.734197788026506, -34.621079752096364 ], [ 117.734298560726444, -34.62173343165982 ], [ 117.734480522809875, -34.622337120813413 ], [ 117.734803024661048, -34.623024729278484 ], [ 117.735081095386661, -34.623436347939624 ], [ 117.735507915667725, -34.623894415870183 ], [ 117.737400815206016, -34.625538116719277 ], [ 117.738134833779839, -34.62591210315523 ], [ 117.739581328587306, -34.62616874606114 ], [ 117.740193037537495, -34.626372623995344 ], [ 117.740596558764452, -34.626664564204347 ], [ 117.740691339601241, -34.626827514347951 ], [ 117.740715870958624, -34.62707282454096 ], [ 117.740544023012276, -34.627430984666063 ], [ 117.740226684204345, -34.627639614481382 ], [ 117.73814571513077, -34.628167093516531 ], [ 117.736907730844706, -34.62822399958889 ], [ 117.733026207240144, -34.628095278584347 ], [ 117.730800306490607, -34.627984219484809 ], [ 117.729806780341733, -34.627872984352109 ], [ 117.729204312031868, -34.627664257304446 ], [ 117.728005613904159, -34.626912683198313 ], [ 117.727295175599465, -34.626587656704572 ], [ 117.726580728102931, -34.626434070232406 ], [ 117.725902601186249, -34.626445323576135 ], [ 117.725106555537323, -34.62662505748888 ], [ 117.724493889468008, -34.626889140546886 ], [ 117.724072462606458, -34.627171842645041 ], [ 117.723026831436599, -34.62812897780212 ], [ 117.722183947883806, -34.628760481948774 ], [ 117.721244464288532, -34.629293806571162 ], [ 117.720435198977611, -34.629564030567984 ], [ 117.719314864621666, -34.629740436123619 ], [ 117.715538581989676, -34.629949254892665 ], [ 117.714203788372572, -34.630091921499961 ], [ 117.713014004532738, -34.630348477343141 ], [ 117.711360843520183, -34.630835735397532 ], [ 117.708679796119554, -34.631125888558017 ], [ 117.707552271589677, -34.63130834404113 ], [ 117.706457867457701, -34.631656649271576 ], [ 117.70590966082122, -34.631962051819983 ], [ 117.705743762048755, -34.632118112558224 ], [ 117.703737289587494, -34.631823882561669 ] ] ] ] } },
{ "type": "Feature", "properties": { "fid": 2197, "CODE": "P_ng", "JNCODE": "si5011; P_ng", "fme_featur": "geology_surface_si5011" }, "geometry": { "type": "MultiPolygon", "coordinates": [ [ [ [ 117.734833841775156, -34.566094258890637 ], [ 117.73495399197752, -34.566866239065583 ], [ 117.734986772901536, -34.568198779697667 ], [ 117.734871044101553, -34.569318880456883 ], [ 117.73467393514423, -34.569956721072899 ], [ 117.734295226628333, -34.570545891901581 ], [ 117.733742028508601, -34.571090402909391 ], [ 117.733028760717502, -34.571578894053253 ], [ 117.732496432239728, -34.571789424820423 ], [ 117.731878233927077, -34.571919185659063 ], [ 117.729130271181063, -34.572228969212588 ], [ 117.728752422171979, -34.572347709682781 ], [ 117.728432043014237, -34.572590300059566 ], [ 117.728289443392057, -34.57285553020359 ], [ 117.728288093414392, -34.573215510161823 ], [ 117.729229270877369, -34.575488098835763 ], [ 117.729500518892777, -34.576738528076291 ], [ 117.72954361778514, -34.577659077672408 ], [ 117.729435677886357, -34.57791617773097 ], [ 117.729195248461934, -34.578196567987106 ], [ 117.728412570937209, -34.578736099039475 ], [ 117.727719853503984, -34.578932310106538 ], [ 117.727080335988902, -34.578864601130029 ], [ 117.726359448693245, -34.578531062242305 ], [ 117.725079062718649, -34.577523843918044 ], [ 117.723995564832691, -34.576429627729944 ], [ 117.72362978543066, -34.575951829007167 ], [ 117.723379035731739, -34.575495799820622 ], [ 117.723231025784358, -34.575075280233747 ], [ 117.723197775816644, -34.574763710384339 ], [ 117.72363643481323, -34.573684379000859 ], [ 117.72379041453739, -34.572977608639818 ], [ 117.723663425074022, -34.571212409640971 ], [ 117.723766404900957, -34.570868749383429 ], [ 117.723976954516033, -34.570506878765734 ], [ 117.724293033944591, -34.570101327816687 ], [ 117.724652653300595, -34.569767406716984 ], [ 117.725411791564895, -34.569296615085243 ], [ 117.727122376652559, -34.568511422619579 ], [ 117.727621665166055, -34.568190641868497 ], [ 117.728627882027453, -34.567110520300282 ], [ 117.728768691556311, -34.566831350073826 ], [ 117.728773211514536, -34.566569200085198 ], [ 117.728631481944419, -34.566307920364267 ], [ 117.728451922511596, -34.566136130711314 ], [ 117.728044173828636, -34.565910291497701 ], [ 117.727678875024012, -34.565803062200033 ], [ 117.726801817910172, -34.565714833872583 ], [ 117.724952593859854, -34.565814317387428 ], [ 117.724379554732693, -34.565745439134986 ], [ 117.724068645222061, -34.565598650117117 ], [ 117.72380510564318, -34.56537401097404 ], [ 117.723697535829061, -34.565148701361039 ], [ 117.72369944585374, -34.564948651416167 ], [ 117.723862845707743, -34.564433351103872 ], [ 117.724149385429484, -34.563906350465274 ], [ 117.724424115145951, -34.563629809794975 ], [ 117.724780754753482, -34.563464728867665 ], [ 117.726377749694279, -34.563165135445011 ], [ 117.727453165867061, -34.563037063177688 ], [ 117.728735291279051, -34.563016310430108 ], [ 117.729913647084118, -34.563115877904451 ], [ 117.731069343070999, -34.563431945480637 ], [ 117.731989070005113, -34.563843043638606 ], [ 117.7337980743701, -34.564898110325693 ], [ 117.73456377230697, -34.565618189163658 ], [ 117.734833841775156, -34.566094258890637 ] ] ] ] } },
{ "type": "Feature", "properties": { "fid": 2210, "CODE": "P_ns", "JNCODE": "si5011; P_ns", "fme_featur": "geology_surface_si5011" }, "geometry": { "type": "MultiPolygon", "coordinates": [ [ [ [ 118.28008451275106, -34.593728122864356 ], [ 118.279345838399337, -34.593509941077983 ], [ 118.279116506603344, -34.593350260333487 ], [ 118.278927554665145, -34.59310996953549 ], [ 118.278858723329364, -34.592873218992366 ], [ 118.278895132530764, -34.592641928677274 ], [ 118.279268792196987, -34.592131118595468 ], [ 118.280787554130598, -34.591311719140386 ], [ 118.281700244817145, -34.590985378996798 ], [ 118.282116225513278, -34.590927269082918 ], [ 118.28256387667642, -34.590960299345184 ], [ 118.282898848039878, -34.591097419747172 ], [ 118.283163749700563, -34.591337740310401 ], [ 118.283291641217161, -34.591615770882996 ], [ 118.283272772349449, -34.591883191366023 ], [ 118.28309463350611, -34.592241171932436 ], [ 118.28282414401518, -34.592502432266762 ], [ 118.282136234256441, -34.592931592665408 ], [ 118.281255804006335, -34.593360832923047 ], [ 118.280603143554458, -34.593622322992672 ], [ 118.28008451275106, -34.593728122864356 ] ] ] ] } },
{ "type": "Feature", "properties": { "fid": 2214, "CODE": "P_ns", "JNCODE": "si5011; P_ns", "fme_featur": "geology_surface_si5011" }, "geometry": { "type": "MultiPolygon", "coordinates": [ [ [ [ 117.992650117903992, -34.580339312916344 ], [ 117.992062978964839, -34.579463732897608 ], [ 117.991833659052745, -34.578938562737598 ], [ 117.991762028268013, -34.578396112477286 ], [ 117.991818807532098, -34.57820907236637 ], [ 117.991957776380062, -34.578052632260601 ], [ 117.992333233970911, -34.577956132153624 ], [ 117.993030640368517, -34.578142392090811 ], [ 117.993850936931224, -34.57861829196974 ], [ 117.994579124448919, -34.579172131716021 ], [ 117.992650117903992, -34.580339312916344 ] ] ] ] } },
{ "type": "Feature", "properties": { "fid": 2221, "CODE": "P_ng", "JNCODE": "si5011; P_ng", "fme_featur": "geology_surface_si5011" }, "geometry": { "type": "MultiPolygon", "coordinates": [ [ [ [ 117.743589411537442, -34.604999429697777 ], [ 117.743069121100973, -34.605066198440234 ], [ 117.742653290777739, -34.605236267242951 ], [ 117.739372395123397, -34.607343042973596 ], [ 117.737609317005365, -34.608380679362767 ], [ 117.735827418495191, -34.609283326206437 ], [ 117.734187748663132, -34.609929902787236 ], [ 117.732459429064932, -34.610372489920245 ], [ 117.731253596202933, -34.610473234940685 ], [ 117.730899908288151, -34.610383906389458 ], [ 117.730545160389212, -34.610143497795839 ], [ 117.730234722249861, -34.609820498979524 ], [ 117.730046443400425, -34.609478349641755 ], [ 117.730008913655666, -34.609097979672022 ], [ 117.730198062529851, -34.608722108796655 ], [ 117.731820422446688, -34.60738492212402 ], [ 117.732101200633934, -34.607053750998688 ], [ 117.73209437063359, -34.606790690992518 ], [ 117.731723982916051, -34.606281132321705 ], [ 117.731594633702898, -34.605911072744725 ], [ 117.731641293365129, -34.605574982515108 ], [ 117.731834092064133, -34.605178331744767 ], [ 117.732504396139717, -34.60438144903955 ], [ 117.733591476957457, -34.603623804823656 ], [ 117.734135981901701, -34.603102272676729 ], [ 117.734537397240373, -34.602393260990638 ], [ 117.735003709879535, -34.600905228827415 ], [ 117.735279476784569, -34.600496407718751 ], [ 117.735608693593264, -34.600195746462383 ], [ 117.736331587513334, -34.599876903823834 ], [ 117.739564942574034, -34.599325422355776 ], [ 117.740191188845785, -34.599155271086012 ], [ 117.740603828346693, -34.59897069177692 ], [ 117.741245826743025, -34.598454462765822 ], [ 117.742955609347447, -34.596298354877931 ], [ 117.743424738131708, -34.595957365482235 ], [ 117.744218966643132, -34.595548496539415 ], [ 117.744831686006606, -34.59537757740172 ], [ 117.74661524501569, -34.595123469989773 ], [ 117.747391134167856, -34.594915381030432 ], [ 117.747941353169736, -34.594674431688375 ], [ 117.749778118777172, -34.593658093582341 ], [ 117.750836376763274, -34.593225774703548 ], [ 117.751937625853799, -34.593063536089502 ], [ 117.752469315780303, -34.593069636836134 ], [ 117.75277613605725, -34.59314432734071 ], [ 117.753225417625615, -34.593509208356629 ], [ 117.753785341477794, -34.59437053009944 ], [ 117.754133245757927, -34.595306731663563 ], [ 117.754278379912577, -34.596207312905449 ], [ 117.754277366108582, -34.597550514423283 ], [ 117.754126011553851, -34.598740655503228 ], [ 117.753855776834584, -34.599911896321053 ], [ 117.753484501268431, -34.600919746728458 ], [ 117.752999324347599, -34.601655376578364 ], [ 117.752712645314944, -34.6019062162786 ], [ 117.752257116148414, -34.602152035630347 ], [ 117.751446316606021, -34.602365674228416 ], [ 117.749221526325641, -34.60262091000029 ], [ 117.748423567030386, -34.602913998617787 ], [ 117.748102818165691, -34.6032431582084 ], [ 117.747851261007085, -34.603984528224089 ], [ 117.747636132389161, -34.604365718040654 ], [ 117.747092983950196, -34.604861577219175 ], [ 117.743589411537442, -34.604999429697777 ] ] ] ] } },
{ "type": "Feature", "properties": { "fid": 2229, "CODE": "P_ns", "JNCODE": "si5011; P_ns", "fme_featur": "geology_surface_si5011" }, "geometry": { "type": "MultiPolygon", "coordinates": [ [ [ [ 118.061133276190802, -34.603302474337951 ], [ 118.059795021378349, -34.603651385528849 ], [ 118.058592727344603, -34.604214816432858 ], [ 118.058241808706811, -34.604278746842546 ], [ 118.05787841927976, -34.604158277465316 ], [ 118.057052699469068, -34.603670159026557 ], [ 118.056053750875122, -34.603370340536976 ], [ 118.055723070465106, -34.603107661133706 ], [ 118.055580739406665, -34.602826991498176 ], [ 118.055677897857365, -34.602577001561237 ], [ 118.056026845813179, -34.6023540313371 ], [ 118.056620243526098, -34.602198060820669 ], [ 118.057259951539407, -34.602119460210467 ], [ 118.059171896709827, -34.602109488201215 ], [ 118.060971543078296, -34.602343315955409 ], [ 118.061133276190802, -34.603302474337951 ] ] ] ] } },
{ "type": "Feature", "properties": { "fid": 2248, "CODE": "P_ng", "JNCODE": "si5011; P_ng", "fme_featur": "geology_surface_si5011" }, "geometry": { "type": "MultiPolygon", "coordinates": [ [ [ [ 117.819360060483248, -34.600136531961958 ], [ 117.818391447132498, -34.600115804172709 ], [ 117.817390825755595, -34.59987833625415 ], [ 117.810927068389944, -34.598277427062456 ], [ 117.810591779368835, -34.598128516815954 ], [ 117.810350801025535, -34.597940916716084 ], [ 117.810234243501768, -34.597706286791144 ], [ 117.81025874628024, -34.59746923700267 ], [ 117.810488720625244, -34.597124487456227 ], [ 117.811051247217065, -34.596615598201993 ], [ 117.811643942514237, -34.596204958780525 ], [ 117.812087295346473, -34.595989979103734 ], [ 117.816053008501314, -34.594915746324908 ], [ 117.817734194821341, -34.5945726796974 ], [ 117.819610706870037, -34.594471422379129 ], [ 117.821888753571955, -34.59457253385095 ], [ 117.822227709632458, -34.594682842811572 ], [ 117.822524995762905, -34.594869052129226 ], [ 117.823139447374984, -34.595380761136617 ], [ 117.823420923278491, -34.59569844095676 ], [ 117.823557390508554, -34.596037681379123 ], [ 117.823580628205107, -34.596511082560518 ], [ 117.823499726908125, -34.596960924014816 ], [ 117.823302316348105, -34.597451425909583 ], [ 117.822904826609218, -34.598079618674227 ], [ 117.822212317473927, -34.598962922684215 ], [ 117.821378619515599, -34.599685556368094 ], [ 117.820956591046766, -34.599922797857595 ], [ 117.820639092631552, -34.600018088787181 ], [ 117.819360060483248, -34.600136531961958 ] ] ] ] } },
{ "type": "Feature", "properties": { "fid": 2256, "CODE": "P_ns", "JNCODE": "si5011; P_ns", "fme_featur": "geology_surface_si5011" }, "geometry": { "type": "MultiPolygon", "coordinates": [ [ [ [ 118.108964538915714, -34.617508141757881 ], [ 118.108593180943174, -34.617928170972093 ], [ 118.107940402064486, -34.618258449967279 ], [ 118.106916482678301, -34.618583588573635 ], [ 118.105722782651767, -34.618836937069922 ], [ 118.104462621676149, -34.618947015624897 ], [ 118.103559549966789, -34.618861614727862 ], [ 118.103129068006993, -34.618636324451074 ], [ 118.102567965077981, -34.61828385413375 ], [ 118.101287909671541, -34.617691163219547 ], [ 118.100910058233808, -34.617542922924258 ], [ 118.100494987201714, -34.617467882529319 ], [ 118.09975128661155, -34.617516461728613 ], [ 118.099102096763559, -34.617635201055826 ], [ 118.09730728048639, -34.618476368844647 ], [ 118.096334151091881, -34.618705507830562 ], [ 118.095174430599585, -34.618787516762637 ], [ 118.094722749956503, -34.618749466394249 ], [ 118.094418228399007, -34.618550606259085 ], [ 118.094314435654638, -34.618141836435491 ], [ 118.094454642875149, -34.617693686854011 ], [ 118.094741290168741, -34.61723505741454 ], [ 118.095093058035417, -34.616854187988103 ], [ 118.095630086194845, -34.616489728726485 ], [ 118.096404384749775, -34.616148909676731 ], [ 118.097120353968407, -34.615918030505242 ], [ 118.098851353882381, -34.615637142329227 ], [ 118.100306775198007, -34.615597733779644 ], [ 118.101977747975695, -34.615664625601092 ], [ 118.104742893113226, -34.615865868531166 ], [ 118.106803737400952, -34.616095020634617 ], [ 118.107838630003215, -34.616286221617472 ], [ 118.108421791970855, -34.616478002093004 ], [ 118.108787263907871, -34.616715772282681 ], [ 118.108994856217123, -34.617052372205769 ], [ 118.108964538915714, -34.617508141757881 ] ] ] ] } },
{ "type": "Feature", "properties": { "fid": 2258, "CODE": "P_ns", "JNCODE": "si5011; P_ns", "fme_featur": "geology_surface_si5011" }, "geometry": { "type": "MultiPolygon", "coordinates": [ [ [ [ 117.547529180536372, -34.601446618100837 ], [ 117.547344611798366, -34.60109411692045 ], [ 117.547339521797738, -34.600731615631155 ], [ 117.547555450255032, -34.60032747413284 ], [ 117.547864528084745, -34.600032953017688 ], [ 117.548164325996993, -34.599883062427018 ], [ 117.549740815087929, -34.599562011026812 ], [ 117.550697098455572, -34.59978529155876 ], [ 117.551335973979562, -34.600135292506472 ], [ 117.551487802889909, -34.600354923143001 ], [ 117.551539972483724, -34.600619683940202 ], [ 117.551488722795199, -34.600908494842919 ], [ 117.551332843844278, -34.601183165744942 ], [ 117.55100135612939, -34.601486866819251 ], [ 117.550555809245168, -34.60164957751963 ], [ 117.547955007570195, -34.601877849432704 ], [ 117.547529180536372, -34.601446618100837 ] ] ] ] } },
{ "type": "Feature", "properties": { "fid": 2262, "CODE": "P_ns", "JNCODE": "si5011; P_ns", "fme_featur": "geology_surface_si5011" }, "geometry": { "type": "MultiPolygon", "coordinates": [ [ [ [ 117.513039369863421, -34.597110597856201 ], [ 117.512470719765105, -34.597088707959337 ], [ 117.512037329758968, -34.59696426782407 ], [ 117.511709959805131, -34.596789167560701 ], [ 117.511374859910902, -34.59651594710423 ], [ 117.511132510047474, -34.596221616581857 ], [ 117.511004040315512, -34.595754095685919 ], [ 117.511131550795241, -34.595035544225929 ], [ 117.511444851215472, -34.594478213039537 ], [ 117.511962501539998, -34.594147392251713 ], [ 117.512703671821896, -34.593965361703269 ], [ 117.513453231927073, -34.594061661705055 ], [ 117.513996371864721, -34.594341902123112 ], [ 117.514322421672333, -34.594744132837477 ], [ 117.514423591286189, -34.595364104039795 ], [ 117.514348730814461, -34.596057415432256 ], [ 117.514063820471236, -34.596491506365346 ], [ 117.513399880010198, -34.596994197532439 ], [ 117.513039369863421, -34.597110597856201 ] ] ] ] } },
{ "type": "Feature", "properties": { "fid": 2266, "CODE": "P_ns", "JNCODE": "si5011; P_ns", "fme_featur": "geology_surface_si5011" }, "geometry": { "type": "MultiPolygon", "coordinates": [ [ [ [ 117.931963722040535, -34.62047337896454 ], [ 117.930847527279596, -34.620358460829578 ], [ 117.930239568888894, -34.62017251141264 ], [ 117.929201119539769, -34.619520410932637 ], [ 117.928328869712274, -34.618822279647688 ], [ 117.927881568707207, -34.618286558142096 ], [ 117.927732576967458, -34.617899486709852 ], [ 117.927710322079932, -34.617168213540097 ], [ 117.927771379552468, -34.616859412090349 ], [ 117.927898187048811, -34.616619270846073 ], [ 117.928330162389969, -34.616368529112378 ], [ 117.929444573565661, -34.61619388673877 ], [ 117.930695834849161, -34.616169054817718 ], [ 117.93196314713704, -34.616283773404824 ], [ 117.932385785345744, -34.616414523263813 ], [ 117.932804004531818, -34.616654833508505 ], [ 117.934613895011609, -34.618069415465797 ], [ 117.934757726150409, -34.618297985973093 ], [ 117.934729298513005, -34.61854316683759 ], [ 117.934482213038265, -34.618883528428704 ], [ 117.933959870641885, -34.619395831164212 ], [ 117.933353938558682, -34.619906914145751 ], [ 117.932847554652554, -34.620239866347212 ], [ 117.932271730088175, -34.62045449827221 ], [ 117.931963722040535, -34.62047337896454 ] ] ] ] } },
{ "type": "Feature", "properties": { "fid": 2273, "CODE": "P_ns", "JNCODE": "si5011; P_ns", "fme_featur": "geology_surface_si5011" }, "geometry": { "type": "MultiPolygon", "coordinates": [ [ [ [ 117.550688981302201, -34.653281431564331 ], [ 117.54985317132666, -34.653252141841563 ], [ 117.549365661049492, -34.653133912094965 ], [ 117.548886240295985, -34.652850072484746 ], [ 117.548139608570708, -34.652212723214831 ], [ 117.547771167425651, -34.651793783633558 ], [ 117.547487106034154, -34.651291684081642 ], [ 117.547430264748314, -34.650838444444432 ], [ 117.547549093520459, -34.650415904764138 ], [ 117.547839452519668, -34.65008400500809 ], [ 117.548303012323146, -34.649804274673713 ], [ 117.548880302272877, -34.649747814523394 ], [ 117.54964201200049, -34.649895984795371 ], [ 117.550983914193282, -34.650852094008592 ], [ 117.552531075676796, -34.651445913137117 ], [ 117.552844966242148, -34.651655272839051 ], [ 117.552982186808919, -34.651855242576779 ], [ 117.552993587841868, -34.652207122155879 ], [ 117.552797878797392, -34.652522591827903 ], [ 117.552406109767261, -34.652834421565281 ], [ 117.551928740503286, -34.653063651436995 ], [ 117.551408740975745, -34.653201751435361 ], [ 117.550688981302201, -34.653281431564331 ] ] ] ] } },
{ "type": "Feature", "properties": { "fid": 2275, "CODE": "P_ns", "JNCODE": "si5011; P_ns", "fme_featur": "geology_surface_si5011" }, "geometry": { "type": "MultiPolygon", "coordinates": [ [ [ [ 117.586265884757438, -34.609771335564112 ], [ 117.586746424491707, -34.610211887120734 ], [ 117.588039085416995, -34.610432881221278 ], [ 117.588842155797963, -34.610700573739472 ], [ 117.58921545540781, -34.611191764859448 ], [ 117.59005910462119, -34.61232952707455 ], [ 117.590463615071371, -34.612734036352705 ], [ 117.591081326421744, -34.612893965344753 ], [ 117.59136205699987, -34.612976354896325 ], [ 117.591905338601535, -34.612881094019457 ], [ 117.593922068209153, -34.611196980103649 ], [ 117.594195959653376, -34.610968259496723 ], [ 117.59467774229185, -34.610559788382453 ], [ 117.595564157419574, -34.609808276184772 ], [ 117.596396971624969, -34.609391864164465 ], [ 117.59735960482827, -34.609452002188043 ], [ 117.598180087341134, -34.609555410569321 ], [ 117.598654428773202, -34.609615199644644 ], [ 117.598187758288731, -34.612005123028993 ], [ 117.597981565684336, -34.612557443928445 ], [ 117.597737783806323, -34.612897344653426 ], [ 117.597059739611367, -34.613608886346455 ], [ 117.596326875746811, -34.614259347932574 ], [ 117.591054286244159, -34.618484365320036 ], [ 117.590320864304005, -34.619175355829299 ], [ 117.589825302801685, -34.619798205466019 ], [ 117.589693502814654, -34.62010083505595 ], [ 117.589632714495608, -34.62051394475489 ], [ 117.589694296055342, -34.620862014785693 ], [ 117.589825887271303, -34.621112595018595 ], [ 117.590393819956276, -34.621622855090571 ], [ 117.591279442761618, -34.62209121453683 ], [ 117.591993364986436, -34.622446704141339 ], [ 117.592621126488766, -34.622647683847426 ], [ 117.593765758576652, -34.622857043378147 ], [ 117.594790660013928, -34.622943022992168 ], [ 117.598529991570189, -34.622494181509403 ], [ 117.601785103216599, -34.622208650064415 ], [ 117.603612524630918, -34.62215153925667 ], [ 117.604354915543297, -34.622189608966025 ], [ 117.605458988611545, -34.622399008215481 ], [ 117.605991992233683, -34.622779717772957 ], [ 117.606281877392661, -34.623564308010643 ], [ 117.606323247864211, -34.62362919800848 ], [ 117.606392309434199, -34.623879048121395 ], [ 117.606347510669707, -34.624123458379003 ], [ 117.605845082582718, -34.624702899482799 ], [ 117.604008775687859, -34.625861761530068 ], [ 117.603344946747754, -34.626212031840829 ], [ 117.602694196928653, -34.626406032028058 ], [ 117.600012566172026, -34.626966522513271 ], [ 117.599302156307573, -34.627190592626931 ], [ 117.59626719916092, -34.628695322883438 ], [ 117.59540407059184, -34.629289652832469 ], [ 117.594097144484408, -34.630607952571395 ], [ 117.593272819184051, -34.631976462192597 ], [ 117.591761892143452, -34.633320731364549 ], [ 117.590334222624648, -34.634129750472283 ], [ 117.588954136844634, -34.634795999213523 ], [ 117.588073740354616, -34.635581219225635 ], [ 117.587359902707377, -34.636318849664065 ], [ 117.587145754423872, -34.637365810897556 ], [ 117.587169546054611, -34.638674522633231 ], [ 117.587264727032832, -34.639531123802726 ], [ 117.587843856967879, -34.639980564633071 ], [ 117.58786472703278, -34.640043214721068 ], [ 117.587881358999141, -34.641451986509622 ], [ 117.58798509963745, -34.641959887180754 ], [ 117.588143370022522, -34.642304807654547 ], [ 117.587212750882259, -34.642481997651387 ], [ 117.586268031806071, -34.64276536781491 ], [ 117.584676193340982, -34.643497528556502 ], [ 117.583761524197186, -34.644189089479454 ], [ 117.583429924529753, -34.644580710059081 ], [ 117.583252304765736, -34.644934810607104 ], [ 117.583213764927393, -34.645224721067244 ], [ 117.583285945046654, -34.645460381445581 ], [ 117.583512255189646, -34.645736891887744 ], [ 117.583955965413665, -34.646093392442175 ], [ 117.58439083555875, -34.646267472698497 ], [ 117.585995776001155, -34.646589013102798 ], [ 117.586351496212274, -34.646737643288681 ], [ 117.586514656399061, -34.646878123469897 ], [ 117.586691046962599, -34.647326934062804 ], [ 117.58668896753079, -34.647806794710547 ], [ 117.586512618056929, -34.648317695430642 ], [ 117.586260088268702, -34.648611995880678 ], [ 117.585889708319272, -34.648841426275474 ], [ 117.585140358105221, -34.649060786753921 ], [ 117.581787926247117, -34.649495188251748 ], [ 117.580413665328038, -34.649746029056132 ], [ 117.579936064972188, -34.649906439481079 ], [ 117.578773406885986, -34.650629168740927 ], [ 117.577461810241573, -34.651675537506868 ], [ 117.57716674186301, -34.652125376943658 ], [ 117.577179414257756, -34.652690836010272 ], [ 117.576604307368953, -34.653580895076921 ], [ 117.576439620448852, -34.654368744037697 ], [ 117.576463881856725, -34.654701533508806 ], [ 117.576569043229298, -34.655001102934328 ], [ 117.57715077689717, -34.655699731124628 ], [ 117.576084878292065, -34.656380971493952 ], [ 117.575078688798655, -34.656854202287747 ], [ 117.574121228755089, -34.657134281451448 ], [ 117.573311058018717, -34.657194900841631 ], [ 117.57184253304554, -34.656351701022309 ], [ 117.569667676501325, -34.655247841217765 ], [ 117.56870294333639, -34.654658141494771 ], [ 117.567325308235667, -34.653614762248154 ], [ 117.565335140222018, -34.651821303928813 ], [ 117.564949308944108, -34.651539924175587 ], [ 117.56426505765306, -34.651324684180359 ], [ 117.562987786329515, -34.651243103694611 ], [ 117.562566986150458, -34.651295403406941 ], [ 117.5628404342241, -34.650628184621041 ], [ 117.562916572216821, -34.649980965684392 ], [ 117.563350913558963, -34.649042343996932 ], [ 117.563226094469286, -34.648119702096707 ], [ 117.562883205010763, -34.647392050501452 ], [ 117.563754146055757, -34.647011400089376 ], [ 117.564820147011872, -34.646840080168175 ], [ 117.566971178890086, -34.646535500394975 ], [ 117.569430540561171, -34.646632881563605 ], [ 117.570525271333253, -34.64664991203054 ], [ 117.5709445715149, -34.646766872443422 ], [ 117.571576341627178, -34.647100983404236 ], [ 117.572569271440841, -34.647986135698424 ], [ 117.573630441513544, -34.64867766763043 ], [ 117.574080211670108, -34.648849508193429 ], [ 117.575213632606179, -34.648705578236331 ], [ 117.576431923749226, -34.648020296566706 ], [ 117.577802494738748, -34.647087544509588 ], [ 117.578523285050196, -34.64664397359126 ], [ 117.579344925321365, -34.645815411995528 ], [ 117.579365095326409, -34.645786361941269 ], [ 117.579864375551793, -34.643300387384301 ], [ 117.580316475346834, -34.641682354550802 ], [ 117.580578215093041, -34.640492622506649 ], [ 117.580578215047638, -34.639302890384641 ], [ 117.580007145813227, -34.638493868642492 ], [ 117.579935755981396, -34.637661057081708 ], [ 117.579911966078242, -34.636971005804405 ], [ 117.580307655417343, -34.63665595548656 ], [ 117.580637174827643, -34.636321135106506 ], [ 117.581690192728743, -34.635507164433349 ], [ 117.582068421859361, -34.635098484026194 ], [ 117.583203922855432, -34.632091923480239 ], [ 117.583874926973181, -34.631206763927636 ], [ 117.5849742322401, -34.630564305143132 ], [ 117.586027378447923, -34.630034646475117 ], [ 117.588330693209556, -34.629349359766977 ], [ 117.589625120196501, -34.628873471816149 ], [ 117.589626280198132, -34.628874031817752 ], [ 117.590236888568967, -34.628459342574104 ], [ 117.590462686005992, -34.627769402834581 ], [ 117.590443642920235, -34.627046043097408 ], [ 117.590081959771666, -34.626417873363771 ], [ 117.588463923064367, -34.624933080883167 ], [ 117.58533551981013, -34.622565574261138 ], [ 117.584924127580337, -34.622210613247567 ], [ 117.584280603943071, -34.621652681590454 ], [ 117.583964242094467, -34.621378400743922 ], [ 117.583845265303736, -34.620188660040469 ], [ 117.583934496372734, -34.618820469959573 ], [ 117.5842319283514, -34.617928180581615 ], [ 117.584450258930161, -34.617761851144515 ], [ 117.584772299778024, -34.617516501982664 ], [ 117.587207392828816, -34.617575678646524 ], [ 117.587648663458396, -34.617540029853089 ], [ 117.588098565186627, -34.616827691116171 ], [ 117.588158046026379, -34.616351791305036 ], [ 117.587771387137749, -34.615370270245265 ], [ 117.587295497639261, -34.614715908879205 ], [ 117.586908837874518, -34.614299507744541 ], [ 117.584380657300741, -34.612961050092693 ], [ 117.58316117784068, -34.611920036154835 ], [ 117.583071959420849, -34.610997995641632 ], [ 117.583326650724246, -34.610420686298674 ], [ 117.583518101695958, -34.609986726804372 ], [ 117.584350923510655, -34.60942159936107 ], [ 117.584707833956827, -34.609362120503476 ], [ 117.585719114974736, -34.609332373767892 ], [ 117.58588084490836, -34.609462214302219 ], [ 117.586265884757438, -34.609771335564112 ] ] ] ] } },
{ "type": "Feature", "properties": { "fid": 2307, "CODE": "P_ng", "JNCODE": "si5011; P_ng", "fme_featur": "geology_surface_si5011" }, "geometry": { "type": "MultiPolygon", "coordinates": [ [ [ [ 118.007529415604949, -34.642660069117305 ], [ 118.00833414340255, -34.643290781461928 ], [ 118.008642009288536, -34.643719963762933 ], [ 118.00876876467585, -34.644091276123945 ], [ 118.008776391830509, -34.644564799503925 ], [ 118.008642548155279, -34.644969052685482 ], [ 118.008381442677106, -34.64524302517448 ], [ 118.00793539647465, -34.645453447551752 ], [ 118.00614500409975, -34.645804173415023 ], [ 118.005484778377465, -34.646041036194347 ], [ 118.00427313941438, -34.646716422585577 ], [ 118.002117280573842, -34.648102634067932 ], [ 117.999010489279584, -34.647029773062798 ], [ 117.997076299311502, -34.646057571846875 ], [ 117.993740968163962, -34.645468952390964 ], [ 117.992506047400724, -34.645156560190536 ], [ 117.9921041063172, -34.644990599191416 ], [ 117.991735744094669, -34.644742287859046 ], [ 117.991570151478811, -34.644502876712103 ], [ 117.991568318545106, -34.644268845714791 ], [ 117.991834713851574, -34.643941254542369 ], [ 117.9925045671378, -34.643516083318779 ], [ 117.994999178544035, -34.642384460931915 ], [ 117.997247677715606, -34.641900532725181 ], [ 117.998368133344883, -34.64175618889216 ], [ 117.999303891174179, -34.641755396232512 ], [ 117.999858911452606, -34.641875495272494 ], [ 118.001222265192524, -34.642389744236837 ], [ 118.001718675029764, -34.642457283275242 ], [ 118.002446542559028, -34.642390190943146 ], [ 118.004319343333165, -34.642021273632146 ], [ 118.005987387699406, -34.641890668146296 ], [ 118.007529415604949, -34.642660069117305 ] ] ] ] } },
{ "type": "Feature", "properties": { "fid": 2320, "CODE": "P_ns", "JNCODE": "si5011; P_ns", "fme_featur": "geology_surface_si5011" }, "geometry": { "type": "MultiPolygon", "coordinates": [ [ [ [ 117.492776792372027, -34.632955128164362 ], [ 117.49503833192415, -34.633820698824223 ], [ 117.49590734182884, -34.633975978717508 ], [ 117.496559411807866, -34.6339399483278 ], [ 117.49714059181332, -34.633824197810917 ], [ 117.499626371949091, -34.632763394454074 ], [ 117.500201212009188, -34.632630033943755 ], [ 117.501063392293233, -34.63247131337782 ], [ 117.501615432408542, -34.632699743687525 ], [ 117.502053252478945, -34.633042384264627 ], [ 117.502349542462397, -34.633712935553817 ], [ 117.50290985254658, -34.634431996875044 ], [ 117.50346189271994, -34.634622357118616 ], [ 117.504508853084999, -34.634793677193997 ], [ 117.505299283377326, -34.634771776939758 ], [ 117.505856723582795, -34.634754026755573 ], [ 117.506135113685318, -34.634745156663477 ], [ 117.509134524793609, -34.634850776091568 ], [ 117.513455626394105, -34.634850774951673 ], [ 117.513241726038558, -34.635503746512605 ], [ 117.512713234904382, -34.637058920282804 ], [ 117.512389634120439, -34.638143962885209 ], [ 117.512319393589266, -34.63897505483645 ], [ 117.509953872663019, -34.638863655019364 ], [ 117.509013712332603, -34.638763494968238 ], [ 117.507673851938549, -34.638509494652446 ], [ 117.506689821732763, -34.638205354167894 ], [ 117.50544320154971, -34.637721293353806 ], [ 117.503044221366849, -34.636606411459155 ], [ 117.502521451245613, -34.636488351327344 ], [ 117.50213296130228, -34.636198750800588 ], [ 117.501062201138907, -34.635853730328201 ], [ 117.499860570763843, -34.635818040584873 ], [ 117.498801710572593, -34.636103571695486 ], [ 117.498310000368363, -34.636385702523491 ], [ 117.49622889037731, -34.63642395361245 ], [ 117.49554065041805, -34.63638810387129 ], [ 117.493852440676136, -34.636103574096509 ], [ 117.492008350724319, -34.636091674966337 ], [ 117.490723440555712, -34.636329626085399 ], [ 117.48952936046166, -34.636470046956852 ], [ 117.487919180675618, -34.636251137281953 ], [ 117.486204301128964, -34.635762627097691 ], [ 117.484805101538257, -34.63519653655505 ], [ 117.483315461363986, -34.634209764957305 ], [ 117.482811741456999, -34.63363310394935 ], [ 117.482752251728144, -34.633145312995389 ], [ 117.482764152063453, -34.632609931925757 ], [ 117.482942612296981, -34.632360081371999 ], [ 117.483656442885547, -34.631896090214951 ], [ 117.48438218336139, -34.631598659378149 ], [ 117.485112613693914, -34.631447528813801 ], [ 117.485273003854147, -34.631111878053304 ], [ 117.485326574113586, -34.630605426997036 ], [ 117.485310174118581, -34.630599276992477 ], [ 117.485381554557677, -34.629742675215176 ], [ 117.485385854558146, -34.629740705209102 ], [ 117.485667094588052, -34.629611804810949 ], [ 117.486071604552691, -34.629576104542949 ], [ 117.486380934481474, -34.62963559451444 ], [ 117.486756974199011, -34.630105375288103 ], [ 117.487009004016144, -34.63041453579504 ], [ 117.487511313469, -34.631428717614163 ], [ 117.487865873293543, -34.63172528804558 ], [ 117.48900718304246, -34.632047158147046 ], [ 117.490445922812654, -34.632296247956035 ], [ 117.492776792372027, -34.632955128164362 ] ] ] ] } },
{ "type": "Feature", "properties": { "fid": 2324, "CODE": "P_ns", "JNCODE": "si5011; P_ns", "fme_featur": "geology_surface_si5011" }, "geometry": { "type": "MultiPolygon", "coordinates": [ [ [ [ 117.573190043229729, -34.619337706274678 ], [ 117.572671963394555, -34.619253246098033 ], [ 117.571674954280155, -34.618789515459568 ], [ 117.57117526567454, -34.618047124623367 ], [ 117.571118167489956, -34.617090583674496 ], [ 117.571446528198436, -34.61674793345454 ], [ 117.572017598856107, -34.61646240338991 ], [ 117.572674329237813, -34.61633391351603 ], [ 117.573159739246691, -34.616376743733561 ], [ 117.573830749051893, -34.616533784110203 ], [ 117.574458928594709, -34.616805044548506 ], [ 117.574887228146835, -34.617047754879557 ], [ 117.575158487558625, -34.617418945603447 ], [ 117.575178026789189, -34.617789845930602 ], [ 117.575221076177357, -34.618101916277091 ], [ 117.57505821500564, -34.618547706169345 ], [ 117.574769374176697, -34.618899876251845 ], [ 117.574275293548709, -34.619190096371526 ], [ 117.573684163263067, -34.619323456360199 ], [ 117.573190043229729, -34.619337706274678 ] ] ] ] } },
{ "type": "Feature", "properties": { "fid": 2352, "CODE": "P_ns", "JNCODE": "si5011; P_ns", "fme_featur": "geology_surface_si5011" }, "geometry": { "type": "MultiPolygon", "coordinates": [ [ [ [ 118.066211478571233, -34.657181888580183 ], [ 118.063672184636346, -34.65614233536342 ], [ 118.061141838759667, -34.654952302170024 ], [ 118.05924345860376, -34.654200110073319 ], [ 118.056751460789457, -34.652862257126642 ], [ 118.055424312194177, -34.65222146572561 ], [ 118.050799437895478, -34.650668054793961 ], [ 118.04996071427729, -34.650170946567755 ], [ 118.048955137908237, -34.649230307031608 ], [ 118.04822980108321, -34.64830251633007 ], [ 118.047746384279478, -34.647476735212344 ], [ 118.046830603254051, -34.645167430740997 ], [ 118.046229023043466, -34.644039448704262 ], [ 118.046112396242108, -34.643363436952129 ], [ 118.046226545679644, -34.642377453854472 ], [ 118.046535506280136, -34.64153392085931 ], [ 118.046747903058346, -34.64126129971249 ], [ 118.047485575822449, -34.640684376854082 ], [ 118.047920080723756, -34.64025385496199 ], [ 118.048259625288594, -34.639767713103929 ], [ 118.048787474336976, -34.638746759577373 ], [ 118.049076350218854, -34.638368598168867 ], [ 118.049398397573484, -34.63814000712609 ], [ 118.049807705830304, -34.638011506236445 ], [ 118.050376705073774, -34.638002555441084 ], [ 118.050808985844341, -34.63813684518351 ], [ 118.05108803796378, -34.638396105429166 ], [ 118.051290931177732, -34.63876398602941 ], [ 118.051495706603745, -34.639370967181016 ], [ 118.051580141487179, -34.639905178322294 ], [ 118.051550005387156, -34.640316059345366 ], [ 118.0514116588825, -34.640663540396481 ], [ 118.050661730086077, -34.641701444179361 ], [ 118.049888169571787, -34.642524947619265 ], [ 118.048607831186004, -34.643421532350544 ], [ 118.048379914174077, -34.643668193452491 ], [ 118.048246417201909, -34.643938824445712 ], [ 118.048260982525065, -34.644472435864678 ], [ 118.048645849807158, -34.645299217297634 ], [ 118.048921918393432, -34.646239689204329 ], [ 118.049107750816233, -34.646538599580268 ], [ 118.049433362639022, -34.646820789585355 ], [ 118.051457007699199, -34.647995947814998 ], [ 118.052050937891323, -34.648221086924515 ], [ 118.05279873686051, -34.64837349546977 ], [ 118.053759894121995, -34.6484186732417 ], [ 118.054537371208937, -34.648377151271312 ], [ 118.058484566235748, -34.6478544006155 ], [ 118.060405806159281, -34.647775881302188 ], [ 118.061540327258669, -34.647859841985479 ], [ 118.062513408949613, -34.648016352758439 ], [ 118.066009898032235, -34.648911786334445 ], [ 118.066682751472172, -34.649272747463314 ], [ 118.067758398143127, -34.649979049583081 ], [ 118.068024701836848, -34.650266180126586 ], [ 118.068155115865693, -34.650581700640849 ], [ 118.068155128175405, -34.650764700901412 ], [ 118.068058720626098, -34.650961561131325 ], [ 118.067230312606668, -34.651933382048796 ], [ 118.066839829901809, -34.652521632639925 ], [ 118.066716285435319, -34.652963033173563 ], [ 118.066842449708133, -34.653297943709674 ], [ 118.067628726048113, -34.653779224864486 ], [ 118.068381019261793, -34.654014095672188 ], [ 118.068818669419016, -34.654015095951564 ], [ 118.070206696246558, -34.653757416266821 ], [ 118.071463363020484, -34.653661035760436 ], [ 118.072958921194285, -34.653707165396789 ], [ 118.073710132064136, -34.653876495429543 ], [ 118.074017993858476, -34.654063995616561 ], [ 118.074260878718519, -34.654494646180005 ], [ 118.074290493525226, -34.654892486756914 ], [ 118.074202980862765, -34.655480867649032 ], [ 118.073943941642071, -34.6563240589686 ], [ 118.066211478571233, -34.657181888580183 ] ] ] ] } },
{ "type": "Feature", "properties": { "fid": 2358, "CODE": "P_ng", "JNCODE": "si5011; P_ng", "fme_featur": "geology_surface_si5011" }, "geometry": { "type": "MultiPolygon", "coordinates": [ [ [ [ 118.153186250336688, -34.642643193803139 ], [ 118.14796393907659, -34.642004202754073 ], [ 118.148129375236508, -34.641359061310013 ], [ 118.148493132107035, -34.640773370092298 ], [ 118.149125859635902, -34.640215319115406 ], [ 118.149849488036537, -34.639761928517139 ], [ 118.150357857985128, -34.639612698480498 ], [ 118.150919268655727, -34.639565498676042 ], [ 118.153386843055344, -34.639598219955772 ], [ 118.155119616532318, -34.639692450902615 ], [ 118.155903548415196, -34.639793501356586 ], [ 118.156380290074026, -34.639950741684494 ], [ 118.157436904782813, -34.640503242411683 ], [ 118.158017068176875, -34.640969892780269 ], [ 118.158234690303132, -34.641310152949146 ], [ 118.158197812238981, -34.641689123075992 ], [ 118.157841885436952, -34.642392773334343 ], [ 118.153186250336688, -34.642643193803139 ] ] ] ] } },
{ "type": "Feature", "properties": { "fid": 2370, "CODE": "P_gp", "JNCODE": "si5011; P_gp", "fme_featur": "geology_surface_si5011" }, "geometry": { "type": "MultiPolygon", "coordinates": [ [ [ [ 117.876954377457281, -34.669837551627396 ], [ 117.875847464828638, -34.670642940081372 ], [ 117.875323210218056, -34.671244599585329 ], [ 117.875255422833106, -34.671529850058079 ], [ 117.875349684677829, -34.671721291027382 ], [ 117.875613946449789, -34.671890862782554 ], [ 117.87615188807645, -34.672020895820417 ], [ 117.877542140429242, -34.672153133225592 ], [ 117.877940300558308, -34.67213464514311 ], [ 117.879202185251302, -34.671522188349613 ], [ 117.880930915265424, -34.670487320046504 ], [ 117.882796117763817, -34.670648438711673 ], [ 117.886731701918293, -34.670856206907324 ], [ 117.887704054418123, -34.671021562711566 ], [ 117.890243904191735, -34.671709831144632 ], [ 117.890875143839608, -34.671746732854395 ], [ 117.891264962081593, -34.671650392606253 ], [ 117.891716427736839, -34.671360080478891 ], [ 117.892077901901175, -34.670944996983863 ], [ 117.892311605818549, -34.670497632977252 ], [ 117.892430489242244, -34.670000348235618 ], [ 117.892346180457992, -34.669311770933 ], [ 117.89183096434968, -34.668014065527416 ], [ 117.891668804681018, -34.667250076751195 ], [ 117.891586966403324, -34.665828021222204 ], [ 117.891639932228145, -34.665510048124951 ], [ 117.891767318618946, -34.665242906006455 ], [ 117.891991415425153, -34.665017014917957 ], [ 117.892329222572926, -34.664828465678738 ], [ 117.894452100997185, -34.664178334488668 ], [ 117.896286386307722, -34.663338860774495 ], [ 117.89673203377393, -34.663217512768696 ], [ 117.897419832234107, -34.663197236734725 ], [ 117.898161622068912, -34.663276721539596 ], [ 117.898977603974245, -34.66349915750844 ], [ 117.89969804736883, -34.663800523291968 ], [ 117.900570343071536, -34.664254930705454 ], [ 117.902085905190617, -34.665184014126972 ], [ 117.905387090398264, -34.667504387439593 ], [ 117.904855730942202, -34.668254839958358 ], [ 117.904437266507159, -34.668649519676187 ], [ 117.903030248707836, -34.66946438787668 ], [ 117.902583823734147, -34.669812827980493 ], [ 117.902298629583342, -34.670241629106549 ], [ 117.901970121945055, -34.671175062718007 ], [ 117.901659739235171, -34.671713244706098 ], [ 117.901126297296955, -34.672288346684731 ], [ 117.900025610451735, -34.673201460214806 ], [ 117.899592078417655, -34.67377775325653 ], [ 117.899525012073894, -34.674055934931971 ], [ 117.899550765354576, -34.674314536562122 ], [ 117.89999848664867, -34.675243052388588 ], [ 117.900120877235636, -34.676082357361729 ], [ 117.900065857539502, -34.676880632125346 ], [ 117.899670760251226, -34.678609853101861 ], [ 117.899663666967257, -34.679133026340189 ], [ 117.899753860188355, -34.679394267751256 ], [ 117.899989822098192, -34.679569388277145 ], [ 117.900395922068256, -34.679611997584459 ], [ 117.901045969947077, -34.67951832556188 ], [ 117.901456616806186, -34.679318333591326 ], [ 117.903315621143932, -34.677514702100531 ], [ 117.904844455215866, -34.675647864186885 ], [ 117.905640790314507, -34.676929616736935 ], [ 117.905963394432177, -34.677292007099652 ], [ 117.907876276615866, -34.678473346068074 ], [ 117.908867131914164, -34.679000205194619 ], [ 117.90990426449342, -34.679319043539081 ], [ 117.910849004031377, -34.67939161136831 ], [ 117.911674241222471, -34.67927064893599 ], [ 117.912531734880545, -34.67888482567998 ], [ 117.912648362857482, -34.679506017148633 ], [ 117.912454803827742, -34.680637949084044 ], [ 117.912448436325931, -34.681008019145722 ], [ 117.912577248146221, -34.681304738850081 ], [ 117.912893778226348, -34.681380388043152 ], [ 117.913350885934207, -34.681134176838491 ], [ 117.913783991870289, -34.680625805673827 ], [ 117.914810406644335, -34.678522758990184 ], [ 117.914784673063622, -34.678249138306022 ], [ 117.916481448968398, -34.678138253817401 ], [ 117.917985261796716, -34.677776579173177 ], [ 117.919051258591139, -34.677662356272158 ], [ 117.92087867879205, -34.677890782374313 ], [ 117.922173115025657, -34.678499920664855 ], [ 117.922763234999152, -34.67929942109194 ], [ 117.92291552810461, -34.680517702290459 ], [ 117.92245869152336, -34.682230923357615 ], [ 117.922401591234021, -34.683525343431569 ], [ 117.922706168533125, -34.684553272573297 ], [ 117.923124963042298, -34.685219521427058 ], [ 117.924514569162142, -34.686228407665432 ], [ 117.924926830852314, -34.686506236541895 ], [ 117.925390212771489, -34.686818515274112 ], [ 117.92634199826287, -34.687652212629047 ], [ 117.926520038588848, -34.687715902143232 ], [ 117.92749668939652, -34.687935979490035 ], [ 117.928571389081768, -34.688020976587957 ], [ 117.929312177908983, -34.687958144607634 ], [ 117.930112295394295, -34.687735052501147 ], [ 117.930828071721905, -34.687361210658644 ], [ 117.931551236771682, -34.686835108839844 ], [ 117.93204736169362, -34.686271077646936 ], [ 117.933251550341481, -34.686258124450703 ], [ 117.934222366813486, -34.685953551953887 ], [ 117.934660182235802, -34.685458630930889 ], [ 117.93572618000475, -34.685306338127823 ], [ 117.936849275016172, -34.684830445277278 ], [ 117.937896231287084, -34.684506832605443 ], [ 117.938771881329146, -34.684602010239324 ], [ 117.939342954880672, -34.68505886852607 ], [ 117.940123422275065, -34.685953536036465 ], [ 117.940770643560739, -34.687247963678672 ], [ 117.941417875236638, -34.68856142125783 ], [ 117.94195088030213, -34.689132489482233 ], [ 117.943150123855517, -34.689551275888334 ], [ 117.945129839028283, -34.690141369946673 ], [ 117.946005493322801, -34.690598227170057 ], [ 117.94690017448309, -34.691740363857065 ], [ 117.947490295476854, -34.692844431395919 ], [ 117.948917989786594, -34.69423403620484 ], [ 117.950083579417026, -34.695150482389337 ], [ 117.950811696119857, -34.695878591567492 ], [ 117.951282831555019, -34.696463941147158 ], [ 117.951328861079077, -34.697470912024102 ], [ 117.951224628626534, -34.698266423010573 ], [ 117.949205792917581, -34.698735778355228 ], [ 117.944145109655196, -34.699657813972046 ], [ 117.943726770951557, -34.699811415321911 ], [ 117.9434312128529, -34.700023586362285 ], [ 117.943272415408842, -34.700299007057154 ], [ 117.943274227569262, -34.700526307244402 ], [ 117.943443659868379, -34.700761586953391 ], [ 117.943735041437975, -34.700915326241677 ], [ 117.945029153420222, -34.70107328263888 ], [ 117.946186583415255, -34.701027209254534 ], [ 117.949006740200318, -34.700575130679063 ], [ 117.952561492404001, -34.700789752664349 ], [ 117.953522813508513, -34.700913500782207 ], [ 117.953999165706549, -34.701147450017494 ], [ 117.954577320790719, -34.701683109334795 ], [ 117.956332592797168, -34.703980857925757 ], [ 117.957210512032518, -34.704937037038164 ], [ 117.955292183927156, -34.705143791219349 ], [ 117.953689436689857, -34.705442104833303 ], [ 117.953114139663739, -34.705758126332789 ], [ 117.95198685803804, -34.706649119531853 ], [ 117.951547580149764, -34.706876490661479 ], [ 117.949795514419122, -34.707353104901607 ], [ 117.947887081149091, -34.708126630922841 ], [ 117.946642684559279, -34.708525854726211 ], [ 117.944462978990259, -34.709059861203286 ], [ 117.942082182807425, -34.709532588140512 ], [ 117.941303043494699, -34.70962773035383 ], [ 117.938407683733303, -34.709737478370528 ], [ 117.934970961775591, -34.709633437707929 ], [ 117.929644246433583, -34.709256732153655 ], [ 117.925563370654899, -34.70876738309655 ], [ 117.920832501445489, -34.707887345597229 ], [ 117.919382527844363, -34.707524569377114 ], [ 117.918681085303234, -34.707258801150651 ], [ 117.918493353923566, -34.70710715157395 ], [ 117.918419412529389, -34.706949831678038 ], [ 117.918417647886329, -34.705271900606192 ], [ 117.918213611893336, -34.704588670735845 ], [ 117.917671556211431, -34.703943971833098 ], [ 117.917215803226597, -34.703605472887574 ], [ 117.916799431343577, -34.703392203912848 ], [ 117.916187830020661, -34.703244595525142 ], [ 117.913008485833089, -34.702777454103973 ], [ 117.90824440233645, -34.702380377163401 ], [ 117.90692751065572, -34.702177990720919 ], [ 117.906237148481239, -34.701910062490846 ], [ 117.905372124933507, -34.701468124648237 ], [ 117.902065231939602, -34.699525832670055 ], [ 117.901278280595363, -34.699286174699971 ], [ 117.899605899757276, -34.699027799162138 ], [ 117.899229888493068, -34.698847230086734 ], [ 117.898420974343139, -34.698301741971463 ], [ 117.898396042963356, -34.698142341938109 ], [ 117.898244940933822, -34.697899312198594 ], [ 117.898034569654243, -34.697738072674198 ], [ 117.897654128532665, -34.697583423621531 ], [ 117.897337988518984, -34.69755937447583 ], [ 117.896011140691115, -34.697706998224348 ], [ 117.895424750905946, -34.697688909826489 ], [ 117.893208185955316, -34.697008015462991 ], [ 117.89196246456433, -34.696787758732505 ], [ 117.891425315373866, -34.696841950244938 ], [ 117.890447279025437, -34.697163443157287 ], [ 117.889329252260183, -34.697718439648504 ], [ 117.887775029605592, -34.698026798236135 ], [ 117.886950666375895, -34.697999892047875 ], [ 117.884631784755214, -34.697631084432047 ], [ 117.884544949075604, -34.697019153346673 ], [ 117.884119266501656, -34.695742559252274 ], [ 117.883626650195026, -34.695194275174835 ], [ 117.882760793794233, -34.694591477947895 ], [ 117.88226906194889, -34.694523084130083 ], [ 117.88163451099895, -34.69472683967944 ], [ 117.881052761075097, -34.695059615813342 ], [ 117.880094835264558, -34.695954649282086 ], [ 117.879857265312651, -34.696057867577679 ], [ 117.879549024117679, -34.696034155253706 ], [ 117.87909344089698, -34.695812321685452 ], [ 117.877312847342722, -34.694648776985339 ], [ 117.876335451930345, -34.694143268376628 ], [ 117.874906065267254, -34.693605546858102 ], [ 117.871809339052774, -34.692677004006782 ], [ 117.870495576120092, -34.692211412561029 ], [ 117.869034032097844, -34.691522150443184 ], [ 117.866738244748262, -34.690194766331651 ], [ 117.865451291771691, -34.689690414655331 ], [ 117.864473630527641, -34.689528494002111 ], [ 117.863147289626241, -34.689481693609132 ], [ 117.857805497337381, -34.689675712873409 ], [ 117.856324026257639, -34.689661522355664 ], [ 117.854911454328644, -34.68944001122054 ], [ 117.853487201651049, -34.689043779527303 ], [ 117.852768769580067, -34.688674168135762 ], [ 117.851368214842253, -34.687782884858343 ], [ 117.849331947335742, -34.686321669485977 ], [ 117.848829734544523, -34.685734517420613 ], [ 117.848334289826013, -34.684686043870762 ], [ 117.848050737944334, -34.68427872244844 ], [ 117.847714596507984, -34.683983721360356 ], [ 117.846877324132834, -34.683532699550177 ], [ 117.84599673767471, -34.682104424537968 ], [ 117.845551455875921, -34.681730733119196 ], [ 117.845166304943049, -34.68155636237212 ], [ 117.844426223832144, -34.681402471421059 ], [ 117.843481792997395, -34.681352940654449 ], [ 117.837652409809721, -34.681513877385619 ], [ 117.837234580505964, -34.681739517774439 ], [ 117.836940252200662, -34.682176798854201 ], [ 117.836726855074957, -34.682873730732958 ], [ 117.83667525810192, -34.683581372749479 ], [ 117.836024999826606, -34.684071813678479 ], [ 117.834108902747815, -34.685005524828718 ], [ 117.832283166161432, -34.686022146125175 ], [ 117.831687036997764, -34.686287426334673 ], [ 117.831081817353365, -34.686444116233986 ], [ 117.828468492339383, -34.685854423717828 ], [ 117.826916299884388, -34.685706853307515 ], [ 117.826437869456512, -34.685734913362836 ], [ 117.825293509402485, -34.686018273992183 ], [ 117.824123928795132, -34.686184284315743 ], [ 117.819981585053114, -34.686416104558297 ], [ 117.814622676356493, -34.686430734000311 ], [ 117.812134916379321, -34.686323462247053 ], [ 117.810279770833091, -34.686155960808954 ], [ 117.80850636480524, -34.685850279223253 ], [ 117.807327622711739, -34.685471857917804 ], [ 117.806685255126993, -34.685146447036473 ], [ 117.804264733123972, -34.68365219342008 ], [ 117.803351151320143, -34.68319555225353 ], [ 117.802295328296864, -34.682778041084383 ], [ 117.80114625550506, -34.682511400093084 ], [ 117.800264659309931, -34.68270521987899 ], [ 117.79907406607613, -34.682308199780593 ], [ 117.797820935422735, -34.6817992499751 ], [ 117.796125863185281, -34.680857750200673 ], [ 117.794717420915504, -34.679852919999099 ], [ 117.793967869733052, -34.678953386818812 ], [ 117.793536469429554, -34.678546935432372 ], [ 117.791921089494593, -34.677405641740499 ], [ 117.791308330643574, -34.677235731440526 ], [ 117.789219826463054, -34.677062582153759 ], [ 117.78861918726983, -34.676864831688512 ], [ 117.788457396739219, -34.676681820977848 ], [ 117.788291855106138, -34.676306739401824 ], [ 117.788175282262287, -34.675751246974613 ], [ 117.7881744401991, -34.675392555357611 ], [ 117.78838956571937, -34.674715272176293 ], [ 117.788804721355532, -34.67413795934506 ], [ 117.790140768308632, -34.674210268912084 ], [ 117.79220699265646, -34.674146447465951 ], [ 117.793330249270866, -34.674038996374954 ], [ 117.794697984771176, -34.67380475462803 ], [ 117.796037240193485, -34.67349938263299 ], [ 117.797124746296092, -34.673169560707784 ], [ 117.80105978853959, -34.671525542973534 ], [ 117.802204162172046, -34.671307782362682 ], [ 117.803182656239485, -34.671351392756456 ], [ 117.804037770983939, -34.671580643878883 ], [ 117.804984657729079, -34.672011565859428 ], [ 117.806226488767152, -34.672754669227317 ], [ 117.80701180766269, -34.673380612032496 ], [ 117.807286121972297, -34.673725843545441 ], [ 117.80748527656857, -34.674142055336539 ], [ 117.807967976151744, -34.676066383522375 ], [ 117.808219033505438, -34.67669070622577 ], [ 117.80859534076022, -34.677169508377844 ], [ 117.809172729757137, -34.677629340542701 ], [ 117.810559997082308, -34.678181933459314 ], [ 117.81270403098911, -34.678621976268545 ], [ 117.815763576713664, -34.678889548321884 ], [ 117.818843762134037, -34.678884637777841 ], [ 117.820282922540571, -34.678683096796284 ], [ 117.823312851288094, -34.677910473862404 ], [ 117.824308080287267, -34.677521332619492 ], [ 117.82593609792842, -34.676669290196067 ], [ 117.826818236118868, -34.676043618590342 ], [ 117.82755690436386, -34.675414597083815 ], [ 117.828382410665569, -34.674337744601274 ], [ 117.828846018259839, -34.673607003002367 ], [ 117.82980823177634, -34.671601658835549 ], [ 117.83043952422743, -34.66996862541756 ], [ 117.831087668522343, -34.667063728946069 ], [ 117.831314114616859, -34.666349077374818 ], [ 117.833195130259654, -34.662580470735087 ], [ 117.833595794025598, -34.662035067636445 ], [ 117.83412175977621, -34.661678595682076 ], [ 117.83469023823784, -34.661569915203245 ], [ 117.83535687883014, -34.661656335914572 ], [ 117.836016881628424, -34.661935467782918 ], [ 117.837036318381095, -34.662571411925768 ], [ 117.837376099056726, -34.662643772472656 ], [ 117.838737185889372, -34.662425311588322 ], [ 117.839545310852586, -34.662029719431025 ], [ 117.83994598912129, -34.661900748765021 ], [ 117.841066696433586, -34.661725858028305 ], [ 117.841330676454433, -34.661739908193404 ], [ 117.842035050610946, -34.662117940740785 ], [ 117.844676802263024, -34.663984783256751 ], [ 117.845260485822507, -34.664292215431402 ], [ 117.84679516886348, -34.663787883076964 ], [ 117.847316184423335, -34.663439781218692 ], [ 117.848751993752444, -34.664281417073191 ], [ 117.849240808400509, -34.664699909819674 ], [ 117.849561002843913, -34.665181052167398 ], [ 117.849932790126857, -34.666314395186532 ], [ 117.850178892381805, -34.666673636201587 ], [ 117.850602633295196, -34.66684344681962 ], [ 117.851128112104021, -34.666706376709591 ], [ 117.851857708097583, -34.666172135687233 ], [ 117.85239698384521, -34.66559388446634 ], [ 117.853449789118571, -34.663202683217008 ], [ 117.854181356607668, -34.662096437369868 ], [ 117.854796230722201, -34.661572784820812 ], [ 117.856223962999664, -34.660876511937772 ], [ 117.856668738892935, -34.66049499016335 ], [ 117.856769595008629, -34.660131158243715 ], [ 117.856709538934723, -34.659562765078896 ], [ 117.856474542832345, -34.658995971770125 ], [ 117.856207209847156, -34.658723470039405 ], [ 117.857059414054575, -34.658159097693115 ], [ 117.857743652466624, -34.657987247379985 ], [ 117.858361753531142, -34.658068498382022 ], [ 117.859282187794562, -34.658451801255232 ], [ 117.863139237251133, -34.66084272563144 ], [ 117.864860332194382, -34.661592080223571 ], [ 117.867071051328821, -34.662807907480534 ], [ 117.869128845316098, -34.663494561896258 ], [ 117.869961458247701, -34.663894474334704 ], [ 117.870891424887944, -34.66465610873513 ], [ 117.871849094567693, -34.665846253068935 ], [ 117.87288130946699, -34.666551995282639 ], [ 117.873919431752682, -34.666952176714489 ], [ 117.875464902166044, -34.667167668618355 ], [ 117.875846933171246, -34.667292059779392 ], [ 117.876712370892818, -34.668128384610824 ], [ 117.877685594577926, -34.669530903004727 ], [ 117.876954377457281, -34.669837551627396 ] ] ] ] } },
{ "type": "Feature", "properties": { "fid": 2372, "CODE": "P_ns", "JNCODE": "si5011; P_ns", "fme_featur": "geology_surface_si5011" }, "geometry": { "type": "MultiPolygon", "coordinates": [ [ [ [ 117.78200637046011, -34.679994771557581 ], [ 117.782533789482216, -34.682377470737642 ], [ 117.781834983217891, -34.683325301287866 ], [ 117.78142127684815, -34.684289781569639 ], [ 117.781211191038295, -34.685423721636639 ], [ 117.781214373335615, -34.686042301557464 ], [ 117.78128803507208, -34.686501831426988 ], [ 117.780593906906319, -34.68708755205629 ], [ 117.779777820972285, -34.688364522743328 ], [ 117.77923882263201, -34.68895706323454 ], [ 117.778870603135843, -34.689190843590751 ], [ 117.778550393136726, -34.689268723913997 ], [ 117.778284252740121, -34.689214204194016 ], [ 117.778047301951602, -34.68903065445533 ], [ 117.777910460967647, -34.688759224620576 ], [ 117.777860779808847, -34.688411214702427 ], [ 117.777763592138655, -34.682926415281862 ], [ 117.777558665844609, -34.680939955649862 ], [ 117.778059182169969, -34.679853774710928 ], [ 117.778507686988974, -34.678247817563424 ], [ 117.778871085917046, -34.678079146465919 ], [ 117.779310214889009, -34.677976795558322 ], [ 117.781180851118279, -34.677795432734229 ], [ 117.781341693603551, -34.678403005226606 ], [ 117.781602665701541, -34.678928227268791 ], [ 117.78200637046011, -34.679994771557581 ] ] ] ] } },
{ "type": "Feature", "properties": { "fid": 2375, "CODE": "P_gp", "JNCODE": "si5011; P_gp", "fme_featur": "geology_surface_si5011" }, "geometry": { "type": "MultiPolygon", "coordinates": [ [ [ [ 117.848664189879472, -34.659726179562618 ], [ 117.848660862991267, -34.659144326051333 ], [ 117.848778294150037, -34.658394581634504 ], [ 117.848999735806885, -34.65768141754674 ], [ 117.849153593192568, -34.657454106327506 ], [ 117.849396741369617, -34.657289895576547 ], [ 117.850321009335531, -34.657078725215591 ], [ 117.850246389954506, -34.657996440578366 ], [ 117.849987949292057, -34.658805855150618 ], [ 117.849546527414503, -34.659508188964423 ], [ 117.848815876796124, -34.660310293199707 ], [ 117.848664189879472, -34.659726179562618 ] ] ] ] } },
{ "type": "Feature", "properties": { "fid": 2383, "CODE": "P_gp", "JNCODE": "si5011; P_gp", "fme_featur": "geology_surface_si5011" }, "geometry": { "type": "MultiPolygon", "coordinates": [ [ [ [ 117.900510117742513, -34.656231820013183 ], [ 117.899946119810252, -34.656215596329595 ], [ 117.899327578716807, -34.655976831159919 ], [ 117.898770825397904, -34.655601345663968 ], [ 117.897261733774229, -34.654355539431222 ], [ 117.896594260112849, -34.653880142571488 ], [ 117.893895266362705, -34.652621068029838 ], [ 117.893459163927673, -34.652264383179606 ], [ 117.893230960799713, -34.651934559844008 ], [ 117.893032185892679, -34.651478455997633 ], [ 117.892948281021702, -34.651071493184304 ], [ 117.892944095471705, -34.650647210809197 ], [ 117.893025819810617, -34.650254149189315 ], [ 117.893180274127346, -34.649924738137607 ], [ 117.893803686929729, -34.649235925220538 ], [ 117.894399377423639, -34.648926935802216 ], [ 117.895103091950929, -34.648857509515572 ], [ 117.896590287911721, -34.649109281827371 ], [ 117.897817558325087, -34.649528994782145 ], [ 117.898180600037179, -34.6497429497946 ], [ 117.899297508220258, -34.65068398392809 ], [ 117.901045323079174, -34.651648000546757 ], [ 117.901591105844389, -34.652012846006521 ], [ 117.902597934334608, -34.652872456920925 ], [ 117.903193163022408, -34.653586514317588 ], [ 117.903387829884039, -34.654058847879298 ], [ 117.903345008758549, -34.654582060131602 ], [ 117.90299712895515, -34.655103420407166 ], [ 117.902275941636759, -34.65568617860945 ], [ 117.90149435063725, -34.656040085346461 ], [ 117.900510117742513, -34.656231820013183 ] ] ] ] } },
{ "type": "Feature", "properties": { "fid": 2388, "CODE": "P_gm", "JNCODE": "si5011; P_gm", "fme_featur": "geology_surface_si5011" }, "geometry": { "type": "MultiPolygon", "coordinates": [ [ [ [ 117.365004531159769, -34.660652406863385 ], [ 117.365091502699244, -34.661301385751344 ], [ 117.365009744506949, -34.662075394638123 ], [ 117.364734486938076, -34.663067793481993 ], [ 117.363403440349899, -34.664281593573058 ], [ 117.362723561933635, -34.664813093807211 ], [ 117.360271165395289, -34.66619468640183 ], [ 117.359821475805774, -34.666351366963788 ], [ 117.359277746127432, -34.666436547716707 ], [ 117.358038246530441, -34.666422119583132 ], [ 117.357422716562525, -34.666296980597529 ], [ 117.357108866467385, -34.666151341176317 ], [ 117.356921946249301, -34.665947081609133 ], [ 117.356831155908566, -34.665677831946738 ], [ 117.356815365361868, -34.665280352267672 ], [ 117.356889804842453, -34.66495802240815 ], [ 117.357448262642592, -34.664236412429794 ], [ 117.357641591430422, -34.663816482651747 ], [ 117.357684439973539, -34.663282763235209 ], [ 117.357525348896075, -34.66286359396689 ], [ 117.356773877416586, -34.662231225764742 ], [ 117.355882746352322, -34.661750077535885 ], [ 117.354896756179187, -34.661589249047715 ], [ 117.354071506445266, -34.661601910148576 ], [ 117.353623617065779, -34.661773350579125 ], [ 117.353143608320309, -34.662156640850377 ], [ 117.35279811979251, -34.662623210870123 ], [ 117.352524951710521, -34.663244650652999 ], [ 117.352467902942436, -34.663656050338901 ], [ 117.352725216531141, -34.664912618742356 ], [ 117.352834407792542, -34.665956837741355 ], [ 117.352745238225651, -34.666313667594075 ], [ 117.352369818782364, -34.666701997849046 ], [ 117.351866279264996, -34.667002648362008 ], [ 117.351373689489307, -34.66707495903875 ], [ 117.349135309696422, -34.666695411162685 ], [ 117.348125949492541, -34.6663350111806 ], [ 117.347677429199265, -34.666002631305162 ], [ 117.347408618823025, -34.665630631498381 ], [ 117.347342978428614, -34.66526918173799 ], [ 117.347388317264659, -34.664682652182833 ], [ 117.3475413549953, -34.663878462841467 ], [ 117.347735053363351, -34.663312913341933 ], [ 117.348398440366495, -34.662332094360977 ], [ 117.34870463834072, -34.661675355009805 ], [ 117.348914216125422, -34.660952795682149 ], [ 117.348958844583123, -34.660437586118512 ], [ 117.348879373805474, -34.660158746305328 ], [ 117.348689313107812, -34.659883036433605 ], [ 117.348406012619918, -34.659655816473055 ], [ 117.347708331994383, -34.659280136410608 ], [ 117.347494921293105, -34.658979086528554 ], [ 117.347476130225118, -34.65859254681061 ], [ 117.347579608889717, -34.658143877206768 ], [ 117.347751467828161, -34.657815587553031 ], [ 117.348248045644311, -34.657197108317789 ], [ 117.348304994651087, -34.656869988607866 ], [ 117.34801462175497, -34.655761779292021 ], [ 117.347211909189838, -34.654537139693339 ], [ 117.346628286335218, -34.653233750241078 ], [ 117.346540745063294, -34.652720560548033 ], [ 117.346627153641634, -34.652238490962041 ], [ 117.346869622406786, -34.651910591387569 ], [ 117.347206461407907, -34.651723831787443 ], [ 117.347733090394826, -34.651635532265942 ], [ 117.348383189595197, -34.651687152734873 ], [ 117.348986089241905, -34.651864293063014 ], [ 117.351209290806949, -34.652802791948631 ], [ 117.353735913539737, -34.653630638749057 ], [ 117.354222674291421, -34.653876738019257 ], [ 117.354494114954363, -34.654101257514967 ], [ 117.355764589481637, -34.655690054475535 ], [ 117.356512761593137, -34.656456742790787 ], [ 117.359076266153352, -34.658223777701416 ], [ 117.359865826841144, -34.658525126366229 ], [ 117.3620332071268, -34.658756003429424 ], [ 117.363284637706187, -34.659068351447765 ], [ 117.364013318462668, -34.6594320000019 ], [ 117.364317098945023, -34.659656659280223 ], [ 117.364774790045743, -34.660158467927758 ], [ 117.365004531159769, -34.660652406863385 ] ] ] ] } },
{ "type": "Feature", "properties": { "fid": 2390, "CODE": "P_ng", "JNCODE": "si5011; P_ng", "fme_featur": "geology_surface_si5011" }, "geometry": { "type": "MultiPolygon", "coordinates": [ [ [ [ 117.394418912182076, -34.663024252238039 ], [ 117.393908553082923, -34.662993722016388 ], [ 117.393429403461099, -34.662851822150344 ], [ 117.392855443005359, -34.662458612986967 ], [ 117.392391422146133, -34.662016464041713 ], [ 117.391361638039939, -34.660471128103879 ], [ 117.391318026613575, -34.660094139221613 ], [ 117.391567664531365, -34.659713120525318 ], [ 117.391844843186846, -34.659531211240704 ], [ 117.392209611853644, -34.65940074185125 ], [ 117.394125826139074, -34.659043344058865 ], [ 117.394852554916369, -34.659136254206032 ], [ 117.395147485038635, -34.65930046363215 ], [ 117.395430935763429, -34.659580722414404 ], [ 117.395993227984818, -34.660323889346351 ], [ 117.396226729496888, -34.660773227592067 ], [ 117.39626213073943, -34.661082086558373 ], [ 117.39614382350689, -34.661693274803547 ], [ 117.395918835949601, -34.662185293620411 ], [ 117.395409388975139, -34.662703332878401 ], [ 117.394981560637518, -34.662926852877021 ], [ 117.394418912182076, -34.663024252238039 ] ] ] ] } },
{ "type": "Feature", "properties": { "fid": 2391, "CODE": "P_gm", "JNCODE": "si5011; P_gm", "fme_featur": "geology_surface_si5011" }, "geometry": { "type": "MultiPolygon", "coordinates": [ [ [ [ 117.336970134655459, -34.662549859635909 ], [ 117.336499754580004, -34.662412929498792 ], [ 117.336268234410042, -34.662260739460194 ], [ 117.335890193938411, -34.661880129437549 ], [ 117.33556053310555, -34.66126090950565 ], [ 117.3354617624517, -34.660807909611819 ], [ 117.335458171368501, -34.660104239843101 ], [ 117.335539770628699, -34.65965740003184 ], [ 117.335755989567218, -34.659068140341432 ], [ 117.336640786637858, -34.657672421322999 ], [ 117.338415882524274, -34.656245122957394 ], [ 117.340142657085323, -34.654398924946094 ], [ 117.340512906010986, -34.65408931535783 ], [ 117.341254134554745, -34.653826516015272 ], [ 117.341831633666487, -34.653746106467793 ], [ 117.3423867231418, -34.653818126820006 ], [ 117.342848363117056, -34.65405316700717 ], [ 117.343151733668392, -34.654444436983219 ], [ 117.34328738455649, -34.654887946806696 ], [ 117.34328336545363, -34.65526640657415 ], [ 117.34313296683635, -34.655787136162139 ], [ 117.342535839620794, -34.656739315228613 ], [ 117.340636565767298, -34.658845613000111 ], [ 117.339892670251018, -34.660819691643958 ], [ 117.339440511948524, -34.661571141081808 ], [ 117.339146232705147, -34.661899240803024 ], [ 117.338811043313484, -34.662152100548099 ], [ 117.33832908387042, -34.662359850259527 ], [ 117.337826584272605, -34.662489100002297 ], [ 117.336970134655459, -34.662549859635909 ] ] ] ] } },
{ "type": "Feature", "properties": { "fid": 2393, "CODE": "P_ns", "JNCODE": "si5011; P_ns", "fme_featur": "geology_surface_si5011" }, "geometry": { "type": "MultiPolygon", "coordinates": [ [ [ [ 117.478681876292555, -34.638660915614388 ], [ 117.477996596189868, -34.638375375207417 ], [ 117.477297036232699, -34.63774719406144 ], [ 117.477082886463194, -34.637090462705771 ], [ 117.476968666810407, -34.63626241094903 ], [ 117.477111437297694, -34.635405799059541 ], [ 117.477525468016594, -34.634634857379815 ], [ 117.478439179264598, -34.633664035279686 ], [ 117.47866760964321, -34.633321394558187 ], [ 117.478705169939801, -34.632960833857332 ], [ 117.477816490301237, -34.631994822295937 ], [ 117.477225650295239, -34.631693831919293 ], [ 117.476954400492716, -34.631322641310831 ], [ 117.477097161050992, -34.63072301013446 ], [ 117.477968051659403, -34.630380369181758 ], [ 117.478950972244562, -34.630090538278431 ], [ 117.479824032544741, -34.630109108000859 ], [ 117.480501792658188, -34.630294918119574 ], [ 117.481061132766783, -34.630436938198962 ], [ 117.481542472758008, -34.63072065858762 ], [ 117.481816102588439, -34.631141689323364 ], [ 117.481860862277102, -34.631647770307069 ], [ 117.481108931183414, -34.632793152798769 ], [ 117.480509310474062, -34.633407054178527 ], [ 117.480081009670016, -34.634235105910946 ], [ 117.479895409127792, -34.634849007151111 ], [ 117.480138108651005, -34.635791279066076 ], [ 117.480857648494165, -34.636574310530804 ], [ 117.481001378350683, -34.636887161153645 ], [ 117.481041008170379, -34.637180021763065 ], [ 117.480982127937651, -34.637486552429763 ], [ 117.48064017745358, -34.638000203619733 ], [ 117.480232567071141, -34.638342164467673 ], [ 117.479716156723939, -34.638583145136074 ], [ 117.479437026596372, -34.63862147530201 ], [ 117.478681876292555, -34.638660915614388 ] ] ] ] } },
{ "type": "Feature", "properties": { "fid": 2395, "CODE": "P_ng", "JNCODE": "si5011; P_ng", "fme_featur": "geology_surface_si5011" }, "geometry": { "type": "MultiPolygon", "coordinates": [ [ [ [ 117.601765559394991, -34.714613994918835 ], [ 117.599854931195367, -34.715037769503525 ], [ 117.59943477187845, -34.715195078024557 ], [ 117.598318174561129, -34.715811653202557 ], [ 117.597697515549655, -34.716061400943424 ], [ 117.595479436631507, -34.716464655078269 ], [ 117.594592777423486, -34.716722582301799 ], [ 117.594142298295807, -34.716968670375813 ], [ 117.593747689611888, -34.717320138079991 ], [ 117.593250031775185, -34.717895464594406 ], [ 117.592958583679987, -34.718394461828055 ], [ 117.592856875027394, -34.718736510110666 ], [ 117.592841796479519, -34.719092048490317 ], [ 117.592928917962922, -34.719438007098162 ], [ 117.593116069402797, -34.719753866021925 ], [ 117.593667581929353, -34.720257644762071 ], [ 117.595123547279997, -34.721215753094526 ], [ 117.595307878582389, -34.7214740822671 ], [ 117.595531431905201, -34.722178449506416 ], [ 117.595964955062314, -34.722786017556935 ], [ 117.597100001249288, -34.723862464755804 ], [ 117.598098856226187, -34.724661282950521 ], [ 117.597806792208345, -34.726306225035962 ], [ 117.596581431220883, -34.726450962242154 ], [ 117.595469659570355, -34.726379790612384 ], [ 117.594506497482413, -34.726151499930396 ], [ 117.593447154075406, -34.725629620350823 ], [ 117.593018192980551, -34.725494940178287 ], [ 117.591372399595272, -34.725194428553678 ], [ 117.590983259088986, -34.725196807849308 ], [ 117.590701769066357, -34.725281096984993 ], [ 117.589050441094486, -34.726098162418559 ], [ 117.586536806156275, -34.727711655488932 ], [ 117.5861060572621, -34.728064833884865 ], [ 117.585964108283591, -34.72835087257031 ], [ 117.585946600038071, -34.728803650486164 ], [ 117.586022151519899, -34.729168888810889 ], [ 117.586346385058192, -34.730006785005735 ], [ 117.586383506922715, -34.730472952881556 ], [ 117.586260578639468, -34.730936950735462 ], [ 117.585909330995264, -34.73162096750918 ], [ 117.585306847448422, -34.730847070947256 ], [ 117.584559573968008, -34.730103364295637 ], [ 117.583828491331033, -34.729559296781296 ], [ 117.583098909510227, -34.729219988341477 ], [ 117.583112058274438, -34.728882109973583 ], [ 117.58295900739941, -34.728674450970466 ], [ 117.582646126695934, -34.728543021598277 ], [ 117.582154396302101, -34.728529881649642 ], [ 117.581540176308977, -34.728652931024591 ], [ 117.580433376710772, -34.728994689263025 ], [ 117.579086367522166, -34.729528796430017 ], [ 117.578378857414606, -34.729662095662334 ], [ 117.577120756803524, -34.729780224890817 ], [ 117.577437259986567, -34.727609846385256 ], [ 117.577644537437266, -34.726790850684402 ], [ 117.577814286412533, -34.726449442457088 ], [ 117.57853102352135, -34.725466687458521 ], [ 117.579084459732897, -34.724303383494522 ], [ 117.578962347420003, -34.723665956977861 ], [ 117.578446612735007, -34.722400654061083 ], [ 117.578630029493993, -34.721465659053649 ], [ 117.578779138587507, -34.72119478043917 ], [ 117.578950648098001, -34.721039701178462 ], [ 117.579838517021088, -34.720650522728945 ], [ 117.580374565815333, -34.720262274446789 ], [ 117.580725674532914, -34.719871986267407 ], [ 117.580897273067535, -34.719448198370074 ], [ 117.580812812054305, -34.719173209874384 ], [ 117.580359160795268, -34.718860691865878 ], [ 117.579940970037626, -34.718683983130305 ], [ 117.579124239137528, -34.718499494769901 ], [ 117.578730828232906, -34.718277036293408 ], [ 117.578362486570441, -34.717837098997066 ], [ 117.578281635600305, -34.717568960531374 ], [ 117.578291154658061, -34.717301561983327 ], [ 117.578422023564997, -34.716982473603764 ], [ 117.578715892442858, -34.716643885166263 ], [ 117.58080601698795, -34.7149741919172 ], [ 117.58116709555803, -34.714554373709099 ], [ 117.581191934388841, -34.714227735384384 ], [ 117.580845121768277, -34.713517179516145 ], [ 117.58083817063256, -34.713201021183053 ], [ 117.581144167361614, -34.71227563562951 ], [ 117.581795784101828, -34.711343059577175 ], [ 117.581606372273242, -34.710843272433777 ], [ 117.581600871637804, -34.710667163354188 ], [ 117.581936488567834, -34.709839896986473 ], [ 117.582230517004248, -34.709478038064468 ], [ 117.58264541610572, -34.709255838371412 ], [ 117.583195715759459, -34.709149147986366 ], [ 117.583790686046981, -34.709186326925639 ], [ 117.584236936758643, -34.709333885622385 ], [ 117.584618107853686, -34.709581263993307 ], [ 117.584901729235341, -34.709907702175613 ], [ 117.58521991146381, -34.710494398879462 ], [ 117.585369971742395, -34.710564948313802 ], [ 117.585849990800128, -34.710293718912034 ], [ 117.586523327470275, -34.709401931856618 ], [ 117.586929146416722, -34.709107292496341 ], [ 117.587764465717626, -34.708869462245069 ], [ 117.589372655462853, -34.708681040616327 ], [ 117.592702800224799, -34.710260627801922 ], [ 117.595304942281714, -34.710937369583213 ], [ 117.598547347744315, -34.712269999577046 ], [ 117.600653280038827, -34.712779041162271 ], [ 117.601004301148976, -34.713003240796425 ], [ 117.601372372974325, -34.71336442984235 ], [ 117.602375089454867, -34.714608156063079 ], [ 117.601765559394991, -34.714613994918835 ] ] ] ] } },
{ "type": "Feature", "properties": { "fid": 2406, "CODE": "P_ns", "JNCODE": "si5011; P_ns", "fme_featur": "geology_surface_si5011" }, "geometry": { "type": "MultiPolygon", "coordinates": [ [ [ [ 117.463958671413693, -34.680450794168223 ], [ 117.463550121058105, -34.680370905254541 ], [ 117.463066449902882, -34.680107287107745 ], [ 117.462392639103015, -34.67992280899481 ], [ 117.461388988707441, -34.679830661180929 ], [ 117.46051708888335, -34.679876722820005 ], [ 117.459590059908621, -34.680123194002064 ], [ 117.458017902954964, -34.680835284783228 ], [ 117.457547914473409, -34.681189574552214 ], [ 117.45731412605835, -34.681558233801503 ], [ 117.45713690837259, -34.682095882379464 ], [ 117.456817828272861, -34.68439430542589 ], [ 117.456640381206853, -34.685076703532737 ], [ 117.456288713103774, -34.685520722785036 ], [ 117.455305735968395, -34.686197442567412 ], [ 117.454817507941584, -34.686646621922733 ], [ 117.454291740894178, -34.687302920440054 ], [ 117.453752224659439, -34.688158348432459 ], [ 117.453476077249462, -34.688757296946584 ], [ 117.4529660938706, -34.690311542940279 ], [ 117.452051297422514, -34.693550604899606 ], [ 117.451626521381044, -34.694514142966071 ], [ 117.450238471887573, -34.694673745464819 ], [ 117.449283361600379, -34.694628407619746 ], [ 117.446992156891483, -34.693484425167618 ], [ 117.444821844807109, -34.692963660572673 ], [ 117.443796343210565, -34.692543533374213 ], [ 117.441969629678042, -34.691577198491103 ], [ 117.441119117173486, -34.690872151149385 ], [ 117.440678295341812, -34.690351282718147 ], [ 117.440359063424481, -34.689804454083294 ], [ 117.440223732035619, -34.689409424900077 ], [ 117.440194800378237, -34.688942635658677 ], [ 117.440347899075348, -34.688585015990576 ], [ 117.440720338178267, -34.688355085831986 ], [ 117.441361617635209, -34.688241525135069 ], [ 117.442188397438784, -34.688235674013519 ], [ 117.443154077752453, -34.68837546242893 ], [ 117.447905241481863, -34.689567472932353 ], [ 117.449306971845758, -34.689708820423483 ], [ 117.449681191619604, -34.689665579960874 ], [ 117.449927171165484, -34.689561919860957 ], [ 117.450229740045188, -34.689296990120546 ], [ 117.450410358796333, -34.688997260672998 ], [ 117.450955490676677, -34.687039265376633 ], [ 117.451247418017246, -34.686411986802042 ], [ 117.451641605837708, -34.685913557788275 ], [ 117.453279148088825, -34.684202551275561 ], [ 117.453601066117614, -34.683768122345548 ], [ 117.453672514650037, -34.683428903347689 ], [ 117.453372018151526, -34.681856508454274 ], [ 117.453559735686625, -34.681297210083045 ], [ 117.454100713015407, -34.680740651558835 ], [ 117.455973097646236, -34.679586662294987 ], [ 117.45720092421152, -34.678733761292818 ], [ 117.458443580497331, -34.677821040562762 ], [ 117.459482966565915, -34.6768628704747 ], [ 117.46078442403666, -34.676258129446602 ], [ 117.461200352676698, -34.675932089416349 ], [ 117.46132853142953, -34.67563048982003 ], [ 117.461519917257291, -34.674619701582763 ], [ 117.461744584850294, -34.674039672444017 ], [ 117.462122622567136, -34.673494223042724 ], [ 117.463376826490048, -34.672057974473894 ], [ 117.463661844199819, -34.671514785331809 ], [ 117.463888788277274, -34.670097248266146 ], [ 117.464243213087627, -34.66646215623264 ], [ 117.464446279317627, -34.665567968151521 ], [ 117.464663817514463, -34.665147688988377 ], [ 117.464973695609743, -34.664752070191263 ], [ 117.465353363990971, -34.664442831305763 ], [ 117.465713853294545, -34.66431946162875 ], [ 117.465995193558626, -34.664386681168644 ], [ 117.466349674820108, -34.664659379764004 ], [ 117.466509935992221, -34.664904498592797 ], [ 117.466594627486657, -34.665250477517695 ], [ 117.466403769111807, -34.670387474813687 ], [ 117.466479301917076, -34.67105772305159 ], [ 117.466771945056962, -34.67181351079558 ], [ 117.466801365989937, -34.672036130195046 ], [ 117.466668578722818, -34.672682168734049 ], [ 117.466283543712521, -34.673860576314439 ], [ 117.464821832894202, -34.676029663308746 ], [ 117.464454135635108, -34.676682892395476 ], [ 117.464288617608105, -34.677155101588795 ], [ 117.464294019249579, -34.67754932067195 ], [ 117.464457361594214, -34.678112899076602 ], [ 117.465167206515062, -34.679292764970391 ], [ 117.465382251584344, -34.680483401208946 ], [ 117.463958671413693, -34.680450794168223 ] ] ] ] } },
{ "type": "Feature", "properties": { "fid": 2418, "CODE": "P_ns", "JNCODE": "si5011; P_ns", "fme_featur": "geology_surface_si5011" }, "geometry": { "type": "MultiPolygon", "coordinates": [ [ [ [ 117.938191032389483, -34.630642146164234 ], [ 117.938487533147494, -34.631015066343984 ], [ 117.938662554883436, -34.631360146900192 ], [ 117.938743188245567, -34.631768968053962 ], [ 117.938696672326671, -34.632121349499037 ], [ 117.938525587826788, -34.632489541482137 ], [ 117.938286293264042, -34.632785293466995 ], [ 117.937739622901688, -34.63319151702953 ], [ 117.937181050383131, -34.633376479841807 ], [ 117.933755661794436, -34.633565001380859 ], [ 117.933004173387673, -34.632253688274389 ], [ 117.932675468004362, -34.631511176323158 ], [ 117.932617084354405, -34.631109325027595 ], [ 117.932767950558201, -34.630820783710206 ], [ 117.933460271900515, -34.630374180748682 ], [ 117.934408543206573, -34.630078257801486 ], [ 117.935215416590864, -34.629993235488946 ], [ 117.937378314210534, -34.62999489702878 ], [ 117.938191032389483, -34.630642146164234 ] ] ] ] } },
{ "type": "Feature", "properties": { "fid": 2420, "CODE": "P_ns", "JNCODE": "si5011; P_ns", "fme_featur": "geology_surface_si5011" }, "geometry": { "type": "MultiPolygon", "coordinates": [ [ [ [ 118.075266496569967, -34.662710487942256 ], [ 118.074105197427386, -34.663365979291875 ], [ 118.073582723234082, -34.663732210006508 ], [ 118.073360237546282, -34.664036910530996 ], [ 118.073243426017854, -34.664700931551081 ], [ 118.073366463300161, -34.665446392688381 ], [ 118.073650957857751, -34.666044633570728 ], [ 118.074215922675492, -34.66676085453377 ], [ 118.074256138328934, -34.667411015578075 ], [ 118.074110072516845, -34.66783723633074 ], [ 118.073946053789498, -34.667928796545773 ], [ 118.073663404822511, -34.66795576670291 ], [ 118.072965605585608, -34.667821816760537 ], [ 118.072082994856785, -34.667465026514577 ], [ 118.071233792519209, -34.666943425964924 ], [ 118.070468688465311, -34.666262345094772 ], [ 118.069746511892646, -34.665406873534437 ], [ 118.069015730206516, -34.664377401159356 ], [ 118.068838564549878, -34.663932630335239 ], [ 118.068849549611443, -34.663540979778446 ], [ 118.069116774412876, -34.662330578275082 ], [ 118.069161067808253, -34.661806037550363 ], [ 118.06904399406271, -34.660718965859282 ], [ 118.068762156509649, -34.65933405360822 ], [ 118.06907464794773, -34.659440814023171 ], [ 118.069653047855851, -34.659420164474753 ], [ 118.073557383135977, -34.658831302784179 ], [ 118.075230266158684, -34.661018945471675 ], [ 118.075948121683965, -34.66244360732604 ], [ 118.075266496569967, -34.662710487942256 ] ] ] ] } },
{ "type": "Feature", "properties": { "fid": 2423, "CODE": "P_ng", "JNCODE": "si5011; P_ng", "fme_featur": "geology_surface_si5011" }, "geometry": { "type": "MultiPolygon", "coordinates": [ [ [ [ 117.814265475211116, -34.632769046246139 ], [ 117.816836088908374, -34.630083118391305 ], [ 117.818333204843753, -34.630813951593638 ], [ 117.819301969999032, -34.631375414222731 ], [ 117.819909374505698, -34.631814436405605 ], [ 117.820414680374341, -34.632325309105795 ], [ 117.820712067325459, -34.632867072150177 ], [ 117.820803295874526, -34.633476365750774 ], [ 117.820715099151073, -34.634375631218404 ], [ 117.820605134405426, -34.634716483340391 ], [ 117.820443158544634, -34.634969954969577 ], [ 117.82005826326575, -34.635227256963141 ], [ 117.81940133691694, -34.635353778246667 ], [ 117.818257109950991, -34.635335748857131 ], [ 117.816550892606514, -34.635170558844514 ], [ 117.815688271409883, -34.634902077678063 ], [ 117.813513362038691, -34.633792542919196 ], [ 117.814265475211116, -34.632769046246139 ] ] ] ] } },
{ "type": "Feature", "properties": { "fid": 2437, "CODE": "P_ng", "JNCODE": "si5011; P_ng", "fme_featur": "geology_surface_si5011" }, "geometry": { "type": "MultiPolygon", "coordinates": [ [ [ [ 118.012145948688243, -34.677727669345465 ], [ 118.011942029565276, -34.678287819934418 ], [ 118.01132321608857, -34.679046711348633 ], [ 118.011058200885515, -34.679242271891667 ], [ 118.010712905046887, -34.679376792569492 ], [ 118.01015490837851, -34.679396923647857 ], [ 118.009635712787414, -34.679183046538796 ], [ 118.008807967917221, -34.678586252134821 ], [ 118.007576260100208, -34.677522999892524 ], [ 118.00675402807461, -34.676721584622335 ], [ 118.006030492066458, -34.675874468368306 ], [ 118.005699615617914, -34.675337269823885 ], [ 118.00537498218668, -34.674505490829425 ], [ 118.005004172568476, -34.672952491089283 ], [ 118.004765618960349, -34.671342720334138 ], [ 118.004802691373214, -34.670585529216211 ], [ 118.005149900780054, -34.669817796722668 ], [ 118.006518821606804, -34.669976980768624 ], [ 118.008446182370406, -34.670441162260055 ], [ 118.008916612396192, -34.670696230134887 ], [ 118.009883856161593, -34.67148576554284 ], [ 118.010496173465484, -34.672189693244221 ], [ 118.011050436128215, -34.673143541492131 ], [ 118.012193024528372, -34.675779958691763 ], [ 118.012380344662986, -34.676426078407673 ], [ 118.012145948688243, -34.677727669345465 ] ] ] ] } },
{ "type": "Feature", "properties": { "fid": 2438, "CODE": "P_gp", "JNCODE": "si5011; P_gp", "fme_featur": "geology_surface_si5011" }, "geometry": { "type": "MultiPolygon", "coordinates": [ [ [ [ 118.014966772454727, -34.683840423422801 ], [ 118.015090184165828, -34.684154543083515 ], [ 118.015126717069109, -34.684563612868295 ], [ 118.015018970306713, -34.684912262938688 ], [ 118.01480840374812, -34.685212533214695 ], [ 118.01421505037051, -34.685651024140505 ], [ 118.013682134823242, -34.68584663504398 ], [ 118.01308070891038, -34.685943756108493 ], [ 118.009311969433085, -34.685859516600146 ], [ 118.008593374311303, -34.685904671569148 ], [ 118.007846780684645, -34.686068566680682 ], [ 118.0070674889527, -34.686390451942124 ], [ 118.006076273522865, -34.686971638532839 ], [ 118.004892973919297, -34.687804056287852 ], [ 118.003625838298177, -34.688933374401628 ], [ 118.002385978711203, -34.689627352497943 ], [ 118.001620036728525, -34.689958057533595 ], [ 118.001059209299939, -34.690120611260383 ], [ 117.998885304911951, -34.690350155927447 ], [ 117.998325346109539, -34.690338179749951 ], [ 117.997547090815587, -34.690210565142465 ], [ 117.997140008092885, -34.690089908004438 ], [ 117.996841582737332, -34.689911880170044 ], [ 117.995695677502383, -34.688828308820241 ], [ 117.994748899925952, -34.687381084681746 ], [ 117.994427682444353, -34.686452165452458 ], [ 117.994266051849891, -34.685100126542693 ], [ 117.994461257067542, -34.684452887028755 ], [ 117.995011461975835, -34.683715737528573 ], [ 117.997066431503939, -34.683859673036892 ], [ 117.997630400910367, -34.683965549015575 ], [ 117.997945636115446, -34.684170446666947 ], [ 117.998940342925792, -34.685066629112079 ], [ 117.999275577264712, -34.685210996682159 ], [ 117.999613570450506, -34.685213524328574 ], [ 117.999944152633589, -34.685067302122562 ], [ 118.000236774267265, -34.684751270286377 ], [ 118.000405298048804, -34.684388779340566 ], [ 118.000825868641584, -34.682983637275285 ], [ 118.001086201198035, -34.682703545618679 ], [ 118.001463471899626, -34.682489743095083 ], [ 118.002516438075844, -34.682167875870299 ], [ 118.005238850449416, -34.681848656847727 ], [ 118.007557960430063, -34.681459920654092 ], [ 118.007923123701261, -34.681545348038355 ], [ 118.008992976616639, -34.682130210255778 ], [ 118.012289314769021, -34.68225469888327 ], [ 118.014006600114641, -34.682850285534471 ], [ 118.014392259607973, -34.683056644755773 ], [ 118.014966772454727, -34.683840423422801 ] ] ] ] } },
{ "type": "Feature", "properties": { "fid": 2440, "CODE": "P_ng", "JNCODE": "si5011; P_ng", "fme_featur": "geology_surface_si5011" }, "geometry": { "type": "MultiPolygon", "coordinates": [ [ [ [ 118.024443974394018, -34.685752735403135 ], [ 118.023960403098613, -34.685193496495003 ], [ 118.023711058585079, -34.684367157257704 ], [ 118.023604292662213, -34.683454847791566 ], [ 118.023758927334541, -34.682824827743282 ], [ 118.024265939959633, -34.682170947061117 ], [ 118.025064381263661, -34.681550905807065 ], [ 118.025381468498438, -34.681435125102773 ], [ 118.025623376960397, -34.681427774535187 ], [ 118.026599222662966, -34.681667882162387 ], [ 118.027291321556717, -34.682112240416565 ], [ 118.027501612033959, -34.682362019860911 ], [ 118.027661303326497, -34.682682999408094 ], [ 118.027768218408227, -34.683493358956426 ], [ 118.027583064866846, -34.684245509179441 ], [ 118.027230951199641, -34.68483590980297 ], [ 118.026647819099892, -34.685448790906307 ], [ 118.025384034694412, -34.686563613267587 ], [ 118.024443974394018, -34.685752735403135 ] ] ] ] } },
{ "type": "Feature", "properties": { "fid": 2442, "CODE": "P_gp", "JNCODE": "si5011; P_gp", "fme_featur": "geology_surface_si5011" }, "geometry": { "type": "MultiPolygon", "coordinates": [ [ [ [ 118.086981341174621, -34.69649158564458 ], [ 118.086570782310815, -34.696420785923522 ], [ 118.086010222423042, -34.696043626410045 ], [ 118.085113291324987, -34.695196387274841 ], [ 118.084416122831712, -34.694346458440272 ], [ 118.08392231450965, -34.693579489462827 ], [ 118.083653705221536, -34.692842630257658 ], [ 118.083577765138813, -34.692146340852986 ], [ 118.083676014335694, -34.691444761306151 ], [ 118.083925493148655, -34.691139331333652 ], [ 118.084330831450714, -34.691043121073996 ], [ 118.084832409431442, -34.691075590635826 ], [ 118.085411707395409, -34.691215730152464 ], [ 118.085886205861144, -34.691437549708134 ], [ 118.086321294514448, -34.691799189172094 ], [ 118.08700563243508, -34.692534108188092 ], [ 118.08749470095745, -34.693152197402945 ], [ 118.087921379696283, -34.693828786600406 ], [ 118.088206468912958, -34.69449143588816 ], [ 118.088338079090732, -34.695081055365648 ], [ 118.088352842082742, -34.695683145120618 ], [ 118.088243104693035, -34.696120325016231 ], [ 118.088017516628724, -34.696340375068232 ], [ 118.087683058395328, -34.696448335231096 ], [ 118.086981341174621, -34.69649158564458 ] ] ] ] } },
{ "type": "Feature", "properties": { "fid": 2458, "CODE": "P_gp", "JNCODE": "si5011; P_gp", "fme_featur": "geology_surface_si5011" }, "geometry": { "type": "MultiPolygon", "coordinates": [ [ [ [ 118.4336267214846, -34.712340342681316 ], [ 118.432979433387715, -34.712219644277639 ], [ 118.432256075236864, -34.711838935756326 ], [ 118.43197054572903, -34.711477256064086 ], [ 118.4319134346119, -34.710335114903607 ], [ 118.431800933993301, -34.709785094116278 ], [ 118.433347217978849, -34.709393929666156 ], [ 118.434501013790268, -34.709192636555308 ], [ 118.43598513896886, -34.70913302318592 ], [ 118.43639602782757, -34.709190792520687 ], [ 118.436750547077125, -34.7093333722948 ], [ 118.436954006961301, -34.709540442637831 ], [ 118.437041277500569, -34.7098624236598 ], [ 118.436988468249027, -34.710202554194623 ], [ 118.436824459194469, -34.710546434494674 ], [ 118.436056192679231, -34.711400686226391 ], [ 118.434823467716598, -34.712347429539982 ], [ 118.4336267214846, -34.712340342681316 ] ] ] ] } },
{ "type": "Feature", "properties": { "fid": 2468, "CODE": "P_gp", "JNCODE": "si5011; P_gp", "fme_featur": "geology_surface_si5011" }, "geometry": { "type": "MultiPolygon", "coordinates": [ [ [ [ 117.304842767544912, -34.692882428293117 ], [ 117.30522996904817, -34.693398568028094 ], [ 117.305325150001181, -34.69380307785498 ], [ 117.305170481191226, -34.694219477693146 ], [ 117.304444751585223, -34.694826247586988 ], [ 117.303635730695731, -34.695218857656712 ], [ 117.302660149210524, -34.695528187813025 ], [ 117.302089078308327, -34.695694747908838 ], [ 117.301168766290047, -34.695729268124822 ], [ 117.300885054729676, -34.695353608291065 ], [ 117.300601912718292, -34.69477865852614 ], [ 117.300566221316515, -34.694195688735199 ], [ 117.300827960055798, -34.693386668956883 ], [ 117.301553689340835, -34.692399199154607 ], [ 117.302124759734937, -34.692054169167022 ], [ 117.303207421861131, -34.691994688977957 ], [ 117.303730903604333, -34.69225642877263 ], [ 117.304546346229202, -34.692614088464495 ], [ 117.304842767544912, -34.692882428293117 ] ] ] ] } },
{ "type": "Feature", "properties": { "fid": 2471, "CODE": "P_ng", "JNCODE": "si5011; P_ng", "fme_featur": "geology_surface_si5011" }, "geometry": { "type": "MultiPolygon", "coordinates": [ [ [ [ 118.078808533676067, -34.703720399972028 ], [ 118.080568714010312, -34.70529771777101 ], [ 118.080760364680089, -34.705591517486766 ], [ 118.080854665883137, -34.705902357288558 ], [ 118.08070187443154, -34.707392956913353 ], [ 118.08010433080284, -34.709969266595742 ], [ 118.07992766328924, -34.710274796912302 ], [ 118.079466997903367, -34.710711487610006 ], [ 118.078914582546574, -34.711056128376583 ], [ 118.078166228010545, -34.71135721934926 ], [ 118.077262903725327, -34.711551930445466 ], [ 118.076492837955939, -34.711604621313569 ], [ 118.074677216243373, -34.711464143152831 ], [ 118.071166249499157, -34.710867596258858 ], [ 118.069366440218886, -34.710788358926976 ], [ 118.06804615219923, -34.710838162197071 ], [ 118.061055432515346, -34.710662869075165 ], [ 118.061231834060123, -34.709626568161887 ], [ 118.061586812793422, -34.708505307434947 ], [ 118.062094145965318, -34.708162246243454 ], [ 118.063197520108176, -34.707235763703871 ], [ 118.063899522095411, -34.706920972059713 ], [ 118.067263040231722, -34.706280144090009 ], [ 118.068727097913268, -34.706221570587616 ], [ 118.071164362795955, -34.706343416370643 ], [ 118.071636900058138, -34.706241175950652 ], [ 118.072024986999423, -34.706009515650457 ], [ 118.07233318396456, -34.705714605446275 ], [ 118.072483261822228, -34.705449545383857 ], [ 118.072507130238193, -34.705180725442638 ], [ 118.072417559192402, -34.704915595607538 ], [ 118.072092878488149, -34.704518006033744 ], [ 118.071045859039856, -34.703755247245468 ], [ 118.070337678519863, -34.703082678105325 ], [ 118.069925763733096, -34.701843768964913 ], [ 118.071863586377489, -34.702127836964642 ], [ 118.073912810345476, -34.702708644879955 ], [ 118.074980956652055, -34.702914723818594 ], [ 118.076263671412534, -34.703015822588156 ], [ 118.078391851828911, -34.703019220598691 ], [ 118.078808533676067, -34.703720399972028 ] ] ] ] } },
{ "type": "Feature", "properties": { "fid": 2486, "CODE": "P_ng", "JNCODE": "si5011; P_ng", "fme_featur": "geology_surface_si5011" }, "geometry": { "type": "MultiPolygon", "coordinates": [ [ [ [ 117.566551615934173, -34.724933831506306 ], [ 117.566186212736639, -34.724324903716472 ], [ 117.565950479652386, -34.723735275945508 ], [ 117.565871946954104, -34.723206828093524 ], [ 117.565932775158942, -34.722837479758049 ], [ 117.566162243100464, -34.722382082060179 ], [ 117.566564210970739, -34.721869224928071 ], [ 117.567116538971419, -34.721334358219053 ], [ 117.567598751403324, -34.721736947220812 ], [ 117.568684945444616, -34.722379385989719 ], [ 117.569080597292384, -34.722710655020315 ], [ 117.569339979638798, -34.723190223096147 ], [ 117.569411622380386, -34.72379956025194 ], [ 117.569375424287628, -34.724237608088686 ], [ 117.569261155701099, -34.72457263633386 ], [ 117.56901872725345, -34.724950464240479 ], [ 117.568706108175263, -34.725271102123074 ], [ 117.568384838746908, -34.725497030493038 ], [ 117.567959539087994, -34.725666119059611 ], [ 117.567597259077374, -34.725716468362187 ], [ 117.567152758774824, -34.725688898007732 ], [ 117.566551615934173, -34.724933831506306 ] ] ] ] } },
{ "type": "Feature", "properties": { "fid": 2488, "CODE": "P_gp", "JNCODE": "si5011; P_gp", "fme_featur": "geology_surface_si5011" }, "geometry": { "type": "MultiPolygon", "coordinates": [ [ [ [ 117.539457419553671, -34.737140876968461 ], [ 117.539246451556011, -34.737556834959264 ], [ 117.538844763130385, -34.737895023424471 ], [ 117.538333294010116, -34.738097942621181 ], [ 117.537922554038218, -34.738121992671346 ], [ 117.53443170185497, -34.737813905588936 ], [ 117.530801318052397, -34.737122460227461 ], [ 117.530554322130897, -34.733545226787001 ], [ 117.531119763859451, -34.733935174870396 ], [ 117.531829325097334, -34.734210613433383 ], [ 117.536202390135827, -34.735265327299537 ], [ 117.537181181638331, -34.735565795549945 ], [ 117.538142833656437, -34.73596672327897 ], [ 117.539521517230327, -34.736665689334885 ], [ 117.539457419553671, -34.737140876968461 ] ] ] ] } },
{ "type": "Feature", "properties": { "fid": 2489, "CODE": "P_ng", "JNCODE": "si5011; P_ng", "fme_featur": "geology_surface_si5011" }, "geometry": { "type": "MultiPolygon", "coordinates": [ [ [ [ 117.566774219943639, -34.732232870740667 ], [ 117.565894136069744, -34.731141185785098 ], [ 117.566817443371562, -34.730213522160049 ], [ 117.567194702701428, -34.729963944027766 ], [ 117.567612262432164, -34.729831765282185 ], [ 117.568236752600114, -34.72980941617228 ], [ 117.568907073243693, -34.729929326323195 ], [ 117.569392433991595, -34.730104905939193 ], [ 117.569775115140246, -34.730419204659015 ], [ 117.570017116392322, -34.730783772928952 ], [ 117.570154417834132, -34.731220810668113 ], [ 117.570154789080902, -34.731612228490832 ], [ 117.570013380038901, -34.731927946555366 ], [ 117.56966917107647, -34.732288804108805 ], [ 117.569067162125052, -34.732677021174865 ], [ 117.568263773012617, -34.733031398162304 ], [ 117.567720203344621, -34.733186086595161 ], [ 117.566774219943639, -34.732232870740667 ] ] ] ] } },
{ "type": "Feature", "properties": { "fid": 2497, "CODE": "P_gp", "JNCODE": "si5011; P_gp", "fme_featur": "geology_surface_si5011" }, "geometry": { "type": "MultiPolygon", "coordinates": [ [ [ [ 117.330319724645534, -34.723912088136927 ], [ 117.329543924198745, -34.723613759107103 ], [ 117.325494513549273, -34.723022035949178 ], [ 117.325016983464366, -34.722860776466625 ], [ 117.324552233322066, -34.722546836509927 ], [ 117.324743242580936, -34.721203032365551 ], [ 117.324930462259999, -34.72072644069933 ], [ 117.325311681867703, -34.720303188867994 ], [ 117.326368890768791, -34.719424684754102 ], [ 117.327016529712381, -34.7185913115853 ], [ 117.327696208942911, -34.718242899691141 ], [ 117.328813287994919, -34.718084877666342 ], [ 117.329927697346918, -34.71820061629289 ], [ 117.330642217127277, -34.718403595672243 ], [ 117.332444527042796, -34.719092944304691 ], [ 117.333658136988674, -34.719448753030882 ], [ 117.334292057255453, -34.719765392552603 ], [ 117.334650547820033, -34.720145232600714 ], [ 117.33473490848877, -34.720506793063876 ], [ 117.334535080623198, -34.721579755234139 ], [ 117.33422937191547, -34.722232366933362 ], [ 117.333686993049497, -34.722823419041745 ], [ 117.333181883752246, -34.723216590779046 ], [ 117.332644324182311, -34.723479942380514 ], [ 117.331477504658963, -34.723837055528222 ], [ 117.331138854993938, -34.724092436775386 ], [ 117.330981905272978, -34.724303837555418 ], [ 117.330319724645534, -34.723912088136927 ] ] ] ] } },
{ "type": "Feature", "properties": { "fid": 2509, "CODE": "P_gp", "JNCODE": "si5011; P_gp", "fme_featur": "geology_surface_si5011" }, "geometry": { "type": "MultiPolygon", "coordinates": [ [ [ [ 117.968220769261009, -34.694445170509574 ], [ 117.967402238428775, -34.695225640948188 ], [ 117.966353400074084, -34.696517182306891 ], [ 117.966182121053833, -34.696629182438443 ], [ 117.965707672808392, -34.696838222707953 ], [ 117.965594002990585, -34.696863532748793 ], [ 117.964623043287148, -34.696919813698308 ], [ 117.962928872307572, -34.696786567108305 ], [ 117.961689931219055, -34.696650179564145 ], [ 117.96144403100412, -34.69662311005164 ], [ 117.961149445342642, -34.696036950089614 ], [ 117.960865611747565, -34.695661900313915 ], [ 117.960293301864368, -34.695660301510244 ], [ 117.960229110351108, -34.694629350933972 ], [ 117.960395652994293, -34.693392040398265 ], [ 117.960895321701827, -34.691916769000315 ], [ 117.961870883133017, -34.690727036365089 ], [ 117.963298548816013, -34.689941812525262 ], [ 117.965165673336813, -34.689138397809089 ], [ 117.965392452638852, -34.689037607863128 ], [ 117.966820148264745, -34.689727658804152 ], [ 117.967129488698163, -34.690370109153243 ], [ 117.967068474318054, -34.691453759513401 ], [ 117.967938543594286, -34.692654390044865 ], [ 117.968557218021644, -34.693606180319357 ], [ 117.96889639599901, -34.694151270425344 ], [ 117.968220769261009, -34.694445170509574 ] ] ] ] } },
{ "type": "Feature", "properties": { "fid": 2513, "CODE": "P_gp", "JNCODE": "si5011; P_gp", "fme_featur": "geology_surface_si5011" }, "geometry": { "type": "MultiPolygon", "coordinates": [ [ [ [ 117.859115074946857, -34.704015342228068 ], [ 117.858724603096206, -34.703810471849515 ], [ 117.858538320367998, -34.703448631289007 ], [ 117.85853274509266, -34.70269519020453 ], [ 117.858741349204479, -34.701823518996441 ], [ 117.859020755666123, -34.701278918274284 ], [ 117.859526192345371, -34.700735647603686 ], [ 117.860091060432168, -34.700390097198103 ], [ 117.860629000211389, -34.700308776983142 ], [ 117.861154651861156, -34.700494207143066 ], [ 117.861478084510068, -34.7008401575536 ], [ 117.861594707315206, -34.70122744805613 ], [ 117.861421662201252, -34.701937119066848 ], [ 117.861109555809875, -34.702478649897699 ], [ 117.860364041088076, -34.703298221275332 ], [ 117.859597824661762, -34.703901502168371 ], [ 117.859353715117933, -34.704003462262328 ], [ 117.859115074946857, -34.704015342228068 ] ] ] ] } },
{ "type": "Feature", "properties": { "fid": 2519, "CODE": "P_gp", "JNCODE": "si5011; P_gp", "fme_featur": "geology_surface_si5011" }, "geometry": { "type": "MultiPolygon", "coordinates": [ [ [ [ 117.806780090938531, -34.729190284686553 ], [ 117.806414279941151, -34.729128594205051 ], [ 117.805855597662841, -34.728881183585678 ], [ 117.805551596000285, -34.728660663300623 ], [ 117.805329704326127, -34.728406143152178 ], [ 117.80515479220864, -34.728043523143718 ], [ 117.805111470426056, -34.727698353325941 ], [ 117.805179289080897, -34.727399373661399 ], [ 117.805370727989384, -34.72710464421683 ], [ 117.80571258726583, -34.726827165044774 ], [ 117.806050387188549, -34.726682465777053 ], [ 117.806523277771831, -34.726620236694686 ], [ 117.807658400344536, -34.726708488672678 ], [ 117.808057441705557, -34.726831859255924 ], [ 117.808479403608288, -34.727055999745559 ], [ 117.809016637262658, -34.727590200013736 ], [ 117.809088168662271, -34.727845879806445 ], [ 117.808966099809879, -34.728124539250985 ], [ 117.808659130812515, -34.728444668362208 ], [ 117.808125231629376, -34.72881431709672 ], [ 117.807585271789051, -34.729053596017309 ], [ 117.80718348153988, -34.7291572953132 ], [ 117.806780090938531, -34.729190284686553 ] ] ] ] } },
{ "type": "Feature", "properties": { "fid": 2521, "CODE": "P_gp", "JNCODE": "si5011; P_gp", "fme_featur": "geology_surface_si5011" }, "geometry": { "type": "MultiPolygon", "coordinates": [ [ [ [ 117.720116223282659, -34.694417537720476 ], [ 117.719798061464317, -34.693901868285728 ], [ 117.719079344640861, -34.692184198791665 ], [ 117.720542295722595, -34.69201535370474 ], [ 117.721830349188707, -34.692077629458247 ], [ 117.722828465899696, -34.692354096342385 ], [ 117.723215865827569, -34.692608615232608 ], [ 117.723430056756726, -34.692868324700456 ], [ 117.723521988607772, -34.693162434604837 ], [ 117.723454110987802, -34.69342361503567 ], [ 117.723185224620693, -34.693727506207622 ], [ 117.722668389874428, -34.694107998336406 ], [ 117.721699118293515, -34.694685342306975 ], [ 117.721278080782071, -34.694788613923428 ], [ 117.720480854538266, -34.694853676871432 ], [ 117.720116223282659, -34.694417537720476 ] ] ] ] } },
{ "type": "Feature", "properties": { "fid": 2539, "CODE": "P_gp", "JNCODE": "si5011; P_gp", "fme_featur": "geology_surface_si5011" }, "geometry": { "type": "MultiPolygon", "coordinates": [ [ [ [ 117.971876973995506, -34.676298662058869 ], [ 117.971171989915987, -34.677639845270477 ], [ 117.970919038879543, -34.67858685737788 ], [ 117.970789073557299, -34.678846477868447 ], [ 117.970595956444853, -34.67904757813632 ], [ 117.970214889029407, -34.679306398293036 ], [ 117.969250125848703, -34.680772048551162 ], [ 117.968088952937862, -34.681933227356012 ], [ 117.967175243931692, -34.682466226470055 ], [ 117.966489950464691, -34.682561405743471 ], [ 117.965214549664125, -34.682447184270032 ], [ 117.96456733736089, -34.682256835361137 ], [ 117.964544257185977, -34.682238365425924 ], [ 117.963984573041159, -34.681790627017932 ], [ 117.963539395043711, -34.681114698180338 ], [ 117.963215771895563, -34.680124838861886 ], [ 117.963310930188712, -34.678792337899516 ], [ 117.963513420879835, -34.6776585966753 ], [ 117.964472054551592, -34.67574662266302 ], [ 117.965119246672558, -34.67481387049785 ], [ 117.965679678333359, -34.674198659902892 ], [ 117.966223306423402, -34.673995339428629 ], [ 117.967422564632244, -34.674261838992528 ], [ 117.968424665724925, -34.674679709093681 ], [ 117.969508332077439, -34.674810928903902 ], [ 117.971870135248466, -34.675026128627131 ], [ 117.972137918015022, -34.675103698765113 ], [ 117.971876973995506, -34.676298662058869 ] ] ] ] } },
{ "type": "Feature", "properties": { "fid": 2555, "CODE": "P_gp", "JNCODE": "si5011; P_gp", "fme_featur": "geology_surface_si5011" }, "geometry": { "type": "MultiPolygon", "coordinates": [ [ [ [ 117.180501971216046, -34.781917438021935 ], [ 117.181121420643592, -34.782286378217051 ], [ 117.181378400635708, -34.782914548829332 ], [ 117.181789390667063, -34.784098270006375 ], [ 117.182259980350224, -34.784827720650796 ], [ 117.182691870779763, -34.785470100761152 ], [ 117.182606211814985, -34.785926950877084 ], [ 117.180366679334867, -34.788306352086558 ], [ 117.180035600646889, -34.788794212282475 ], [ 117.18, -34.788899252321464 ], [ 117.18, -34.781829749961275 ], [ 117.180501971216046, -34.781917438021935 ] ] ], [ [ [ 117.180107783592504, -34.790424132534589 ], [ 117.180179174551782, -34.790980932605855 ], [ 117.18, -34.791274125523302 ], [ 117.18, -34.790071476610365 ], [ 117.180107783592504, -34.790424132534589 ] ] ] ] } },
{ "type": "Feature", "properties": { "fid": 2556, "CODE": "P_gp", "JNCODE": "si5011; P_gp", "fme_featur": "geology_surface_si5011" }, "geometry": { "type": "MultiPolygon", "coordinates": [ [ [ [ 117.180278407108474, -34.725948083063386 ], [ 117.181686178876447, -34.725302354048672 ], [ 117.182408900058732, -34.725075054627197 ], [ 117.183226991690717, -34.724941985326126 ], [ 117.184102233441848, -34.724949186228635 ], [ 117.184816104855386, -34.725096957099005 ], [ 117.185764494595603, -34.725441997357812 ], [ 117.186771043709797, -34.725901027361239 ], [ 117.18765834293464, -34.726419097344333 ], [ 117.188066622588508, -34.726744317343915 ], [ 117.188443742291838, -34.727187427375959 ], [ 117.188639072178191, -34.727634497459022 ], [ 117.188686062216163, -34.728074217595413 ], [ 117.18860079240747, -34.728577717820983 ], [ 117.188445652642358, -34.728911968030701 ], [ 117.188165373003329, -34.729183708299097 ], [ 117.187689693571159, -34.729404638678773 ], [ 117.187014224350619, -34.729568349174556 ], [ 117.186002035490347, -34.729667819867245 ], [ 117.185220346348942, -34.729657000355573 ], [ 117.18353975522227, -34.72948423886487 ], [ 117.182698834536367, -34.72955403805512 ], [ 117.181628064038222, -34.729935107228336 ], [ 117.18, -34.730821469728433 ], [ 117.18, -34.72600945437798 ], [ 117.180278407108474, -34.725948083063386 ] ] ] ] } },
{ "type": "Feature", "properties": { "fid": 2558, "CODE": "P_gp", "JNCODE": "si5011; P_gp", "fme_featur": "geology_surface_si5011" }, "geometry": { "type": "MultiPolygon", "coordinates": [ [ [ [ 117.309738636204813, -34.713476126899089 ], [ 117.309338885632101, -34.713062106201825 ], [ 117.309338883261105, -34.712362545566776 ], [ 117.309681530991071, -34.711848575248645 ], [ 117.310313408164504, -34.711244724840121 ], [ 117.310746877114781, -34.71108478477182 ], [ 117.310827506967641, -34.71106986477411 ], [ 117.312494044844954, -34.711077635213144 ], [ 117.313778952915996, -34.710934865270183 ], [ 117.316263099692875, -34.710806375510003 ], [ 117.316653789112848, -34.710691795291702 ], [ 117.31724067853041, -34.710817125730557 ], [ 117.317585428254361, -34.71102287637224 ], [ 117.31770744822613, -34.711223316966148 ], [ 117.318090527864612, -34.711520217938883 ], [ 117.318147637935567, -34.711834308874728 ], [ 117.317619399077259, -34.712333990043689 ], [ 117.317005500675961, -34.712976451414939 ], [ 117.315520714133967, -34.713433301448234 ], [ 117.314849705675897, -34.713533241131614 ], [ 117.313848857379284, -34.713325829912513 ], [ 117.311499373379903, -34.713787368750324 ], [ 117.310081656852518, -34.713908767640824 ], [ 117.309738636204813, -34.713476126899089 ] ] ] ] } },
{ "type": "Feature", "properties": { "fid": 2567, "CODE": "P_gp", "JNCODE": "si5011; P_gp", "fme_featur": "geology_surface_si5011" }, "geometry": { "type": "MultiPolygon", "coordinates": [ [ [ [ 117.404381983696751, -34.725991896701643 ], [ 117.404235987299543, -34.726866824613396 ], [ 117.403765524003632, -34.728515401137805 ], [ 117.403717102237422, -34.730496085819134 ], [ 117.403578746633556, -34.731565373212185 ], [ 117.403405428840784, -34.732113412119716 ], [ 117.403178310213292, -34.732467181689167 ], [ 117.402834011106478, -34.732718591818532 ], [ 117.40217773161919, -34.732912452848105 ], [ 117.401081468577559, -34.732293487103576 ], [ 117.399660932843361, -34.731046973740078 ], [ 117.398821470265176, -34.730502217117888 ], [ 117.397848868180333, -34.730088070439805 ], [ 117.395572504157656, -34.729318807628573 ], [ 117.395216123170627, -34.729108628972874 ], [ 117.394647650745057, -34.728559611632953 ], [ 117.393901437027381, -34.727700165428146 ], [ 117.393110191417904, -34.726363820447993 ], [ 117.392730329266797, -34.725854302509305 ], [ 117.39229587748197, -34.725439014443943 ], [ 117.391363604545703, -34.724736127841389 ], [ 117.39079820359143, -34.724511709333804 ], [ 117.389949422723689, -34.724341351348833 ], [ 117.386004349881986, -34.723919230214655 ], [ 117.382410916618312, -34.723398038477107 ], [ 117.382112675929534, -34.72325015930506 ], [ 117.381858534399839, -34.72288504033537 ], [ 117.381711832024351, -34.722296101443867 ], [ 117.381715799933303, -34.721764352157777 ], [ 117.382023008115695, -34.721265642189024 ], [ 117.38260311674064, -34.720841951544131 ], [ 117.383378826191773, -34.720600250240381 ], [ 117.384302516422423, -34.72053838838098 ], [ 117.385044087145999, -34.720630316696152 ], [ 117.385685768640343, -34.720943414921408 ], [ 117.3860760392092, -34.721045083962458 ], [ 117.389213060513967, -34.720985947443452 ], [ 117.391941453735939, -34.721537960956518 ], [ 117.395375096952932, -34.722048813026326 ], [ 117.396866037892948, -34.722173499650673 ], [ 117.397723678135605, -34.722154177832635 ], [ 117.398443618027372, -34.722041686439503 ], [ 117.398839507616799, -34.721871235824125 ], [ 117.400298425290373, -34.720986243923463 ], [ 117.400777004972625, -34.720832343113791 ], [ 117.401292135035533, -34.720792272067442 ], [ 117.401768295646235, -34.720927480858464 ], [ 117.403245199159699, -34.721858016377666 ], [ 117.403628419694613, -34.721982755377262 ], [ 117.40452323039365, -34.722102023283846 ], [ 117.404381983696751, -34.725991896701643 ] ] ] ] } },
{ "type": "Feature", "properties": { "fid": 2572, "CODE": "P_gp", "JNCODE": "si5011; P_gp", "fme_featur": "geology_surface_si5011" }, "geometry": { "type": "MultiPolygon", "coordinates": [ [ [ [ 117.384155585563704, -34.749263774216658 ], [ 117.383442544467727, -34.748977305779832 ], [ 117.381630050098039, -34.747686439620523 ], [ 117.380799178585022, -34.747281361484525 ], [ 117.380282638225822, -34.747240752715165 ], [ 117.379306068300281, -34.747502525761746 ], [ 117.37864989808277, -34.747597407926349 ], [ 117.377157526998914, -34.747604272810868 ], [ 117.376613746296101, -34.747502834615908 ], [ 117.376111435368614, -34.747317846328912 ], [ 117.375688004285664, -34.747064547834398 ], [ 117.375383683180132, -34.746776788984349 ], [ 117.375161471522318, -34.74628899997488 ], [ 117.375212939886808, -34.745737120056333 ], [ 117.375509398167338, -34.745086219275692 ], [ 117.37642606489409, -34.743717156296256 ], [ 117.376780983231853, -34.743041435069046 ], [ 117.376946991339466, -34.742344194544756 ], [ 117.376839439869542, -34.741883455085379 ], [ 117.376537068745094, -34.741610836419511 ], [ 117.376089867866838, -34.741475098351032 ], [ 117.373573964509418, -34.741256559176406 ], [ 117.372514732648625, -34.741029423907165 ], [ 117.372095551578425, -34.740837505898639 ], [ 117.371719140268851, -34.740559287816858 ], [ 117.37145457890793, -34.740229709327679 ], [ 117.371392778069477, -34.739992519856692 ], [ 117.371493657383837, -34.739742349557147 ], [ 117.371762116755846, -34.739453058551881 ], [ 117.372180426167475, -34.739128466947271 ], [ 117.372484506009044, -34.738978265744002 ], [ 117.374788867016761, -34.738542576315176 ], [ 117.375771847647229, -34.738425412304636 ], [ 117.37620165743472, -34.738235410753674 ], [ 117.376324836926443, -34.738053470491941 ], [ 117.376378936145841, -34.737814400602602 ], [ 117.376304654400244, -34.737336071573637 ], [ 117.375996982101952, -34.736761303585581 ], [ 117.375444509341207, -34.736110646575042 ], [ 117.37535593735636, -34.735556177598824 ], [ 117.375408964887427, -34.734824608309673 ], [ 117.375540693741087, -34.734460328293409 ], [ 117.375825782701483, -34.734093847759283 ], [ 117.37636681196345, -34.73376157633151 ], [ 117.377064251636199, -34.733518684297628 ], [ 117.37779380162219, -34.733362422069803 ], [ 117.378446082051411, -34.733347859891538 ], [ 117.379638873796637, -34.73358194540991 ], [ 117.380911415860751, -34.733946151238023 ], [ 117.38237059981293, -34.734810205917498 ], [ 117.383520752624477, -34.73540135185354 ], [ 117.385175686034913, -34.736072916314185 ], [ 117.387602111804554, -34.737234267653278 ], [ 117.388887314411846, -34.737722213280861 ], [ 117.392871208802532, -34.738267091821008 ], [ 117.393804749190679, -34.738231589518698 ], [ 117.395843429284838, -34.737977104993107 ], [ 117.397057819862212, -34.737962811995125 ], [ 117.397777630834383, -34.738108999817783 ], [ 117.398117612139515, -34.738385098249218 ], [ 117.398229683504383, -34.738704937135516 ], [ 117.398221285105194, -34.739098246133061 ], [ 117.398107306811013, -34.739531465294796 ], [ 117.397819278801975, -34.740105124939504 ], [ 117.397524199597214, -34.740490575991181 ], [ 117.397061740411232, -34.740918527494351 ], [ 117.396676160835796, -34.741171838662481 ], [ 117.396238901072621, -34.74136005990777 ], [ 117.395713311078779, -34.741474141316885 ], [ 117.395087540861297, -34.741519972925893 ], [ 117.391259538669118, -34.741525562781341 ], [ 117.390103548159516, -34.741586045792808 ], [ 117.389313288052662, -34.741718887900177 ], [ 117.387218038338304, -34.742278393560603 ], [ 117.385896558214611, -34.742510167039782 ], [ 117.385603398416606, -34.742646397847246 ], [ 117.385364759017222, -34.742918918574233 ], [ 117.385211939760978, -34.743226319095946 ], [ 117.385146941327491, -34.743820529518828 ], [ 117.385312703155293, -34.744466209387674 ], [ 117.386032788450279, -34.746300378442626 ], [ 117.386147300254095, -34.746952698467261 ], [ 117.386152211983685, -34.747597598755348 ], [ 117.386102493068549, -34.748011229066215 ], [ 117.385949044332193, -34.748508949660632 ], [ 117.385567355764792, -34.749106440832591 ], [ 117.385235116534929, -34.749447071763207 ], [ 117.384155585563704, -34.749263774216658 ] ] ] ] } },
{ "type": "Feature", "properties": { "fid": 2596, "CODE": "P_gp", "JNCODE": "si5011; P_gp", "fme_featur": "geology_surface_si5011" }, "geometry": { "type": "MultiPolygon", "coordinates": [ [ [ [ 117.477829571142593, -34.761433222851402 ], [ 117.477620011600877, -34.761745523805644 ], [ 117.474111054661492, -34.764157584503245 ], [ 117.473725024864322, -34.764331935493459 ], [ 117.470597815514338, -34.765164832475165 ], [ 117.469446126028487, -34.765556095124062 ], [ 117.468387076823319, -34.766042637730273 ], [ 117.467327038395979, -34.766892700806807 ], [ 117.466585788940051, -34.767220082582455 ], [ 117.465974339130867, -34.767367053877912 ], [ 117.464862019210557, -34.767507156060695 ], [ 117.458759249096872, -34.768000237604909 ], [ 117.457930258810464, -34.767942219018799 ], [ 117.457014588274163, -34.76777932046965 ], [ 117.455791557105272, -34.767360372190687 ], [ 117.457572164909152, -34.766206497653862 ], [ 117.45913984175823, -34.764620182917582 ], [ 117.460551010191878, -34.763755989255664 ], [ 117.461535309437934, -34.763302716857716 ], [ 117.464179738352414, -34.76250341086692 ], [ 117.464859217795777, -34.762164919141853 ], [ 117.465688356864561, -34.76163064686579 ], [ 117.466645245490184, -34.760867534022694 ], [ 117.467363264188393, -34.760162351692735 ], [ 117.469371488856169, -34.757356603919 ], [ 117.470137628038032, -34.756834551640132 ], [ 117.471256957829155, -34.756376068534834 ], [ 117.47185119792249, -34.756225737005451 ], [ 117.472543818252348, -34.75615737537391 ], [ 117.473054968730864, -34.756225524348523 ], [ 117.473364509344393, -34.756433553986071 ], [ 117.473479429958743, -34.756710214161338 ], [ 117.473517660715203, -34.757086704660729 ], [ 117.473396283977848, -34.758801187569304 ], [ 117.47348192452894, -34.759059637789711 ], [ 117.473709615035773, -34.759256097621098 ], [ 117.474069685457195, -34.759372707057253 ], [ 117.474531435766195, -34.759403196150053 ], [ 117.476905606707106, -34.75921111091305 ], [ 117.477393646997157, -34.759223149920089 ], [ 117.477639807318383, -34.759327919590021 ], [ 117.477794957686612, -34.759488249546649 ], [ 117.478149849337129, -34.760320110269447 ], [ 117.477829571142593, -34.761433222851402 ] ] ] ] } },
{ "type": "Feature", "properties": { "fid": 2602, "CODE": "P_ng", "JNCODE": "si5011; P_ng", "fme_featur": "geology_surface_si5011" }, "geometry": { "type": "MultiPolygon", "coordinates": [ [ [ [ 117.744314031754641, -34.737146790042949 ], [ 117.743957640908746, -34.737071479972762 ], [ 117.742535017551404, -34.736384719923919 ], [ 117.741007974265699, -34.735296950085406 ], [ 117.740788353838738, -34.735054060160927 ], [ 117.740726293736586, -34.734835850272255 ], [ 117.74077342385479, -34.734590750434499 ], [ 117.740944734209691, -34.734336840641582 ], [ 117.741346934989267, -34.73406321093394 ], [ 117.741920096061264, -34.733897681215517 ], [ 117.742649177412233, -34.733846661477997 ], [ 117.74323475851611, -34.733918271621462 ], [ 117.743717079477349, -34.73412261165312 ], [ 117.74517221269376, -34.735051931564506 ], [ 117.745661023785431, -34.735237541610758 ], [ 117.746621465913123, -34.735474181778173 ], [ 117.746846896500656, -34.73563950175275 ], [ 117.747015737035468, -34.73588163166373 ], [ 117.747046847325038, -34.736179731497501 ], [ 117.746938167277079, -34.736436061311061 ], [ 117.746655856860599, -34.736732921044464 ], [ 117.746301666198434, -34.736939570807913 ], [ 117.74580212513294, -34.737061980574097 ], [ 117.744932033176553, -34.737143680244465 ], [ 117.744314031754641, -34.737146790042949 ] ] ] ] } },
{ "type": "Feature", "properties": { "fid": 2608, "CODE": "P_gh", "JNCODE": "si5011; P_gh", "fme_featur": "geology_surface_si5011" }, "geometry": { "type": "MultiPolygon", "coordinates": [ [ [ [ 117.600559912624192, -34.761541858684446 ], [ 117.600434119073483, -34.760766777550451 ], [ 117.60049941662696, -34.7601812168202 ], [ 117.600785553658994, -34.759409836024595 ], [ 117.600097499324434, -34.758614704391938 ], [ 117.599552175357871, -34.757842842890511 ], [ 117.598803008738983, -34.756472840376247 ], [ 117.598387394010985, -34.755438438585642 ], [ 117.598149091932868, -34.754547579392494 ], [ 117.598165191961499, -34.754170250824252 ], [ 117.598451822223993, -34.753849092301067 ], [ 117.598912522628069, -34.753606153654225 ], [ 117.599743493343709, -34.753526504748578 ], [ 117.601000574428781, -34.753569915781952 ], [ 117.601624134981435, -34.753711485829378 ], [ 117.602267445582086, -34.754029185205681 ], [ 117.602737666055347, -34.75441608413847 ], [ 117.60315282651564, -34.754934492494854 ], [ 117.603481929389616, -34.755541463300247 ], [ 117.603936045153148, -34.756684685155946 ], [ 117.604106786183181, -34.756865835534107 ], [ 117.604442335656216, -34.756675725587492 ], [ 117.604771234009533, -34.75625296534681 ], [ 117.60532788853908, -34.754650975493995 ], [ 117.605553978710546, -34.75421580736073 ], [ 117.605882099058647, -34.753987328469186 ], [ 117.60624349951226, -34.754031658507358 ], [ 117.607202490801257, -34.754553776962496 ], [ 117.608403154256408, -34.75546518638356 ], [ 117.609177598125058, -34.756258387590087 ], [ 117.609575091194529, -34.756987188496055 ], [ 117.609572443127576, -34.757508819005238 ], [ 117.609282334731972, -34.757982559356904 ], [ 117.608765636214841, -34.758433289620164 ], [ 117.607697128762894, -34.759158300025739 ], [ 117.606908900322153, -34.759566320239209 ], [ 117.604757761796805, -34.760015760039245 ], [ 117.603357712078292, -34.760497539524067 ], [ 117.602707302995782, -34.760903829529525 ], [ 117.601587926704298, -34.762108260227649 ], [ 117.600895717354348, -34.762505870225347 ], [ 117.600559912624192, -34.761541858684446 ] ] ] ] } },
{ "type": "Feature", "properties": { "fid": 2619, "CODE": "P_gp", "JNCODE": "si5011; P_gp", "fme_featur": "geology_surface_si5011" }, "geometry": { "type": "MultiPolygon", "coordinates": [ [ [ [ 117.95382912595278, -34.753508183398907 ], [ 117.953700847831115, -34.753115883483112 ], [ 117.953666126171498, -34.751383133833961 ], [ 117.954229586390795, -34.75134758377235 ], [ 117.954598525946878, -34.751446303710807 ], [ 117.95493607456919, -34.751738343625163 ], [ 117.955089922852565, -34.752097503554516 ], [ 117.95511174010484, -34.752668413466928 ], [ 117.954972607628747, -34.753180113398187 ], [ 117.954675105153242, -34.753688933330942 ], [ 117.954200412969328, -34.754134213268046 ], [ 117.95382912595278, -34.753508183398907 ] ] ] ] } },
{ "type": "Feature", "properties": { "fid": 2643, "CODE": "P_gp", "JNCODE": "si5011; P_gp", "fme_featur": "geology_surface_si5011" }, "geometry": { "type": "MultiPolygon", "coordinates": [ [ [ [ 117.906067706047253, -34.771782578776453 ], [ 117.905327165041157, -34.771905815879187 ], [ 117.904340147697383, -34.771918614469755 ], [ 117.902947455563591, -34.771797974046315 ], [ 117.902608929042003, -34.771099323409253 ], [ 117.902625700798851, -34.770811113183647 ], [ 117.902752572191389, -34.770622543065294 ], [ 117.903058844100897, -34.770410932974734 ], [ 117.903482325899319, -34.770259762963413 ], [ 117.904757079630784, -34.770087273156498 ], [ 117.905227367034513, -34.770084104193778 ], [ 117.905697969744409, -34.770162906358713 ], [ 117.906483476768912, -34.770492949995592 ], [ 117.906712252381766, -34.770739981070768 ], [ 117.90678407028372, -34.770981261445506 ], [ 117.906680229205449, -34.771525411165584 ], [ 117.906067706047253, -34.771782578776453 ] ] ] ] } },
{ "type": "Feature", "properties": { "fid": 2653, "CODE": "P_ng", "JNCODE": "si5011; P_ng", "fme_featur": "geology_surface_si5011" }, "geometry": { "type": "MultiPolygon", "coordinates": [ [ [ [ 118.053969078132411, -34.763147766662158 ], [ 118.052246636157761, -34.763384636162066 ], [ 118.051175913356175, -34.763122901400862 ], [ 118.049867258641484, -34.762456667361811 ], [ 118.049201031290636, -34.761980770258198 ], [ 118.048849213187381, -34.761369221314808 ], [ 118.048748946558533, -34.76105278142871 ], [ 118.048701358289293, -34.760267560622772 ], [ 118.04888286268725, -34.759709078855771 ], [ 118.049332369024867, -34.758938605272618 ], [ 118.050100026090362, -34.758236229927576 ], [ 118.050438316112334, -34.758007057665274 ], [ 118.051342479497961, -34.757626341921373 ], [ 118.052032510329596, -34.757031467008957 ], [ 118.052486508085252, -34.756625943718412 ], [ 118.052579767231776, -34.756008302151145 ], [ 118.052365625276394, -34.755365842347551 ], [ 118.051604217684996, -34.754961336212432 ], [ 118.049891051726974, -34.754390275520819 ], [ 118.04824101308806, -34.753998104349641 ], [ 118.048084743258059, -34.75358457445676 ], [ 118.048083515779823, -34.752811162997389 ], [ 118.048082690800868, -34.752296362025859 ], [ 118.048439595720481, -34.751606308881129 ], [ 118.049319970483324, -34.751035233432717 ], [ 118.0507000293196, -34.751059026545533 ], [ 118.052722524547491, -34.751415936687856 ], [ 118.054364317099513, -34.752058378592743 ], [ 118.056101295736255, -34.752462883524835 ], [ 118.056862721729274, -34.752700822357149 ], [ 118.057624147746083, -34.752914981192134 ], [ 118.058433163572033, -34.753200509988616 ], [ 118.059920785875264, -34.753501377714869 ], [ 118.060622252494767, -34.753985726811742 ], [ 118.061098140402692, -34.754556796327655 ], [ 118.061191860440019, -34.755182056678997 ], [ 118.061028291618626, -34.755559287501541 ], [ 118.060553164042759, -34.75603435898433 ], [ 118.059599087871902, -34.75629381094285 ], [ 118.058623510347005, -34.757269394140501 ], [ 118.057647930880819, -34.758292567530695 ], [ 118.057076859305241, -34.759244350180261 ], [ 118.056857257464088, -34.759925541765703 ], [ 118.056402983321135, -34.761167644805568 ], [ 118.056210261910209, -34.761510075786475 ], [ 118.055327666853515, -34.76240637914583 ], [ 118.053969078132411, -34.763147766662158 ] ] ] ] } },
{ "type": "Feature", "properties": { "fid": 2662, "CODE": "P_gp", "JNCODE": "si5011; P_gp", "fme_featur": "geology_surface_si5011" }, "geometry": { "type": "MultiPolygon", "coordinates": [ [ [ [ 117.343032256406943, -34.764943995809404 ], [ 117.342609807033483, -34.764917836076947 ], [ 117.341907557628119, -34.764702176537909 ], [ 117.341350267813183, -34.76441940691781 ], [ 117.34062645777226, -34.763941197430277 ], [ 117.340211437411654, -34.763534907743797 ], [ 117.339892746800814, -34.763092318003508 ], [ 117.33983086629793, -34.76285697807252 ], [ 117.339939885221511, -34.762509808042054 ], [ 117.340233803780961, -34.762141957889305 ], [ 117.340527792784528, -34.761947097714163 ], [ 117.340904951841438, -34.761827437473428 ], [ 117.341740000449491, -34.761831896910557 ], [ 117.342615359863103, -34.762171256293854 ], [ 117.343020239828917, -34.762418076004934 ], [ 117.34329685003172, -34.762672675803017 ], [ 117.343467590546339, -34.762978275669447 ], [ 117.343712762300683, -34.763803925455228 ], [ 117.343800943164851, -34.764189405374076 ], [ 117.343786533867927, -34.764448575366934 ], [ 117.343625434770061, -34.764691515453386 ], [ 117.343312475798527, -34.764887585637339 ], [ 117.343032256406943, -34.764943995809404 ] ] ] ] } },
{ "type": "Feature", "properties": { "fid": 2668, "CODE": "P_gp", "JNCODE": "si5011; P_gp", "fme_featur": "geology_surface_si5011" }, "geometry": { "type": "MultiPolygon", "coordinates": [ [ [ [ 117.313677411433034, -34.779379980528986 ], [ 117.312577753474343, -34.779352261359904 ], [ 117.310819715803333, -34.778935202661827 ], [ 117.309708656837813, -34.778490843488363 ], [ 117.309420836780532, -34.778243873698806 ], [ 117.309273276370135, -34.777963553800205 ], [ 117.309247705691078, -34.777670333806142 ], [ 117.309363014633632, -34.777335573698139 ], [ 117.309721393119844, -34.777009723394201 ], [ 117.310236561597591, -34.776805402967156 ], [ 117.312274466796012, -34.776492081291345 ], [ 117.313112314607494, -34.776281840585575 ], [ 117.313569083100148, -34.77604556018246 ], [ 117.315002207772807, -34.775082628857241 ], [ 117.315482756303865, -34.774886298422032 ], [ 117.316657864010622, -34.774907907436592 ], [ 117.317973622068621, -34.775168806384137 ], [ 117.318794931146869, -34.775438865757927 ], [ 117.319171471330989, -34.775789745526446 ], [ 117.319261712124884, -34.776155215537649 ], [ 117.319209303128616, -34.776493515659553 ], [ 117.319050624271455, -34.776805775860417 ], [ 117.318727695615848, -34.777073286180915 ], [ 117.317050510260458, -34.777590077624843 ], [ 117.315915254333873, -34.778303668646515 ], [ 117.315075527674963, -34.778965379403829 ], [ 117.314694068927068, -34.779165569725933 ], [ 117.313677411433034, -34.779379980528986 ] ] ] ] } },
{ "type": "Feature", "properties": { "fid": 2675, "CODE": "P_gp", "JNCODE": "si5011; P_gp", "fme_featur": "geology_surface_si5011" }, "geometry": { "type": "MultiPolygon", "coordinates": [ [ [ [ 117.304078940081027, -34.780053546333178 ], [ 117.303726190139741, -34.780018516056295 ], [ 117.303232609625937, -34.779727055726667 ], [ 117.302418748294286, -34.779056895308464 ], [ 117.301835656971903, -34.778435355132693 ], [ 117.301451685704734, -34.777871185122763 ], [ 117.301281254636976, -34.777420145219139 ], [ 117.301289223454035, -34.776948395425151 ], [ 117.301504332468653, -34.776582375674465 ], [ 117.301828931800955, -34.776356295898225 ], [ 117.302242151322687, -34.776216426112107 ], [ 117.302814991023808, -34.776168356349629 ], [ 117.304518690985745, -34.776373386992276 ], [ 117.305119041137516, -34.776589667099756 ], [ 117.305511631421538, -34.777026696772182 ], [ 117.305655752130576, -34.777436186648906 ], [ 117.305702793532632, -34.778052856600461 ], [ 117.305630365134277, -34.77865613664558 ], [ 117.305464376498506, -34.779087516764122 ], [ 117.305054368459054, -34.7795731570627 ], [ 117.304586099468949, -34.779886406752439 ], [ 117.304078940081027, -34.780053546333178 ] ] ] ] } },
{ "type": "Feature", "properties": { "fid": 2678, "CODE": "P_gp", "JNCODE": "si5011; P_gp", "fme_featur": "geology_surface_si5011" }, "geometry": { "type": "MultiPolygon", "coordinates": [ [ [ [ 117.325381849838223, -34.78802364727558 ], [ 117.32489994973163, -34.787890827294405 ], [ 117.324292098901864, -34.787453487299075 ], [ 117.3239313778558, -34.786981227283256 ], [ 117.323872076786074, -34.786554627257217 ], [ 117.323949216165246, -34.786326037240975 ], [ 117.324136625431592, -34.786071167222509 ], [ 117.324681944220927, -34.785686317196898 ], [ 117.325205793704797, -34.785567627189963 ], [ 117.325848763525784, -34.785600847189379 ], [ 117.32627945373747, -34.785755997190741 ], [ 117.326570584300626, -34.786030267192125 ], [ 117.326718045196401, -34.786415297193706 ], [ 117.326703796403962, -34.786898077198032 ], [ 117.326510427588673, -34.787338487209119 ], [ 117.326223118505538, -34.787652137225656 ], [ 117.325768039436468, -34.787937517253404 ], [ 117.325381849838223, -34.78802364727558 ] ] ] ] } },
{ "type": "Feature", "properties": { "fid": 2679, "CODE": "P_gp", "JNCODE": "si5011; P_gp", "fme_featur": "geology_surface_si5011" }, "geometry": { "type": "MultiPolygon", "coordinates": [ [ [ [ 117.31661966846076, -34.788321139244609 ], [ 117.315813102429757, -34.789484759558057 ], [ 117.315425453948293, -34.789898989687927 ], [ 117.314761695716598, -34.79026608991424 ], [ 117.31405648686507, -34.790343110176792 ], [ 117.31360237724472, -34.790227970372534 ], [ 117.313299837162617, -34.789991890536641 ], [ 117.313130776696127, -34.789659010672288 ], [ 117.313097015800977, -34.789212820777536 ], [ 117.313175154539124, -34.788672330851185 ], [ 117.313353723334345, -34.788235400851093 ], [ 117.314189859506556, -34.787089080611757 ], [ 117.31488274565865, -34.785892910368815 ], [ 117.315266164062137, -34.785488810174044 ], [ 117.31618869109937, -34.784936419609821 ], [ 117.316539120236854, -34.784850769364496 ], [ 117.316876279615485, -34.784848319142746 ], [ 117.317205579227647, -34.78492941894249 ], [ 117.317468549179424, -34.785100078783337 ], [ 117.317659759435912, -34.785342298665363 ], [ 117.317795830131686, -34.785718188590579 ], [ 117.31777221201142, -34.786453958627256 ], [ 117.317417054833342, -34.787352068844406 ], [ 117.31661966846076, -34.788321139244609 ] ] ] ] } },
{ "type": "Feature", "properties": { "fid": 2681, "CODE": "P_gp", "JNCODE": "si5011; P_gp", "fme_featur": "geology_surface_si5011" }, "geometry": { "type": "MultiPolygon", "coordinates": [ [ [ [ 117.273196811569008, -34.775324783092465 ], [ 117.272405640604674, -34.775170121993369 ], [ 117.272090359880906, -34.775003561687583 ], [ 117.271935698582453, -34.774626001929946 ], [ 117.27184646654041, -34.774004182598794 ], [ 117.271941645199846, -34.773558033383104 ], [ 117.272304504667659, -34.773290344484145 ], [ 117.273202754377493, -34.772933436878397 ], [ 117.274231514387765, -34.772608539614964 ], [ 117.274862424854291, -34.772558671072439 ], [ 117.275255045810042, -34.772909640660863 ], [ 117.275516786692833, -34.773290349868397 ], [ 117.275653607955903, -34.773778138908533 ], [ 117.27568929968271, -34.774408697705212 ], [ 117.275558430859661, -34.774801306992202 ], [ 117.2751241818751, -34.775063046595015 ], [ 117.273196811569008, -34.775324783092465 ] ] ] ] } },
{ "type": "Feature", "properties": { "fid": 2683, "CODE": "P_ng", "JNCODE": "si5011; P_ng", "fme_featur": "geology_surface_si5011" }, "geometry": { "type": "MultiPolygon", "coordinates": [ [ [ [ 118.047040704137842, -34.751209745231137 ], [ 118.046600512831233, -34.751090767189076 ], [ 118.046108510908041, -34.750839749070494 ], [ 118.046069981212554, -34.75079498915612 ], [ 118.045949059925491, -34.750479819001676 ], [ 118.045929797486266, -34.75025427855519 ], [ 118.045924886863176, -34.750196838441248 ], [ 118.045927436641321, -34.750183678397484 ], [ 118.045910460539076, -34.74967498725794 ], [ 118.046195988735576, -34.749199094805967 ], [ 118.0466480654527, -34.748842171937 ], [ 118.047540347665347, -34.748818377870982 ], [ 118.047980541371786, -34.749056316347968 ], [ 118.04834935757053, -34.74943703536713 ], [ 118.048807793204915, -34.750013644235466 ], [ 118.04887283433726, -34.750305534424676 ], [ 118.048718180632605, -34.750638665756078 ], [ 118.048361271973931, -34.751007478187596 ], [ 118.047671239681264, -34.751209742044843 ], [ 118.047040704137842, -34.751209745231137 ] ] ] ] } },
{ "type": "Feature", "properties": { "fid": 2688, "CODE": "P_ng", "JNCODE": "si5011; P_ng", "fme_featur": "geology_surface_si5011" }, "geometry": { "type": "MultiPolygon", "coordinates": [ [ [ [ 117.453765349065876, -34.759320548613431 ], [ 117.458671769596918, -34.759133267329048 ], [ 117.458482311023104, -34.759805748488716 ], [ 117.458321561702448, -34.76013425918579 ], [ 117.457914992819596, -34.760690470620354 ], [ 117.457234724274514, -34.761429262780631 ], [ 117.456499335312259, -34.76198180481493 ], [ 117.455599645437971, -34.762139346703279 ], [ 117.454971875270942, -34.762123877950998 ], [ 117.454324775256893, -34.7620187702354 ], [ 117.453659345014927, -34.761821292429808 ], [ 117.453179964612559, -34.76159222384625 ], [ 117.452540363679674, -34.761142365428228 ], [ 117.451968822476886, -34.760616126520738 ], [ 117.451522431272011, -34.760120207128175 ], [ 117.45112533983, -34.759554027347967 ], [ 117.453765349065876, -34.759320548613431 ] ] ] ] } },
{ "type": "Feature", "properties": { "fid": 2696, "CODE": "P_ng", "JNCODE": "si5011; P_ng", "fme_featur": "geology_surface_si5011" }, "geometry": { "type": "MultiPolygon", "coordinates": [ [ [ [ 118.304637874938848, -34.821247512367655 ], [ 118.304911415966657, -34.821515612479232 ], [ 118.305015406743706, -34.821736502533561 ], [ 118.304976857454676, -34.821961402555822 ], [ 118.304680298285774, -34.82226610254893 ], [ 118.304002339518448, -34.822754582553557 ], [ 118.302844011043263, -34.823403232652431 ], [ 118.298848862274497, -34.824378743210048 ], [ 118.295051651969302, -34.82483604393817 ], [ 118.293332152861041, -34.825501808736469 ], [ 118.292762643885993, -34.825928806912067 ], [ 118.29228344518917, -34.826411255303562 ], [ 118.291342160410167, -34.828103951770792 ], [ 118.290850492421768, -34.828779609563327 ], [ 118.290273183845812, -34.82930480678889 ], [ 118.289746844420861, -34.829578124189304 ], [ 118.289238274041864, -34.82957951174992 ], [ 118.288081532310798, -34.829341236427062 ], [ 118.287643211151391, -34.82911213460288 ], [ 118.287190409405028, -34.828724912964546 ], [ 118.286802667331813, -34.82823531185592 ], [ 118.286321673630269, -34.827319791094631 ], [ 118.285810897614411, -34.825780201502454 ], [ 118.285235843691012, -34.824836551107687 ], [ 118.285745152092105, -34.824279673736697 ], [ 118.286024440585393, -34.823799915378096 ], [ 118.286290677994529, -34.823023527340723 ], [ 118.286738772032606, -34.821270220963029 ], [ 118.286709320182425, -34.820767321578231 ], [ 118.286222392711025, -34.818835413448333 ], [ 118.286180640654635, -34.81828084422515 ], [ 118.286237919238445, -34.817875914910999 ], [ 118.286403048086399, -34.817514245641888 ], [ 118.28676974702789, -34.817122656584779 ], [ 118.287341666341874, -34.816775887574167 ], [ 118.287858906246896, -34.81660625822029 ], [ 118.28879197684104, -34.816511419098248 ], [ 118.290205428445105, -34.816563710267609 ], [ 118.291014879673781, -34.816681510952769 ], [ 118.291742801316104, -34.816940581643827 ], [ 118.292806634916701, -34.817664813028578 ], [ 118.294981693606047, -34.81955468778154 ], [ 118.29723655027108, -34.821104370253501 ], [ 118.297784611637425, -34.821413940678504 ], [ 118.298260622524921, -34.821596500948253 ], [ 118.299130623470433, -34.821732791250227 ], [ 118.299925583884686, -34.821724981418384 ], [ 118.301700133671645, -34.821365151636883 ], [ 118.302844202572771, -34.820837541742094 ], [ 118.304178923828999, -34.820987572188095 ], [ 118.304637874938848, -34.821247512367655 ] ] ] ] } },
{ "type": "Feature", "properties": { "fid": 2705, "CODE": "P_gp", "JNCODE": "si5011; P_gp", "fme_featur": "geology_surface_si5011" }, "geometry": { "type": "MultiPolygon", "coordinates": [ [ [ [ 118.161202560742623, -34.783960633236411 ], [ 118.161696202200162, -34.783896033086862 ], [ 118.162437193843104, -34.783689083040052 ], [ 118.162909625566328, -34.783691202807766 ], [ 118.163371688117735, -34.783867922299734 ], [ 118.164426744937074, -34.784479660755764 ], [ 118.165062538364495, -34.784714660016853 ], [ 118.165891491900155, -34.784832679357841 ], [ 118.16622454298296, -34.784810639213205 ], [ 118.16657601370008, -34.784698709220727 ], [ 118.16676392355825, -34.784529079425113 ], [ 118.166835962565031, -34.784268069859529 ], [ 118.166719859252169, -34.783664981008307 ], [ 118.166533416826312, -34.783301151751083 ], [ 118.165739640972447, -34.782690193185076 ], [ 118.16439003266477, -34.782007954897502 ], [ 118.164133640646952, -34.781791095354855 ], [ 118.164053539522598, -34.78162332566118 ], [ 118.164120279057954, -34.781478525876153 ], [ 118.164374309522984, -34.78138028594983 ], [ 118.165621284111793, -34.781366065539764 ], [ 118.166173276575165, -34.781449175200478 ], [ 118.167407733366403, -34.78190731391966 ], [ 118.168495718531204, -34.78214657304968 ], [ 118.172359604107115, -34.782430080922261 ], [ 118.173438669007552, -34.782636340025483 ], [ 118.173861001588193, -34.782866949333815 ], [ 118.174225285147628, -34.783367728049818 ], [ 118.174593530951967, -34.784376575589789 ], [ 118.17465840411441, -34.785051004335742 ], [ 118.174435795759649, -34.785730946196956 ], [ 118.173756926269149, -34.786580098821396 ], [ 118.172554345302487, -34.787623452433692 ], [ 118.172218474612421, -34.787803943173792 ], [ 118.171882553572729, -34.78788286364496 ], [ 118.170750399097727, -34.787857394440884 ], [ 118.168386148782432, -34.787465435079987 ], [ 118.167618545658129, -34.787401945452771 ], [ 118.166890293097808, -34.787484366240378 ], [ 118.164476515227122, -34.78804200983852 ], [ 118.163572661820993, -34.788091030704145 ], [ 118.162412846835736, -34.787889370923594 ], [ 118.16109883105041, -34.787567140804107 ], [ 118.160471738172404, -34.787340470467768 ], [ 118.159408422480311, -34.786808549105679 ], [ 118.158853939629893, -34.78670030891498 ], [ 118.158191346622218, -34.786772299392148 ], [ 118.156513789619908, -34.787279801653668 ], [ 118.155812386343314, -34.787314991983038 ], [ 118.155395244096638, -34.787178521665552 ], [ 118.155202842641131, -34.786892460799116 ], [ 118.155221372255824, -34.786641239979019 ], [ 118.155499502385197, -34.786011077827808 ], [ 118.155582332042158, -34.785622796527413 ], [ 118.155548961025744, -34.785169055060997 ], [ 118.155388599081533, -34.784844554662847 ], [ 118.15502129546519, -34.784532865089012 ], [ 118.151897246938958, -34.782474667367389 ], [ 118.151576762936315, -34.782121357580642 ], [ 118.151509620312481, -34.781779987738332 ], [ 118.15180431906397, -34.781354977908826 ], [ 118.152418889145338, -34.780859728145792 ], [ 118.153553960676248, -34.780118528650988 ], [ 118.154159772369809, -34.779844628909643 ], [ 118.154763225613237, -34.779818399005791 ], [ 118.15549310098757, -34.780029828910109 ], [ 118.156997391049714, -34.780317598758799 ], [ 118.159004895368753, -34.780915638125137 ], [ 118.159664600939323, -34.781297327603014 ], [ 118.159845013065436, -34.781521827283093 ], [ 118.159924575067905, -34.781829036847576 ], [ 118.159878966014489, -34.78205982653035 ], [ 118.159579367771684, -34.782699695698668 ], [ 118.159662020087097, -34.783064665181861 ], [ 118.159966333605496, -34.783450664564981 ], [ 118.16043146720402, -34.78381292383434 ], [ 118.160747348907051, -34.783923013518937 ], [ 118.161202560742623, -34.783960633236411 ] ] ] ] } },
{ "type": "Feature", "properties": { "fid": 2715, "CODE": "P_ng", "JNCODE": "si5011; P_ng", "fme_featur": "geology_surface_si5011" }, "geometry": { "type": "MultiPolygon", "coordinates": [ [ [ [ 118.294843740575658, -34.868504713555467 ], [ 118.29645058225077, -34.870140041758418 ], [ 118.297125552795066, -34.870833661160965 ], [ 118.297791242849641, -34.871326801011669 ], [ 118.298745112466392, -34.871857241218763 ], [ 118.30110157069285, -34.872981872489639 ], [ 118.301570470051985, -34.873061293004149 ], [ 118.301947109381345, -34.873018153558064 ], [ 118.30238074847361, -34.872863384317782 ], [ 118.303154416717547, -34.872443195794929 ], [ 118.303530646037075, -34.87235933635673 ], [ 118.304304204880225, -34.872385287294158 ], [ 118.304677844512526, -34.872581747576248 ], [ 118.30567771399015, -34.873706917924338 ], [ 118.306080513832697, -34.874313288020716 ], [ 118.306211004027247, -34.874812397834766 ], [ 118.306392826371749, -34.876244406739239 ], [ 118.306584407121605, -34.876786146478665 ], [ 118.308097637038514, -34.878035997289189 ], [ 118.308630637300823, -34.878594797385261 ], [ 118.308900677663203, -34.878980887301964 ], [ 118.308994558262185, -34.879335887015699 ], [ 118.309021070434525, -34.880374775852147 ], [ 118.309180802484846, -34.881453414792702 ], [ 118.30879675294166, -34.881384304428849 ], [ 118.308116443498506, -34.881138463911704 ], [ 118.307298833780294, -34.880644843470186 ], [ 118.30648295370635, -34.879958293173118 ], [ 118.304317433179506, -34.877835962307508 ], [ 118.303817673335772, -34.877461461931254 ], [ 118.303241873794846, -34.877167761359459 ], [ 118.30252301468218, -34.876960280496512 ], [ 118.301233506700441, -34.876808468754597 ], [ 118.299260810146791, -34.876768115937466 ], [ 118.296924144437639, -34.876845882536841 ], [ 118.296413825522492, -34.87695876176133 ], [ 118.295802407002441, -34.877215850800553 ], [ 118.293229041895955, -34.878532558916262 ], [ 118.291873874371888, -34.879401458371646 ], [ 118.290821266581716, -34.880258887895401 ], [ 118.2896122894157, -34.881429497293695 ], [ 118.28890255136524, -34.882298506887416 ], [ 118.287202826632424, -34.884750445804841 ], [ 118.285991750907272, -34.886816884938625 ], [ 118.285417722644155, -34.887603864583504 ], [ 118.284885243925544, -34.88811886431612 ], [ 118.28449212471169, -34.888395084148968 ], [ 118.284077895426307, -34.888612443994212 ], [ 118.283437486353961, -34.888833753788234 ], [ 118.282599177320492, -34.888963893564998 ], [ 118.281813018034214, -34.888962493391602 ], [ 118.278821499998969, -34.888510132814211 ], [ 118.274808552162668, -34.887679102496541 ], [ 118.270518293903521, -34.886469833431555 ], [ 118.267222835858121, -34.885939354254226 ], [ 118.265527997129055, -34.885830574514337 ], [ 118.26397933837967, -34.885879632024803 ], [ 118.262467649832232, -34.886092258138376 ], [ 118.261188841320816, -34.886392054744107 ], [ 118.258836544686574, -34.887189098496954 ], [ 118.257386827209245, -34.887835924758207 ], [ 118.256446719072343, -34.888330612411053 ], [ 118.255536871082541, -34.88887701021536 ], [ 118.254216014424941, -34.889805177204202 ], [ 118.252079440964039, -34.891650122315689 ], [ 118.250913454955693, -34.892847989459909 ], [ 118.250248097447653, -34.893628697744852 ], [ 118.249697190111959, -34.894386005648578 ], [ 118.249265542743686, -34.89513754357931 ], [ 118.248828426368917, -34.89633226126211 ], [ 118.24870624856419, -34.89718210032423 ], [ 118.248805240298665, -34.898004090199478 ], [ 118.248976150851647, -34.898366610592291 ], [ 118.246678745292954, -34.898617702339493 ], [ 118.245205607874851, -34.898671307121361 ], [ 118.243213031008708, -34.89856604013071 ], [ 118.24228867219442, -34.898366206920649 ], [ 118.242078692292779, -34.898225296213155 ], [ 118.241943702177394, -34.898035195781517 ], [ 118.241871831397901, -34.897537235647398 ], [ 118.242032170161863, -34.897014576353087 ], [ 118.242565357816133, -34.896270208482832 ], [ 118.242639947211984, -34.896021038824721 ], [ 118.242473386876185, -34.895672808311218 ], [ 118.242115717162292, -34.89545902705234 ], [ 118.241609338370097, -34.895593005156485 ], [ 118.240391281944454, -34.896331590552421 ], [ 118.239922913138571, -34.89652880881841 ], [ 118.239409264176345, -34.896588206946532 ], [ 118.238974674647878, -34.896386555390599 ], [ 118.238750984567773, -34.896075814605005 ], [ 118.238743303947047, -34.895674724613059 ], [ 118.239011572736132, -34.895236395643344 ], [ 118.239662200665933, -34.894741878113379 ], [ 118.239949309524249, -34.89439620923249 ], [ 118.24003148857966, -34.893930809610829 ], [ 118.239884197978327, -34.893391389136134 ], [ 118.239714887964368, -34.893171858525548 ], [ 118.239385748244018, -34.892923717306573 ], [ 118.237651350555083, -34.892040720734556 ], [ 118.23646643190294, -34.891182616152378 ], [ 118.235764782574066, -34.890529483383581 ], [ 118.234821102885903, -34.889460499324514 ], [ 118.232641282128697, -34.887432029089844 ], [ 118.23185092162349, -34.886589695116577 ], [ 118.231613601224467, -34.886205913794761 ], [ 118.231478830734687, -34.885847382920417 ], [ 118.231296488856302, -34.884711801172664 ], [ 118.231366408078003, -34.884343121168797 ], [ 118.231534947090239, -34.883929981571015 ], [ 118.232180504402919, -34.882928533667325 ], [ 118.233644102574829, -34.882948710316832 ], [ 118.235544469241347, -34.88286180869229 ], [ 118.236423236616119, -34.882721842291367 ], [ 118.23665672581447, -34.882630883222241 ], [ 118.236846484997542, -34.882471113937605 ], [ 118.236928244164602, -34.882151164123741 ], [ 118.23681705360319, -34.881697623433745 ], [ 118.235720793591312, -34.880061217954363 ], [ 118.235282473206183, -34.879169685603777 ], [ 118.235150332552848, -34.87860107472715 ], [ 118.235218731085141, -34.877904724644324 ], [ 118.236125106240877, -34.876742097973157 ], [ 118.236981182063161, -34.875904671305044 ], [ 118.237617719281445, -34.875473723901045 ], [ 118.238581645513634, -34.875070937974264 ], [ 118.239711601267217, -34.874827513071061 ], [ 118.24101597700988, -34.874760608878688 ], [ 118.242258393556227, -34.874870274280241 ], [ 118.243324861244702, -34.875254238995034 ], [ 118.24375049986304, -34.875224070865904 ], [ 118.244066098566194, -34.875082962222187 ], [ 118.244394386404238, -34.874695693807759 ], [ 118.244630102941898, -34.873828215307498 ], [ 118.244622441688747, -34.873424045489507 ], [ 118.244383069697335, -34.872575614920578 ], [ 118.244315537956311, -34.871968354968317 ], [ 118.244365825793778, -34.871333115529872 ], [ 118.24457466409477, -34.870977596593811 ], [ 118.245291880691909, -34.870508209806125 ], [ 118.247000654363873, -34.869909037085684 ], [ 118.251641971116726, -34.867590947500538 ], [ 118.252401793363418, -34.868351420735038 ], [ 118.252550144415636, -34.868751711230288 ], [ 118.252434005257328, -34.869109290532379 ], [ 118.251905956895726, -34.869837377843602 ], [ 118.251833557544359, -34.870103677416587 ], [ 118.251862108201337, -34.870360987440847 ], [ 118.252019428797794, -34.870580998040083 ], [ 118.252253069167494, -34.870704219005241 ], [ 118.252921549465441, -34.870755221886185 ], [ 118.253575719245916, -34.870594384823974 ], [ 118.254228228731392, -34.870302547867951 ], [ 118.257306875575154, -34.868422923360214 ], [ 118.258992534557308, -34.867578372193535 ], [ 118.260201304225149, -34.867115338538071 ], [ 118.262293114183265, -34.866508789512665 ], [ 118.262354744642579, -34.866744899424774 ], [ 118.262707195555933, -34.867153440437015 ], [ 118.264299618015997, -34.868148176174643 ], [ 118.265445079962689, -34.869301346404121 ], [ 118.265749330113721, -34.869498495455971 ], [ 118.266054430089611, -34.869588224716608 ], [ 118.266762269630249, -34.869540973473256 ], [ 118.268070108175621, -34.869040261821517 ], [ 118.268739407573392, -34.868866090793631 ], [ 118.271454765761746, -34.86855299587198 ], [ 118.271852765446738, -34.868464615184983 ], [ 118.272118745125383, -34.868319054821583 ], [ 118.272191094929241, -34.868195364817787 ], [ 118.272180944750829, -34.868054305000484 ], [ 118.271950784453168, -34.867743295836725 ], [ 118.269622922705892, -34.865746033545562 ], [ 118.270278332334257, -34.86565442216078 ], [ 118.271781451720656, -34.865610168736211 ], [ 118.272927951937561, -34.866114115541016 ], [ 118.273459291937073, -34.866280434171678 ], [ 118.274365641644579, -34.866336882087154 ], [ 118.27597781082477, -34.866182008592737 ], [ 118.276422210831484, -34.866345517480461 ], [ 118.276777120991653, -34.866622006511093 ], [ 118.276995811337613, -34.867024605782632 ], [ 118.277000581601939, -34.867270445622168 ], [ 118.276915881939587, -34.867546595631573 ], [ 118.276490512818853, -34.868166716111546 ], [ 118.275515814442571, -34.869169847313621 ], [ 118.275328914955168, -34.869527277387455 ], [ 118.275320015325661, -34.869842837152184 ], [ 118.275412385631569, -34.870152446737634 ], [ 118.27560033578284, -34.870378006224342 ], [ 118.275896365763586, -34.870512955596695 ], [ 118.276352145430607, -34.870454294829834 ], [ 118.277679603868236, -34.86970787287035 ], [ 118.27890319300802, -34.869521950668044 ], [ 118.279559422467713, -34.869332059495271 ], [ 118.28005470188441, -34.869034468759487 ], [ 118.280606600628943, -34.868529989445499 ], [ 118.281040039708444, -34.868229879992761 ], [ 118.282098277553729, -34.867664331371863 ], [ 118.282816356135044, -34.867367012336594 ], [ 118.283205405466248, -34.867299962818791 ], [ 118.283560534962817, -34.867326813202894 ], [ 118.284785083666989, -34.867731454246247 ], [ 118.285137213513266, -34.86799260439583 ], [ 118.28533320364221, -34.868284324336372 ], [ 118.285414014031929, -34.868638824092336 ], [ 118.285384324750652, -34.869115223626693 ], [ 118.285300795214653, -34.869363373324987 ], [ 118.285079845980377, -34.869701452831322 ], [ 118.284061288500425, -34.870616751273914 ], [ 118.283880269135892, -34.870938300903326 ], [ 118.283820609546822, -34.871202980668507 ], [ 118.283899369871449, -34.871525670482534 ], [ 118.284109329953395, -34.871771160427045 ], [ 118.284375719860307, -34.87192492046448 ], [ 118.284805829497429, -34.872007040645073 ], [ 118.285523248589485, -34.871923241133487 ], [ 118.28728925539815, -34.871143793052923 ], [ 118.28788534443504, -34.870983573650101 ], [ 118.288409293727312, -34.870933144078158 ], [ 118.288737233394684, -34.870967254262808 ], [ 118.289071433208221, -34.871088124331415 ], [ 118.289965313393679, -34.871767023946568 ], [ 118.290582363284216, -34.872076193841565 ], [ 118.291085712866206, -34.87214461401593 ], [ 118.29131754248084, -34.872075914256371 ], [ 118.291492302015357, -34.871935804585632 ], [ 118.291589821483427, -34.871720314999543 ], [ 118.291597030914531, -34.871435555476396 ], [ 118.291393359897384, -34.870794406394374 ], [ 118.290921099096764, -34.870077157188085 ], [ 118.289695178099933, -34.868660958232269 ], [ 118.289437177558668, -34.868154688690865 ], [ 118.289256356806618, -34.86758067929609 ], [ 118.289158945847092, -34.866951170050001 ], [ 118.289227114857894, -34.866448960821245 ], [ 118.289556653244119, -34.865839622091059 ], [ 118.289980491861954, -34.865463853196886 ], [ 118.290396210869531, -34.865304934000541 ], [ 118.291020509595484, -34.865190335039955 ], [ 118.291603948813815, -34.865296705672407 ], [ 118.292674558433404, -34.865988675905975 ], [ 118.293866278713935, -34.867012575467967 ], [ 118.294843740575658, -34.868504713555467 ] ] ] ] } },
{ "type": "Feature", "properties": { "fid": 2721, "CODE": "P_gp", "JNCODE": "si5011; P_gp", "fme_featur": "geology_surface_si5011" }, "geometry": { "type": "MultiPolygon", "coordinates": [ [ [ [ 118.449525433839128, -34.905623873097134 ], [ 118.450281153476396, -34.905534053811117 ], [ 118.451391763257547, -34.904920883289954 ], [ 118.451997283849849, -34.904731652704164 ], [ 118.453093784158355, -34.904561782822093 ], [ 118.454163503552806, -34.904589004313173 ], [ 118.455168173932037, -34.904424074295314 ], [ 118.455476784356392, -34.904313743833285 ], [ 118.456480586797923, -34.903758510773514 ], [ 118.456935717350163, -34.90362111022143 ], [ 118.457401667241385, -34.903611590656894 ], [ 118.458040465984539, -34.903807272885906 ], [ 118.459295551273755, -34.904588700520691 ], [ 118.461559748171112, -34.906285050036438 ], [ 118.462289717897804, -34.906631561885021 ], [ 118.463749717355057, -34.907169165164653 ], [ 118.464376747125186, -34.907497106840495 ], [ 118.46676314627851, -34.909347094886563 ], [ 118.46766404596373, -34.909896067523896 ], [ 118.468377525712484, -34.910181999206316 ], [ 118.470742474880879, -34.910862114057267 ], [ 118.47350624394825, -34.912141561088553 ], [ 118.474656633556393, -34.912458423425321 ], [ 118.476627713045843, -34.91281953687362 ], [ 118.477567652832903, -34.913168419007071 ], [ 118.478033652738716, -34.913497330501158 ], [ 118.478963592567013, -34.914340214007517 ], [ 118.479904232416658, -34.915427348217129 ], [ 118.482179382017947, -34.917232206116381 ], [ 118.484365631610871, -34.918377092076909 ], [ 118.486334501226906, -34.919062116484291 ], [ 118.486970451114573, -34.919377298175576 ], [ 118.487380231067561, -34.919821649948581 ], [ 118.487674740997988, -34.920683002676235 ], [ 118.487715690974724, -34.921160824024447 ], [ 118.487629890957081, -34.922376667214252 ], [ 118.487672960919468, -34.923332239861502 ], [ 118.487609440923094, -34.923656710660865 ], [ 118.487430310953002, -34.923903291101269 ], [ 118.487052621022087, -34.924200081424132 ], [ 118.486042301219044, -34.924543801064921 ], [ 118.485343601349143, -34.924901581140013 ], [ 118.483257621711132, -34.926300562246517 ], [ 118.481660571957931, -34.92766822387874 ], [ 118.480300752138177, -34.929128046050494 ], [ 118.480015362165787, -34.92957773688962 ], [ 118.479903552156074, -34.930097268140564 ], [ 118.480058412096767, -34.930622149751748 ], [ 118.480583031957394, -34.93139291250543 ], [ 118.48063563192828, -34.931743273515949 ], [ 118.480589371914093, -34.932140614524087 ], [ 118.480290971927886, -34.932823525970633 ], [ 118.479926211913792, -34.93414747905117 ], [ 118.479635911924234, -34.93479650041369 ], [ 118.479217423867013, -34.935339590458696 ], [ 118.478881955315032, -34.935601920080664 ], [ 118.478518916272179, -34.935772259644139 ], [ 118.477778806931227, -34.935877618696331 ], [ 118.476957966570509, -34.935787927596046 ], [ 118.4740129029652, -34.934845223114749 ], [ 118.472321103462789, -34.934386409593593 ], [ 118.468487004575351, -34.933704672583261 ], [ 118.466329835227242, -34.933161618227857 ], [ 118.46483825565663, -34.933017135829203 ], [ 118.464225645843939, -34.932868254609254 ], [ 118.463931345948055, -34.932679923716819 ], [ 118.463752926040925, -34.932316732522224 ], [ 118.463831806242382, -34.930431997680529 ], [ 118.463768936330368, -34.929843946052408 ], [ 118.463673566393211, -34.929547355146063 ], [ 118.46342867649274, -34.929310044195468 ], [ 118.462148556950396, -34.928629240699678 ], [ 118.46153554720199, -34.928064928404567 ], [ 118.460164697845201, -34.926265741879476 ], [ 118.459496778282158, -34.924924017476258 ], [ 118.459308908394661, -34.924666366549815 ], [ 118.459133208484232, -34.924543005990294 ], [ 118.458773968648131, -34.92443444522106 ], [ 118.457134189341147, -34.924347422775384 ], [ 118.455598320014388, -34.924109910081675 ], [ 118.452468671312957, -34.92413422591256 ], [ 118.451835051585206, -34.924081164919137 ], [ 118.451431191773139, -34.923960194062012 ], [ 118.451231011892801, -34.923740553226821 ], [ 118.451139261988359, -34.923393392210478 ], [ 118.451084232461824, -34.920667095128849 ], [ 118.450971752623218, -34.919975653200567 ], [ 118.45077564273079, -34.919345821259775 ], [ 118.450504342867916, -34.918830199524741 ], [ 118.450164043032771, -34.918401357930748 ], [ 118.448146024010327, -34.916341409790448 ], [ 118.447355254396086, -34.915651486922734 ], [ 118.446807114657375, -34.915338935376582 ], [ 118.443781828085534, -34.914604632130995 ], [ 118.442454980360097, -34.914104441394798 ], [ 118.441404324535299, -34.913578582830432 ], [ 118.440041987485401, -34.912736681786818 ], [ 118.438627100846659, -34.911720020603028 ], [ 118.437887107822618, -34.911043914803962 ], [ 118.437605987020348, -34.910598302431858 ], [ 118.437546207343289, -34.910192861574011 ], [ 118.43772986902394, -34.909712352178012 ], [ 118.438074751359736, -34.909305483843319 ], [ 118.439377189275305, -34.908098000131851 ], [ 118.440691886295042, -34.907228466469796 ], [ 118.443219368271869, -34.906079378574553 ], [ 118.443632620151007, -34.905794370214579 ], [ 118.443784120858624, -34.905589910564842 ], [ 118.443810161066935, -34.905262379922263 ], [ 118.443604680550905, -34.904926267801741 ], [ 118.442050838911754, -34.903794623308819 ], [ 118.441646729217865, -34.903337548830336 ], [ 118.441558339969561, -34.90307584700642 ], [ 118.441583801468525, -34.902743235363722 ], [ 118.441752853320722, -34.902458824646125 ], [ 118.441984914838898, -34.90231075493184 ], [ 118.442468247061115, -34.902225396704964 ], [ 118.443168479612453, -34.902262780159049 ], [ 118.443960622089193, -34.902408614700946 ], [ 118.444621383742202, -34.902638659204037 ], [ 118.445659892584302, -34.903271195683821 ], [ 118.446541729190272, -34.904037501541687 ], [ 118.447582085740677, -34.90476475750274 ], [ 118.448583474308677, -34.90533437114037 ], [ 118.44908790405475, -34.90554174232701 ], [ 118.449525433839128, -34.905623873097134 ] ] ] ] } },
{ "type": "Feature", "properties": { "fid": 2722, "CODE": "P_gp", "JNCODE": "si5011; P_gp", "fme_featur": "geology_surface_si5011" }, "geometry": { "type": "MultiPolygon", "coordinates": [ [ [ [ 118.211829667673413, -34.923737381698068 ], [ 118.213375465403814, -34.9250270794317 ], [ 118.212095647687377, -34.925959065914107 ], [ 118.211287039140586, -34.926692903906684 ], [ 118.210819040003898, -34.92727955298168 ], [ 118.210581700472474, -34.927761752781137 ], [ 118.210485760700394, -34.92817404301541 ], [ 118.210430631086524, -34.929827865204054 ], [ 118.210233231585022, -34.930893086003458 ], [ 118.209892922266974, -34.931784316013641 ], [ 118.208930054048565, -34.933671865133462 ], [ 118.208764274370779, -34.934128865175978 ], [ 118.208709704514291, -34.934522905545002 ], [ 118.20874074450353, -34.934752445996125 ], [ 118.208878294401217, -34.935051747093212 ], [ 118.209488214136243, -34.935699531631506 ], [ 118.209691004129482, -34.936000913386984 ], [ 118.209844094295605, -34.936403445282942 ], [ 118.210275695331617, -34.938133472390142 ], [ 118.210588565470474, -34.938780525351198 ], [ 118.210916345364794, -34.939208587560621 ], [ 118.211654184713666, -34.939760961061879 ], [ 118.213726662075231, -34.940525967868524 ], [ 118.214184891565353, -34.940789049460143 ], [ 118.214410221403128, -34.941021100436316 ], [ 118.214622081495364, -34.941520771908749 ], [ 118.21468536189272, -34.942093083203254 ], [ 118.214603662406759, -34.942524123949511 ], [ 118.214361813091344, -34.942842014226187 ], [ 118.21403337373097, -34.942941583930228 ], [ 118.212642136146172, -34.943027031998867 ], [ 118.211265738668345, -34.943244650551513 ], [ 118.210797629449246, -34.943235769838076 ], [ 118.210513389854697, -34.943160069178482 ], [ 118.21025474015191, -34.943018758330737 ], [ 118.209917540389583, -34.942685446692877 ], [ 118.209114560293997, -34.941255890257942 ], [ 118.20877149043919, -34.940844628050108 ], [ 118.207712441506473, -34.940210663270868 ], [ 118.206882712597491, -34.93997534036685 ], [ 118.206447893324224, -34.940000389444229 ], [ 118.205132225771663, -34.940299177736705 ], [ 118.204289400391119, -34.940402621325035 ], [ 118.203490325133203, -34.940362574901833 ], [ 118.201949054242533, -34.94011456129558 ], [ 118.20120108878001, -34.940196285141646 ], [ 118.200662672059394, -34.94042856837401 ], [ 118.200209864786672, -34.94077279140614 ], [ 118.199872496775043, -34.94118352396724 ], [ 118.199455109136181, -34.941876207403048 ], [ 118.199253700248121, -34.942082428683371 ], [ 118.199021521531279, -34.942192239839244 ], [ 118.198772992922457, -34.942183130792756 ], [ 118.198362935315402, -34.941874341819933 ], [ 118.197516220872657, -34.940358202959708 ], [ 118.196846685339025, -34.939649345240504 ], [ 118.196253299346935, -34.939176427752848 ], [ 118.195458024775078, -34.938682421585682 ], [ 118.194489761337707, -34.938317856757237 ], [ 118.193077671747176, -34.937397544998028 ], [ 118.192045959992697, -34.936554121868944 ], [ 118.191616743781751, -34.936062945091578 ], [ 118.190921510449442, -34.935091380929066 ], [ 118.19079011200111, -34.934767642368705 ], [ 118.190807393916003, -34.933684474123233 ], [ 118.190993733851073, -34.932984783945336 ], [ 118.191464201391213, -34.932410021346257 ], [ 118.192873462990278, -34.931052452369521 ], [ 118.193123331632094, -34.930691720832939 ], [ 118.193211571813762, -34.930132680794046 ], [ 118.193159332635034, -34.929866821536827 ], [ 118.193010904226398, -34.929596223082704 ], [ 118.192755726560719, -34.929396785439252 ], [ 118.192429489306647, -34.92929828827171 ], [ 118.188623871917258, -34.928756577669851 ], [ 118.18753654427374, -34.928507726836038 ], [ 118.186585536532434, -34.928202786294491 ], [ 118.185182610400588, -34.927518936003942 ], [ 118.184154533512498, -34.926908306052404 ], [ 118.183520635791638, -34.92637697642386 ], [ 118.183083227963635, -34.92574527724932 ], [ 118.182961619035666, -34.92535986792398 ], [ 118.182950529865863, -34.924994558682016 ], [ 118.183036560451157, -34.924659969482931 ], [ 118.183196480822332, -34.924360060290326 ], [ 118.183708331135293, -34.923789772043008 ], [ 118.18480112103822, -34.922897935059986 ], [ 118.185491211164191, -34.92223223714614 ], [ 118.185857011468272, -34.921762068479545 ], [ 118.185954242214208, -34.921322889468726 ], [ 118.190217332194479, -34.921488941183604 ], [ 118.197476926033332, -34.92218494803344 ], [ 118.198387667891183, -34.9222014690191 ], [ 118.198814154211433, -34.922036734787191 ], [ 118.199119161729911, -34.921693891708955 ], [ 118.199166831477186, -34.921447281193771 ], [ 118.199057752921803, -34.92081657220956 ], [ 118.199206001838931, -34.920437570634562 ], [ 118.199601498465569, -34.920049976466231 ], [ 118.200443959405789, -34.919494534914051 ], [ 118.201350381681067, -34.919682656808824 ], [ 118.203052266539771, -34.920619111236597 ], [ 118.20406345728442, -34.920922701253453 ], [ 118.204832380285922, -34.920920753421242 ], [ 118.206774815636777, -34.92063427791858 ], [ 118.208680332397449, -34.920615865167441 ], [ 118.211829667673413, -34.923737381698068 ] ] ] ] } },
{ "type": "Feature", "properties": { "fid": 2727, "CODE": "P_gp", "JNCODE": "si5011; P_gp", "fme_featur": "geology_surface_si5011" }, "geometry": { "type": "MultiPolygon", "coordinates": [ [ [ [ 118.312838364166382, -34.879259939183896 ], [ 118.312648044283989, -34.879244649150429 ], [ 118.312115144226411, -34.879022809272882 ], [ 118.311686733778515, -34.878659599595196 ], [ 118.311149082707843, -34.877970920283069 ], [ 118.310632301264377, -34.877121261173841 ], [ 118.310557280569256, -34.876774831573755 ], [ 118.310618709801616, -34.876443211992083 ], [ 118.310892278808907, -34.876082262501839 ], [ 118.311221888066584, -34.875855612863113 ], [ 118.311837467376151, -34.875752613149565 ], [ 118.312116667265656, -34.875799553166232 ], [ 118.312373297338667, -34.875923793083729 ], [ 118.313185038606463, -34.876800792240992 ], [ 118.313599759732995, -34.877474331540647 ], [ 118.313716791126552, -34.878166360739492 ], [ 118.313582422408842, -34.878715090042853 ], [ 118.31341247309193, -34.878971029688515 ], [ 118.313164313714637, -34.879169679381633 ], [ 118.312838364166382, -34.879259939183896 ] ] ] ] } },
{ "type": "Feature", "properties": { "fid": 2733, "CODE": "P_ng", "JNCODE": "si5011; P_ng", "fme_featur": "geology_surface_si5011" }, "geometry": { "type": "MultiPolygon", "coordinates": [ [ [ [ 118.350109953258126, -34.856780700516872 ], [ 118.350115093847009, -34.856265892181376 ], [ 118.350292514259507, -34.855876373464262 ], [ 118.350745444927654, -34.855232455585679 ], [ 118.351249555452085, -34.854722977253779 ], [ 118.352868475352196, -34.854617107704549 ], [ 118.354531605057133, -34.854664417680539 ], [ 118.356029125903873, -34.854878057810623 ], [ 118.357636797433798, -34.855241647970935 ], [ 118.358720668422009, -34.855632827756381 ], [ 118.359674659205879, -34.856210517039727 ], [ 118.360199859530638, -34.856772396081126 ], [ 118.360313519488471, -34.857076765427273 ], [ 118.360304299285971, -34.857358454719218 ], [ 118.360076918713617, -34.857689943673229 ], [ 118.359477057543927, -34.85800721227308 ], [ 118.358669136096992, -34.858201360945664 ], [ 118.357855944715098, -34.858279949896854 ], [ 118.356468492455377, -34.85829702841226 ], [ 118.354584200318783, -34.858224377007033 ], [ 118.351460551496288, -34.857990926938378 ], [ 118.350440171970817, -34.857825967217487 ], [ 118.350109953258126, -34.856780700516872 ] ] ] ] } },
{ "type": "Feature", "properties": { "fid": 2743, "CODE": "P_gp", "JNCODE": "si5011; P_gp", "fme_featur": "geology_surface_si5011" }, "geometry": { "type": "MultiPolygon", "coordinates": [ [ [ [ 117.561432231185108, -34.752146787701307 ], [ 117.562140863225338, -34.752900477263971 ], [ 117.561465684254472, -34.753533336366623 ], [ 117.560980094440993, -34.753742595992563 ], [ 117.560210943898994, -34.753692745766585 ], [ 117.558958213531668, -34.753382165938206 ], [ 117.55792015310071, -34.75298274618585 ], [ 117.557261252434486, -34.752535896426799 ], [ 117.556865981427919, -34.751972166721742 ], [ 117.556754780009584, -34.751265357116516 ], [ 117.557991329381991, -34.751230667394452 ], [ 117.560162768891914, -34.751389447759735 ], [ 117.561432231185108, -34.752146787701307 ] ] ] ] } },
{ "type": "Feature", "properties": { "fid": 2744, "CODE": "P_gp", "JNCODE": "si5011; P_gp", "fme_featur": "geology_surface_si5011" }, "geometry": { "type": "MultiPolygon", "coordinates": [ [ [ [ 117.568657053941791, -34.756639949821192 ], [ 117.568393374411528, -34.757019800564564 ], [ 117.568185394549502, -34.757131650816305 ], [ 117.567859324576645, -34.757165960947411 ], [ 117.567233934220098, -34.756975800665167 ], [ 117.566740053607035, -34.756662470042286 ], [ 117.563564497046713, -34.754249276322305 ], [ 117.563339566305515, -34.753978626555366 ], [ 117.563272185813531, -34.753777596757004 ], [ 117.563369504605589, -34.753218317418401 ], [ 117.564033754533781, -34.753026837903114 ], [ 117.56464567483394, -34.753012878168718 ], [ 117.56550473576624, -34.753213628260013 ], [ 117.566395647136076, -34.753588768099739 ], [ 117.567108728502163, -34.753996617782043 ], [ 117.5676941299416, -34.75445918730113 ], [ 117.568219171597249, -34.755043616777051 ], [ 117.568804083003315, -34.755879208431118 ], [ 117.568657053941791, -34.756639949821192 ] ] ] ] } },
{ "type": "Feature", "properties": { "fid": 2745, "CODE": "P_ng", "JNCODE": "si5011; P_ng", "fme_featur": "geology_surface_si5011" }, "geometry": { "type": "MultiPolygon", "coordinates": [ [ [ [ 117.591089652692787, -34.759956578907406 ], [ 117.590769373160413, -34.760220229051839 ], [ 117.59000910343434, -34.760615939054517 ], [ 117.589443124022651, -34.760788909401285 ], [ 117.588327404030551, -34.760788679557415 ], [ 117.586054713194073, -34.760435659425745 ], [ 117.589403005752501, -34.758228375554658 ], [ 117.591234901810282, -34.759646368552964 ], [ 117.591089652692787, -34.759956578907406 ] ] ] ] } },
{ "type": "Feature", "properties": { "fid": 2748, "CODE": "P_gp", "JNCODE": "si5011; P_gp", "fme_featur": "geology_surface_si5011" }, "geometry": { "type": "MultiPolygon", "coordinates": [ [ [ [ 117.340796168620386, -34.768244436862091 ], [ 117.341388828009926, -34.768376176505221 ], [ 117.341981947863104, -34.768685846134431 ], [ 117.34242821830081, -34.76912818584163 ], [ 117.342559948722084, -34.769370435747291 ], [ 117.34261374935322, -34.769645385694801 ], [ 117.342471620656013, -34.770060975743803 ], [ 117.342034782310378, -34.770443345969106 ], [ 117.341576293335152, -34.770563236213412 ], [ 117.340765264590289, -34.770553606655454 ], [ 117.340796168620386, -34.768244436862091 ] ] ] ] } },
{ "type": "Feature", "properties": { "fid": 2756, "CODE": "P_gp", "JNCODE": "si5011; P_gp", "fme_featur": "geology_surface_si5011" }, "geometry": { "type": "MultiPolygon", "coordinates": [ [ [ [ 117.277537823676965, -34.787726819511853 ], [ 117.27711317372146, -34.787617579452487 ], [ 117.276753273362615, -34.787339099271946 ], [ 117.27650439266742, -34.786936789000279 ], [ 117.276361801886736, -34.786526848719092 ], [ 117.276284110896015, -34.786038348380153 ], [ 117.276372326717379, -34.784310518911191 ], [ 117.276321094418648, -34.783470190496033 ], [ 117.277401963761747, -34.783492230375039 ], [ 117.278399333626766, -34.783682299951018 ], [ 117.278950584127983, -34.783994709339382 ], [ 117.279275875138921, -34.784436648510606 ], [ 117.279431487047475, -34.78521280765807 ], [ 117.279297949286956, -34.786216128372956 ], [ 117.278964191070401, -34.786945708902465 ], [ 117.278258543159438, -34.787705269467324 ], [ 117.277537823676965, -34.787726819511853 ] ] ] ] } },
{ "type": "Feature", "properties": { "fid": 2778, "CODE": "P_gp", "JNCODE": "si5011; P_gp", "fme_featur": "geology_surface_si5011" }, "geometry": { "type": "MultiPolygon", "coordinates": [ [ [ [ 117.473811694489768, -34.866557314455314 ], [ 117.474104045205877, -34.866776196618979 ], [ 117.474301696294418, -34.867031419000092 ], [ 117.474518948965581, -34.86757365385872 ], [ 117.474883987693332, -34.869232908384959 ], [ 117.475074069289008, -34.869569761393727 ], [ 117.475378390655692, -34.869896644374307 ], [ 117.47596198216587, -34.87032315834017 ], [ 117.476477152810517, -34.870575470755682 ], [ 117.477173012855658, -34.870768962748343 ], [ 117.478330722099329, -34.870942464783106 ], [ 117.478832772599532, -34.871158666808469 ], [ 117.479047803480398, -34.871364798597369 ], [ 117.479225415222928, -34.871707981478757 ], [ 117.47950603287768, -34.873083812783378 ], [ 117.479736514884522, -34.873480476068096 ], [ 117.480117796792911, -34.873893789503363 ], [ 117.480892629278117, -34.874490774448823 ], [ 117.481872521048459, -34.875102528594034 ], [ 117.482984280194714, -34.875699589067743 ], [ 117.484335989102519, -34.876305509589706 ], [ 117.484704178990995, -34.876633679830377 ], [ 117.485662158509399, -34.877718110489461 ], [ 117.486157938022885, -34.878146620729979 ], [ 117.486582757411256, -34.878332010829062 ], [ 117.48713862644172, -34.87842134086744 ], [ 117.488459843896223, -34.878423350831326 ], [ 117.490942108572284, -34.878016550499119 ], [ 117.491450157355885, -34.877846310372462 ], [ 117.491909706115266, -34.877593620192023 ], [ 117.492131025383415, -34.877376190041744 ], [ 117.492309444499256, -34.876989209780866 ], [ 117.492372099499548, -34.874533955005816 ], [ 117.49256182667564, -34.874005210957058 ], [ 117.493201380981304, -34.873006443287203 ], [ 117.493476968036703, -34.87244799900202 ], [ 117.493640215210277, -34.871865554540193 ], [ 117.493620942809002, -34.871315960342514 ], [ 117.493488391481009, -34.870977587767548 ], [ 117.493110809819584, -34.870504604184418 ], [ 117.491228495253168, -34.869123063795662 ], [ 117.490432512220565, -34.868383008221556 ], [ 117.490300630874231, -34.868098876067059 ], [ 117.490270139056662, -34.867737733316339 ], [ 117.490336137093706, -34.867359120423217 ], [ 117.490511635592185, -34.867080118278935 ], [ 117.490784574728536, -34.866933417133744 ], [ 117.491165814626257, -34.866947887207033 ], [ 117.491564655276832, -34.867120308484068 ], [ 117.492950298473389, -34.867971884854299 ], [ 117.493670949496945, -34.868312267388653 ], [ 117.494612280016511, -34.868598239489536 ], [ 117.495984329698786, -34.868791630846751 ], [ 117.496403369945227, -34.868945091984244 ], [ 117.496708000829983, -34.869246514264873 ], [ 117.49697030278567, -34.869832338727406 ], [ 117.497064564928579, -34.870432953318193 ], [ 117.497109169234022, -34.871603752279263 ], [ 117.497502783145137, -34.872827611622867 ], [ 117.497452764882425, -34.873280855097498 ], [ 117.497126787740427, -34.873898319847328 ], [ 117.495906295332247, -34.875659098716298 ], [ 117.495363168791428, -34.877227509818212 ], [ 117.495087370063956, -34.877716230162143 ], [ 117.494627531756834, -34.878255800543599 ], [ 117.493478205422164, -34.879268441253444 ], [ 117.492842397101569, -34.879608281491322 ], [ 117.491224570876966, -34.88015825187555 ], [ 117.490178583561772, -34.880732492254801 ], [ 117.489469645610498, -34.881324922633951 ], [ 117.488201929654764, -34.882768503531167 ], [ 117.487489361552548, -34.883317043859797 ], [ 117.486944182586384, -34.883394573898364 ], [ 117.485704174673756, -34.883344773848101 ], [ 117.484971805805984, -34.883247893772129 ], [ 117.4841740363497, -34.883024433488004 ], [ 117.483780636526149, -34.882820223294573 ], [ 117.483318436616969, -34.882457292998396 ], [ 117.482539046500818, -34.881539612332148 ], [ 117.482052466582331, -34.881096321995919 ], [ 117.481624836764553, -34.880808461760601 ], [ 117.481106887176992, -34.880652781585816 ], [ 117.480131108113142, -34.880519361347844 ], [ 117.479436658874832, -34.880528441236187 ], [ 117.478400010131068, -34.880689351147439 ], [ 117.47664244232439, -34.881089011055352 ], [ 117.47556593354544, -34.881199130924593 ], [ 117.475010994105432, -34.88115892080792 ], [ 117.474407624659563, -34.881028200638404 ], [ 117.473835895142301, -34.880827670441754 ], [ 117.473353755487807, -34.880545920222794 ], [ 117.4713083666188, -34.878483658917375 ], [ 117.469836136851029, -34.877174757947031 ], [ 117.468634441893073, -34.876306226338819 ], [ 117.467156925903794, -34.875516364543721 ], [ 117.466577473442001, -34.875003033783408 ], [ 117.466243669095959, -34.874326807566646 ], [ 117.465870363097565, -34.873316148209334 ], [ 117.465699039382486, -34.87262987194331 ], [ 117.465661276987603, -34.872130087461898 ], [ 117.465749774302679, -34.87147783173414 ], [ 117.465959752106301, -34.870857786391817 ], [ 117.466918766744683, -34.86913637181209 ], [ 117.466969185136193, -34.868772828601216 ], [ 117.46687990322819, -34.868421735393788 ], [ 117.466672921173227, -34.868098072344822 ], [ 117.466329148623316, -34.867733008829148 ], [ 117.465519233848994, -34.867103602630223 ], [ 117.46260016152533, -34.865656647792015 ], [ 117.461846028134715, -34.86515819290959 ], [ 117.461346244879408, -34.864533727111116 ], [ 117.461220713481509, -34.864213884230985 ], [ 117.461194291907674, -34.863797550570013 ], [ 117.461329230999084, -34.863492567981844 ], [ 117.461552710579966, -34.86328707631565 ], [ 117.463355319773612, -34.862418019724394 ], [ 117.463977438645998, -34.86194997593919 ], [ 117.46465117621895, -34.861194839617482 ], [ 117.465573611225693, -34.859845549213233 ], [ 117.466029439772214, -34.859377158947815 ], [ 117.467536327525863, -34.858459308642416 ], [ 117.467965977323502, -34.858306008656164 ], [ 117.468417377739712, -34.858305068846427 ], [ 117.468694248602787, -34.858460539141575 ], [ 117.468832609658961, -34.858699049475128 ], [ 117.46889670112688, -34.859061309920627 ], [ 117.468878733447696, -34.859662170604267 ], [ 117.468615228868885, -34.860845618575546 ], [ 117.467880195618022, -34.862358971770604 ], [ 117.467711998227955, -34.862933386825006 ], [ 117.467623633806298, -34.864093267168634 ], [ 117.467701875957673, -34.864502500886225 ], [ 117.467828257440004, -34.864756463244511 ], [ 117.468212879799253, -34.865086746459127 ], [ 117.469654515128212, -34.865580881866094 ], [ 117.470862246062566, -34.865903415863635 ], [ 117.473391744342663, -34.866399572691286 ], [ 117.473811694489768, -34.866557314455314 ] ] ] ] } },
{ "type": "Feature", "properties": { "fid": 2802, "CODE": "P_gp", "JNCODE": "si5011; P_gp", "fme_featur": "geology_surface_si5011" }, "geometry": { "type": "MultiPolygon", "coordinates": [ [ [ [ 117.49047400882715, -34.98474478436524 ], [ 117.48992464109476, -34.983865625245819 ], [ 117.488822186975241, -34.98165080762606 ], [ 117.489183448487893, -34.981332558369509 ], [ 117.489831099938257, -34.981152369139615 ], [ 117.490713300974662, -34.981193179772234 ], [ 117.491647331488622, -34.981407590186599 ], [ 117.492222711402562, -34.981654970267009 ], [ 117.492766430808686, -34.982034250121274 ], [ 117.493450269255277, -34.982735759591208 ], [ 117.493917847620096, -34.983372128983888 ], [ 117.494191395686187, -34.984019598206864 ], [ 117.494275072941008, -34.98483054703641 ], [ 117.49416376092897, -34.985368066138022 ], [ 117.493844289282038, -34.985736465347252 ], [ 117.493246647852303, -34.985957074582352 ], [ 117.492553347043923, -34.985969434064067 ], [ 117.491876926976261, -34.985769443874204 ], [ 117.490923437441339, -34.985313973856641 ], [ 117.49047400882715, -34.98474478436524 ] ] ] ] } },
{ "type": "Feature", "properties": { "fid": 2807, "CODE": "P_gp", "JNCODE": "si5011; P_gp", "fme_featur": "geology_surface_si5011" }, "geometry": { "type": "MultiPolygon", "coordinates": [ [ [ [ 117.3754132198777, -34.838399465749767 ], [ 117.374677969987886, -34.838292386648781 ], [ 117.373850849905054, -34.838051767536015 ], [ 117.372950479386873, -34.837542858249236 ], [ 117.372122428873425, -34.837057448893837 ], [ 117.371549459061356, -34.837037959668429 ], [ 117.371568968126965, -34.8365018490911 ], [ 117.371075615351458, -34.834791408028615 ], [ 117.36995975284411, -34.833116857899917 ], [ 117.369031761818789, -34.832343538438877 ], [ 117.367984791386988, -34.831891439480252 ], [ 117.366328722049133, -34.83194432189876 ], [ 117.365460792136616, -34.831825893022938 ], [ 117.364654802005958, -34.831609453935819 ], [ 117.363872381387324, -34.831140144539248 ], [ 117.363154489240642, -34.829857004312579 ], [ 117.362238388397103, -34.829357325251721 ], [ 117.361357988466906, -34.829297836465578 ], [ 117.360416009126737, -34.829492897898831 ], [ 117.359787549682309, -34.829666658856056 ], [ 117.359264069785183, -34.829654759579142 ], [ 117.358375808821606, -34.829166360665589 ], [ 117.357870368570104, -34.829019511351632 ], [ 117.358530975760246, -34.827913460043831 ], [ 117.358802894272898, -34.827308549417616 ], [ 117.358893363137867, -34.826837679108635 ], [ 117.358817612025518, -34.826371679072317 ], [ 117.358608391184703, -34.826020329308228 ], [ 117.357921569445921, -34.82531028029004 ], [ 117.35731748673868, -34.824235551126669 ], [ 117.356982045590001, -34.823794261668411 ], [ 117.356402134301916, -34.82332232270452 ], [ 117.355414702949972, -34.822871284595195 ], [ 117.354644112608753, -34.822801546119344 ], [ 117.353165971107558, -34.822369669111822 ], [ 117.352496320000895, -34.822032450532362 ], [ 117.352330397354208, -34.821111711071417 ], [ 117.352430335814987, -34.820554920974324 ], [ 117.352915743756839, -34.819755420050463 ], [ 117.354243472485635, -34.819084407103666 ], [ 117.35524285222283, -34.81881314479245 ], [ 117.356426311547693, -34.818331371972903 ], [ 117.358355183616965, -34.818784587542716 ], [ 117.360107424104626, -34.818637703394906 ], [ 117.361347125173594, -34.818849190610749 ], [ 117.362191996078096, -34.819083498796374 ], [ 117.362981927228191, -34.819457307239752 ], [ 117.364380239754894, -34.820408424847514 ], [ 117.364962570608938, -34.820731093854768 ], [ 117.366234871371645, -34.821023961756772 ], [ 117.367633901490066, -34.820986459146866 ], [ 117.368661832503037, -34.821471867759143 ], [ 117.369489883096364, -34.82175740655979 ], [ 117.370189444366858, -34.822456966069552 ], [ 117.371587616944836, -34.823970245353266 ], [ 117.372933257421906, -34.82428733344225 ], [ 117.374372547347292, -34.824270110980073 ], [ 117.374700908313244, -34.824926841279719 ], [ 117.374672359633081, -34.825812002480681 ], [ 117.37483655069677, -34.826542923171026 ], [ 117.375718580995127, -34.826843042168228 ], [ 117.376313001343959, -34.827161451665226 ], [ 117.376527152339492, -34.827903842357259 ], [ 117.376355833538256, -34.82873189376069 ], [ 117.375613434967121, -34.829588506025736 ], [ 117.375313626295693, -34.830373727403163 ], [ 117.375427847371995, -34.831030457933416 ], [ 117.375943038961125, -34.832072048299892 ], [ 117.377252789424034, -34.832615977013866 ], [ 117.37939056834928, -34.832418773756686 ], [ 117.381388957426239, -34.83232545070755 ], [ 117.383513156942485, -34.832551717781527 ], [ 117.384134186993194, -34.83273731706236 ], [ 117.384355477458627, -34.833079957119075 ], [ 117.38434841823991, -34.833560557672939 ], [ 117.384283408382984, -34.833632317850693 ], [ 117.384016118726905, -34.833776328410465 ], [ 117.382792689849452, -34.834153650649519 ], [ 117.380106921947345, -34.834743795277809 ], [ 117.379445482735022, -34.835068266568321 ], [ 117.378016604799186, -34.835985299562715 ], [ 117.376557179037832, -34.838171383932469 ], [ 117.3754132198777, -34.838399465749767 ] ] ] ] } },
{ "type": "Feature", "properties": { "fid": 2810, "CODE": "P_gp", "JNCODE": "si5011; P_gp", "fme_featur": "geology_surface_si5011" }, "geometry": { "type": "MultiPolygon", "coordinates": [ [ [ [ 118.154303049753821, -34.806541823556216 ], [ 118.154319881774271, -34.806770582145191 ], [ 118.154231863356884, -34.806970181200143 ], [ 118.153726877440619, -34.807522339480578 ], [ 118.152302396584588, -34.808684258067835 ], [ 118.152032799667239, -34.80902394739897 ], [ 118.151999482221214, -34.809286876251413 ], [ 118.152088850248873, -34.810103461905371 ], [ 118.151556670501606, -34.811138319420159 ], [ 118.151507446234092, -34.8117077070345 ], [ 118.151600690257382, -34.812115234660787 ], [ 118.151874674029642, -34.812518361274584 ], [ 118.152259505906713, -34.812749728002565 ], [ 118.152729946471652, -34.812861954772529 ], [ 118.153928626343898, -34.812997237182188 ], [ 118.154320187010313, -34.813126814158245 ], [ 118.154436029013979, -34.813375471985438 ], [ 118.154345947365243, -34.814323776840375 ], [ 118.154569680435756, -34.814729372937535 ], [ 118.155117913058405, -34.815110928079818 ], [ 118.156506646788543, -34.815641490337399 ], [ 118.157605823588113, -34.816374425051798 ], [ 118.158023977588968, -34.81676883334633 ], [ 118.158135250979086, -34.817060053426268 ], [ 118.158161524530854, -34.817348874079222 ], [ 118.158088590053879, -34.81777683581722 ], [ 118.157933034035068, -34.818065607728833 ], [ 118.157709637399833, -34.818291739935155 ], [ 118.157378870626502, -34.818485732801008 ], [ 118.155687030859909, -34.818971906051672 ], [ 118.155033253449119, -34.81905001086222 ], [ 118.154221565430291, -34.819049836537864 ], [ 118.153564445919827, -34.818963030855208 ], [ 118.153045794497558, -34.818754783804778 ], [ 118.151686969838352, -34.81737453868066 ], [ 118.151297487733501, -34.817143880584538 ], [ 118.150892387513309, -34.817055803065763 ], [ 118.15054773862785, -34.817080655513188 ], [ 118.15009450172748, -34.817237649161328 ], [ 118.148203111775942, -34.818419846374674 ], [ 118.147093579196493, -34.818776435386738 ], [ 118.146600121327751, -34.818846299085557 ], [ 118.146034482131199, -34.818803892875344 ], [ 118.14542401102419, -34.818612046411722 ], [ 118.14498714890334, -34.818380018518248 ], [ 118.144629955432535, -34.818105689115917 ], [ 118.144342290513904, -34.817736899028304 ], [ 118.144133511080895, -34.817054457374908 ], [ 118.144135607069899, -34.816767346267973 ], [ 118.144556179640233, -34.816226592298015 ], [ 118.145974001624992, -34.815036119255723 ], [ 118.146657080721582, -34.81427715607866 ], [ 118.146964531943325, -34.813604385734784 ], [ 118.1469877069067, -34.813194966581534 ], [ 118.146920133606471, -34.81291858763332 ], [ 118.146681980231392, -34.812623779659141 ], [ 118.146123468365502, -34.812432163147612 ], [ 118.143093235592104, -34.812231626975638 ], [ 118.142306383442417, -34.812100450145728 ], [ 118.141902861031738, -34.811930061833841 ], [ 118.141633028192743, -34.811719123015301 ], [ 118.141474464815474, -34.811460403789845 ], [ 118.141509401756466, -34.811218803826108 ], [ 118.141653780011694, -34.811076713399203 ], [ 118.141955328513035, -34.810948952403542 ], [ 118.14304671748053, -34.810832538586311 ], [ 118.14523357779359, -34.810795920563351 ], [ 118.147576478910182, -34.810911909298788 ], [ 118.14795388778559, -34.810821697773115 ], [ 118.148383354768484, -34.81056511655266 ], [ 118.148683231267327, -34.810258166177483 ], [ 118.148806828320502, -34.809996806493245 ], [ 118.148861884278688, -34.809638347447979 ], [ 118.148835608811581, -34.809156809149307 ], [ 118.148424397819568, -34.80822732363341 ], [ 118.147560313480355, -34.807107879603016 ], [ 118.147519506150431, -34.806500821340677 ], [ 118.147605103877879, -34.806296171674084 ], [ 118.147712623176432, -34.806218501621416 ], [ 118.14808990347646, -34.806176750820711 ], [ 118.150573229773357, -34.806277784371431 ], [ 118.153437293677257, -34.80605876849139 ], [ 118.153712564492025, -34.806083107700601 ], [ 118.153977006050894, -34.806194826421461 ], [ 118.154303049753821, -34.806541823556216 ] ] ] ] } },
{ "type": "Feature", "properties": { "fid": 2822, "CODE": "P_gp", "JNCODE": "si5011; P_gp", "fme_featur": "geology_surface_si5011" }, "geometry": { "type": "MultiPolygon", "coordinates": [ [ [ [ 117.929645383568044, -34.797546923612174 ], [ 117.92881795262322, -34.797481075957435 ], [ 117.928447564544044, -34.797254176284667 ], [ 117.928168937161246, -34.796987856147702 ], [ 117.928005139744997, -34.79674563572847 ], [ 117.927920183042531, -34.796457394891611 ], [ 117.927941356604677, -34.796162943727794 ], [ 117.928067690275796, -34.795872782304222 ], [ 117.928263043478026, -34.795628770892009 ], [ 117.928531446023541, -34.795446699544172 ], [ 117.929604500498343, -34.795190145976015 ], [ 117.930710361942573, -34.79519462326094 ], [ 117.931885580514802, -34.79547493110779 ], [ 117.932167429179842, -34.795637920812766 ], [ 117.932357056945463, -34.79587491092331 ], [ 117.932458833435803, -34.796221381523118 ], [ 117.932458967801026, -34.796753592859268 ], [ 117.932360954455206, -34.797051803899983 ], [ 117.93209190138802, -34.797290145323721 ], [ 117.931491268417147, -34.797453017603836 ], [ 117.930839106361461, -34.797518179810268 ], [ 117.929645383568044, -34.797546923612174 ] ] ] ] } },
{ "type": "Feature", "properties": { "fid": 2835, "CODE": "P_gp", "JNCODE": "si5011; P_gp", "fme_featur": "geology_surface_si5011" }, "geometry": { "type": "MultiPolygon", "coordinates": [ [ [ [ 118.112026113546904, -34.784929380195052 ], [ 118.111100690489678, -34.784878171830663 ], [ 118.110447174993681, -34.784686902856691 ], [ 118.110017157041966, -34.784198273238061 ], [ 118.109893126428815, -34.783581922961133 ], [ 118.110031862133908, -34.782330111661672 ], [ 118.110162580019804, -34.781913031058757 ], [ 118.110403617048675, -34.781511750244498 ], [ 118.111377647208641, -34.780768287642658 ], [ 118.113891962648211, -34.779377641132363 ], [ 118.114873502605334, -34.77875592841162 ], [ 118.116502705952243, -34.777482576815345 ], [ 118.117077570618918, -34.777247476601858 ], [ 118.118035662247465, -34.777029146435311 ], [ 118.118663197120327, -34.776986216429997 ], [ 118.119277042610989, -34.777061086537749 ], [ 118.120301245766655, -34.777314186830004 ], [ 118.12086624249676, -34.777541337064157 ], [ 118.121505850026708, -34.778017417514867 ], [ 118.12190787973735, -34.778536167981628 ], [ 118.121984210878111, -34.778856238262719 ], [ 118.121830703635865, -34.779166328534622 ], [ 118.121108553228026, -34.780035889320466 ], [ 118.120028007856234, -34.781553420766414 ], [ 118.119613722572353, -34.782000531218991 ], [ 118.119304295551856, -34.782230371464777 ], [ 118.115546765362041, -34.784178043884687 ], [ 118.114102627030135, -34.784720726208235 ], [ 118.113207094363915, -34.784878868000227 ], [ 118.112026113546904, -34.784929380195052 ] ] ] ] } },
{ "type": "Feature", "properties": { "fid": 2840, "CODE": "P_ng", "JNCODE": "si5011; P_ng", "fme_featur": "geology_surface_si5011" }, "geometry": { "type": "MultiPolygon", "coordinates": [ [ [ [ 117.959699855922509, -34.806398870727683 ], [ 117.959362057509225, -34.806305460160388 ], [ 117.959091531528685, -34.806020729107104 ], [ 117.95903151598803, -34.805684458094326 ], [ 117.959141028809981, -34.804685735343 ], [ 117.959357354392935, -34.804223344217739 ], [ 117.959771336805673, -34.803970423867334 ], [ 117.960304696699453, -34.803891364120041 ], [ 117.960911254312904, -34.803982264922737 ], [ 117.96136935987181, -34.804270626154299 ], [ 117.961523996543264, -34.804521317006582 ], [ 117.961515591775992, -34.804917178126153 ], [ 117.961383973466184, -34.805620520011274 ], [ 117.96115733922278, -34.805994240873396 ], [ 117.960838677140998, -34.806196061164215 ], [ 117.960257335677213, -34.806368351137252 ], [ 117.959699855922509, -34.806398870727683 ] ] ] ] } },
{ "type": "Feature", "properties": { "fid": 2841, "CODE": "P_ng", "JNCODE": "si5011; P_ng", "fme_featur": "geology_surface_si5011" }, "geometry": { "type": "MultiPolygon", "coordinates": [ [ [ [ 117.962223517338842, -34.835784028947678 ], [ 117.961811277601683, -34.835682795172637 ], [ 117.96139534666068, -34.835392890665062 ], [ 117.960916662794901, -34.834831424650815 ], [ 117.960499909505117, -34.834113808600833 ], [ 117.959916469580747, -34.832829879181546 ], [ 117.959538425412873, -34.831734412178925 ], [ 117.959445219581326, -34.831036908915323 ], [ 117.959519867556594, -34.830393967176029 ], [ 117.959756659469832, -34.829903147206856 ], [ 117.960104754766888, -34.829692629009166 ], [ 117.960408680830838, -34.829683951307409 ], [ 117.960780749603373, -34.829816074778137 ], [ 117.961204100736538, -34.830119939378712 ], [ 117.961644882603622, -34.830573994543897 ], [ 117.962170487862835, -34.831270161328533 ], [ 117.962527409105192, -34.831863876428272 ], [ 117.962740336764043, -34.832358040022939 ], [ 117.962975857013362, -34.833168835036716 ], [ 117.963100468260677, -34.83448541113632 ], [ 117.963026019369011, -34.834905372154189 ], [ 117.962830937729436, -34.835312992131222 ], [ 117.962519283035121, -34.8356518108749 ], [ 117.962223517338842, -34.835784028947678 ] ] ] ] } },
{ "type": "Feature", "properties": { "fid": 2861, "CODE": "P_gp", "JNCODE": "si5011; P_gp", "fme_featur": "geology_surface_si5011" }, "geometry": { "type": "MultiPolygon", "coordinates": [ [ [ [ 117.878167216843622, -35.028872850014203 ], [ 117.876593708012479, -35.028605686330039 ], [ 117.875004689458521, -35.028220463016098 ], [ 117.872280532094365, -35.027343623710522 ], [ 117.871680060447133, -35.027242503728225 ], [ 117.871024868631039, -35.027285513539574 ], [ 117.870550217339186, -35.027072473729056 ], [ 117.869727835075253, -35.026907713779813 ], [ 117.868958462945457, -35.026863023680171 ], [ 117.868117210610123, -35.026922703429499 ], [ 117.86783000983452, -35.02640365403915 ], [ 117.867453998804365, -35.025901784601935 ], [ 117.866485465928548, -35.024946005601443 ], [ 117.865102757509035, -35.023903686797361 ], [ 117.86316900709825, -35.022661238371221 ], [ 117.862829752000891, -35.021640469932436 ], [ 117.862042075119518, -35.020427611825561 ], [ 117.861977694010037, -35.020191452205317 ], [ 117.862004733186083, -35.019972592557913 ], [ 117.862127162582212, -35.01975401290791 ], [ 117.862364612263988, -35.019542343240957 ], [ 117.863929032526329, -35.018761214382188 ], [ 117.864551241820138, -35.018277345060461 ], [ 117.864696260820565, -35.017972975497791 ], [ 117.864916426042285, -35.016762607252737 ], [ 117.865130503724473, -35.016131478138213 ], [ 117.865404142391725, -35.015705328700868 ], [ 117.866153690681017, -35.014999339534079 ], [ 117.866399159682047, -35.014675159925552 ], [ 117.866654617281256, -35.014039180737996 ], [ 117.866708724838162, -35.013476311499609 ], [ 117.866561232849463, -35.0130896120843 ], [ 117.865858208385959, -35.012345163384637 ], [ 117.865290613674361, -35.011473824863735 ], [ 117.86403359119322, -35.008791355416271 ], [ 117.863610087754267, -35.008036054193312 ], [ 117.862897042961919, -35.007103232732533 ], [ 117.862354029595409, -35.006511071818743 ], [ 117.864019328542653, -35.005257558839894 ], [ 117.865552017968497, -35.003998356020773 ], [ 117.866889714872499, -35.005158347665478 ], [ 117.867658649276962, -35.006077339008897 ], [ 117.868197033268231, -35.00711397060509 ], [ 117.86871531862009, -35.008765513231801 ], [ 117.869066681162849, -35.009537644389219 ], [ 117.869648195220776, -35.010428034321706 ], [ 117.870540721610226, -35.011480692642486 ], [ 117.872837666177546, -35.013658259317566 ], [ 117.879369633253191, -35.019188910284299 ], [ 117.881553136318701, -35.02127332790667 ], [ 117.881978574908473, -35.021797274848218 ], [ 117.88219526499816, -35.022387062270603 ], [ 117.882276336593733, -35.023202689484457 ], [ 117.882201529341287, -35.024016467342229 ], [ 117.881986092311337, -35.024487246888079 ], [ 117.881800094248021, -35.024651787242725 ], [ 117.881403967925053, -35.024827148543018 ], [ 117.879985040023712, -35.025135444579483 ], [ 117.879407714859298, -35.025348827111728 ], [ 117.878773000241168, -35.025767419718676 ], [ 117.878444993097972, -35.026176990885382 ], [ 117.878421173635573, -35.026719630597427 ], [ 117.878599533030837, -35.027819409082284 ], [ 117.878858751514883, -35.028348027699458 ], [ 117.87934442850883, -35.02894293546926 ], [ 117.878167216843622, -35.028872850014203 ] ] ] ] } },
{ "type": "Feature", "properties": { "fid": 2863, "CODE": "P_gp", "JNCODE": "si5011; P_gp", "fme_featur": "geology_surface_si5011" }, "geometry": { "type": "MultiPolygon", "coordinates": [ [ [ [ 117.887797514841026, -35.022118311796859 ], [ 117.887487406971857, -35.022050643279705 ], [ 117.887133859218665, -35.021790835760328 ], [ 117.886904080493593, -35.021469458006514 ], [ 117.886718031315553, -35.0210462604933 ], [ 117.8865390116718, -35.020297274291998 ], [ 117.886305939981327, -35.017646386112375 ], [ 117.886365959181546, -35.017242567651238 ], [ 117.886456898573414, -35.017129227908597 ], [ 117.886618647662914, -35.017068537780823 ], [ 117.887202014629409, -35.017068346398489 ], [ 117.887868801233665, -35.017181804294239 ], [ 117.889015225316342, -35.017613059410508 ], [ 117.889396683275834, -35.017867777162486 ], [ 117.889697961610239, -35.01816977483103 ], [ 117.889926140288935, -35.018531122342097 ], [ 117.890051919877251, -35.01894367992103 ], [ 117.890040349777934, -35.019380687652294 ], [ 117.889909070241927, -35.01980313578899 ], [ 117.888917616820251, -35.021565660254481 ], [ 117.88856838932476, -35.021877350027388 ], [ 117.888201581965944, -35.022057260549182 ], [ 117.887797514841026, -35.022118311796859 ] ] ] ] } },
{ "type": "Feature", "properties": { "fid": 2894, "CODE": "P_gp", "JNCODE": "si5011; P_gp", "fme_featur": "geology_surface_si5011" }, "geometry": { "type": "MultiPolygon", "coordinates": [ [ [ [ 118.145119196520028, -34.788026667022976 ], [ 118.143275913636572, -34.788009523238621 ], [ 118.141924879510668, -34.78787489783501 ], [ 118.140407766198479, -34.787602322885938 ], [ 118.139670409529543, -34.78738413527379 ], [ 118.138966832817005, -34.787012637394099 ], [ 118.138220866566613, -34.786338979423768 ], [ 118.1378159088666, -34.785669870273757 ], [ 118.137711189573466, -34.785323200322878 ], [ 118.137669228775778, -34.784834750062011 ], [ 118.137733435269638, -34.784431599603337 ], [ 118.137872502209262, -34.784135708883845 ], [ 118.138215157982245, -34.783828557312837 ], [ 118.138836632817089, -34.783589954617597 ], [ 118.139439399120832, -34.783525792082145 ], [ 118.140053016617372, -34.783620949570299 ], [ 118.14207757197228, -34.78439617143723 ], [ 118.144455914189138, -34.785121232017993 ], [ 118.145240332856233, -34.78542658038139 ], [ 118.146468799794832, -34.786112181649514 ], [ 118.146852982164958, -34.786441032374157 ], [ 118.147010383348345, -34.786701263010684 ], [ 118.147037303985456, -34.78700483381143 ], [ 118.146889743875832, -34.787358944800452 ], [ 118.146537562776331, -34.787707315823248 ], [ 118.146186431404018, -34.787891676400911 ], [ 118.145119196520028, -34.788026667022976 ] ] ] ] } },
{ "type": "Feature", "properties": { "fid": 2914, "CODE": "P_gp", "JNCODE": "si5011; P_gp", "fme_featur": "geology_surface_si5011" }, "geometry": { "type": "MultiPolygon", "coordinates": [ [ [ [ 117.372337118870519, -34.813104431770078 ], [ 117.371815877553516, -34.812522252369021 ], [ 117.371268485589894, -34.811595692721831 ], [ 117.371199355042734, -34.811319412632272 ], [ 117.371244714481207, -34.811013642286362 ], [ 117.371577093765907, -34.810575251254825 ], [ 117.372210823271217, -34.810203589681564 ], [ 117.373719072814652, -34.809711906284036 ], [ 117.374803702913766, -34.809585804032103 ], [ 117.375604403295014, -34.809649412488831 ], [ 117.377256823766373, -34.809621699185683 ], [ 117.379529395419127, -34.810066904959861 ], [ 117.380359605495471, -34.810027773359273 ], [ 117.3810250651497, -34.809862492079986 ], [ 117.381731964249937, -34.809430870551957 ], [ 117.382238413037825, -34.808847999274064 ], [ 117.382524821434288, -34.808076398257676 ], [ 117.382919677367767, -34.806117266256678 ], [ 117.383181976749214, -34.805816285585806 ], [ 117.383629846410102, -34.805647054667716 ], [ 117.383896896488324, -34.805681354210463 ], [ 117.38417988681779, -34.805836723806316 ], [ 117.385335699139532, -34.806947632488644 ], [ 117.385765009781878, -34.807255511932745 ], [ 117.386367420140985, -34.807425070974816 ], [ 117.388516560955935, -34.807807217413249 ], [ 117.388905901292688, -34.807969646836028 ], [ 117.389097491883149, -34.808258076701421 ], [ 117.389063032340914, -34.808482756923247 ], [ 117.388907082857017, -34.808736447380994 ], [ 117.388356643815825, -34.809207708690558 ], [ 117.387910474240755, -34.809416409626756 ], [ 117.385952595429956, -34.809997213485715 ], [ 117.384905116384843, -34.810459415645425 ], [ 117.383591368221857, -34.811343158545796 ], [ 117.383136369118674, -34.811773059628138 ], [ 117.382900059941534, -34.812167710302504 ], [ 117.382943140297741, -34.81233936034122 ], [ 117.383076400528935, -34.812451630183617 ], [ 117.383575260803156, -34.812587679406029 ], [ 117.386218640130224, -34.812282054595372 ], [ 117.38697841012187, -34.812283473272316 ], [ 117.387478560736227, -34.812586882613637 ], [ 117.387899841701923, -34.813062182215624 ], [ 117.38795265237296, -34.813390662355573 ], [ 117.387776222980023, -34.813685282868796 ], [ 117.386781424846276, -34.814582555214649 ], [ 117.386075035793382, -34.815075066854085 ], [ 117.385455815947282, -34.815197248115226 ], [ 117.383209046252972, -34.815392942282365 ], [ 117.382658356443386, -34.815538313455164 ], [ 117.382363476830847, -34.815861204466977 ], [ 117.382051648013459, -34.816860956564867 ], [ 117.381843778296172, -34.817088877273306 ], [ 117.38147995855897, -34.817286778196873 ], [ 117.380844728689567, -34.817350679368474 ], [ 117.380137868533694, -34.81717129028533 ], [ 117.379726468132262, -34.816913080677352 ], [ 117.378596976452442, -34.815911281480268 ], [ 117.377114555157405, -34.815393503809275 ], [ 117.37687461468569, -34.815124563933367 ], [ 117.376560343001159, -34.814314243921345 ], [ 117.376377092500817, -34.814104534153614 ], [ 117.376109732057955, -34.813940174592034 ], [ 117.375128021393778, -34.813813316540809 ], [ 117.373119140369297, -34.813717250640714 ], [ 117.372337118870519, -34.813104431770078 ] ] ] ] } },
{ "type": "Feature", "properties": { "fid": 2915, "CODE": "P_gp", "JNCODE": "si5011; P_gp", "fme_featur": "geology_surface_si5011" }, "geometry": { "type": "MultiPolygon", "coordinates": [ [ [ [ 117.345607228757359, -34.817055270094478 ], [ 117.344667389556278, -34.817018050615019 ], [ 117.343880109938979, -34.816884131070623 ], [ 117.343241219912116, -34.816652691457925 ], [ 117.342857119493743, -34.816367071711198 ], [ 117.342673558764574, -34.816038631861581 ], [ 117.342635157579423, -34.815596681954155 ], [ 117.342751686123194, -34.815113461978328 ], [ 117.344382372684123, -34.81447808103492 ], [ 117.345713140530037, -34.814194840335489 ], [ 117.346786189124799, -34.814085449825846 ], [ 117.347568548303201, -34.814078249478655 ], [ 117.348150537950175, -34.814164999242692 ], [ 117.34846226805611, -34.814316639138816 ], [ 117.348649788650576, -34.814597109116605 ], [ 117.348688479868528, -34.815042749163638 ], [ 117.348571562349861, -34.815846038924164 ], [ 117.34835324392651, -34.816309188867443 ], [ 117.348055584884108, -34.816536438942471 ], [ 117.347654735728895, -34.81669192910153 ], [ 117.34630720780585, -34.816958549741315 ], [ 117.345607228757359, -34.817055270094478 ] ] ] ] } },
{ "type": "Feature", "properties": { "fid": 2920, "CODE": "P_gp", "JNCODE": "si5011; P_gp", "fme_featur": "geology_surface_si5011" }, "geometry": { "type": "MultiPolygon", "coordinates": [ [ [ [ 118.147886609972218, -34.80421890688914 ], [ 118.14706526654652, -34.804143398286151 ], [ 118.146642983090018, -34.803969569283645 ], [ 118.146516020951708, -34.803830109759858 ], [ 118.14637915616629, -34.803483050669733 ], [ 118.146384419377796, -34.802938941815682 ], [ 118.146606473494458, -34.80239890282769 ], [ 118.147069010530146, -34.802006393516052 ], [ 118.148107611082182, -34.801687674042519 ], [ 118.148776433202414, -34.801622954091016 ], [ 118.149859039795871, -34.80180177317925 ], [ 118.150157722775901, -34.801962742453391 ], [ 118.150317365508869, -34.802157971606242 ], [ 118.150417110694477, -34.802610489713636 ], [ 118.15029390534967, -34.803092857860783 ], [ 118.149848568965908, -34.803573986445137 ], [ 118.149254891701133, -34.803999115641737 ], [ 118.148761151903557, -34.804154065810579 ], [ 118.147886609972218, -34.80421890688914 ] ] ] ] } },
{ "type": "Feature", "properties": { "fid": 2922, "CODE": "P_ns", "JNCODE": "si5011; P_ns", "fme_featur": "geology_surface_si5011" }, "geometry": { "type": "MultiPolygon", "coordinates": [ [ [ [ 117.813608700324565, -34.796301655197198 ], [ 117.810434952527544, -34.796265142233274 ], [ 117.811197972765882, -34.79599813273046 ], [ 117.812692963022812, -34.795601093719711 ], [ 117.813996063235692, -34.795301554548324 ], [ 117.814660953087511, -34.79524045504359 ], [ 117.81545140285013, -34.795279795390186 ], [ 117.816149542430225, -34.795439785584726 ], [ 117.816671031472879, -34.795749315945166 ], [ 117.816826390376718, -34.796081746323054 ], [ 117.813608700324565, -34.796301655197198 ] ] ] ] } },
{ "type": "Feature", "properties": { "fid": 2932, "CODE": "P_gp", "JNCODE": "si5011; P_gp", "fme_featur": "geology_surface_si5011" }, "geometry": { "type": "MultiPolygon", "coordinates": [ [ [ [ 117.343506210978532, -34.84935021855528 ], [ 117.342667730666577, -34.849006928345723 ], [ 117.342277500344196, -34.848740438223729 ], [ 117.342049069860892, -34.848407308097855 ], [ 117.342093109039297, -34.847921817928537 ], [ 117.342505928831216, -34.847874307903929 ], [ 117.343514818119587, -34.847636367776389 ], [ 117.344742617767253, -34.84765539774174 ], [ 117.345960906145706, -34.846913007227805 ], [ 117.346779435665837, -34.846779757061775 ], [ 117.347583895398216, -34.84677095697505 ], [ 117.348064346090794, -34.847274687324322 ], [ 117.349044686613098, -34.847769617688428 ], [ 117.349761686638217, -34.847918187804922 ], [ 117.350320076528106, -34.847950447351671 ], [ 117.350586576922723, -34.848226467178435 ], [ 117.350205857939642, -34.848768988274969 ], [ 117.348787709086082, -34.8491972888974 ], [ 117.346953679703972, -34.849226738775329 ], [ 117.343506210978532, -34.84935021855528 ] ] ] ] } },
{ "type": "Feature", "properties": { "fid": 2936, "CODE": "P_gp", "JNCODE": "si5011; P_gp", "fme_featur": "geology_surface_si5011" }, "geometry": { "type": "MultiPolygon", "coordinates": [ [ [ [ 117.198333588909222, -34.8298541014655 ], [ 117.197600718778915, -34.82971134174101 ], [ 117.196706038432851, -34.829340142028769 ], [ 117.195820877771283, -34.828635822234745 ], [ 117.194941406580369, -34.827370932313592 ], [ 117.194713486185563, -34.82695131231538 ], [ 117.194888125333392, -34.826056482017947 ], [ 117.195196774879804, -34.825584641758212 ], [ 117.195866864883939, -34.825602331447925 ], [ 117.196457354980438, -34.825715301199828 ], [ 117.197829145281275, -34.82605648064969 ], [ 117.198847545902169, -34.826722730363542 ], [ 117.200027767030008, -34.827931500176312 ], [ 117.200284747235997, -34.828378840203499 ], [ 117.199942108245864, -34.829178340578828 ], [ 117.199237788709667, -34.829654231021038 ], [ 117.198333588909222, -34.8298541014655 ] ] ] ] } },
{ "type": "Feature", "properties": { "fid": 2944, "CODE": "P_gp", "JNCODE": "si5011; P_gp", "fme_featur": "geology_surface_si5011" }, "geometry": { "type": "MultiPolygon", "coordinates": [ [ [ [ 117.331363270063775, -34.82102363815185 ], [ 117.330990970832715, -34.821296118416903 ], [ 117.3303024415073, -34.821497578842731 ], [ 117.329449651932251, -34.821580589332619 ], [ 117.328544292132491, -34.821564989822022 ], [ 117.327493162073353, -34.821422740339443 ], [ 117.326592011717025, -34.821167210715622 ], [ 117.325914001189105, -34.820859430932956 ], [ 117.327964918461575, -34.819950469527299 ], [ 117.328651697924016, -34.819812439148507 ], [ 117.329551807474544, -34.819740558697987 ], [ 117.330332987329399, -34.81978013834015 ], [ 117.331204057779999, -34.820073467999805 ], [ 117.331436378141646, -34.820249137928883 ], [ 117.33158781900066, -34.820616627939543 ], [ 117.331363270063775, -34.82102363815185 ] ] ] ] } },
{ "type": "Feature", "properties": { "fid": 2945, "CODE": "P_gp", "JNCODE": "si5011; P_gp", "fme_featur": "geology_surface_si5011" }, "geometry": { "type": "MultiPolygon", "coordinates": [ [ [ [ 118.139347150880397, -34.808822522274696 ], [ 118.138566896607614, -34.808487574744767 ], [ 118.138199063145564, -34.808210345866136 ], [ 118.138003420008317, -34.807956666436702 ], [ 118.1379170863664, -34.807660646664679 ], [ 118.137935812461677, -34.807342856582565 ], [ 118.138044959175431, -34.807075876257137 ], [ 118.138289646072465, -34.806825265577714 ], [ 118.138621883925609, -34.806653954687434 ], [ 118.139242861422588, -34.806458063065428 ], [ 118.139905460973267, -34.806428961331918 ], [ 118.140785074749687, -34.806736768859793 ], [ 118.141197837883453, -34.806986627593744 ], [ 118.141489431261505, -34.80725336661061 ], [ 118.141584504754775, -34.807527706150843 ], [ 118.141488777872311, -34.807772626257531 ], [ 118.14116674242355, -34.808132166976179 ], [ 118.14072829690403, -34.808489548103964 ], [ 118.140056690968123, -34.808820050044282 ], [ 118.139347150880397, -34.808822522274696 ] ] ] ] } },
{ "type": "Feature", "properties": { "fid": 2960, "CODE": "P_gp", "JNCODE": "si5011; P_gp", "fme_featur": "geology_surface_si5011" }, "geometry": { "type": "MultiPolygon", "coordinates": [ [ [ [ 118.161571118154669, -34.811977953827416 ], [ 118.160747495392926, -34.811958222585339 ], [ 118.158524571488755, -34.811578132160534 ], [ 118.155463970194361, -34.811234549876183 ], [ 118.155216959104635, -34.811092871992024 ], [ 118.155066427216951, -34.810861634183212 ], [ 118.155031644509691, -34.810536706401223 ], [ 118.155118320936168, -34.81010635874587 ], [ 118.155329597727928, -34.80970971039423 ], [ 118.156248020014615, -34.808667683790596 ], [ 118.157392130313653, -34.80717811075408 ], [ 118.157713989107535, -34.806932991685279 ], [ 118.158019548718386, -34.80679950186898 ], [ 118.158566659597511, -34.806782880508472 ], [ 118.158753070523034, -34.806872359273271 ], [ 118.158962302443769, -34.807112386718089 ], [ 118.15936409053414, -34.80829787556695 ], [ 118.159575532910537, -34.808646271862862 ], [ 118.159997956102131, -34.80911676621885 ], [ 118.160812682921687, -34.809778601267574 ], [ 118.162572614886358, -34.810803914970876 ], [ 118.162897457418268, -34.81106430335354 ], [ 118.162880758287912, -34.811233441985472 ], [ 118.162701588892162, -34.81145187996934 ], [ 118.162098429181867, -34.811858865702604 ], [ 118.161571118154669, -34.811977953827416 ] ] ] ] } },
{ "type": "Feature", "properties": { "fid": 2961, "CODE": "P_ng", "JNCODE": "si5011; P_ng", "fme_featur": "geology_surface_si5011" }, "geometry": { "type": "MultiPolygon", "coordinates": [ [ [ [ 118.180742621308497, -34.83253386261385 ], [ 118.176880585384652, -34.833479945859978 ], [ 118.177069034823504, -34.831146840856057 ], [ 118.177852676336769, -34.831283981411438 ], [ 118.179300396187713, -34.831312172903644 ], [ 118.180709054324979, -34.831205834567946 ], [ 118.182356230778922, -34.830971516598105 ], [ 118.18236610415866, -34.832026775275303 ], [ 118.180742621308497, -34.83253386261385 ] ] ] ] } },
{ "type": "Feature", "properties": { "fid": 2962, "CODE": "P_gp", "JNCODE": "si5011; P_gp", "fme_featur": "geology_surface_si5011" }, "geometry": { "type": "MultiPolygon", "coordinates": [ [ [ [ 118.137473330453773, -34.812083778782643 ], [ 118.137091159310344, -34.812007940234615 ], [ 118.135984002143033, -34.811464784204226 ], [ 118.135479776855107, -34.811044375817872 ], [ 118.135339633489238, -34.810768256146147 ], [ 118.135310050244172, -34.810497966073676 ], [ 118.135371947371439, -34.810255995700373 ], [ 118.135530395116689, -34.810063335035153 ], [ 118.13581397363437, -34.809932453995081 ], [ 118.136120003080237, -34.809878752932988 ], [ 118.137161764027553, -34.80993089943123 ], [ 118.137957747445029, -34.810189156758035 ], [ 118.138518982959027, -34.810619894809932 ], [ 118.138688696515118, -34.810901724188682 ], [ 118.138731199934327, -34.811176284012575 ], [ 118.138646303587905, -34.811474634303224 ], [ 118.138464426754325, -34.811738274973003 ], [ 118.138230428873939, -34.81192033586143 ], [ 118.137889220241334, -34.812047047176513 ], [ 118.137473330453773, -34.812083778782643 ] ] ] ] } },
{ "type": "Feature", "properties": { "fid": 2973, "CODE": "P_gp", "JNCODE": "si5011; P_gp", "fme_featur": "geology_surface_si5011" }, "geometry": { "type": "MultiPolygon", "coordinates": [ [ [ [ 117.399379799862928, -34.828530684541626 ], [ 117.398891569994902, -34.828941516347733 ], [ 117.398699500180584, -34.829235397271873 ], [ 117.398417730729264, -34.829942379075533 ], [ 117.397888161215391, -34.83061814132725 ], [ 117.395764989572456, -34.830432376190558 ], [ 117.394415918664166, -34.830015318404826 ], [ 117.393512378874789, -34.829887589569381 ], [ 117.392622839233837, -34.82991217096118 ], [ 117.391274640087246, -34.830160923339157 ], [ 117.390557850356799, -34.830158164421533 ], [ 117.390042380315776, -34.830006595024045 ], [ 117.389820520153052, -34.829767794971225 ], [ 117.38982842997909, -34.8295943046693 ], [ 117.389981669706344, -34.829374684068604 ], [ 117.391425618015475, -34.828149829793922 ], [ 117.391969467239392, -34.827517027879779 ], [ 117.392203246546885, -34.826854116388169 ], [ 117.392363775473896, -34.825749834254367 ], [ 117.392356864706443, -34.824919832849538 ], [ 117.392253174197734, -34.82434327203125 ], [ 117.392010153611622, -34.823651601241885 ], [ 117.391530312763379, -34.822636880291277 ], [ 117.391347352174023, -34.82197652946963 ], [ 117.390812706832236, -34.81632124081105 ], [ 117.390718184177445, -34.814309898231983 ], [ 117.390766450066167, -34.812283626671459 ], [ 117.390876768200187, -34.811364155807951 ], [ 117.390970917805788, -34.811169995501281 ], [ 117.391103937592931, -34.811065415191663 ], [ 117.391267937527857, -34.811033864881111 ], [ 117.3914482376357, -34.811087724604619 ], [ 117.391852178367913, -34.811451414165106 ], [ 117.392303859587471, -34.812057713824714 ], [ 117.392891191777636, -34.813148623614985 ], [ 117.393309682727846, -34.813625083246343 ], [ 117.393799293482175, -34.814006172686234 ], [ 117.394712024454677, -34.814503381487981 ], [ 117.394948024945649, -34.814752051271164 ], [ 117.395510216151195, -34.815853071944524 ], [ 117.39682135782293, -34.817630082515116 ], [ 117.396883898177407, -34.817994403000824 ], [ 117.396808719123158, -34.818989254798034 ], [ 117.396879409421274, -34.819289455157772 ], [ 117.396989729588057, -34.819444625197264 ], [ 117.397389129859107, -34.819654354751336 ], [ 117.398739690356649, -34.819906592467945 ], [ 117.399385250722702, -34.82013373153076 ], [ 117.399829861208474, -34.820492381186817 ], [ 117.400241562005391, -34.821118231299266 ], [ 117.401188324541863, -34.823068652221707 ], [ 117.401309925053326, -34.8234641125403 ], [ 117.401352275620326, -34.823927743126333 ], [ 117.401258946146172, -34.824402304024467 ], [ 117.400906766638244, -34.824948975607057 ], [ 117.400435776866146, -34.825330477225336 ], [ 117.399550746973603, -34.82580039992876 ], [ 117.399272547202926, -34.826136761079141 ], [ 117.399265137416805, -34.826337711408108 ], [ 117.399335037630308, -34.826501251502116 ], [ 117.399813618521222, -34.827078811289951 ], [ 117.40003790908338, -34.827469691364698 ], [ 117.400148939815978, -34.828062982004205 ], [ 117.399379799862928, -34.828530684541626 ] ] ] ] } },
{ "type": "Feature", "properties": { "fid": 2974, "CODE": "P_gp", "JNCODE": "si5011; P_gp", "fme_featur": "geology_surface_si5011" }, "geometry": { "type": "MultiPolygon", "coordinates": [ [ [ [ 117.384405714813653, -34.823136992602898 ], [ 117.38407018487635, -34.823126703126462 ], [ 117.38109146517894, -34.822827227454987 ], [ 117.379657895063801, -34.822557949409507 ], [ 117.379362324862228, -34.822409409708833 ], [ 117.379220524650805, -34.822248019718323 ], [ 117.379152314317693, -34.821987139448716 ], [ 117.379187553889878, -34.821644198870466 ], [ 117.379340103550959, -34.82136023816583 ], [ 117.379602173299929, -34.821132227341209 ], [ 117.380170872930947, -34.820806845828621 ], [ 117.380758502540161, -34.820562334485949 ], [ 117.38178102214431, -34.820365662497629 ], [ 117.383347791853282, -34.820325999854745 ], [ 117.383980291801663, -34.820367848879442 ], [ 117.384386541846794, -34.820465818366991 ], [ 117.385624852449268, -34.821203917520862 ], [ 117.38688172255975, -34.821519035979414 ], [ 117.387126382646457, -34.821644535785573 ], [ 117.387302932807955, -34.821830755802694 ], [ 117.38730104301392, -34.822027556127956 ], [ 117.3871513232437, -34.822218916683916 ], [ 117.386465293829602, -34.822640638482 ], [ 117.385016224568247, -34.823036571459291 ], [ 117.384405714813653, -34.823136992602898 ] ] ] ] } },
{ "type": "Feature", "properties": { "fid": 2976, "CODE": "P_gp", "JNCODE": "si5011; P_gp", "fme_featur": "geology_surface_si5011" }, "geometry": { "type": "MultiPolygon", "coordinates": [ [ [ [ 117.409792163843079, -34.81468540478874 ], [ 117.409867474634126, -34.815124105071334 ], [ 117.409613295349814, -34.815558606000558 ], [ 117.408988306110672, -34.816025077651425 ], [ 117.405710495739527, -34.815728923255897 ], [ 117.404830815557716, -34.815576994650733 ], [ 117.404044095297266, -34.815358605777341 ], [ 117.403616435017241, -34.815128146231416 ], [ 117.403466294542199, -34.814832086176715 ], [ 117.403678713840577, -34.814478215502554 ], [ 117.404152333152553, -34.81413922437315 ], [ 117.409428682954456, -34.814206325012194 ], [ 117.409792163843079, -34.81468540478874 ] ] ] ] } },
{ "type": "Feature", "properties": { "fid": 2978, "CODE": "P_ng", "JNCODE": "si5011; P_ng", "fme_featur": "geology_surface_si5011" }, "geometry": { "type": "MultiPolygon", "coordinates": [ [ [ [ 117.916144447032877, -34.836187096767752 ], [ 117.915303476717938, -34.836350732884675 ], [ 117.914103670700399, -34.836394747318025 ], [ 117.913024033399481, -34.836332332249462 ], [ 117.912946615219255, -34.835598851345807 ], [ 117.913084834107565, -34.835180591706838 ], [ 117.913502899541527, -34.834866433530927 ], [ 117.914315450136428, -34.834665817410489 ], [ 117.914847183812853, -34.83467812003974 ], [ 117.915361437542316, -34.834846252634634 ], [ 117.916054498964286, -34.835240286125931 ], [ 117.916971317591262, -34.83589573061878 ], [ 117.916144447032877, -34.836187096767752 ] ] ] ] } },
{ "type": "Feature", "properties": { "fid": 2995, "CODE": "P_gp", "JNCODE": "si5011; P_gp", "fme_featur": "geology_surface_si5011" }, "geometry": { "type": "MultiPolygon", "coordinates": [ [ [ [ 117.4560073564475, -34.861157394718859 ], [ 117.455439495546656, -34.861051853514709 ], [ 117.454857063897109, -34.860655819824267 ], [ 117.454233160837205, -34.859856183728844 ], [ 117.454027388781995, -34.859416043391946 ], [ 117.453975337411833, -34.859091723193771 ], [ 117.454121884984744, -34.858451362905853 ], [ 117.454558292604872, -34.857772182686126 ], [ 117.455386239913921, -34.856965162497133 ], [ 117.455696769336839, -34.856758732482248 ], [ 117.455954089242468, -34.856677522523619 ], [ 117.456193089641516, -34.856716722634914 ], [ 117.456540970892007, -34.856932492903546 ], [ 117.456916402867847, -34.857314983301571 ], [ 117.457170714729386, -34.857699393663843 ], [ 117.457475238141171, -34.858442934306048 ], [ 117.457783234157006, -34.859809795411749 ], [ 117.457657855366364, -34.860180577152455 ], [ 117.457144436310216, -34.860671761132451 ], [ 117.456636526679674, -34.860989763608643 ], [ 117.4560073564475, -34.861157394718859 ] ] ] ] } },
{ "type": "Feature", "properties": { "fid": 3005, "CODE": "P_gp", "JNCODE": "si5011; P_gp", "fme_featur": "geology_surface_si5011" }, "geometry": { "type": "MultiPolygon", "coordinates": [ [ [ [ 117.996502114797025, -34.954642557853354 ], [ 117.995895126434419, -34.954613368044527 ], [ 117.995341000813681, -34.954466699759905 ], [ 117.994914506597254, -34.954228172655107 ], [ 117.994611753139367, -34.953900366692586 ], [ 117.994468781267628, -34.953532391309878 ], [ 117.994435593109301, -34.953027647726756 ], [ 117.994492746460978, -34.952477374784152 ], [ 117.995032746498566, -34.951748154525369 ], [ 117.995390262796434, -34.95149167817906 ], [ 117.996093445720888, -34.951384360296537 ], [ 117.996396434276591, -34.951448169774046 ], [ 117.996634931193853, -34.951575638338134 ], [ 117.997086327491431, -34.952124501495433 ], [ 117.997400055766562, -34.952978590360829 ], [ 117.997502722087418, -34.953905028034065 ], [ 117.997435631299041, -34.954331542301176 ], [ 117.997322255867317, -34.954551379325132 ], [ 117.996502114797025, -34.954642557853354 ] ] ] ] } },
{ "type": "Feature", "properties": { "fid": 3008, "CODE": "P_ng", "JNCODE": "si5011; P_ng", "fme_featur": "geology_surface_si5011" }, "geometry": { "type": "MultiPolygon", "coordinates": [ [ [ [ 118.032877941664935, -34.955863408136487 ], [ 118.033723276169823, -34.95668333152986 ], [ 118.034260081233029, -34.95759385872023 ], [ 118.033936114956546, -34.959353168313001 ], [ 118.033684016651861, -34.95994699572087 ], [ 118.033253668525191, -34.960559064046869 ], [ 118.033139668927518, -34.960859932336746 ], [ 118.033034038513009, -34.961767315263749 ], [ 118.03289160711374, -34.964454292608188 ], [ 118.032733189462192, -34.965292747231459 ], [ 118.02989692702684, -34.970957255468832 ], [ 118.029240627948781, -34.971738485192517 ], [ 118.028533718764763, -34.972156186572583 ], [ 118.028057339275662, -34.97229669804922 ], [ 118.027484219888677, -34.972339530295983 ], [ 118.027178900244223, -34.97224776190243 ], [ 118.026951810591456, -34.971941183935712 ], [ 118.026900560771139, -34.971575515438772 ], [ 118.026963140841076, -34.971119366793531 ], [ 118.027600670349955, -34.969540209879675 ], [ 118.027712210327763, -34.968741322326217 ], [ 118.027632830557309, -34.968277694300305 ], [ 118.02745760094075, -34.96797279605704 ], [ 118.027137501600834, -34.967719228161073 ], [ 118.026758532355615, -34.967595830009891 ], [ 118.026321203117291, -34.967754401087198 ], [ 118.024928295023983, -34.968725683259528 ], [ 118.024125815771583, -34.968985887510755 ], [ 118.02358385638415, -34.968997540930623 ], [ 118.023028327069213, -34.968910174718452 ], [ 118.021562369020685, -34.968350625381284 ], [ 118.021188159441081, -34.968343697718268 ], [ 118.020906469715342, -34.9684277792771 ], [ 118.020650019918833, -34.968608580481572 ], [ 118.020452460001835, -34.968917171069087 ], [ 118.020182899755255, -34.970177290212895 ], [ 118.019989229878931, -34.970428451010555 ], [ 118.018671501212467, -34.971123098789029 ], [ 118.017606362411144, -34.971497405688901 ], [ 118.01596808414898, -34.972775586087664 ], [ 118.015055515251461, -34.973234242536108 ], [ 118.014301886223521, -34.973424388116932 ], [ 118.013701097022206, -34.973477242650119 ], [ 118.011632699817582, -34.973233368274052 ], [ 118.010857720851078, -34.973247194107998 ], [ 118.010163941778984, -34.973432989450707 ], [ 118.009146458912639, -34.974009362605571 ], [ 118.008549043701535, -34.974140033791635 ], [ 118.007656980838902, -34.974044905365318 ], [ 118.006481320211947, -34.973631667260371 ], [ 118.005837545360237, -34.973630418446881 ], [ 118.005178830666637, -34.973942339853188 ], [ 118.003762742201019, -34.975230443213469 ], [ 118.003257616302335, -34.975493974282294 ], [ 118.002702520769887, -34.975525345304362 ], [ 118.001933156942172, -34.975461186660382 ], [ 118.001592509656206, -34.975343787212758 ], [ 118.001240922433354, -34.975117017727165 ], [ 118.000936464817528, -34.974838828131432 ], [ 118.000751636238007, -34.974557548318643 ], [ 118.000450058386363, -34.973377998249347 ], [ 117.999537105500536, -34.972648099566079 ], [ 117.999347196955341, -34.972411699800382 ], [ 117.999114248634797, -34.971725299891538 ], [ 117.999073948704492, -34.970756439482933 ], [ 117.999291586814735, -34.970115228746636 ], [ 117.999718313292419, -34.969530637632303 ], [ 118.000248328991518, -34.969057566367304 ], [ 118.000959783269337, -34.968576174736661 ], [ 118.006272031083796, -34.965606972552926 ], [ 118.00709126463363, -34.965070220570183 ], [ 118.007625286251084, -34.964487477251446 ], [ 118.008259387639924, -34.963359403864125 ], [ 118.009449095854052, -34.962250789713124 ], [ 118.009796830428755, -34.961744047405347 ], [ 118.009736407493818, -34.961540270768005 ], [ 118.009280970221354, -34.961230246296644 ], [ 118.009031119719467, -34.960980540573978 ], [ 118.008845185143372, -34.960535297869434 ], [ 118.00892612265595, -34.959982856594081 ], [ 118.009409860297012, -34.959068250844474 ], [ 118.009557107146193, -34.958536169301283 ], [ 118.009592191169531, -34.957800771114051 ], [ 118.009359725656552, -34.957382327917031 ], [ 118.008961576876587, -34.957075802926127 ], [ 118.008448594048446, -34.95690059582018 ], [ 118.00628416122926, -34.956870636701012 ], [ 118.005436177500727, -34.956744158777447 ], [ 118.00462540087328, -34.956371894482196 ], [ 118.004391186085883, -34.955879791844502 ], [ 118.004331365140416, -34.955241821355358 ], [ 118.004748012676785, -34.953960520654526 ], [ 118.00481755353934, -34.953261371188077 ], [ 118.004674649845768, -34.95271857923472 ], [ 118.004131701276819, -34.951660714558365 ], [ 118.004082033986407, -34.951229420916739 ], [ 118.004282965846386, -34.950832857041817 ], [ 118.004977240613471, -34.950027009983287 ], [ 118.005716797208265, -34.948703720782952 ], [ 118.00623961366793, -34.94827025810806 ], [ 118.006595649260021, -34.948140150644093 ], [ 118.007139334133299, -34.948048052926552 ], [ 118.008149236936177, -34.948053454502215 ], [ 118.008924281200535, -34.94826851245498 ], [ 118.009203905187405, -34.94844912011002 ], [ 118.009434035020902, -34.948734076054556 ], [ 118.009560976652779, -34.94922659860184 ], [ 118.009510177401935, -34.949732370677161 ], [ 118.009361928162519, -34.949971186769368 ], [ 118.008492516012126, -34.950932050373794 ], [ 118.008376536333586, -34.951230775516237 ], [ 118.008283186928438, -34.951834495879112 ], [ 118.008263526520111, -34.952471255804859 ], [ 118.008362169971434, -34.952986107741552 ], [ 118.008589906217438, -34.95340907118657 ], [ 118.008992852553561, -34.953820124864805 ], [ 118.010149439954589, -34.954488553804914 ], [ 118.011195202779888, -34.954828782662439 ], [ 118.012641113197162, -34.954982032392699 ], [ 118.015498681320935, -34.955063165685686 ], [ 118.016385159017148, -34.95522041837399 ], [ 118.017105252068134, -34.95548446023966 ], [ 118.017670060287884, -34.955860091146533 ], [ 118.018119202604879, -34.956379500363312 ], [ 118.018591207839179, -34.957353362143337 ], [ 118.018955725736049, -34.95877227734227 ], [ 118.019257404261168, -34.95909407054728 ], [ 118.019715006382441, -34.959325314377651 ], [ 118.020172417859726, -34.959307682215076 ], [ 118.020473218827888, -34.959034155006329 ], [ 118.020680938459407, -34.958531251983707 ], [ 118.020979923696572, -34.957109263249954 ], [ 118.021182387753313, -34.956758967795537 ], [ 118.021377435495396, -34.95657348972982 ], [ 118.021768925158526, -34.956355481130352 ], [ 118.022271622680705, -34.956203860864392 ], [ 118.023964285327949, -34.956025264629901 ], [ 118.024434062171053, -34.95589378421316 ], [ 118.024721354893344, -34.955601717354149 ], [ 118.025350155003764, -34.954545568298101 ], [ 118.025592781040785, -34.954331068446905 ], [ 118.025976664922695, -34.954130756378959 ], [ 118.026789342242679, -34.953976337649244 ], [ 118.027686419304459, -34.954060744284106 ], [ 118.028632108748752, -34.954337277963504 ], [ 118.031131609948787, -34.95524804528074 ], [ 118.032877941664935, -34.955863408136487 ] ] ] ] } },
{ "type": "Feature", "properties": { "fid": 3010, "CODE": "P_gp", "JNCODE": "si5011; P_gp", "fme_featur": "geology_surface_si5011" }, "geometry": { "type": "MultiPolygon", "coordinates": [ [ [ [ 118.000749649598191, -34.960420097661562 ], [ 118.000499802383573, -34.96036415869326 ], [ 118.000209559514047, -34.960154931901577 ], [ 118.000022408410246, -34.959859576193409 ], [ 117.999964461123639, -34.959398772663519 ], [ 118.000072670979762, -34.959016987910481 ], [ 118.000272365708341, -34.958812380641788 ], [ 118.000562087471408, -34.958705031971419 ], [ 118.000975306196509, -34.958691531915193 ], [ 118.001349231560511, -34.958804600082011 ], [ 118.001570145827728, -34.958977547472941 ], [ 118.001711318193827, -34.9592286937823 ], [ 118.001727720733896, -34.959491919999074 ], [ 118.001645894508897, -34.959727106697052 ], [ 118.001422947313415, -34.960021982676736 ], [ 118.001088021186504, -34.960301239014946 ], [ 118.000749649598191, -34.960420097661562 ] ] ] ] } },
{ "type": "Feature", "properties": { "fid": 3018, "CODE": "P_gp", "JNCODE": "si5011; P_gp", "fme_featur": "geology_surface_si5011" }, "geometry": { "type": "MultiPolygon", "coordinates": [ [ [ [ 117.907622347154387, -35.011134834654705 ], [ 117.908980535798747, -35.012892744673294 ], [ 117.909273078053687, -35.01343558227871 ], [ 117.909487780446113, -35.014044620141846 ], [ 117.909566682335722, -35.014536658853494 ], [ 117.909558474554998, -35.015108787798951 ], [ 117.909287840240481, -35.016491866288824 ], [ 117.909098812132029, -35.016900646273967 ], [ 117.908587304124239, -35.017200537771529 ], [ 117.908104514313436, -35.01708010999009 ], [ 117.907709252970378, -35.016667192484505 ], [ 117.905914829025392, -35.01365935694146 ], [ 117.904616727542219, -35.011701486628503 ], [ 117.904327634249654, -35.011128348717079 ], [ 117.90411847090877, -35.010522060766327 ], [ 117.904072148273372, -35.010035052149632 ], [ 117.904155397286047, -35.009631551630484 ], [ 117.904358706675609, -35.009356540799587 ], [ 117.904665466244353, -35.009193719866047 ], [ 117.905154216181117, -35.009118448264211 ], [ 117.905579646887389, -35.0091556562653 ], [ 117.906196008209179, -35.009345233496148 ], [ 117.906784309705117, -35.009626940910657 ], [ 117.907622347154387, -35.011134834654705 ] ] ] ] } },
{ "type": "Feature", "properties": { "fid": 3019, "CODE": "P_gp", "JNCODE": "si5011; P_gp", "fme_featur": "geology_surface_si5011" }, "geometry": { "type": "MultiPolygon", "coordinates": [ [ [ [ 117.903452086963654, -35.017499473271023 ], [ 117.90324442609122, -35.017440323654625 ], [ 117.901312635184397, -35.016136309797375 ], [ 117.89792657013129, -35.013600963750015 ], [ 117.897618218688493, -35.0132268657241 ], [ 117.897456647427916, -35.012837247519194 ], [ 117.89744836649929, -35.012507258802934 ], [ 117.897627965709319, -35.012182499684165 ], [ 117.898085324896229, -35.011817730109129 ], [ 117.898654164098602, -35.011485760110929 ], [ 117.899029863779077, -35.011351149773475 ], [ 117.899441983828808, -35.011328098948972 ], [ 117.899987174414392, -35.011437637380403 ], [ 117.900475725474692, -35.011659965586105 ], [ 117.901701550114495, -35.012575640167526 ], [ 117.903371271375988, -35.014507041575726 ], [ 117.904261739796709, -35.015787056836018 ], [ 117.904458772497719, -35.01619891551676 ], [ 117.904522385861185, -35.016775123974192 ], [ 117.904453767200209, -35.017046253365528 ], [ 117.904302968048441, -35.017270912959347 ], [ 117.903827307946429, -35.017490012899316 ], [ 117.903452086963654, -35.017499473271023 ] ] ] ] } },
{ "type": "Feature", "properties": { "fid": 3021, "CODE": "P_gp", "JNCODE": "si5011; P_gp", "fme_featur": "geology_surface_si5011" }, "geometry": { "type": "MultiPolygon", "coordinates": [ [ [ [ 117.900492412408411, -35.033060329495612 ], [ 117.900068961566191, -35.03326859008807 ], [ 117.899767281247307, -35.033341110641935 ], [ 117.89935580114097, -35.033328041551883 ], [ 117.896701730923098, -35.032471307648947 ], [ 117.891817573956388, -35.031360915808989 ], [ 117.891150982059372, -35.031062206484727 ], [ 117.890470389029005, -35.030497246669597 ], [ 117.889381878324315, -35.02931305772708 ], [ 117.888842199398994, -35.028463898580625 ], [ 117.889290625969764, -35.028407666744684 ], [ 117.889685902235399, -35.02815212480035 ], [ 117.890101458057799, -35.02752889246819 ], [ 117.890452836904345, -35.026720641123937 ], [ 117.89061989575157, -35.026099520207055 ], [ 117.890705783982412, -35.025375719194024 ], [ 117.89056659189491, -35.023393426752996 ], [ 117.890772552841852, -35.022726190147296 ], [ 117.891295165149813, -35.022134163048278 ], [ 117.892860981203256, -35.020978758153959 ], [ 117.893383022808436, -35.020513240076397 ], [ 117.893850143692632, -35.019812413001858 ], [ 117.894470813814593, -35.018476958477436 ], [ 117.894934874963681, -35.018305568808692 ], [ 117.895740947386798, -35.018280468180535 ], [ 117.896837680957915, -35.018363946848645 ], [ 117.897848104737349, -35.018585045108232 ], [ 117.898556878047671, -35.018911513313391 ], [ 117.899088861318361, -35.019350071337605 ], [ 117.899430994289816, -35.019847619363624 ], [ 117.900149012302791, -35.02123863426624 ], [ 117.900548085826145, -35.02169517262778 ], [ 117.900972608764448, -35.021949591696483 ], [ 117.902189756376231, -35.022403380065249 ], [ 117.902766660489476, -35.022690539157487 ], [ 117.903388485661523, -35.023115137931875 ], [ 117.904025931938634, -35.023690996407787 ], [ 117.90463969912355, -35.024399194682388 ], [ 117.9053501401728, -35.025446400932502 ], [ 117.905856642351083, -35.026403006579862 ], [ 117.906164346334705, -35.027249833172704 ], [ 117.906218882614098, -35.027879561188669 ], [ 117.906019068711871, -35.02868528949773 ], [ 117.905607075073334, -35.029514358404619 ], [ 117.905047951945036, -35.030259988010854 ], [ 117.904387997185637, -35.030848917318558 ], [ 117.903564493112242, -35.031321237337082 ], [ 117.903230652093853, -35.031415077640368 ], [ 117.902125679864483, -35.031527729177533 ], [ 117.901622728461803, -35.03168955969528 ], [ 117.901355067220138, -35.031916659738528 ], [ 117.90124986643545, -35.032090789616412 ], [ 117.901099534338698, -35.032617998984335 ], [ 117.900492412408411, -35.033060329495612 ] ] ] ] } },
{ "type": "Feature", "properties": { "fid": 3025, "CODE": "P_gp", "JNCODE": "si5011; P_gp", "fme_featur": "geology_surface_si5011" }, "geometry": { "type": "MultiPolygon", "coordinates": [ [ [ [ 117.841819875016313, -35.018113566374744 ], [ 117.841552605611028, -35.018213846923516 ], [ 117.841254706912395, -35.018446767496229 ], [ 117.84091937003069, -35.01902647801856 ], [ 117.840756285538532, -35.020070078004537 ], [ 117.840566838107904, -35.02056662815928 ], [ 117.840186560283939, -35.021006728598465 ], [ 117.839565872224867, -35.021432609337303 ], [ 117.839051602769601, -35.021585940001103 ], [ 117.838405662147437, -35.021517190992071 ], [ 117.837726940499095, -35.021230312243738 ], [ 117.837256598397815, -35.020815293367434 ], [ 117.837137146744539, -35.020464423911754 ], [ 117.837283405473315, -35.020182513943993 ], [ 117.837659374646904, -35.019991693470288 ], [ 117.838659493346441, -35.019694051926464 ], [ 117.839154442013964, -35.019416521201435 ], [ 117.839575799697187, -35.018954330665416 ], [ 117.839949475608677, -35.01815931030918 ], [ 117.840054542071229, -35.017475470395972 ], [ 117.839950059262648, -35.016921230890432 ], [ 117.839666477904856, -35.016630611707164 ], [ 117.838704855598053, -35.016068274411012 ], [ 117.838517474370661, -35.015793945084354 ], [ 117.83843883305363, -35.015512215499164 ], [ 117.838468699841641, -35.014854445916491 ], [ 117.838639247110606, -35.014322935832681 ], [ 117.838886224769112, -35.013892525421653 ], [ 117.839319341788638, -35.013381294459059 ], [ 117.840097592482863, -35.013676531980202 ], [ 117.840376083348858, -35.013896891069741 ], [ 117.840936286139481, -35.014524859257108 ], [ 117.841259536877899, -35.014713758310506 ], [ 117.843664736995208, -35.015072331749565 ], [ 117.844350657966359, -35.015322759993403 ], [ 117.844682099317495, -35.015587049230163 ], [ 117.844794441214404, -35.015914529086864 ], [ 117.844804123899209, -35.016361539265709 ], [ 117.844716976848915, -35.016845439691373 ], [ 117.844544039027241, -35.017197930241842 ], [ 117.844353529936598, -35.017339540730383 ], [ 117.842547424955555, -35.018127594836315 ], [ 117.841819875016313, -35.018113566374744 ] ] ] ] } },
{ "type": "Feature", "properties": { "fid": 3026, "CODE": "P_gp", "JNCODE": "si5011; P_gp", "fme_featur": "geology_surface_si5011" }, "geometry": { "type": "MultiPolygon", "coordinates": [ [ [ [ 117.629823599501805, -34.979525797752864 ], [ 117.630057970178598, -34.979513128090957 ], [ 117.631154122441089, -34.97918294940235 ], [ 117.631708453725565, -34.979087620114811 ], [ 117.632243475320749, -34.979103890909052 ], [ 117.632974128126605, -34.979283532173767 ], [ 117.63378512207457, -34.979652113806573 ], [ 117.634986458688871, -34.980390406602574 ], [ 117.635746449655713, -34.981037567509198 ], [ 117.636544731238558, -34.981915388780443 ], [ 117.637118092858955, -34.982682279955043 ], [ 117.637328583987042, -34.983120100639091 ], [ 117.63718985892362, -34.984517242748851 ], [ 117.637403902618416, -34.985713624623173 ], [ 117.637378964157321, -34.986157955297244 ], [ 117.637184995467535, -34.986456895695135 ], [ 117.63681000682358, -34.98668721592351 ], [ 117.635315980224902, -34.987015965899872 ], [ 117.634878840885918, -34.987192765836177 ], [ 117.634675300791955, -34.987347185736773 ], [ 117.634490771113761, -34.987608985814838 ], [ 117.634447801902198, -34.987884246128949 ], [ 117.634507162698497, -34.988070866477941 ], [ 117.634862434999064, -34.988448577545874 ], [ 117.635688415876942, -34.988886168692765 ], [ 117.636528635487551, -34.989142399460782 ], [ 117.637433334531167, -34.989255340068134 ], [ 117.638303473016535, -34.989187470383762 ], [ 117.638855031611413, -34.989014640369007 ], [ 117.640009767234517, -34.988241599600613 ], [ 117.640520685708609, -34.988022739437746 ], [ 117.641088264653078, -34.9879655695688 ], [ 117.641367274452932, -34.988029109795121 ], [ 117.641618174601959, -34.988180220169795 ], [ 117.641915965630986, -34.988602201062136 ], [ 117.64217415855282, -34.989544982907631 ], [ 117.642387934792737, -34.991410026464166 ], [ 117.64241234939216, -34.992728488919319 ], [ 117.642316561031336, -34.993157619643121 ], [ 117.642092362886061, -34.993599250286827 ], [ 117.640733929432074, -34.995240951557911 ], [ 117.640676429408302, -34.995480051401152 ], [ 117.640734729218451, -34.995750241330654 ], [ 117.640943828825073, -34.99602985138997 ], [ 117.641218898381254, -34.996219341550649 ], [ 117.642041427184736, -34.996470352178612 ], [ 117.64280973615088, -34.996504782853357 ], [ 117.644137354489118, -34.996278894121119 ], [ 117.645852552235652, -34.99623636565925 ], [ 117.646491361343081, -34.996337946199304 ], [ 117.64715199032635, -34.996644756711447 ], [ 117.64749033974114, -34.996939386945684 ], [ 117.647745689232536, -34.997304367093435 ], [ 117.647910848819777, -34.997719287151462 ], [ 117.647978288519852, -34.998170757113073 ], [ 117.647933658353836, -34.998656216960981 ], [ 117.64777452833259, -34.999161786691033 ], [ 117.647436398501014, -34.9997816462107 ], [ 117.64713986874186, -35.000127205828413 ], [ 117.6466890992305, -35.000390145304536 ], [ 117.645917800240994, -35.000461684500188 ], [ 117.641922165856712, -34.999964550635788 ], [ 117.641455056534909, -34.999851010215593 ], [ 117.64110749709458, -34.999634419962661 ], [ 117.640700987794062, -34.999270309722363 ], [ 117.639874949359609, -34.998166259434711 ], [ 117.63946009009004, -34.997737269250372 ], [ 117.638461011745619, -34.996936828730966 ], [ 117.637290263614247, -34.996146118103425 ], [ 117.634447743827408, -34.994472655228812 ], [ 117.628286305871967, -34.991340181411914 ], [ 117.627987303931079, -34.991032130527778 ], [ 117.627834861994586, -34.990608479710446 ], [ 117.627872010026451, -34.990022768962319 ], [ 117.628075769218654, -34.989627858732852 ], [ 117.628327549228445, -34.989423578839251 ], [ 117.628652329742195, -34.989301109170427 ], [ 117.629837012635463, -34.989141160772661 ], [ 117.630308223501785, -34.988994401295372 ], [ 117.630605703511407, -34.988745511410052 ], [ 117.630649792591285, -34.988441511059051 ], [ 117.630517951532312, -34.988247250588756 ], [ 117.630191590068563, -34.988102399887538 ], [ 117.628637035107687, -34.987996177351704 ], [ 117.628039162777753, -34.987836846213547 ], [ 117.627844241320247, -34.987588275572236 ], [ 117.627573296623581, -34.986492423649381 ], [ 117.627443735439556, -34.986268923143179 ], [ 117.627198133940411, -34.986055772473144 ], [ 117.626766832337495, -34.985971531695178 ], [ 117.626409311635541, -34.986076801290935 ], [ 117.625088551844783, -34.987231170847416 ], [ 117.623299130648363, -34.98835125963339 ], [ 117.622996289908215, -34.988392049223684 ], [ 117.622706198822243, -34.988329348691799 ], [ 117.622311276926638, -34.988132477814958 ], [ 117.622064195386955, -34.987915207137526 ], [ 117.62194922422421, -34.987694906659193 ], [ 117.621888802852268, -34.98737578612932 ], [ 117.621960179688713, -34.986471965001286 ], [ 117.62212347839062, -34.985992404595187 ], [ 117.622896454769403, -34.984384853579087 ], [ 117.623186291906364, -34.983369072631376 ], [ 117.623181930127259, -34.982891291969842 ], [ 117.62273112632684, -34.982246140395119 ], [ 117.622577553452487, -34.981602309277868 ], [ 117.622610781910694, -34.981158898721255 ], [ 117.62272070079139, -34.98076308834721 ], [ 117.623126129755192, -34.980132978104059 ], [ 117.623534630481245, -34.97983100847911 ], [ 117.62462334370035, -34.979527990005813 ], [ 117.626653888292594, -34.978470522413872 ], [ 117.627498730056018, -34.978216393429172 ], [ 117.627848180972549, -34.978231773920953 ], [ 117.628227602203069, -34.978358504535223 ], [ 117.628699294123024, -34.978664685423361 ], [ 117.629483518136198, -34.979397057139728 ], [ 117.629823599501805, -34.979525797752864 ] ] ] ] } },
{ "type": "Feature", "properties": { "fid": 3053, "CODE": "P_gp", "JNCODE": "si5011; P_gp", "fme_featur": "geology_surface_si5011" }, "geometry": { "type": "MultiPolygon", "coordinates": [ [ [ [ 117.409106948023052, -34.823538085828787 ], [ 117.408993719521561, -34.824513017167085 ], [ 117.40876204012045, -34.824956868179584 ], [ 117.408057840941922, -34.825696160603229 ], [ 117.406782299491539, -34.825124832779629 ], [ 117.405759477963116, -34.824370314103113 ], [ 117.405268737105771, -34.823898914573007 ], [ 117.403079993073817, -34.821408055881676 ], [ 117.402776532417718, -34.820951005868885 ], [ 117.402605051734184, -34.820438175498396 ], [ 117.402478270109782, -34.819156933946807 ], [ 117.402541729655809, -34.818786493300621 ], [ 117.402878429353493, -34.818514312266011 ], [ 117.403358679307928, -34.818437161230989 ], [ 117.4039340695562, -34.818577620308965 ], [ 117.404775920218128, -34.818991119219177 ], [ 117.405964351527359, -34.819795337905376 ], [ 117.40902449625834, -34.82244161477761 ], [ 117.409106948023052, -34.823538085828787 ] ] ] ] } },
{ "type": "Feature", "properties": { "fid": 3073, "CODE": "P_gp", "JNCODE": "si5011; P_gp", "fme_featur": "geology_surface_si5011" }, "geometry": { "type": "MultiPolygon", "coordinates": [ [ [ [ 117.478801969425703, -35.000348794960203 ], [ 117.478937310184577, -35.001158854823949 ], [ 117.478958320864052, -35.001961314644213 ], [ 117.478607351165053, -35.002919684191063 ], [ 117.478159651478251, -35.004442543436582 ], [ 117.477968411338594, -35.004800553172657 ], [ 117.477578160779601, -35.005178592722764 ], [ 117.47691861957334, -35.005519402027751 ], [ 117.47613538797188, -35.005729391245438 ], [ 117.473698442755634, -35.005809499026149 ], [ 117.47347521220928, -35.005920698747282 ], [ 117.473373501834274, -35.006162638480987 ], [ 117.473505311885489, -35.00656683831626 ], [ 117.473861822594941, -35.006812748491875 ], [ 117.475825967321057, -35.007182360232392 ], [ 117.476275008464015, -35.007342630612364 ], [ 117.476787219840048, -35.00762877101721 ], [ 117.477640462420212, -35.008352051661333 ], [ 117.478362775088314, -35.009311962189976 ], [ 117.477109941345176, -35.00957280058519 ], [ 117.475770447157458, -35.009544088964603 ], [ 117.474680673797337, -35.009412057716951 ], [ 117.473518470437327, -35.009036686580039 ], [ 117.470777903928081, -35.007762474566185 ], [ 117.470258062790478, -35.007595684178334 ], [ 117.469634661452048, -35.007489503855702 ], [ 117.469245160566757, -35.007490013678137 ], [ 117.46883447951555, -35.007573393410887 ], [ 117.46777303635406, -35.008140942406953 ], [ 117.467437355460987, -35.008254232159622 ], [ 117.466907974262682, -35.008276741914671 ], [ 117.46609173259327, -35.008166171663689 ], [ 117.465220830913111, -35.007944731473664 ], [ 117.464685029979805, -35.007702131434804 ], [ 117.462981517348595, -35.006432041612896 ], [ 117.462304336063482, -35.006086171523762 ], [ 117.461356413955997, -35.005901271166131 ], [ 117.460124690968769, -35.005946980501562 ], [ 117.459354298971817, -35.00617715996767 ], [ 117.45808030550333, -35.00696699889054 ], [ 117.457010792607264, -35.007860147930124 ], [ 117.456040790018648, -35.008909527010914 ], [ 117.455651298963588, -35.009500126587277 ], [ 117.455510798515533, -35.009930026341628 ], [ 117.455454917440377, -35.010497536082113 ], [ 117.455464745065214, -35.011800845539788 ], [ 117.4551099141094, -35.011890515361955 ], [ 117.454883333060025, -35.012063845109395 ], [ 117.45471109181068, -35.012379454788089 ], [ 117.454677270998644, -35.012757824591134 ], [ 117.454757120914508, -35.0129702245871 ], [ 117.454918851274755, -35.013101634705137 ], [ 117.455676072931212, -35.013230825029957 ], [ 117.454691619227688, -35.013769704177626 ], [ 117.454282396683013, -35.014406593474263 ], [ 117.45401639540566, -35.014630723099565 ], [ 117.453691004202796, -35.014700062727371 ], [ 117.453334663164867, -35.014597242393208 ], [ 117.453079652631743, -35.014370952215167 ], [ 117.45292885244659, -35.014135852149892 ], [ 117.45226757217732, -35.012522632082302 ], [ 117.451266999849139, -35.011056801557622 ], [ 117.451079799514702, -35.010605831522298 ], [ 117.451034169603773, -35.010315581581594 ], [ 117.451115210264462, -35.010004951789277 ], [ 117.451411201759555, -35.009708692262123 ], [ 117.452945998834409, -35.009003684292132 ], [ 117.453947843468299, -35.008257965725164 ], [ 117.454530996208604, -35.007537026673241 ], [ 117.455240799197881, -35.006174577889375 ], [ 117.455506939943589, -35.005853108168132 ], [ 117.455899811008635, -35.005537308518072 ], [ 117.456368322230531, -35.005336328863358 ], [ 117.457850846016441, -35.005034549823982 ], [ 117.458455377650452, -35.004793010292481 ], [ 117.459674891114133, -35.004165961357181 ], [ 117.460401773037148, -35.004060491848747 ], [ 117.46114015485594, -35.004136612231925 ], [ 117.461583545866006, -35.004274812396602 ], [ 117.461920046526757, -35.004494372438373 ], [ 117.462749887865527, -35.005292952329448 ], [ 117.463065708467497, -35.005471412367449 ], [ 117.463488419360232, -35.005608132489058 ], [ 117.465011092803508, -35.005827513113104 ], [ 117.466199965554708, -35.005916123653634 ], [ 117.46746640864265, -35.005876424342915 ], [ 117.468448531185402, -35.005743114977733 ], [ 117.468845852384334, -35.005573695348964 ], [ 117.469587864868686, -35.005111046201989 ], [ 117.470448467725845, -35.004427597464009 ], [ 117.471860222578371, -35.002163880486414 ], [ 117.473386645609779, -35.000247302749166 ], [ 117.47492156720304, -34.9979477047318 ], [ 117.475230987274117, -34.997660674958638 ], [ 117.475563157288363, -34.997512475100066 ], [ 117.475825907281816, -34.997478015163821 ], [ 117.476155887276619, -34.997543735189431 ], [ 117.47636643729227, -34.997675115166409 ], [ 117.476528077333342, -34.997878805106076 ], [ 117.476629407400068, -34.998156735005253 ], [ 117.476656007655606, -34.999296564514125 ], [ 117.476743447769934, -34.999607094409868 ], [ 117.477055647975249, -34.999736314469608 ], [ 117.477723228325104, -34.999692974730699 ], [ 117.478801969425703, -35.000348794960203 ] ] ] ] } },
{ "type": "Feature", "properties": { "fid": 3074, "CODE": "P_gp", "JNCODE": "si5011; P_gp", "fme_featur": "geology_surface_si5011" }, "geometry": { "type": "MultiPolygon", "coordinates": [ [ [ [ 117.516092414595207, -34.998789186483606 ], [ 117.515966646616604, -34.999053756798553 ], [ 117.515646469654882, -34.999375637248093 ], [ 117.51508468387118, -34.999746577855092 ], [ 117.514687476410955, -34.999866488365036 ], [ 117.514538486828727, -34.999819268477331 ], [ 117.513524718748954, -34.999299419081275 ], [ 117.51280119102131, -34.999040189666424 ], [ 117.511089748654129, -34.998774651438104 ], [ 117.510348762473456, -34.998753402294064 ], [ 117.510068234236442, -34.998826312673579 ], [ 117.509845515983542, -34.998980573035901 ], [ 117.509125753600415, -35.000127164556325 ], [ 117.508707156811141, -35.000529685228756 ], [ 117.508133559808371, -35.000692175903865 ], [ 117.507350132943259, -35.000592866655623 ], [ 117.506835534540144, -35.000305217065247 ], [ 117.506355655384084, -34.999654157327463 ], [ 117.506000996456763, -34.99930796760038 ], [ 117.504932861048317, -34.998738578664607 ], [ 117.504549952734379, -34.998440859049772 ], [ 117.503396848359714, -34.997309540293728 ], [ 117.503191109458427, -34.997020270528715 ], [ 117.503149169610708, -34.996783680559062 ], [ 117.50344228756623, -34.996424920119743 ], [ 117.504332511281362, -34.995881028790322 ], [ 117.507021121162737, -34.994986064609805 ], [ 117.507714447529708, -34.994814123969157 ], [ 117.508463913041098, -34.994714843097803 ], [ 117.509356986945974, -34.994695921836261 ], [ 117.510025331511287, -34.994781860646107 ], [ 117.510931594132288, -34.995197218948206 ], [ 117.512406914889468, -34.995424366976501 ], [ 117.513032531645663, -34.9956286662566 ], [ 117.513429390736022, -34.995954115997719 ], [ 117.513715392307859, -34.99656761619481 ], [ 117.513933632365436, -34.996817876147752 ], [ 117.514190531659807, -34.996969745958751 ], [ 117.515030078457812, -34.997272495195482 ], [ 117.515794140079677, -34.997897625655057 ], [ 117.516012171377184, -34.998218985923643 ], [ 117.516105072913177, -34.998519146202831 ], [ 117.516092414595207, -34.998789186483606 ] ] ] ] } },
{ "type": "Feature", "properties": { "fid": 3086, "CODE": "P_gp", "JNCODE": "si5011; P_gp", "fme_featur": "geology_surface_si5011" }, "geometry": { "type": "MultiPolygon", "coordinates": [ [ [ [ 117.356578789110074, -34.963794668488084 ], [ 117.356551930220235, -34.963398838209791 ], [ 117.357242730767339, -34.962967027952182 ], [ 117.35767554084363, -34.96278864785662 ], [ 117.358676940272829, -34.962647867825808 ], [ 117.359649049408105, -34.96262648787576 ], [ 117.360016718702013, -34.962768837996414 ], [ 117.36031140762158, -34.963091278232909 ], [ 117.360513636301988, -34.963548518553004 ], [ 117.36055166514555, -34.964001558859529 ], [ 117.360366674374973, -34.96437448910001 ], [ 117.360024833875812, -34.964685969291743 ], [ 117.359544443659274, -34.964923809427937 ], [ 117.359085673851936, -34.964992559451801 ], [ 117.358389024763184, -34.964852429320288 ], [ 117.356414258423428, -34.964095828689338 ], [ 117.356578789110074, -34.963794668488084 ] ] ] ] } },
{ "type": "Feature", "properties": { "fid": 3096, "CODE": "P_gp", "JNCODE": "si5011; P_gp", "fme_featur": "geology_surface_si5011" }, "geometry": { "type": "MultiPolygon", "coordinates": [ [ [ [ 117.545617659325771, -34.996742562268274 ], [ 117.547487323734444, -34.996739329279521 ], [ 117.548765683202987, -34.996646527185327 ], [ 117.549166270009252, -34.996549026494016 ], [ 117.550307621324905, -34.996046184432267 ], [ 117.550761697656782, -34.99599809369807 ], [ 117.551071905011085, -34.996049223236355 ], [ 117.551678849461155, -34.996352672416847 ], [ 117.552204714202617, -34.996839261785226 ], [ 117.552599859873936, -34.997381991365032 ], [ 117.553278181672752, -34.998639760717317 ], [ 117.553575528482682, -34.998956890327861 ], [ 117.553896035334517, -34.999144599847071 ], [ 117.554261671973293, -34.999240549254523 ], [ 117.554738277850817, -34.999239738439947 ], [ 117.556088267507548, -34.998665195997454 ], [ 117.55718533838828, -34.998545554128611 ], [ 117.558283039015734, -34.998533682285533 ], [ 117.558831364022325, -34.998644761378692 ], [ 117.559217160084842, -34.998875460752409 ], [ 117.559551486220926, -34.999232480216364 ], [ 117.55961416465972, -34.999600240138797 ], [ 117.559516264890348, -34.999825370326668 ], [ 117.559299516087407, -35.000079660726598 ], [ 117.558692860259498, -35.000509411837839 ], [ 117.558113424737826, -35.000752372896208 ], [ 117.556846245162205, -35.001074195211721 ], [ 117.556332619035729, -35.001366006197067 ], [ 117.5561319200269, -35.001708076639297 ], [ 117.556062389449835, -35.002223926888625 ], [ 117.556126157592587, -35.002772926900469 ], [ 117.556457172408585, -35.003687706484726 ], [ 117.556437571762459, -35.004035966599261 ], [ 117.556296782383399, -35.00432531693567 ], [ 117.555581007639844, -35.004939528479738 ], [ 117.554595645651034, -35.005507370585008 ], [ 117.554332708038814, -35.00555157112138 ], [ 117.553089789969121, -35.00545187355646 ], [ 117.552788212704115, -35.005508584176773 ], [ 117.552565334567788, -35.005635294669517 ], [ 117.552400725608194, -35.005911015108033 ], [ 117.552377965309418, -35.006186835264515 ], [ 117.552494963374926, -35.006623055201587 ], [ 117.552960277001091, -35.007612274625892 ], [ 117.552963926303761, -35.007953534746569 ], [ 117.552816917146259, -35.008260445171999 ], [ 117.552372930776485, -35.00864204626199 ], [ 117.551169161792146, -35.009117079037907 ], [ 117.549486364999026, -35.010221552996391 ], [ 117.548997838943293, -35.010322354009595 ], [ 117.546496474546032, -35.010244469498367 ], [ 117.542918438535239, -35.010450995613176 ], [ 117.541174265869998, -35.010486408094479 ], [ 117.538788841031106, -35.010393911596054 ], [ 117.538401465717101, -35.010322182212377 ], [ 117.538030251429447, -35.01013807290019 ], [ 117.53773069588361, -35.009797043366106 ], [ 117.537572406919011, -35.009267463335583 ], [ 117.537633355588042, -35.008586712908702 ], [ 117.537837633023372, -35.008029302323614 ], [ 117.538283928050632, -35.007281731262765 ], [ 117.539573764945956, -35.005584678335595 ], [ 117.540032520408104, -35.00457901703134 ], [ 117.540599615017598, -35.002831745081458 ], [ 117.540893602527618, -35.002459454365344 ], [ 117.542126712682588, -35.001205961481872 ], [ 117.54224373180503, -35.001019101159571 ], [ 117.542271921635802, -35.000773930953137 ], [ 117.542103073121552, -34.99956848047983 ], [ 117.541993113975082, -34.999217830453581 ], [ 117.541843375080887, -34.99901014059153 ], [ 117.541666146361507, -34.998936000864163 ], [ 117.541406068233513, -34.998990891366581 ], [ 117.54038424583436, -34.999754593650856 ], [ 117.54008801804207, -34.999784574194123 ], [ 117.53977396032046, -34.99967526469004 ], [ 117.539405262891393, -34.999408385198656 ], [ 117.538824186620602, -34.998697135857952 ], [ 117.537674393853948, -34.997782267484475 ], [ 117.537303395977645, -34.99741042798636 ], [ 117.537154506704482, -34.997173458148168 ], [ 117.537100476796851, -34.996949188141322 ], [ 117.537253685288007, -34.996527967652099 ], [ 117.537629082432787, -34.996149286759554 ], [ 117.538111019028221, -34.995821985681431 ], [ 117.538400947107405, -34.995726145080631 ], [ 117.538956233574851, -34.995691244004668 ], [ 117.540419244387422, -34.995828881298067 ], [ 117.543028157566241, -34.99648280677539 ], [ 117.54394943145563, -34.996636085150193 ], [ 117.545617659325771, -34.996742562268274 ] ] ] ] } },
{ "type": "Feature", "properties": { "fid": 3104, "CODE": "P_gp", "JNCODE": "si5011; P_gp", "fme_featur": "geology_surface_si5011" }, "geometry": { "type": "MultiPolygon", "coordinates": [ [ [ [ 117.3629529134449, -34.97013755546844 ], [ 117.362396313814656, -34.970092935095693 ], [ 117.361531624697022, -34.969820774327218 ], [ 117.361192745351644, -34.969513943849329 ], [ 117.361093655921238, -34.969176153480866 ], [ 117.361120326397867, -34.968851253187971 ], [ 117.361243256723341, -34.968586242990511 ], [ 117.361505646890777, -34.968365802885202 ], [ 117.362121506698259, -34.968232412992272 ], [ 117.362779856112809, -34.968347903375289 ], [ 117.363432825196909, -34.968705764058022 ], [ 117.36395195416992, -34.969217684915968 ], [ 117.364002223863622, -34.969418055188981 ], [ 117.363921173591095, -34.969648985431981 ], [ 117.363530323341791, -34.96998566562462 ], [ 117.3629529134449, -34.97013755546844 ] ] ] ] } },
{ "type": "Feature", "properties": { "fid": 3108, "CODE": "P_gp", "JNCODE": "si5011; P_gp", "fme_featur": "geology_surface_si5011" }, "geometry": { "type": "MultiPolygon", "coordinates": [ [ [ [ 117.356635567737001, -34.975448054314136 ], [ 117.35612578807303, -34.975342963691695 ], [ 117.35569054854308, -34.975152003130681 ], [ 117.355332579080638, -34.974913812654407 ], [ 117.354939049898263, -34.974531472114862 ], [ 117.354704440627401, -34.974174231772224 ], [ 117.354602731216602, -34.973870791589505 ], [ 117.354621731763956, -34.973566231526107 ], [ 117.3547893221306, -34.97332824161542 ], [ 117.355212732298625, -34.973140561940589 ], [ 117.356006291978971, -34.973138842649753 ], [ 117.357680480956247, -34.973342704266535 ], [ 117.357988360684942, -34.973432284603746 ], [ 117.358187620370302, -34.973575254879201 ], [ 117.358326469868913, -34.973847115186963 ], [ 117.358342979284501, -34.974198435432562 ], [ 117.358257158768183, -34.97452991556024 ], [ 117.358049798245816, -34.974887335567722 ], [ 117.357522287713309, -34.975305095237928 ], [ 117.357128467622758, -34.975428814862788 ], [ 117.356635567737001, -34.975448054314136 ] ] ] ] } },
{ "type": "Feature", "properties": { "fid": 3110, "CODE": "P_gp", "JNCODE": "si5011; P_gp", "fme_featur": "geology_surface_si5011" }, "geometry": { "type": "MultiPolygon", "coordinates": [ [ [ [ 117.330726615466105, -34.984031062910773 ], [ 117.330147644240384, -34.984000362958895 ], [ 117.329083421925759, -34.983799653333179 ], [ 117.327555808182112, -34.982900215128943 ], [ 117.326342274816227, -34.981972227066784 ], [ 117.325571332691695, -34.981586757914968 ], [ 117.324286419309274, -34.981286948645945 ], [ 117.323586857492543, -34.981187008919136 ], [ 117.322930125493627, -34.980844369723556 ], [ 117.322473263579553, -34.980187641213497 ], [ 117.322473263949817, -34.979616572181072 ], [ 117.323001106555139, -34.978839173200249 ], [ 117.323331217713601, -34.978631983437097 ], [ 117.323943979507334, -34.978462763569901 ], [ 117.324742021543116, -34.978431333477666 ], [ 117.326099574847149, -34.978488703170846 ], [ 117.327327377191111, -34.97905977222522 ], [ 117.328341029310224, -34.979445251580692 ], [ 117.329883602798517, -34.979893680808438 ], [ 117.331610327211536, -34.980031720386044 ], [ 117.332595519777982, -34.980044870235808 ], [ 117.333152311174473, -34.980373239570902 ], [ 117.333466401889766, -34.980815818739366 ], [ 117.333480681820106, -34.981329777814665 ], [ 117.333223701125362, -34.981715247139299 ], [ 117.33252412942754, -34.981972226715072 ], [ 117.331895957938457, -34.982614685559327 ], [ 117.331634447356137, -34.983182544509482 ], [ 117.330726615466105, -34.984031062910773 ] ] ] ] } },
{ "type": "Feature", "properties": { "fid": 3149, "CODE": "P_ng", "JNCODE": "si5011; P_ng", "fme_featur": "geology_surface_si5011" }, "geometry": { "type": "MultiPolygon", "coordinates": [ [ [ [ 118.091591385894063, -34.948524044183472 ], [ 118.090842083207534, -34.948587418525797 ], [ 118.089983076438713, -34.948828001885623 ], [ 118.089375590509292, -34.949186386867062 ], [ 118.088935841540675, -34.949650202825566 ], [ 118.088619775010642, -34.950162947772348 ], [ 118.087892110928678, -34.952106050782682 ], [ 118.087417712414677, -34.953140506602601 ], [ 118.086616191466049, -34.953105041785754 ], [ 118.085901773990713, -34.952996958184421 ], [ 118.085459776980798, -34.952814516965837 ], [ 118.085086532298561, -34.952565036706943 ], [ 118.082778890951019, -34.950470046508222 ], [ 118.081517274936658, -34.949125735277086 ], [ 118.080951354658012, -34.948393218589885 ], [ 118.080780969193825, -34.948008840226883 ], [ 118.080726322485802, -34.947695941485236 ], [ 118.080767885145562, -34.947399172591851 ], [ 118.080892066776869, -34.947165333375452 ], [ 118.081632579504713, -34.946485585264234 ], [ 118.082925750810517, -34.945626967218764 ], [ 118.084694302390488, -34.945519895799606 ], [ 118.085927782720475, -34.945556890518006 ], [ 118.090030221386328, -34.946171343419671 ], [ 118.091327839597881, -34.946171071262064 ], [ 118.09434225891367, -34.946034829161654 ], [ 118.09620404133743, -34.946193230809676 ], [ 118.097127242252967, -34.946425017358727 ], [ 118.097813489517634, -34.946794843307735 ], [ 118.09834208705297, -34.947322529304572 ], [ 118.098663692300789, -34.947994464923767 ], [ 118.098587237422464, -34.948250685670033 ], [ 118.098366175363651, -34.94848663520002 ], [ 118.098055625951076, -34.948625933518564 ], [ 118.097591927686892, -34.948708790350473 ], [ 118.096789682210002, -34.94873017427571 ], [ 118.093307172638532, -34.948560127210818 ], [ 118.091591385894063, -34.948524044183472 ] ] ] ] } },
{ "type": "Feature", "properties": { "fid": 3153, "CODE": "P_ng", "JNCODE": "si5011; P_ng", "fme_featur": "geology_surface_si5011" }, "geometry": { "type": "MultiPolygon", "coordinates": [ [ [ [ 118.040426690895927, -34.97084290279534 ], [ 118.03926197562339, -34.971477795014643 ], [ 118.038634466635699, -34.971620496922313 ], [ 118.03800152741492, -34.971631569479463 ], [ 118.037032748446933, -34.971538433895333 ], [ 118.036529078813388, -34.971352996798416 ], [ 118.036286828707375, -34.971035839204724 ], [ 118.036073597624238, -34.969948374897911 ], [ 118.035333387531225, -34.968883222475021 ], [ 118.035213937041988, -34.968258425654824 ], [ 118.035560755275512, -34.967271588670997 ], [ 118.035979753529034, -34.966520620451192 ], [ 118.036315892410414, -34.966197120679539 ], [ 118.037152219997083, -34.965762709657447 ], [ 118.038026648973926, -34.966337213900545 ], [ 118.038422688441116, -34.966521101616941 ], [ 118.040936714401255, -34.967052699605219 ], [ 118.041619988132567, -34.967293915573244 ], [ 118.042070607178559, -34.967539582371728 ], [ 118.042263371071201, -34.96771339059336 ], [ 118.042399913936976, -34.968007518352024 ], [ 118.042567878068056, -34.969356079917361 ], [ 118.040426690895927, -34.97084290279534 ] ] ] ] } },
{ "type": "Feature", "properties": { "fid": 3190, "CODE": "P_gp", "JNCODE": "si5011; P_gp", "fme_featur": "geology_surface_si5011" }, "geometry": { "type": "MultiPolygon", "coordinates": [ [ [ [ 118.184716158417544, -34.93794897460765 ], [ 118.184733317430343, -34.938378103842034 ], [ 118.184649886556784, -34.938819582904557 ], [ 118.184409935787485, -34.939310771639086 ], [ 118.184057635332991, -34.939728770334263 ], [ 118.183630355230562, -34.940033899119591 ], [ 118.183191565428146, -34.940211618120557 ], [ 118.182696155949372, -34.940280267237853 ], [ 118.181939637313448, -34.940137786359095 ], [ 118.181112279510472, -34.939682035982685 ], [ 118.179677844261718, -34.938511576119815 ], [ 118.178977487523383, -34.93755698697494 ], [ 118.178600459341467, -34.937022607489375 ], [ 118.178228021384996, -34.936395518205309 ], [ 118.177503094455503, -34.93556355884747 ], [ 118.176818896810303, -34.935012409004386 ], [ 118.176151478620383, -34.934678708834078 ], [ 118.175393060328616, -34.934448048318316 ], [ 118.174473622477507, -34.934289347993293 ], [ 118.171171900142909, -34.934043127418676 ], [ 118.169038825746057, -34.933243127959962 ], [ 118.167990878749009, -34.93238647874837 ], [ 118.166548202479959, -34.930978509762944 ], [ 118.165844673881793, -34.930484189845373 ], [ 118.165062975171878, -34.930148699601105 ], [ 118.163385177562361, -34.929594048709902 ], [ 118.16206159917374, -34.929024527940037 ], [ 118.160786860496501, -34.92862792693559 ], [ 118.162016228899901, -34.926101690002987 ], [ 118.163821298237863, -34.924633673784683 ], [ 118.164215658177653, -34.924483904528458 ], [ 118.164726407989733, -34.924629275155134 ], [ 118.166268616818158, -34.925648236211558 ], [ 118.167467575648601, -34.926262617012107 ], [ 118.168030765082889, -34.926473007439768 ], [ 118.169358263771912, -34.926814008584202 ], [ 118.169924593341037, -34.92683398925179 ], [ 118.170359873160734, -34.926749839937514 ], [ 118.172022153355258, -34.926029103422898 ], [ 118.17282148348481, -34.925748105069573 ], [ 118.173265293385541, -34.925690885799007 ], [ 118.173578063071119, -34.925765166069937 ], [ 118.173882512208166, -34.926081525793514 ], [ 118.173959131206331, -34.926505474962291 ], [ 118.173893460430094, -34.926869694079997 ], [ 118.173473598635425, -34.927838551488932 ], [ 118.173375397749169, -34.928293460411524 ], [ 118.173390547156856, -34.928562089855305 ], [ 118.174269881142507, -34.930751425851717 ], [ 118.1746197673654, -34.932112143008567 ], [ 118.174893225837607, -34.932539662177398 ], [ 118.175191734747941, -34.932778251924539 ], [ 118.175721703257892, -34.933048112007128 ], [ 118.178237377120965, -34.933986133276385 ], [ 118.179265734745258, -34.934331083918281 ], [ 118.181562129841765, -34.934959925727156 ], [ 118.182378237937712, -34.93525760629317 ], [ 118.182924736396529, -34.935575796458572 ], [ 118.183641173964176, -34.9361798863386 ], [ 118.184419230867789, -34.93704840583878 ], [ 118.18457607979407, -34.93742529536933 ], [ 118.184716158417544, -34.93794897460765 ] ] ] ] } },
{ "type": "Feature", "properties": { "fid": 3218, "CODE": "P_ng", "JNCODE": "si5011; P_ng", "fme_featur": "geology_surface_si5011" }, "geometry": { "type": "MultiPolygon", "coordinates": [ [ [ [ 117.99670280964763, -34.977602137102018 ], [ 117.996459141461742, -34.977109667311169 ], [ 117.996386811918669, -34.976711007260533 ], [ 117.996433331420448, -34.976323017002649 ], [ 117.996669389438537, -34.976066416462501 ], [ 117.997271764492837, -34.975745205229394 ], [ 117.99789709940795, -34.975552524008805 ], [ 117.998412225252366, -34.975500943052211 ], [ 117.998904771309498, -34.975563412192201 ], [ 117.999266418438182, -34.975705271609797 ], [ 117.999581585962403, -34.975943471162196 ], [ 117.999794804327124, -34.976275800948812 ], [ 117.999808724274203, -34.976519611049099 ], [ 117.999688705311996, -34.976806491410699 ], [ 117.999413437631333, -34.977198682100592 ], [ 117.999105370186214, -34.97745770277772 ], [ 117.998515065020968, -34.977694253939866 ], [ 117.997036597077354, -34.978024256706263 ], [ 117.99670280964763, -34.977602137102018 ] ] ] ] } },
{ "type": "Feature", "properties": { "fid": 3220, "CODE": "P_ng", "JNCODE": "si5011; P_ng", "fme_featur": "geology_surface_si5011" }, "geometry": { "type": "MultiPolygon", "coordinates": [ [ [ [ 118.114721326278143, -34.943616750778475 ], [ 118.116185035761958, -34.942546976025149 ], [ 118.116498584231834, -34.942277798305817 ], [ 118.116759782609364, -34.941940531266631 ], [ 118.117048780091068, -34.94133271674437 ], [ 118.117100798766202, -34.940926670540236 ], [ 118.116921587902368, -34.940450405275435 ], [ 118.116526897686512, -34.939960620434682 ], [ 118.118848119709853, -34.939666200217694 ], [ 118.121567860391096, -34.939422118841421 ], [ 118.123833242779057, -34.939302316845129 ], [ 118.125905636215663, -34.939298034077275 ], [ 118.124848463598653, -34.940193937894492 ], [ 118.124192117606597, -34.940663674676244 ], [ 118.123159682985417, -34.941242230851707 ], [ 118.121508910109199, -34.941915366667857 ], [ 118.120614554179866, -34.942390863280856 ], [ 118.119512919464938, -34.943126797580263 ], [ 118.118210276076326, -34.944249928208237 ], [ 118.117543808566964, -34.944605545334291 ], [ 118.117028980122129, -34.944776094061979 ], [ 118.116359191821942, -34.944900473307619 ], [ 118.115499523428795, -34.944856894277869 ], [ 118.114791518045124, -34.944609530330879 ], [ 118.113946891674757, -34.944057257906614 ], [ 118.114721326278143, -34.943616750778475 ] ] ] ] } },
{ "type": "Feature", "properties": { "fid": 3236, "CODE": "P_gp", "JNCODE": "si5011; P_gp", "fme_featur": "geology_surface_si5011" }, "geometry": { "type": "MultiPolygon", "coordinates": [ [ [ [ 117.656335138691517, -35.01113874065765 ], [ 117.655918879460742, -35.011026871062668 ], [ 117.655561539941658, -35.010779221388965 ], [ 117.655213260132967, -35.010317681680355 ], [ 117.654995530206833, -35.009740891945981 ], [ 117.654827500640366, -35.008901242404207 ], [ 117.654793320807741, -35.008067112718408 ], [ 117.654886880654061, -35.00763291277314 ], [ 117.655074330276321, -35.007307272703592 ], [ 117.655345499697816, -35.007051872534277 ], [ 117.655804648688047, -35.006778272200002 ], [ 117.65653550704377, -35.006481141631554 ], [ 117.657369185139743, -35.006289990939003 ], [ 117.659881259315611, -35.005933088808213 ], [ 117.661683665091033, -35.005770697264538 ], [ 117.662683522779517, -35.005786146351838 ], [ 117.663326921353956, -35.005909865690754 ], [ 117.663748970492748, -35.006110275175367 ], [ 117.664065949974997, -35.006465654646959 ], [ 117.664151419944417, -35.006739554383188 ], [ 117.664142570154141, -35.007058904176496 ], [ 117.663816041308067, -35.007810563989565 ], [ 117.662590004728287, -35.009417914195716 ], [ 117.662198985712564, -35.00983320435008 ], [ 117.661888296423953, -35.010046704607298 ], [ 117.660430889705168, -35.010713386352698 ], [ 117.659607041532908, -35.010884027252175 ], [ 117.656335138691517, -35.01113874065765 ] ] ] ] } },
{ "type": "Feature", "properties": { "fid": 3237, "CODE": "P_gp", "JNCODE": "si5011; P_gp", "fme_featur": "geology_surface_si5011" }, "geometry": { "type": "MultiPolygon", "coordinates": [ [ [ [ 117.682350830963742, -34.999075473995255 ], [ 117.681893470920883, -34.999043833809495 ], [ 117.681495960805208, -34.99894064364593 ], [ 117.681163720614208, -34.998777653500888 ], [ 117.68098782040596, -34.998601483415655 ], [ 117.68092180018661, -34.998409833375533 ], [ 117.680964859935528, -34.998171253384285 ], [ 117.681324249605964, -34.997756843557035 ], [ 117.681756329569978, -34.99755682379454 ], [ 117.682995439811549, -34.997184994538777 ], [ 117.683715960015945, -34.996896285028321 ], [ 117.684120860324171, -34.997151345213844 ], [ 117.684480940586397, -34.997477635333034 ], [ 117.685262501007443, -34.998551205379194 ], [ 117.682350830963742, -34.999075473995255 ] ] ] ] } },
{ "type": "Feature", "properties": { "fid": 3301, "CODE": "P_gp", "JNCODE": "si5011; P_gp", "fme_featur": "geology_surface_si5011" }, "geometry": { "type": "MultiPolygon", "coordinates": [ [ [ [ 117.254551346030567, -34.992299514327968 ], [ 117.254746426129572, -34.992434144230252 ], [ 117.255227116328683, -34.992765893995028 ], [ 117.255864806746089, -34.993365513408527 ], [ 117.256216967200629, -34.993888992749163 ], [ 117.256397809444607, -34.99530715097405 ], [ 117.256845150662272, -34.995973401433353 ], [ 117.258777270908311, -34.996772903264123 ], [ 117.261489857931849, -34.997572405223764 ], [ 117.264981771795703, -34.998922147262228 ], [ 117.266502578552462, -34.999349068152085 ], [ 117.267470717307603, -34.999907178858173 ], [ 117.269217022679484, -35.000117369818057 ], [ 117.270357299234519, -35.00011050038205 ], [ 117.27114353681381, -35.000089560762234 ], [ 117.273024010348749, -34.999793531530557 ], [ 117.274731954582464, -34.999552412222656 ], [ 117.276147732351731, -34.999588101371486 ], [ 117.276706911912285, -34.999718970921265 ], [ 117.278158381337164, -35.000456599700485 ], [ 117.27932431093744, -35.001348898470283 ], [ 117.280002460030204, -35.001563047655246 ], [ 117.280882858623372, -35.001741506559711 ], [ 117.281358987722328, -35.001735555983892 ], [ 117.282039626246771, -35.001504345264472 ], [ 117.284249192081575, -35.000955123098286 ], [ 117.28615662896398, -35.000633091359695 ], [ 117.287916986450185, -35.000224180071719 ], [ 117.289909664251951, -34.999603929137535 ], [ 117.290501443653056, -34.999289229068665 ], [ 117.290930773308176, -34.998922529219456 ], [ 117.291085863284522, -34.998685849436683 ], [ 117.291614163581755, -34.997419070869391 ], [ 117.291891983283165, -34.997143530982278 ], [ 117.292312142543921, -34.996999370718051 ], [ 117.292984781442215, -34.996618330504383 ], [ 117.293570130226797, -34.996561219893337 ], [ 117.294283968475213, -34.996918138538611 ], [ 117.29446955772606, -34.997546307438753 ], [ 117.294298237711459, -34.998145936783715 ], [ 117.294483837062884, -34.99865989585826 ], [ 117.294926416148243, -34.998859775111306 ], [ 117.295420255172147, -34.999052114331526 ], [ 117.296624393098384, -34.998770023437089 ], [ 117.297339181843654, -34.998431463098555 ], [ 117.2985527095598, -34.998174482088437 ], [ 117.299395037968225, -34.998288701039655 ], [ 117.30005176678813, -34.998531400064635 ], [ 117.301092815008204, -34.998899548574499 ], [ 117.302336582737652, -34.998854057309806 ], [ 117.303320490811188, -34.998661376442818 ], [ 117.304616237902152, -34.99810673550887 ], [ 117.305375467300948, -34.997864525054361 ], [ 117.306417868329476, -34.997696904577197 ], [ 117.308092910148915, -34.997482053751568 ], [ 117.310434302897193, -34.997691442244083 ], [ 117.312185584787954, -34.997938911082741 ], [ 117.314717336986945, -34.998548049321968 ], [ 117.317153909026615, -34.998776477865704 ], [ 117.319374741142269, -34.998740776655957 ], [ 117.322301473539071, -34.998776476565325 ], [ 117.323729154573371, -34.998847856689423 ], [ 117.324692835031385, -34.999026316669912 ], [ 117.325285435139591, -34.999231816570777 ], [ 117.326569245463119, -34.999638136323298 ], [ 117.326735554924596, -35.00001096600208 ], [ 117.326759343776914, -35.000653415433256 ], [ 117.326354842298812, -35.00127207491731 ], [ 117.325372811405202, -35.00129133498023 ], [ 117.321307997351227, -35.00154968519233 ], [ 117.318566855351435, -35.001740045929402 ], [ 117.316872674399519, -35.002025576591997 ], [ 117.314236883156312, -35.002644577477362 ], [ 117.312173242399709, -35.003699127777011 ], [ 117.311269042275896, -35.004436767703147 ], [ 117.310602792308018, -35.005436137341327 ], [ 117.310031722568468, -35.008124925833769 ], [ 117.3096510132454, -35.010195054875346 ], [ 117.309056144918216, -35.011503765813437 ], [ 117.308247136344605, -35.012336576350549 ], [ 117.307128787780471, -35.012883846626011 ], [ 117.305106249920797, -35.013431126731199 ], [ 117.303583390095994, -35.013669077000493 ], [ 117.301751210199896, -35.014144967297057 ], [ 117.300585270272805, -35.01478741741635 ], [ 117.300066360265106, -35.014813507452736 ], [ 117.29764664021269, -35.014560577681976 ], [ 117.296485460206142, -35.014294077864605 ], [ 117.295628860234572, -35.013742048153048 ], [ 117.294886460323241, -35.012790258646909 ], [ 117.293649140475338, -35.012028829276318 ], [ 117.292678320605219, -35.011648119738119 ], [ 117.291288720747545, -35.011533910206246 ], [ 117.289727792062465, -35.011267411450994 ], [ 117.288547586961485, -35.010677304755248 ], [ 117.28805265910367, -35.010182376375766 ], [ 117.287481592051236, -35.008983129240058 ], [ 117.286548845773837, -35.008393032072654 ], [ 117.285558999400095, -35.007879064784262 ], [ 117.284778532120043, -35.007840996492142 ], [ 117.284036144811452, -35.00816460783394 ], [ 117.282970148555464, -35.008069430224367 ], [ 117.281199834539137, -35.007802934162221 ], [ 117.280171918005422, -35.007726796369163 ], [ 117.280076218515859, -35.007858386551078 ], [ 117.278478022492294, -35.00696675990266 ], [ 117.277183594594248, -35.00597690222596 ], [ 117.27585109603254, -35.004948984206848 ], [ 117.2751087054571, -35.003978164894249 ], [ 117.274271136559662, -35.003445164296814 ], [ 117.272995749946361, -35.003235763446625 ], [ 117.271415795223248, -35.003369012616353 ], [ 117.270007160578942, -35.003711661977846 ], [ 117.269036375369694, -35.004322321700599 ], [ 117.268406047386335, -35.00433581133175 ], [ 117.267246989913076, -35.003959120480829 ], [ 117.266390392081078, -35.003787799908643 ], [ 117.265628964456923, -35.00378779946513 ], [ 117.264596819292962, -35.004321159059302 ], [ 117.262659878604026, -35.005367908243791 ], [ 117.261276406020372, -35.006334827667295 ], [ 117.260037764589697, -35.007785857251378 ], [ 117.259295366874511, -35.008713846483062 ], [ 117.259007338143121, -35.009235906198185 ], [ 117.258838518863087, -35.009541896025489 ], [ 117.258181789314278, -35.009970205172365 ], [ 117.257296627588886, -35.010484163225861 ], [ 117.256155776159432, -35.010543891555777 ], [ 117.255015834781318, -35.010571849935367 ], [ 117.253202082818362, -35.010345587645659 ], [ 117.25222648159145, -35.010416476203993 ], [ 117.251797960976702, -35.010584255449828 ], [ 117.250880790152934, -35.010045294626529 ], [ 117.250519108948254, -35.009493254220146 ], [ 117.250176466867998, -35.008389183894238 ], [ 117.249662495323165, -35.007665833309034 ], [ 117.248006393535746, -35.007361261157087 ], [ 117.24614089175806, -35.007056678770738 ], [ 117.245341390837694, -35.006618857868112 ], [ 117.244713210225299, -35.005933577830689 ], [ 117.243171320285782, -35.00547671887059 ], [ 117.242638320150476, -35.00500082949705 ], [ 117.242420289740252, -35.004122960269086 ], [ 117.243514269249715, -35.003826959619744 ], [ 117.244123408866827, -35.003503349295215 ], [ 117.244694478272393, -35.002856139078517 ], [ 117.24517036762883, -35.002056639247641 ], [ 117.246141186289947, -35.000552820794375 ], [ 117.246921655514384, -35.000019821762187 ], [ 117.247473684573322, -34.999353572500112 ], [ 117.248325952723448, -34.998197633607937 ], [ 117.248884492089161, -34.998021964174768 ], [ 117.251557418068529, -34.996879906801752 ], [ 117.252985675174315, -34.996106648107101 ], [ 117.253342593236496, -34.995349978427221 ], [ 117.253428250750474, -34.994193559971386 ], [ 117.253171259409584, -34.993422621198086 ], [ 117.252600188495734, -34.992765891980582 ], [ 117.25222899781852, -34.992337592501457 ], [ 117.252114776976015, -34.991937843168067 ], [ 117.252144906086329, -34.991561813898599 ], [ 117.253457205356924, -34.991580854831774 ], [ 117.253789915170515, -34.991585685068493 ], [ 117.25421822522523, -34.991747485088176 ], [ 117.254551346030567, -34.992299514327968 ] ] ] ] } },
{ "type": "Feature", "properties": { "fid": 3303, "CODE": "P_gp", "JNCODE": "si5011; P_gp", "fme_featur": "geology_surface_si5011" }, "geometry": { "type": "MultiPolygon", "coordinates": [ [ [ [ 117.283175761026882, -34.995821117517764 ], [ 117.283366121253664, -34.996392187080339 ], [ 117.283389911568804, -34.997046536636041 ], [ 117.283225062102304, -34.997833856215181 ], [ 117.282414332998897, -34.998105396578246 ], [ 117.281596013790974, -34.998142177105592 ], [ 117.280903374203675, -34.997938837626322 ], [ 117.280201433963157, -34.997296378189283 ], [ 117.280070563420253, -34.996832388334354 ], [ 117.279975382413539, -34.996070958490343 ], [ 117.280153841830412, -34.995690248493233 ], [ 117.280939071303507, -34.99542850833781 ], [ 117.281197190882907, -34.995090278383998 ], [ 117.281688600633217, -34.994940718378864 ], [ 117.282283460637473, -34.994976408224609 ], [ 117.282482390754936, -34.995147478091233 ], [ 117.283175761026882, -34.995821117517764 ] ] ] ] } },
{ "type": "Feature", "properties": { "fid": 3307, "CODE": "P_gp", "JNCODE": "si5011; P_gp", "fme_featur": "geology_surface_si5011" }, "geometry": { "type": "MultiPolygon", "coordinates": [ [ [ [ 117.24471916506684, -35.017094433798967 ], [ 117.245051984884483, -35.016926063780872 ], [ 117.245355675169378, -35.017644093768304 ], [ 117.245455615364975, -35.018357923567784 ], [ 117.245312845512998, -35.019014663208061 ], [ 117.244627555939132, -35.019642832985767 ], [ 117.243656736737847, -35.020014033429895 ], [ 117.241492898409959, -35.020312114658402 ], [ 117.240401639728489, -35.021184725273194 ], [ 117.238319161369319, -35.021211356655904 ], [ 117.237474901659127, -35.020756427151888 ], [ 117.236788141502217, -35.019973357439497 ], [ 117.236618300638412, -35.01884333731217 ], [ 117.236389870059952, -35.018029567252512 ], [ 117.236047230084694, -35.017843967363412 ], [ 117.235447600239041, -35.017658367575834 ], [ 117.234805150188365, -35.017258617722419 ], [ 117.234433949884234, -35.016773207703629 ], [ 117.234305459535463, -35.016373457609383 ], [ 117.234558489028288, -35.015983987391323 ], [ 117.235376218834602, -35.016145037178113 ], [ 117.235790248601376, -35.016087927028032 ], [ 117.236343858041693, -35.015726726770112 ], [ 117.236818167778964, -35.015645346612835 ], [ 117.237731887955746, -35.016330626430744 ], [ 117.239275868184833, -35.017669005937613 ], [ 117.240802597922936, -35.018629435207842 ], [ 117.241529507559733, -35.018771954831621 ], [ 117.242229066997695, -35.018500694527305 ], [ 117.243057116221252, -35.017843964276572 ], [ 117.243693185611505, -35.01717561417761 ], [ 117.24471916506684, -35.017094433798967 ] ] ] ] } },
{ "type": "Feature", "properties": { "fid": 3310, "CODE": "P_gp", "JNCODE": "si5011; P_gp", "fme_featur": "geology_surface_si5011" }, "geometry": { "type": "MultiPolygon", "coordinates": [ [ [ [ 117.364543555523724, -34.975340263138477 ], [ 117.364558486635488, -34.974516002085906 ], [ 117.364655867518849, -34.973836941299105 ], [ 117.364837298272008, -34.973224870662762 ], [ 117.365101489142717, -34.972731050242125 ], [ 117.365438870658579, -34.972381590097818 ], [ 117.365831562149097, -34.972177470205423 ], [ 117.366253443568269, -34.97209451050464 ], [ 117.365931540496049, -34.973681882289604 ], [ 117.365602628152828, -34.974674553303473 ], [ 117.365252476187692, -34.975315673844719 ], [ 117.36463756458339, -34.976015374125438 ], [ 117.364543555523724, -34.975340263138477 ] ] ] ] } },
{ "type": "Feature", "properties": { "fid": 3313, "CODE": "P_gp", "JNCODE": "si5011; P_gp", "fme_featur": "geology_surface_si5011" }, "geometry": { "type": "MultiPolygon", "coordinates": [ [ [ [ 117.854437827225723, -35.024194648062142 ], [ 117.854042686657664, -35.02403914838299 ], [ 117.853350746554739, -35.023960188760391 ], [ 117.852127556950705, -35.023943649320408 ], [ 117.850937647756993, -35.024009789828689 ], [ 117.850668886423705, -35.023734290044302 ], [ 117.85049594495986, -35.023443920206788 ], [ 117.850432929186937, -35.022343390562405 ], [ 117.850457895283142, -35.021601960783435 ], [ 117.850581971728701, -35.020924980989598 ], [ 117.850778999134917, -35.020425441164733 ], [ 117.85104180717498, -35.020040291333416 ], [ 117.851459465482137, -35.019694331542304 ], [ 117.851960994476443, -35.019471641747671 ], [ 117.852635843983066, -35.019335551973612 ], [ 117.853341094205618, -35.019339952131695 ], [ 117.853911005023917, -35.01947792214952 ], [ 117.854325466198603, -35.019704822037525 ], [ 117.854674297963356, -35.020067541763026 ], [ 117.854876819961547, -35.020492871381713 ], [ 117.85497964195406, -35.020923610970236 ], [ 117.855120521716302, -35.023054598859844 ], [ 117.854437827225723, -35.024194648062142 ] ] ] ] } },
{ "type": "Feature", "properties": { "fid": 3317, "CODE": "P_gp", "JNCODE": "si5011; P_gp", "fme_featur": "geology_surface_si5011" }, "geometry": { "type": "MultiPolygon", "coordinates": [ [ [ [ 117.540406536306136, -35.053183549054907 ], [ 117.539900897309693, -35.052998089668378 ], [ 117.539386089495935, -35.052474560413984 ], [ 117.539126391385039, -35.051983950855522 ], [ 117.538554867576238, -35.050315151911491 ], [ 117.538189590597284, -35.049513932387811 ], [ 117.537738653357351, -35.048801302812862 ], [ 117.5366069388554, -35.047415083495196 ], [ 117.536447459962673, -35.047122103567212 ], [ 117.536357611249954, -35.046764143614212 ], [ 117.536392442764054, -35.046318243634367 ], [ 117.53674872516811, -35.045559133649618 ], [ 117.537558758320316, -35.044510523791679 ], [ 117.538056450843584, -35.043700794027167 ], [ 117.5386654122766, -35.043190504284965 ], [ 117.539268022729161, -35.04296513449858 ], [ 117.53979667236878, -35.042985194608328 ], [ 117.540408601554674, -35.043121564668972 ], [ 117.541001780355032, -35.043369944634861 ], [ 117.5422008374168, -35.044013604344812 ], [ 117.543862145111149, -35.044398114127887 ], [ 117.544149764162057, -35.044618623917586 ], [ 117.544377932865615, -35.044945733580356 ], [ 117.544598130056556, -35.045697692769117 ], [ 117.544551337741467, -35.04635477207259 ], [ 117.544342996070938, -35.046858801587028 ], [ 117.543853694242628, -35.047456781123635 ], [ 117.542845151752431, -35.048335960698843 ], [ 117.542699500888133, -35.04860619053516 ], [ 117.542627069424285, -35.049033110214204 ], [ 117.542657877989058, -35.04943332986408 ], [ 117.542800076774313, -35.049750549512574 ], [ 117.543955941690413, -35.050968437597241 ], [ 117.544253190103831, -35.051358116969837 ], [ 117.544322309288873, -35.051573816689874 ], [ 117.544249188457385, -35.051821256495707 ], [ 117.54350468645184, -35.052529326473788 ], [ 117.542803105487167, -35.052939206791464 ], [ 117.541932565549459, -35.053094097547707 ], [ 117.540406536306136, -35.053183549054907 ] ] ] ] } },
{ "type": "Feature", "properties": { "fid": 3330, "CODE": "P_gp", "JNCODE": "si5011; P_gp", "fme_featur": "geology_surface_si5011" }, "geometry": { "type": "MultiPolygon", "coordinates": [ [ [ [ 117.877785761065226, -35.067028378603958 ], [ 117.877351050775275, -35.066412318404097 ], [ 117.87684646049027, -35.065964578635707 ], [ 117.876269510231992, -35.065707929332461 ], [ 117.875617710032344, -35.065665150522626 ], [ 117.875939419928955, -35.065247169240969 ], [ 117.876259739901869, -35.064956678153358 ], [ 117.876572929926255, -35.064761937225462 ], [ 117.877020000019641, -35.064595846073651 ], [ 117.877804250286431, -35.06454231443292 ], [ 117.878237780475246, -35.064649633754854 ], [ 117.878594660650279, -35.064837443368752 ], [ 117.878868590799684, -35.065078203241733 ], [ 117.879093640944035, -35.065413623378809 ], [ 117.87933404120119, -35.066369124567281 ], [ 117.879160781352908, -35.067284246474514 ], [ 117.878962891397279, -35.067615797411037 ], [ 117.878717281426603, -35.067862448284295 ], [ 117.877785761065226, -35.067028378603958 ] ] ] ] } },
{ "type": "Feature", "properties": { "fid": 3335, "CODE": "P_gp", "JNCODE": "si5011; P_gp", "fme_featur": "geology_surface_si5011" }, "geometry": { "type": "MultiPolygon", "coordinates": [ [ [ [ 117.643897481013497, -35.004933590876902 ], [ 117.64179378369694, -35.005460618226678 ], [ 117.640337745819807, -35.005205776637297 ], [ 117.639349987317203, -35.004885955644085 ], [ 117.638899658516479, -35.003462565841517 ], [ 117.638899178638454, -35.003163455991753 ], [ 117.638987188591727, -35.002981516179844 ], [ 117.63950722804411, -35.002580206944451 ], [ 117.640498946922776, -35.002018148274473 ], [ 117.640985296327756, -35.001856258864215 ], [ 117.641651275451352, -35.001784519601031 ], [ 117.643449482940213, -35.001930081452294 ], [ 117.643875462299036, -35.002069111856549 ], [ 117.644234031701032, -35.002317072155151 ], [ 117.644637810909586, -35.00285952241169 ], [ 117.644889860279235, -35.003501242481889 ], [ 117.644971439890753, -35.004122272375589 ], [ 117.64493142961355, -35.004868802092695 ], [ 117.643897481013497, -35.004933590876902 ] ] ] ] } },
{ "type": "Feature", "properties": { "fid": 3336, "CODE": "P_gp", "JNCODE": "si5011; P_gp", "fme_featur": "geology_surface_si5011" }, "geometry": { "type": "MultiPolygon", "coordinates": [ [ [ [ 117.584365303554378, -34.99485170455781 ], [ 117.583542033180052, -34.994730895892452 ], [ 117.583259616412036, -34.99457794631477 ], [ 117.582981319514673, -34.994313786692004 ], [ 117.582826731155336, -34.994051636861961 ], [ 117.582768741663642, -34.993791456872749 ], [ 117.582799291078544, -34.993429376707319 ], [ 117.58293832929823, -34.993145816395277 ], [ 117.583812578885244, -34.992410224800523 ], [ 117.584965345563404, -34.99178844286066 ], [ 117.586167851937546, -34.991441250955447 ], [ 117.58619240188132, -34.993363741256509 ], [ 117.586444319093886, -34.994945341114658 ], [ 117.584365303554378, -34.99485170455781 ] ] ] ] } },
{ "type": "Feature", "properties": { "fid": 3348, "CODE": "P_gp", "JNCODE": "si5011; P_gp", "fme_featur": "geology_surface_si5011" }, "geometry": { "type": "MultiPolygon", "coordinates": [ [ [ [ 117.497460091911819, -34.994322134544596 ], [ 117.497901472127992, -34.994348984771207 ], [ 117.498354692035775, -34.994461214870213 ], [ 117.498790041496392, -34.994688974774434 ], [ 117.499109100618668, -34.994983504500226 ], [ 117.499297990420416, -34.995321864564275 ], [ 117.499331110164789, -34.995612564545233 ], [ 117.499267889920617, -34.995837984478896 ], [ 117.499095439636093, -34.996063234351354 ], [ 117.498738659313915, -34.996271464124504 ], [ 117.498340039078911, -34.996387183888352 ], [ 117.497381488684482, -34.996497673344287 ], [ 117.49580853816839, -34.996488702470693 ], [ 117.494710897763738, -34.996178721859636 ], [ 117.492208976513339, -34.995843770420599 ], [ 117.49130976588539, -34.99563430988222 ], [ 117.490994275569676, -34.995486709682453 ], [ 117.490792305267263, -34.995307639543157 ], [ 117.490691594981513, -34.995098579458372 ], [ 117.490687345524123, -34.994787419735722 ], [ 117.490848396921564, -34.994403350399132 ], [ 117.491084877909685, -34.994159190903702 ], [ 117.491408298682799, -34.993999191338432 ], [ 117.491937869369224, -34.993910801794769 ], [ 117.493358390132698, -34.993990902546756 ], [ 117.496103590374744, -34.994480443474046 ], [ 117.497460091911819, -34.994322134544596 ] ] ] ] } },
{ "type": "Feature", "properties": { "fid": 3350, "CODE": "P_gp", "JNCODE": "si5011; P_gp", "fme_featur": "geology_surface_si5011" }, "geometry": { "type": "MultiPolygon", "coordinates": [ [ [ [ 117.485709019352427, -35.007434169780424 ], [ 117.485525720939592, -35.007950069878007 ], [ 117.485195692613615, -35.00833033991298 ], [ 117.48466067276469, -35.0086264095603 ], [ 117.484018281225715, -35.008771298857894 ], [ 117.48330582907461, -35.008734088032284 ], [ 117.482797207238363, -35.008538257429571 ], [ 117.482433385543018, -35.008159106993631 ], [ 117.482378224759074, -35.007790906911147 ], [ 117.482504124402183, -35.007395227017597 ], [ 117.482809724303578, -35.006913977286409 ], [ 117.483159274646695, -35.006649927599085 ], [ 117.483629545544076, -35.006545258036525 ], [ 117.484285037081818, -35.006548358665547 ], [ 117.485763707911886, -35.006842379636083 ], [ 117.485709019352427, -35.007434169780424 ] ] ] ] } },
{ "type": "Feature", "properties": { "fid": 3351, "CODE": "P_gp", "JNCODE": "si5011; P_gp", "fme_featur": "geology_surface_si5011" }, "geometry": { "type": "MultiPolygon", "coordinates": [ [ [ [ 117.497787334136248, -35.004477252870672 ], [ 117.497627984140436, -35.004916172783062 ], [ 117.497447934322892, -35.005139302710205 ], [ 117.495646477372759, -35.005162642165921 ], [ 117.495225588087251, -35.005095302040054 ], [ 117.494861298685379, -35.004939701929899 ], [ 117.494632608995474, -35.004500531857332 ], [ 117.494547139065773, -35.004141591827185 ], [ 117.494572428942718, -35.003622701831993 ], [ 117.49471339868434, -35.003098021879524 ], [ 117.494929298389962, -35.002713161959001 ], [ 117.495229628048293, -35.002420952074765 ], [ 117.496039127258015, -35.002048652397121 ], [ 117.496959986352508, -35.00207866275673 ], [ 117.498224544944193, -35.00232830322701 ], [ 117.497787334136248, -35.004477252870672 ] ] ] ] } },
{ "type": "Feature", "properties": { "fid": 3358, "CODE": "P_gp", "JNCODE": "si5011; P_gp", "fme_featur": "geology_surface_si5011" }, "geometry": { "type": "MultiPolygon", "coordinates": [ [ [ [ 117.324473889542631, -35.013374274969223 ], [ 117.323685518587325, -35.013165785087736 ], [ 117.322728966862243, -35.01259471471181 ], [ 117.322229285752798, -35.012194964365932 ], [ 117.321915194732071, -35.011766653864122 ], [ 117.322000853973506, -35.011281242996716 ], [ 117.322343603534691, -35.010828801992091 ], [ 117.323014503868379, -35.010624511150397 ], [ 117.323714064305918, -35.010453190331795 ], [ 117.324327965332174, -35.010710170327336 ], [ 117.325013257185944, -35.011495401241319 ], [ 117.325127468386725, -35.012237792507889 ], [ 117.325213129466619, -35.01292307369657 ], [ 117.32512746990021, -35.013265714372345 ], [ 117.324473889542631, -35.013374274969223 ] ] ] ] } },
{ "type": "Feature", "properties": { "fid": 3360, "CODE": "P_gp", "JNCODE": "si5011; P_gp", "fme_featur": "geology_surface_si5011" }, "geometry": { "type": "MultiPolygon", "coordinates": [ [ [ [ 117.32640550884831, -35.008664078571258 ], [ 117.326039957632659, -35.009120368437088 ], [ 117.32518457593433, -35.009553748709372 ], [ 117.32429876430696, -35.009923189108328 ], [ 117.323809253808193, -35.009911379491804 ], [ 117.32328576395561, -35.009539480120011 ], [ 117.323071614895269, -35.008925580641666 ], [ 117.323014506029594, -35.008297401050491 ], [ 117.32314299702864, -35.007840541241798 ], [ 117.323642688372516, -35.007397961223404 ], [ 117.324243779810985, -35.006953781187427 ], [ 117.324584950335279, -35.00685545107627 ], [ 117.325313071061146, -35.006855450695006 ], [ 117.326112571544257, -35.007026770133344 ], [ 117.326498040810492, -35.00764066939503 ], [ 117.326555149957855, -35.008140358926944 ], [ 117.326475499367632, -35.00841911873605 ], [ 117.32640550884831, -35.008664078571258 ] ] ] ] } },
{ "type": "Feature", "properties": { "fid": 3367, "CODE": "P_gp", "JNCODE": "si5011; P_gp", "fme_featur": "geology_surface_si5011" }, "geometry": { "type": "MultiPolygon", "coordinates": [ [ [ [ 117.939880431064623, -35.096587594924159 ], [ 117.938412064699506, -35.098511312600344 ], [ 117.937490201556244, -35.099310395807102 ], [ 117.937213319614415, -35.099849098047507 ], [ 117.937178935955998, -35.100579335178253 ], [ 117.937366011515522, -35.101053632455454 ], [ 117.937861696828008, -35.101498649980755 ], [ 117.938268688054322, -35.101592049532861 ], [ 117.938513607521756, -35.101534729916558 ], [ 117.939014894668233, -35.101253941629103 ], [ 117.939441691234492, -35.100915983635119 ], [ 117.940366162312188, -35.099875168570982 ], [ 117.940812913708314, -35.099497307082231 ], [ 117.94143510498867, -35.09919747595287 ], [ 117.941969095581868, -35.099126125748292 ], [ 117.942403615535852, -35.099283756453588 ], [ 117.942673654884274, -35.099648807963014 ], [ 117.942959010014022, -35.100566986186529 ], [ 117.943131140974046, -35.101681110139708 ], [ 117.9430328047317, -35.102070327992585 ], [ 117.942712198368966, -35.102448725838265 ], [ 117.940368444775686, -35.10404193623301 ], [ 117.939924139086926, -35.104433033857568 ], [ 117.939667913402374, -35.104824321539141 ], [ 117.939076202734995, -35.107479216155539 ], [ 117.939109640638733, -35.108207132027204 ], [ 117.939401861838348, -35.109282636101604 ], [ 117.939479017356859, -35.109806443182343 ], [ 117.939435153086308, -35.110327690190566 ], [ 117.939233657301841, -35.1106748780619 ], [ 117.938924530943595, -35.110942686291757 ], [ 117.938555524137271, -35.111152484795362 ], [ 117.937763568892237, -35.111403582703083 ], [ 117.937117939755908, -35.111338942546972 ], [ 117.93542193692231, -35.110754254618918 ], [ 117.935039168438323, -35.110806754006305 ], [ 117.934735730215678, -35.111072743585005 ], [ 117.934678783259471, -35.111351942199676 ], [ 117.934914482511118, -35.112007337287103 ], [ 117.93474174029302, -35.112736803808943 ], [ 117.93479387366493, -35.112990142067218 ], [ 117.935119488566485, -35.113311349186759 ], [ 117.93664132590051, -35.114339984602196 ], [ 117.936865808357737, -35.114617233209721 ], [ 117.936824290011074, -35.114747462407081 ], [ 117.936598463582385, -35.11498737077612 ], [ 117.935986313924005, -35.115426940269721 ], [ 117.935502854798642, -35.115602179830731 ], [ 117.935052926413874, -35.115575419363743 ], [ 117.934380703881487, -35.115327912445487 ], [ 117.933861711010749, -35.11495381573512 ], [ 117.933496272698463, -35.11445278050509 ], [ 117.93293061663006, -35.113376219231263 ], [ 117.932139642119751, -35.112521887502929 ], [ 117.929825044627194, -35.111211364102132 ], [ 117.929053537009494, -35.110882518758494 ], [ 117.928342841414576, -35.110708032419211 ], [ 117.925366133067655, -35.110447025566906 ], [ 117.924586277258271, -35.110252749239045 ], [ 117.924356734008114, -35.110013620739082 ], [ 117.923975833786798, -35.109035404475328 ], [ 117.923651757730696, -35.108496346821305 ], [ 117.923316493424835, -35.108161988665294 ], [ 117.921913098552892, -35.107063955093693 ], [ 117.921561394290364, -35.106697486679444 ], [ 117.921454051842503, -35.106432467367775 ], [ 117.921513221217552, -35.106319747369866 ], [ 117.921659251298337, -35.106255747069703 ], [ 117.922144813135617, -35.106249005771396 ], [ 117.922765866316112, -35.10634405391886 ], [ 117.923760012394752, -35.106604380632554 ], [ 117.926095081408917, -35.107658920914069 ], [ 117.927084637879517, -35.107886017030744 ], [ 117.928074413456727, -35.108006693385335 ], [ 117.929098878275582, -35.108029399935802 ], [ 117.929624869855431, -35.107953938521057 ], [ 117.930042629022395, -35.107696458265359 ], [ 117.930212786303684, -35.107367579157184 ], [ 117.930187034828194, -35.1072377798004 ], [ 117.930039902340511, -35.107059541011132 ], [ 117.928998601488658, -35.106415706641933 ], [ 117.928659587323551, -35.106133278658646 ], [ 117.928506924176617, -35.105876350037484 ], [ 117.92833699782598, -35.105299662626457 ], [ 117.92811313257215, -35.104846464816681 ], [ 117.927613704636997, -35.104201948180339 ], [ 117.927142109260714, -35.10379530048673 ], [ 117.926349953990595, -35.103488032919714 ], [ 117.922446196559804, -35.102750681168516 ], [ 117.922004213066501, -35.102456362325277 ], [ 117.921465626824258, -35.101821144018729 ], [ 117.921205542374878, -35.101312575030214 ], [ 117.921109619047726, -35.100896755684936 ], [ 117.921108935324156, -35.100399446347339 ], [ 117.921249552555494, -35.099995736797716 ], [ 117.921697354453414, -35.099679885172328 ], [ 117.922699277312006, -35.099397313306198 ], [ 117.92307630862885, -35.099226142318052 ], [ 117.923405430230019, -35.098955970921708 ], [ 117.923556161905481, -35.098580959170384 ], [ 117.923506074692497, -35.097815255810758 ], [ 117.923006417986457, -35.096707851200996 ], [ 117.922828599809307, -35.096142538799072 ], [ 117.92274807541547, -35.094618922090646 ], [ 117.922545096128658, -35.094339130964826 ], [ 117.922171785797289, -35.094260560826825 ], [ 117.921695984692406, -35.094340881452176 ], [ 117.920738561949236, -35.094637763314481 ], [ 117.919984710757419, -35.094667933874483 ], [ 117.919492144144286, -35.094531773522483 ], [ 117.919110147370205, -35.094261262575777 ], [ 117.918909569462471, -35.09400813163581 ], [ 117.9188119211165, -35.093710360462879 ], [ 117.918839591829169, -35.093473249456686 ], [ 117.919089822761862, -35.092837756576486 ], [ 117.919088554072673, -35.092485885091932 ], [ 117.918124864592343, -35.09104231035159 ], [ 117.918025836518652, -35.090651228945525 ], [ 117.918110257611545, -35.090220347106623 ], [ 117.918398497118147, -35.089937445496076 ], [ 117.918825845389406, -35.089800364205061 ], [ 117.919373672482322, -35.089815263325114 ], [ 117.919880319343946, -35.089946623035281 ], [ 117.921021698236544, -35.090482534667537 ], [ 117.92172451706503, -35.091089576991465 ], [ 117.922856225968729, -35.091866829830039 ], [ 117.923251505068549, -35.092278051436736 ], [ 117.923530522302627, -35.093136735085487 ], [ 117.923695851561092, -35.093407516192073 ], [ 117.924049771026702, -35.093707627322281 ], [ 117.924858360819599, -35.094125588715343 ], [ 117.925216640096338, -35.094481640084574 ], [ 117.925341168947753, -35.094846951625343 ], [ 117.925321936222446, -35.095570894829613 ], [ 117.925510905099657, -35.095959936436259 ], [ 117.926018774237363, -35.096427818203061 ], [ 117.926697734026078, -35.096802249454093 ], [ 117.927328624609473, -35.096940729692413 ], [ 117.927907535844625, -35.096877839076221 ], [ 117.928276757225433, -35.096675557972368 ], [ 117.929271222003436, -35.095835823715369 ], [ 117.929677383312395, -35.095667062742756 ], [ 117.931813125974628, -35.095942692711283 ], [ 117.9325109074056, -35.095877282023004 ], [ 117.932743918142776, -35.095782731477371 ], [ 117.932841708879053, -35.095623420728707 ], [ 117.932745029702289, -35.095346719582025 ], [ 117.932333860870941, -35.09482468754755 ], [ 117.932214962152699, -35.094410765814629 ], [ 117.932258414858978, -35.09367569259269 ], [ 117.932545128383097, -35.092824198730789 ], [ 117.932485409774799, -35.092407586952383 ], [ 117.932317670105945, -35.092238026306809 ], [ 117.932046590109778, -35.092112845910187 ], [ 117.930952099218032, -35.091862625415601 ], [ 117.930525309206303, -35.091672964819395 ], [ 117.930200109906153, -35.091333393512258 ], [ 117.930102080724652, -35.091063652386573 ], [ 117.930091991613992, -35.090813821300436 ], [ 117.930180482803891, -35.090524809990839 ], [ 117.930404204208799, -35.090236008611079 ], [ 117.931549939300737, -35.089330534061126 ], [ 117.931779770625525, -35.089063082777066 ], [ 117.932218604642316, -35.088135368513974 ], [ 117.932751611045603, -35.086575751464935 ], [ 117.932911942346294, -35.086280020100681 ], [ 117.933343704209619, -35.085941478418242 ], [ 117.933502574544349, -35.085915148226007 ], [ 117.933717224646244, -35.08597811839379 ], [ 117.93398842417875, -35.0862258993346 ], [ 117.934134533387706, -35.086511860501695 ], [ 117.934812742683476, -35.089836544552071 ], [ 117.934980371502263, -35.090247136240208 ], [ 117.935248180542771, -35.090497167425042 ], [ 117.935716459498479, -35.090729438659316 ], [ 117.938057187078357, -35.091138191536345 ], [ 117.938391436585576, -35.091253172178135 ], [ 117.938675405875159, -35.091451973143684 ], [ 117.938924994687014, -35.091823494809191 ], [ 117.939160521203277, -35.092997209798561 ], [ 117.939343569700057, -35.093510412003909 ], [ 117.940256205807415, -35.094907038104097 ], [ 117.940307554801848, -35.095278159648089 ], [ 117.940267573506915, -35.095748981573522 ], [ 117.939880431064623, -35.096587594924159 ] ] ] ] } },
{ "type": "Feature", "properties": { "fid": 3371, "CODE": "P_gp", "JNCODE": "si5011; P_gp", "fme_featur": "geology_surface_si5011" }, "geometry": { "type": "MultiPolygon", "coordinates": [ [ [ [ 117.997466130320035, -35.022829358278749 ], [ 117.99680538998895, -35.02267642084955 ], [ 117.996218669030227, -35.022447293235821 ], [ 117.99572957753611, -35.022161325318095 ], [ 117.995356605688542, -35.0218469969981 ], [ 117.995111393718489, -35.021536058210003 ], [ 117.994982751107088, -35.021162079155992 ], [ 117.99501803948435, -35.020919789262997 ], [ 117.99520044743609, -35.020639539012109 ], [ 117.995504425675719, -35.020405538331495 ], [ 117.995915624303436, -35.020230247256286 ], [ 117.996419463447637, -35.020132695803028 ], [ 117.996972653192756, -35.020126504073602 ], [ 117.997509073554028, -35.020215362247953 ], [ 117.997975244401502, -35.020380320505254 ], [ 117.998844117411139, -35.020938526748971 ], [ 117.999045308811375, -35.021189605637929 ], [ 117.999132050181871, -35.021426484919928 ], [ 117.999113701807772, -35.021694364493797 ], [ 117.99897246362508, -35.021976914463075 ], [ 117.998648556144673, -35.022344624928337 ], [ 117.998320088015092, -35.022598065639841 ], [ 117.997916039612889, -35.022789816746133 ], [ 117.997466130320035, -35.022829358278749 ] ] ] ] } },
{ "type": "Feature", "properties": { "fid": 3373, "CODE": "P_gp", "JNCODE": "si5011; P_gp", "fme_featur": "geology_surface_si5011" }, "geometry": { "type": "MultiPolygon", "coordinates": [ [ [ [ 117.228716800300759, -35.023897342310946 ], [ 117.225411217704192, -35.024076448305351 ], [ 117.224811107289781, -35.024171917580595 ], [ 117.223569036277794, -35.024229026035705 ], [ 117.223497645973268, -35.023972045921191 ], [ 117.223583305652426, -35.02355801598349 ], [ 117.223540474832191, -35.022729965848647 ], [ 117.222840913719253, -35.022101785032625 ], [ 117.221027761677533, -35.021230903176281 ], [ 117.220213991061925, -35.021159512372385 ], [ 117.219501740771918, -35.021436661596546 ], [ 117.218984950404078, -35.021429071071331 ], [ 117.218529329821351, -35.021031020732721 ], [ 117.218415109575602, -35.020774040703969 ], [ 117.21855373925446, -35.020150211034164 ], [ 117.219723119625485, -35.01965173221047 ], [ 117.220781980222853, -35.019604143139702 ], [ 117.221745670988994, -35.0198301939649 ], [ 117.222733141955999, -35.020234704853969 ], [ 117.223542163009526, -35.020805775656221 ], [ 117.224244104052886, -35.021388736428662 ], [ 117.225011435194432, -35.021975167339789 ], [ 117.225397225635859, -35.022125817789359 ], [ 117.226317776590292, -35.022371558863306 ], [ 117.22765863749602, -35.02228104029605 ], [ 117.228277298090603, -35.022388121024029 ], [ 117.229371849177582, -35.022590372346635 ], [ 117.229541869757838, -35.022938552745856 ], [ 117.229681540317358, -35.023284523117844 ], [ 117.229574100779288, -35.023708723247829 ], [ 117.228716800300759, -35.023897342310946 ] ] ] ] } },
{ "type": "Feature", "properties": { "fid": 3396, "CODE": "P_gp", "JNCODE": "si5011; P_gp", "fme_featur": "geology_surface_si5011" }, "geometry": { "type": "MultiPolygon", "coordinates": [ [ [ [ 117.572598806552946, -35.007391270942669 ], [ 117.572241020489514, -35.00732841157668 ], [ 117.571946264367909, -35.007184722228423 ], [ 117.571369783647924, -35.006643343832152 ], [ 117.571245536576441, -35.006385804359986 ], [ 117.571228048196247, -35.006171454676767 ], [ 117.57130524915334, -35.005925594910245 ], [ 117.571464459212507, -35.005703285009766 ], [ 117.571813898162347, -35.005396524999028 ], [ 117.572167966451701, -35.005187324865084 ], [ 117.573105410423636, -35.004868464224479 ], [ 117.573953323450112, -35.004799713334592 ], [ 117.574345929375127, -35.004876802735637 ], [ 117.574646075489483, -35.005030232102477 ], [ 117.574800852581845, -35.005219981570136 ], [ 117.574861320097511, -35.005460361056279 ], [ 117.574821268477592, -35.005706280658757 ], [ 117.574689908017319, -35.005913640454452 ], [ 117.573332001677386, -35.007089980327869 ], [ 117.572981233514, -35.007298400512987 ], [ 117.572598806552946, -35.007391270942669 ] ] ] ] } },
{ "type": "Feature", "properties": { "fid": 3397, "CODE": "P_gp", "JNCODE": "si5011; P_gp", "fme_featur": "geology_surface_si5011" }, "geometry": { "type": "MultiPolygon", "coordinates": [ [ [ [ 117.558056412617219, -35.011155264093773 ], [ 117.555366082581131, -35.01070527002782 ], [ 117.554767111172609, -35.010375801436624 ], [ 117.554587154540059, -35.010182091894833 ], [ 117.554563525934455, -35.010040131995545 ], [ 117.554988252893992, -35.009636200985398 ], [ 117.55613921332511, -35.00882912829784 ], [ 117.556648058595243, -35.008711217186587 ], [ 117.557160583342565, -35.008796976111491 ], [ 117.557509409470342, -35.008971355397748 ], [ 117.557855425354262, -35.009246274700551 ], [ 117.558256250198497, -35.009702413901699 ], [ 117.558516805741519, -35.010135363337817 ], [ 117.558585302983445, -35.010413033125104 ], [ 117.55853049153572, -35.010679203183095 ], [ 117.558289091304843, -35.011026763623555 ], [ 117.558056412617219, -35.011155264093773 ] ] ] ] } },
{ "type": "Feature", "properties": { "fid": 3399, "CODE": "P_gp", "JNCODE": "si5011; P_gp", "fme_featur": "geology_surface_si5011" }, "geometry": { "type": "MultiPolygon", "coordinates": [ [ [ [ 117.579682406824801, -35.00168654932385 ], [ 117.579925131807727, -35.001981628303646 ], [ 117.579908369538472, -35.002299047712711 ], [ 117.57971789953919, -35.002574227524782 ], [ 117.579393711020302, -35.002849977585385 ], [ 117.578852954677046, -35.003154367996281 ], [ 117.576402965286476, -35.00398869097527 ], [ 117.575904749938871, -35.004096191708442 ], [ 117.57507881866573, -35.004147263164398 ], [ 117.57460928304657, -35.004125163771988 ], [ 117.573932719920293, -35.003988114746122 ], [ 117.572517306977034, -35.003302767317507 ], [ 117.571406918748025, -35.002929858933186 ], [ 117.570939395041805, -35.002559739865028 ], [ 117.570668869459851, -35.002219360547372 ], [ 117.570528603301696, -35.001801891199463 ], [ 117.570578924894392, -35.001499551546964 ], [ 117.570698214684981, -35.001392861594844 ], [ 117.570919413405832, -35.001331951510622 ], [ 117.571660057896892, -35.001314530988616 ], [ 117.572189983380966, -35.001383390496208 ], [ 117.57302240529485, -35.001618169502152 ], [ 117.573485741500633, -35.001647839094282 ], [ 117.57571683521671, -35.001223027412784 ], [ 117.577005360973871, -35.001183855152789 ], [ 117.578365804594924, -35.001311922443215 ], [ 117.579138554795207, -35.001449850774179 ], [ 117.579682406824801, -35.00168654932385 ] ] ] ] } },
{ "type": "Feature", "properties": { "fid": 3402, "CODE": "P_gp", "JNCODE": "si5011; P_gp", "fme_featur": "geology_surface_si5011" }, "geometry": { "type": "MultiPolygon", "coordinates": [ [ [ [ 117.912911087873439, -35.032948565675042 ], [ 117.912484377839249, -35.033120306519059 ], [ 117.911961358058264, -35.03320471791293 ], [ 117.911386948561102, -35.033197309729672 ], [ 117.910964559185956, -35.033115631283565 ], [ 117.910647830012522, -35.032957222726886 ], [ 117.910382741348286, -35.032655524419241 ], [ 117.910241462840887, -35.032289835908038 ], [ 117.910488604350903, -35.031774116610507 ], [ 117.910828864987053, -35.031432156523294 ], [ 117.911375314768904, -35.031206215457402 ], [ 117.912008443775335, -35.031155413618627 ], [ 117.912514112467477, -35.031306561602669 ], [ 117.912928830997132, -35.031621729404321 ], [ 117.913189319705722, -35.032012397474539 ], [ 117.913372538101171, -35.032637545118874 ], [ 117.912911087873439, -35.032948565675042 ] ] ] ] } },
{ "type": "Feature", "properties": { "fid": 3405, "CODE": "P_gp", "JNCODE": "si5011; P_gp", "fme_featur": "geology_surface_si5011" }, "geometry": { "type": "MultiPolygon", "coordinates": [ [ [ [ 117.586492613379932, -35.002623644939433 ], [ 117.586112338896712, -35.002449426006315 ], [ 117.585744786249151, -35.002004897611954 ], [ 117.585660860365749, -35.001569348675616 ], [ 117.585841381418135, -35.00114493923563 ], [ 117.586338578768775, -35.000734329200057 ], [ 117.587054412757496, -35.000441368532712 ], [ 117.587633276612252, -35.000381157623011 ], [ 117.588149759523503, -35.000553256327898 ], [ 117.588297506666677, -35.000719965704207 ], [ 117.588346914472666, -35.00095093511856 ], [ 117.588258443385428, -35.001245864644567 ], [ 117.588026153578781, -35.001588164331821 ], [ 117.5871834576552, -35.002344244259447 ], [ 117.586755970778825, -35.002575794555163 ], [ 117.586492613379932, -35.002623644939433 ] ] ] ] } },
{ "type": "Feature", "properties": { "fid": 3407, "CODE": "P_gp", "JNCODE": "si5011; P_gp", "fme_featur": "geology_surface_si5011" }, "geometry": { "type": "MultiPolygon", "coordinates": [ [ [ [ 117.235930953975895, -35.011103265756056 ], [ 117.235157303520808, -35.01055924558753 ], [ 117.234700442894095, -35.00951228624141 ], [ 117.23447054270413, -35.008247068579728 ], [ 117.23470044255825, -35.00751353987598 ], [ 117.235357782463439, -35.007474759767128 ], [ 117.236337512597458, -35.008560497777331 ], [ 117.236870512804472, -35.009493246304508 ], [ 117.237003763177242, -35.010273715620478 ], [ 117.236194434071436, -35.01123686578881 ], [ 117.235930953975895, -35.011103265756056 ] ] ] ] } },
{ "type": "Feature", "properties": { "fid": 3408, "CODE": "P_gp", "JNCODE": "si5011; P_gp", "fme_featur": "geology_surface_si5011" }, "geometry": { "type": "MultiPolygon", "coordinates": [ [ [ [ 117.549545916733948, -35.014395740807288 ], [ 117.549074921779493, -35.01431951181452 ], [ 117.548673827501588, -35.014100312754145 ], [ 117.548386153383063, -35.013752413531755 ], [ 117.548297097843431, -35.013359773924705 ], [ 117.548375140593066, -35.012982083961148 ], [ 117.548675911115168, -35.012614323520872 ], [ 117.549114949968654, -35.012279792764289 ], [ 117.54953767701744, -35.012157051929208 ], [ 117.549961272052926, -35.012256240982502 ], [ 117.550454414192757, -35.012608359773012 ], [ 117.550706398799889, -35.012946849086113 ], [ 117.550787234441145, -35.013354458730156 ], [ 117.550700991731873, -35.013753418726807 ], [ 117.550415861310952, -35.014101179155908 ], [ 117.550016373065787, -35.014319889876049 ], [ 117.549545916733948, -35.014395740807288 ] ] ] ] } },
{ "type": "Feature", "properties": { "fid": 3409, "CODE": "P_gp", "JNCODE": "si5011; P_gp", "fme_featur": "geology_surface_si5011" }, "geometry": { "type": "MultiPolygon", "coordinates": [ [ [ [ 117.547373332481129, -35.029595463995271 ], [ 117.547223044009357, -35.031358066041008 ], [ 117.546996090832877, -35.032225387337178 ], [ 117.546845120052566, -35.032552807950765 ], [ 117.546480039896721, -35.03302036911149 ], [ 117.54584978208355, -35.033368840657424 ], [ 117.545323955414474, -35.033384201667232 ], [ 117.544778130612542, -35.032999641893809 ], [ 117.544576622894198, -35.032758031684423 ], [ 117.544444485229647, -35.03246322141883 ], [ 117.544448099943992, -35.031667230635719 ], [ 117.544824858098934, -35.029918358734015 ], [ 117.544598682283251, -35.029433888359904 ], [ 117.544022379285337, -35.028878988149664 ], [ 117.543510814412372, -35.028600068208895 ], [ 117.543082327518633, -35.028562028445741 ], [ 117.541368813139854, -35.02932705002646 ], [ 117.540491756755301, -35.029559450637883 ], [ 117.540206458783587, -35.02952580076969 ], [ 117.539969261142673, -35.02941832084079 ], [ 117.539441608687596, -35.028925030905036 ], [ 117.53933267168587, -35.028661770854995 ], [ 117.539290524903109, -35.028325210736305 ], [ 117.539359712785682, -35.027364220270073 ], [ 117.539574769691043, -35.026375389651008 ], [ 117.54043352767323, -35.023677859134786 ], [ 117.540514113747761, -35.0230183295496 ], [ 117.540398371110953, -35.022402010142592 ], [ 117.539956782467129, -35.021682921179902 ], [ 117.539147828445564, -35.020845202745988 ], [ 117.538231894293887, -35.02012640437745 ], [ 117.536789367350337, -35.019199126847489 ], [ 117.53548861249925, -35.017982259485862 ], [ 117.535129231484433, -35.017463750397781 ], [ 117.535143443243754, -35.017289240539732 ], [ 117.535318913688144, -35.017095510498592 ], [ 117.535940389745093, -35.016916599884951 ], [ 117.536828860519691, -35.016993328708729 ], [ 117.53721509538191, -35.017133188107785 ], [ 117.538008053277935, -35.017571256758451 ], [ 117.539682562169631, -35.018090194293009 ], [ 117.540360682452771, -35.01841896321865 ], [ 117.54092364164309, -35.018963352134236 ], [ 117.542151741216969, -35.020850539333921 ], [ 117.542539263452596, -35.021273678598767 ], [ 117.544200756130451, -35.022524215921528 ], [ 117.546391564831211, -35.023912871718395 ], [ 117.546942275663014, -35.024438620440016 ], [ 117.547065701727163, -35.0247569200423 ], [ 117.54718078633023, -35.025425840153062 ], [ 117.547348343097951, -35.027654912094782 ], [ 117.547373332481129, -35.029595463995271 ] ] ] ] } },
{ "type": "Feature", "properties": { "fid": 3410, "CODE": "P_gp", "JNCODE": "si5011; P_gp", "fme_featur": "geology_surface_si5011" }, "geometry": { "type": "MultiPolygon", "coordinates": [ [ [ [ 117.535375136907845, -35.008082926072859 ], [ 117.535533825167832, -35.010292876372134 ], [ 117.535514698459792, -35.010931515822847 ], [ 117.535411054598029, -35.011385165559211 ], [ 117.535259603763038, -35.011602675574778 ], [ 117.534947315042857, -35.011772955856578 ], [ 117.533787623963107, -35.012017137246275 ], [ 117.532316523075366, -35.012516828795981 ], [ 117.53184981694325, -35.01258518936973 ], [ 117.531437842033156, -35.012495940027669 ], [ 117.531124667549278, -35.012282470679281 ], [ 117.530915932718244, -35.01200874125216 ], [ 117.530806967108006, -35.01171667170788 ], [ 117.53082416337773, -35.011146802276386 ], [ 117.531263991056761, -35.01007116275791 ], [ 117.531342250385606, -35.009689082643227 ], [ 117.531269179879402, -35.009242842619223 ], [ 117.530965681786768, -35.008851092955787 ], [ 117.530265787216308, -35.008364693869623 ], [ 117.529557481372933, -35.008145024583499 ], [ 117.528580866100839, -35.008041025382049 ], [ 117.52750635200627, -35.008132266328218 ], [ 117.526778325772696, -35.008126386946159 ], [ 117.525931199800752, -35.008031437622463 ], [ 117.525390642013932, -35.00788830800726 ], [ 117.52507449268704, -35.007659518151925 ], [ 117.524942171862946, -35.007303018070843 ], [ 117.524979629747321, -35.006843947796426 ], [ 117.525161977388692, -35.006493087470908 ], [ 117.525553654209148, -35.006179787015967 ], [ 117.526259569817043, -35.005922496371987 ], [ 117.528235529412214, -35.005624244824979 ], [ 117.530967601962445, -35.00543733198522 ], [ 117.533487589195602, -35.005349277932417 ], [ 117.534280062226884, -35.005405786687774 ], [ 117.534731678563404, -35.005610336049131 ], [ 117.534927247326735, -35.005902435857692 ], [ 117.535064906798908, -35.006313535810072 ], [ 117.535375136907845, -35.008082926072859 ] ] ] ] } },
{ "type": "Feature", "properties": { "fid": 3413, "CODE": "P_gp", "JNCODE": "si5011; P_gp", "fme_featur": "geology_surface_si5011" }, "geometry": { "type": "MultiPolygon", "coordinates": [ [ [ [ 118.005793249740222, -35.020116436386438 ], [ 118.005460261117719, -35.020391726667498 ], [ 118.004990332168532, -35.020572417673698 ], [ 118.004473392673972, -35.020625229194003 ], [ 118.00407555256885, -35.020562470635241 ], [ 118.00372407195222, -35.020403072163838 ], [ 118.003441400813486, -35.020150413688746 ], [ 118.003243039189258, -35.019813915134812 ], [ 118.003890587553201, -35.019521793872954 ], [ 118.004599436936772, -35.019428421957663 ], [ 118.005291747289817, -35.019539279550223 ], [ 118.005889688564096, -35.019859856813007 ], [ 118.005793249740222, -35.020116436386438 ] ] ] ] } },
{ "type": "Feature", "properties": { "fid": 3416, "CODE": "P_gp", "JNCODE": "si5011; P_gp", "fme_featur": "geology_surface_si5011" }, "geometry": { "type": "MultiPolygon", "coordinates": [ [ [ [ 117.278101761243178, -35.023463471682987 ], [ 117.278098800739343, -35.024311670467313 ], [ 117.276980164822675, -35.024241552381973 ], [ 117.275414960555366, -35.024126865103106 ], [ 117.274815342249127, -35.024455225093526 ], [ 117.274220703636374, -35.024483194640297 ], [ 117.273884784857842, -35.023932375301513 ], [ 117.272706958194362, -35.023337505452901 ], [ 117.270815294031394, -35.022088296160923 ], [ 117.269044048643579, -35.02195786514369 ], [ 117.267216953174753, -35.022036423751985 ], [ 117.266189025991267, -35.021865103313594 ], [ 117.264794300429813, -35.021209013392451 ], [ 117.264296001936216, -35.021051933296334 ], [ 117.263604413789238, -35.021009942882174 ], [ 117.263126124757903, -35.021193882257172 ], [ 117.262872515051001, -35.021435831696628 ], [ 117.262423345153948, -35.022124200292197 ], [ 117.261960745202742, -35.022842768832213 ], [ 117.261117405420649, -35.024003056412546 ], [ 117.26085904535293, -35.024425395566425 ], [ 117.260221346419755, -35.024691894707544 ], [ 117.258705177480579, -35.024908993929728 ], [ 117.258324677700202, -35.025026813811508 ], [ 117.257620599070563, -35.025510434625879 ], [ 117.257251779515556, -35.025569914681114 ], [ 117.256625339733105, -35.025398184217899 ], [ 117.256323369734261, -35.025280233915183 ], [ 117.255800510099746, -35.025252763755113 ], [ 117.255524310484617, -35.025317403840184 ], [ 117.255159771486305, -35.025585484355297 ], [ 117.254716674001173, -35.026350575974135 ], [ 117.254159875418665, -35.026607566491364 ], [ 117.252119780588103, -35.027313328003451 ], [ 117.25024841682027, -35.028107439957331 ], [ 117.247855275313185, -35.028935632272301 ], [ 117.246256279320249, -35.029059362759163 ], [ 117.245313589066711, -35.028682451742917 ], [ 117.244780590048947, -35.028749072049095 ], [ 117.244252472090352, -35.029107393275048 ], [ 117.244010074506036, -35.029535254560557 ], [ 117.243400935899103, -35.029820795510162 ], [ 117.242180645352633, -35.029812475782961 ], [ 117.24102839453964, -35.029742405894069 ], [ 117.240054443344889, -35.029563935736178 ], [ 117.23956453243116, -35.029394595500833 ], [ 117.239289131803886, -35.029268205311574 ], [ 117.237719297356932, -35.028219883784388 ], [ 117.237469454653862, -35.027503662540965 ], [ 117.237398072899339, -35.027033721693826 ], [ 117.237070890412141, -35.026319880584715 ], [ 117.23646413092348, -35.02635557109032 ], [ 117.235887992867276, -35.02683180230683 ], [ 117.235644674695678, -35.027358053331788 ], [ 117.235216375281055, -35.027500823808374 ], [ 117.23444468452486, -35.027163693746807 ], [ 117.233751543836036, -35.026807673680096 ], [ 117.232561812399453, -35.02593917341401 ], [ 117.231907461965861, -35.02550491343932 ], [ 117.231853921271011, -35.025153943093507 ], [ 117.232012989887494, -35.024255222390543 ], [ 117.233459428480401, -35.024274421143815 ], [ 117.234527347479968, -35.024328960234676 ], [ 117.234812877196788, -35.024328959985624 ], [ 117.234884267553312, -35.024762030060131 ], [ 117.235422248100562, -35.02526397008554 ], [ 117.236144687980087, -35.025431149738118 ], [ 117.236748116737445, -35.025236448872889 ], [ 117.237596846675146, -35.025433028501688 ], [ 117.238324969316778, -35.02624680952205 ], [ 117.238710439479547, -35.026346749443739 ], [ 117.239167299007633, -35.026303919020556 ], [ 117.239666978114315, -35.026175428371424 ], [ 117.240266607507692, -35.026132597823647 ], [ 117.240866228398247, -35.026403848013878 ], [ 117.242999900428757, -35.027015378114797 ], [ 117.24460769180773, -35.027363708105916 ], [ 117.245484941534713, -35.027462828176148 ], [ 117.247329439001646, -35.027530988417517 ], [ 117.248793406147357, -35.027420928158207 ], [ 117.250807822604742, -35.027319777967605 ], [ 117.251997549572408, -35.026986647207615 ], [ 117.252663797158405, -35.026558346235213 ], [ 117.252901734454127, -35.025844504578906 ], [ 117.253449011652066, -35.02439303329944 ], [ 117.253625972046024, -35.023787723988164 ], [ 117.254133792021364, -35.023498224466586 ], [ 117.254647751750397, -35.023498224640043 ], [ 117.255190271061139, -35.02388370436524 ], [ 117.255775620273582, -35.024283454050455 ], [ 117.256389519800393, -35.024354834126676 ], [ 117.257572009131295, -35.024290004532808 ], [ 117.258474949200675, -35.02385775540845 ], [ 117.259635609194447, -35.023453146393315 ], [ 117.260313749093427, -35.022953467519976 ], [ 117.260872929610258, -35.021787529751577 ], [ 117.261851559472902, -35.020282512816522 ], [ 117.263849514941896, -35.019760505040686 ], [ 117.264753712603962, -35.019701015767438 ], [ 117.265717389741042, -35.019915166099373 ], [ 117.267275934810613, -35.020557626159807 ], [ 117.268144432271953, -35.020783676402552 ], [ 117.269552988544859, -35.020832987303862 ], [ 117.269918597645557, -35.020781427641225 ], [ 117.271231204099564, -35.020909288348953 ], [ 117.272548800606756, -35.020985929141972 ], [ 117.273729017095377, -35.021556999038637 ], [ 117.275099583136736, -35.022061448955682 ], [ 117.276413038136297, -35.022318426261052 ], [ 117.276684636933041, -35.022636035306078 ], [ 117.278132281454532, -35.022931292396912 ], [ 117.278101761243178, -35.023463471682987 ] ] ] ] } },
{ "type": "Feature", "properties": { "fid": 3419, "CODE": "P_gp", "JNCODE": "si5011; P_gp", "fme_featur": "geology_surface_si5011" }, "geometry": { "type": "MultiPolygon", "coordinates": [ [ [ [ 117.64968324229919, -35.01091787670412 ], [ 117.649232902804698, -35.01083395615079 ], [ 117.648602793091285, -35.010495155337772 ], [ 117.648221352960547, -35.010135124800591 ], [ 117.648023343143379, -35.009592614605658 ], [ 117.648113233239386, -35.009114314827947 ], [ 117.648355883072327, -35.008740285219261 ], [ 117.648773512641995, -35.008405915817846 ], [ 117.649391711878124, -35.00818538663836 ], [ 117.649896231154941, -35.008217417266764 ], [ 117.650312760247147, -35.008442807072278 ], [ 117.65070766920978, -35.008916466588737 ], [ 117.650965108424629, -35.009531216206135 ], [ 117.651002498243557, -35.010033546077572 ], [ 117.650805789339614, -35.010446516286336 ], [ 117.65035138082601, -35.010761566755789 ], [ 117.64968324229919, -35.01091787670412 ] ] ] ] } },
{ "type": "Feature", "properties": { "fid": 3420, "CODE": "P_gp", "JNCODE": "si5011; P_gp", "fme_featur": "geology_surface_si5011" }, "geometry": { "type": "MultiPolygon", "coordinates": [ [ [ [ 117.501911015477972, -35.007939602259484 ], [ 117.502167985307324, -35.007480602140355 ], [ 117.502247585231316, -35.007060212090664 ], [ 117.502156895357743, -35.006629692124896 ], [ 117.501929685726225, -35.006290902242924 ], [ 117.501613866285069, -35.006073522422781 ], [ 117.500161739123726, -35.005659343313063 ], [ 117.501220057784479, -35.004414872736746 ], [ 117.501888776221961, -35.00387760226095 ], [ 117.503561781209186, -35.003231530908742 ], [ 117.504073049620132, -35.003207310491433 ], [ 117.504423198653612, -35.003310680229816 ], [ 117.504741418076065, -35.003623770049188 ], [ 117.504967108609847, -35.004503780099505 ], [ 117.505126088687504, -35.004830870075772 ], [ 117.5062219880095, -35.005755139667613 ], [ 117.506489098272255, -35.006112219643803 ], [ 117.506680100924314, -35.007466290072763 ], [ 117.507174144646427, -35.009192550602478 ], [ 117.507168466322895, -35.009881730905789 ], [ 117.506886493947079, -35.010446890651878 ], [ 117.506389041452891, -35.010877910419779 ], [ 117.504419994814995, -35.012040849876463 ], [ 117.503276710698501, -35.012796529444643 ], [ 117.502878779851571, -35.012953689379991 ], [ 117.502624559787279, -35.012963749418326 ], [ 117.502377640494018, -35.012825719588726 ], [ 117.502033462401911, -35.012453329992532 ], [ 117.501736875447136, -35.011857410596889 ], [ 117.501717728565524, -35.011251531156269 ], [ 117.501981543510169, -35.010304401960141 ], [ 117.502025225200839, -35.009666632234371 ], [ 117.501880315285021, -35.009115362273818 ], [ 117.501444385605467, -35.008482822436186 ], [ 117.501911015477972, -35.007939602259484 ] ] ] ] } },
{ "type": "Feature", "properties": { "fid": 3421, "CODE": "P_gp", "JNCODE": "si5011; P_gp", "fme_featur": "geology_surface_si5011" }, "geometry": { "type": "MultiPolygon", "coordinates": [ [ [ [ 117.508197467745077, -35.006886409074639 ], [ 117.508063297250459, -35.006655569024495 ], [ 117.508087346625587, -35.006450488906594 ], [ 117.508263715671916, -35.006217138687802 ], [ 117.508657894143155, -35.00593229830703 ], [ 117.509803550347229, -35.005446567319026 ], [ 117.510453007690629, -35.005107026672754 ], [ 117.511116125688574, -35.004973746138162 ], [ 117.511754594243286, -35.004965625707769 ], [ 117.512870692500897, -35.005103115090911 ], [ 117.514316381264493, -35.005414464466561 ], [ 117.515373290461099, -35.005775744161191 ], [ 117.515933690051639, -35.006140014133216 ], [ 117.51605933061019, -35.006330464235447 ], [ 117.516072741650476, -35.006512064411631 ], [ 117.515841104310979, -35.006762224848067 ], [ 117.515299937917518, -35.006913835430268 ], [ 117.51429827043907, -35.006948596051593 ], [ 117.512125582376484, -35.006799157013276 ], [ 117.511408723379674, -35.00681468739333 ], [ 117.509005218463685, -35.007405928971934 ], [ 117.508197467745077, -35.006886409074639 ] ] ] ] } },
{ "type": "Feature", "properties": { "fid": 3422, "CODE": "P_gp", "JNCODE": "si5011; P_gp", "fme_featur": "geology_surface_si5011" }, "geometry": { "type": "MultiPolygon", "coordinates": [ [ [ [ 117.551674472062018, -35.025657852489189 ], [ 117.550863928760691, -35.025509003773394 ], [ 117.550158466142179, -35.025077904599911 ], [ 117.549957549294746, -35.024852774928014 ], [ 117.549810113058371, -35.024555865330122 ], [ 117.549793505351346, -35.024314445476698 ], [ 117.549898366720242, -35.02407360540785 ], [ 117.550112296489601, -35.023917855102866 ], [ 117.550440044713071, -35.023837174558061 ], [ 117.551457276857008, -35.023849422742472 ], [ 117.551968121895712, -35.023973781781045 ], [ 117.552490644710687, -35.024351330699574 ], [ 117.55286560787664, -35.02482566985023 ], [ 117.552905565935504, -35.025046099770641 ], [ 117.552844295405563, -35.025252110064869 ], [ 117.552499946581875, -35.025536430927581 ], [ 117.551674472062018, -35.025657852489189 ] ] ] ] } },
{ "type": "Feature", "properties": { "fid": 3423, "CODE": "P_gp", "JNCODE": "si5011; P_gp", "fme_featur": "geology_surface_si5011" }, "geometry": { "type": "MultiPolygon", "coordinates": [ [ [ [ 117.516417761384389, -35.011409086692765 ], [ 117.516704305282175, -35.012053335970172 ], [ 117.516679662034349, -35.012557255653576 ], [ 117.516516691011105, -35.012867975612252 ], [ 117.516290830801722, -35.013124805675659 ], [ 117.516082941393009, -35.013246865812455 ], [ 117.51583534273027, -35.013297836038966 ], [ 117.514161459047486, -35.01317106713887 ], [ 117.51354830868172, -35.013228407212239 ], [ 117.513169877949181, -35.0133482672002 ], [ 117.512984237235344, -35.013466377153748 ], [ 117.512809495875558, -35.013692657031108 ], [ 117.512504088802018, -35.014875866274217 ], [ 117.512144035687371, -35.015405185960326 ], [ 117.511697183993476, -35.015702105811648 ], [ 117.511116392870363, -35.015909635737238 ], [ 117.510555062469834, -35.015995755743319 ], [ 117.510138502827971, -35.015947455828979 ], [ 117.509888253864688, -35.015776045986286 ], [ 117.509769995462335, -35.015502696204145 ], [ 117.509718344256825, -35.013978957344236 ], [ 117.509603817711039, -35.01337966781022 ], [ 117.509344440833146, -35.012834928265754 ], [ 117.508689655933992, -35.011931669081171 ], [ 117.508539389467003, -35.011305909593837 ], [ 117.508359486663352, -35.009906610610813 ], [ 117.508375004712619, -35.009261170260174 ], [ 117.508489613788655, -35.008964770062647 ], [ 117.5088865725549, -35.008616639728174 ], [ 117.509578931173039, -35.008312219282999 ], [ 117.51077046989279, -35.008164798712002 ], [ 117.511481749599568, -35.008198118453571 ], [ 117.512593779764856, -35.00836302815717 ], [ 117.513865369313194, -35.008401307706528 ], [ 117.514500999772281, -35.008530537599079 ], [ 117.515079081115772, -35.008836847681934 ], [ 117.51545444186236, -35.00928023781735 ], [ 117.51568016414663, -35.009849948207311 ], [ 117.515889068588734, -35.010794217622205 ], [ 117.516417761384389, -35.011409086692765 ] ] ] ] } },
{ "type": "Feature", "properties": { "fid": 3424, "CODE": "P_gp", "JNCODE": "si5011; P_gp", "fme_featur": "geology_surface_si5011" }, "geometry": { "type": "MultiPolygon", "coordinates": [ [ [ [ 117.491344979099836, -35.009955561357621 ], [ 117.491939986544125, -35.010349961183451 ], [ 117.492302864335997, -35.010789330904728 ], [ 117.492449202425192, -35.011342120503627 ], [ 117.492385761371679, -35.01182286013001 ], [ 117.492114851014918, -35.012327449719116 ], [ 117.490812413035272, -35.013561148699218 ], [ 117.489782525568231, -35.014414768034868 ], [ 117.489015927974407, -35.014946637639156 ], [ 117.486978226111006, -35.015823627022549 ], [ 117.486235319288724, -35.016242996759971 ], [ 117.485842540986027, -35.016574836561958 ], [ 117.485089674373867, -35.01750129603338 ], [ 117.484193521781179, -35.018184384814482 ], [ 117.483314518685432, -35.018464963776488 ], [ 117.481829603350747, -35.019156001952105 ], [ 117.48093119013248, -35.019494460914018 ], [ 117.480405198281829, -35.01959406035769 ], [ 117.479568245332274, -35.019752539479022 ], [ 117.478983513334796, -35.019709198930627 ], [ 117.478639612202031, -35.019589548643751 ], [ 117.478245500862556, -35.019549378275677 ], [ 117.476848775940212, -35.019783946838665 ], [ 117.476160863474206, -35.019973066115014 ], [ 117.475126099671954, -35.020416494996461 ], [ 117.474283927080634, -35.019810134353889 ], [ 117.474343417603848, -35.019215264564671 ], [ 117.473867516325129, -35.018560914256376 ], [ 117.47279676286378, -35.018203993258652 ], [ 117.472142401357388, -35.016954772836336 ], [ 117.471085448185079, -35.016282161834845 ], [ 117.470560446451501, -35.016222411281824 ], [ 117.469170022064986, -35.016733510213527 ], [ 117.468322979468454, -35.017210869719143 ], [ 117.467917358510732, -35.017054369542606 ], [ 117.467608197874341, -35.016830629428298 ], [ 117.46743761764192, -35.016572109390765 ], [ 117.467361087717862, -35.016246919412502 ], [ 117.467438778342185, -35.015745049540627 ], [ 117.467745439609814, -35.01515075978903 ], [ 117.468086140745072, -35.014791600006106 ], [ 117.4685405920156, -35.014594790243223 ], [ 117.468906082906372, -35.014603290406185 ], [ 117.469326703870195, -35.014703290580833 ], [ 117.470660357367294, -35.01528098152879 ], [ 117.473075375274433, -35.015608174112529 ], [ 117.473754347572296, -35.015575174860558 ], [ 117.473964848356502, -35.015432065125545 ], [ 117.474065868821597, -35.015198425294457 ], [ 117.473972628745543, -35.014763085299187 ], [ 117.473505097448111, -35.014286334888908 ], [ 117.47218012352289, -35.013452253554277 ], [ 117.470092477570091, -35.011925001346512 ], [ 117.469320826073101, -35.011473691040372 ], [ 117.468302624193754, -35.011013380721437 ], [ 117.469017166148291, -35.010431921078158 ], [ 117.470438490421657, -35.00961889239526 ], [ 117.471148722788456, -35.009505843368416 ], [ 117.471644544302407, -35.009531233948763 ], [ 117.472004585313059, -35.009643004293231 ], [ 117.472401376330779, -35.009901344572206 ], [ 117.472696027070313, -35.010227924823347 ], [ 117.472985157722576, -35.010732255074906 ], [ 117.473570498714608, -35.012384135409611 ], [ 117.473884359570775, -35.012706515702938 ], [ 117.474259850747814, -35.012818116116129 ], [ 117.474489751533753, -35.01276532639956 ], [ 117.474720952377595, -35.012609716712937 ], [ 117.475634235872178, -35.011645748075075 ], [ 117.476171117737508, -35.011424968792213 ], [ 117.47819725441019, -35.011302661297606 ], [ 117.480421331862942, -35.010818534217975 ], [ 117.480950863541096, -35.010932114818807 ], [ 117.481550475302001, -35.011438915316546 ], [ 117.481893416382363, -35.011546525680949 ], [ 117.483223910711317, -35.011605627260657 ], [ 117.484588245197372, -35.011526468954237 ], [ 117.486106043162351, -35.011204569792532 ], [ 117.486792841151711, -35.010978030021086 ], [ 117.487730588703471, -35.010548450423371 ], [ 117.489475904179798, -35.010125120967665 ], [ 117.490542200964825, -35.009594781183822 ], [ 117.491344979099836, -35.009955561357621 ] ] ] ] } },
{ "type": "Feature", "properties": { "fid": 3425, "CODE": "P_gp", "JNCODE": "si5011; P_gp", "fme_featur": "geology_surface_si5011" }, "geometry": { "type": "MultiPolygon", "coordinates": [ [ [ [ 117.496895914924849, -35.01456640824015 ], [ 117.496621626525467, -35.014457738322463 ], [ 117.496293828818906, -35.014222678509249 ], [ 117.495815303057896, -35.013615168998967 ], [ 117.495540066565127, -35.012946919541882 ], [ 117.49544769995579, -35.012097810245635 ], [ 117.495553352109027, -35.011400560843072 ], [ 117.495787062934582, -35.010969601236802 ], [ 117.496236072634375, -35.010680261545502 ], [ 117.496951211040511, -35.010536021773312 ], [ 117.497290249853734, -35.010576631786719 ], [ 117.49768233800026, -35.01073326170328 ], [ 117.4980113560066, -35.010957761546848 ], [ 117.498220774233289, -35.011208391347523 ], [ 117.498476820007681, -35.011958420694526 ], [ 117.498607044189214, -35.013131309632158 ], [ 117.498496512155938, -35.013671719128745 ], [ 117.498062701772056, -35.014151428666352 ], [ 117.497403662786681, -35.014559378268608 ], [ 117.496895914924849, -35.01456640824015 ] ] ] ] } },
{ "type": "Feature", "properties": { "fid": 3430, "CODE": "P_gp", "JNCODE": "si5011; P_gp", "fme_featur": "geology_surface_si5011" }, "geometry": { "type": "MultiPolygon", "coordinates": [ [ [ [ 117.259576599577514, -35.017084346213949 ], [ 117.258591579531682, -35.016904235630754 ], [ 117.258153759723257, -35.016666295587939 ], [ 117.258001470543036, -35.01604763632831 ], [ 117.257953881891225, -35.015076817655064 ], [ 117.25776353247899, -35.014572368165204 ], [ 117.257957643057054, -35.014252528823889 ], [ 117.258496403704569, -35.014067929680451 ], [ 117.259514814297617, -35.01415359067451 ], [ 117.260380933176378, -35.014362981152892 ], [ 117.261047180527726, -35.014753211010621 ], [ 117.261532588346299, -35.015210070632541 ], [ 117.261665837020985, -35.015800169791945 ], [ 117.261342236877326, -35.016485458476616 ], [ 117.260609358135184, -35.017008937129489 ], [ 117.259576599577514, -35.017084346213949 ] ] ] ] } },
{ "type": "Feature", "properties": { "fid": 3438, "CODE": "P_gp", "JNCODE": "si5011; P_gp", "fme_featur": "geology_surface_si5011" }, "geometry": { "type": "MultiPolygon", "coordinates": [ [ [ [ 117.270282108903217, -35.018597591407712 ], [ 117.269752090650286, -35.018321541479352 ], [ 117.269395172142367, -35.017850401985328 ], [ 117.269209573340916, -35.017222232863297 ], [ 117.2692238538705, -35.016693993721773 ], [ 117.269802362895376, -35.016032375194555 ], [ 117.270323161628554, -35.015780275969554 ], [ 117.270508761055069, -35.015808836055321 ], [ 117.270908509480677, -35.016222855672233 ], [ 117.271408187680137, -35.016594055428065 ], [ 117.271665176807872, -35.016736825379603 ], [ 117.271750836183273, -35.017150844772473 ], [ 117.271693725651531, -35.017907513511844 ], [ 117.271379636087957, -35.018378642531289 ], [ 117.270780017621306, -35.018507141903044 ], [ 117.270282108903217, -35.018597591407712 ] ] ] ] } },
{ "type": "Feature", "properties": { "fid": 3439, "CODE": "P_gp", "JNCODE": "si5011; P_gp", "fme_featur": "geology_surface_si5011" }, "geometry": { "type": "MultiPolygon", "coordinates": [ [ [ [ 117.920128462192821, -35.034539808974209 ], [ 117.915528251235983, -35.036638207003769 ], [ 117.914632221481909, -35.036009291582722 ], [ 117.915230482335474, -35.035575230953413 ], [ 117.916186592999466, -35.035108749298359 ], [ 117.919221122457373, -35.033913923214719 ], [ 117.920077411504451, -35.033656661458409 ], [ 117.921335325375537, -35.033171442364846 ], [ 117.921931192283637, -35.032783833071612 ], [ 117.921960943264494, -35.033795100656583 ], [ 117.920128462192821, -35.034539808974209 ] ] ] ] } },
{ "type": "Feature", "properties": { "fid": 3445, "CODE": "P_gp", "JNCODE": "si5011; P_gp", "fme_featur": "geology_surface_si5011" }, "geometry": { "type": "MultiPolygon", "coordinates": [ [ [ [ 117.498132429319355, -35.023672130045213 ], [ 117.497960588380195, -35.024167029631087 ], [ 117.497566449057771, -35.024683519249031 ], [ 117.497087221205746, -35.02505702904314 ], [ 117.496442275244078, -35.025375408985816 ], [ 117.495257013224972, -35.025728658979418 ], [ 117.492280334532168, -35.02609741919759 ], [ 117.491177972137905, -35.026322619166727 ], [ 117.490649695448241, -35.026542339037107 ], [ 117.489455772387103, -35.027206118528497 ], [ 117.487015058339367, -35.027908167961932 ], [ 117.485673545532919, -35.028765436996061 ], [ 117.485080269039941, -35.029030696670219 ], [ 117.484830108826856, -35.029066856473534 ], [ 117.484530408095083, -35.028984836327083 ], [ 117.484313328093407, -35.028757916431665 ], [ 117.483913349109258, -35.02801058703993 ], [ 117.483635659184955, -35.027686297218864 ], [ 117.483247788663988, -35.027429437222821 ], [ 117.482619667099044, -35.027240506944182 ], [ 117.482308876517067, -35.027082086889045 ], [ 117.481963226202083, -35.026793606970635 ], [ 117.481818566414944, -35.026557277151895 ], [ 117.481824077122553, -35.026328877446225 ], [ 117.481994998624472, -35.026028947966573 ], [ 117.482202699977819, -35.025822628397712 ], [ 117.482447801156582, -35.025718398729694 ], [ 117.487124715325422, -35.025390110814968 ], [ 117.48841998615012, -35.025201030760506 ], [ 117.488960132666463, -35.025005320850475 ], [ 117.490826790804846, -35.023968011194341 ], [ 117.492012623286442, -35.023548111279759 ], [ 117.493370664147918, -35.023378781163771 ], [ 117.49527845031453, -35.023492050727647 ], [ 117.495754337079489, -35.0234559806715 ], [ 117.496795520237669, -35.023327530595068 ], [ 117.497733763698648, -35.023315360439227 ], [ 117.498054400921959, -35.023434620274436 ], [ 117.498132429319355, -35.023672130045213 ] ] ] ] } },
{ "type": "Feature", "properties": { "fid": 3448, "CODE": "P_gp", "JNCODE": "si5011; P_gp", "fme_featur": "geology_surface_si5011" }, "geometry": { "type": "MultiPolygon", "coordinates": [ [ [ [ 117.258650512724813, -35.028764111042534 ], [ 117.257298985568156, -35.028830741272351 ], [ 117.256397177234163, -35.028753351178885 ], [ 117.255833238752729, -35.028916401565375 ], [ 117.255286661051116, -35.029374402604837 ], [ 117.254510264784344, -35.030087094285143 ], [ 117.25371076751847, -35.030334564988792 ], [ 117.251825261962722, -35.030238705112971 ], [ 117.25128372265543, -35.03006806478934 ], [ 117.251399750145794, -35.029494813355718 ], [ 117.251505608814327, -35.029210692643794 ], [ 117.253558471381595, -35.028259670239656 ], [ 117.255328786818751, -35.027745699068262 ], [ 117.25648996396734, -35.027317398185261 ], [ 117.257074822597275, -35.027069697704015 ], [ 117.2577558313276, -35.026898607404206 ], [ 117.25838401047767, -35.026908127467323 ], [ 117.259021710062228, -35.027269808195015 ], [ 117.259297720405186, -35.027907509397622 ], [ 117.259135921393437, -35.028478580471713 ], [ 117.258650512724813, -35.028764111042534 ] ] ] ] } },
{ "type": "Feature", "properties": { "fid": 3451, "CODE": "P_ng", "JNCODE": "si5011; P_ng", "fme_featur": "geology_surface_si5011" }, "geometry": { "type": "MultiPolygon", "coordinates": [ [ [ [ 117.638640071193308, -35.020371123769401 ], [ 117.638488482179071, -35.020656054049098 ], [ 117.638268593095418, -35.020854094222614 ], [ 117.637859704245329, -35.020990604292564 ], [ 117.637255895561452, -35.021033604217806 ], [ 117.636345997261131, -35.020983963961378 ], [ 117.635676408238865, -35.020842063618481 ], [ 117.635342128357081, -35.020629343235676 ], [ 117.635176827977048, -35.020355772795533 ], [ 117.635099207125606, -35.019968392206025 ], [ 117.635145005740895, -35.019468141489227 ], [ 117.635305074310708, -35.019033310919077 ], [ 117.635594532608025, -35.018583930400524 ], [ 117.635977490904239, -35.018196600040078 ], [ 117.636359969678068, -35.017991839953737 ], [ 117.637440778824228, -35.018453161075932 ], [ 117.638368538267883, -35.018939732063018 ], [ 117.638948117345905, -35.01901334238476 ], [ 117.638640071193308, -35.020371123769401 ] ] ] ] } },
{ "type": "Feature", "properties": { "fid": 3453, "CODE": "P_gp", "JNCODE": "si5011; P_gp", "fme_featur": "geology_surface_si5011" }, "geometry": { "type": "MultiPolygon", "coordinates": [ [ [ [ 117.583473910018071, -35.041450069591072 ], [ 117.582655365749062, -35.041644431415094 ], [ 117.581420823737162, -35.04213670428598 ], [ 117.580588199053054, -35.042388226038156 ], [ 117.580141472072981, -35.042433186872252 ], [ 117.579482996809929, -35.042389998005618 ], [ 117.578667773286085, -35.042154279303794 ], [ 117.578293386760194, -35.041911099841165 ], [ 117.577971690243018, -35.041574700257712 ], [ 117.5777254735209, -35.041161040521928 ], [ 117.577570646351845, -35.0406993406094 ], [ 117.577418759213657, -35.039409829484107 ], [ 117.577261879544096, -35.038835648711796 ], [ 117.577116180327238, -35.038599118569351 ], [ 117.576800892396832, -35.038320978713777 ], [ 117.576066977786937, -35.038029709740371 ], [ 117.575540971840937, -35.037939900706654 ], [ 117.574957446290767, -35.037931041893664 ], [ 117.573878341289756, -35.0381593034381 ], [ 117.572798626355748, -35.038713655518514 ], [ 117.570912963729853, -35.040087239444787 ], [ 117.570504844547315, -35.040246079840315 ], [ 117.570003796181055, -35.040292970298601 ], [ 117.56921232977291, -35.04012076096538 ], [ 117.567578336916014, -35.039413601601638 ], [ 117.566323362194453, -35.039131932412317 ], [ 117.56430400054154, -35.038969924153101 ], [ 117.560269806942003, -35.038903757986802 ], [ 117.558813145796123, -35.038719810467214 ], [ 117.558125710917665, -35.038467381623398 ], [ 117.557438436891616, -35.038024092615032 ], [ 117.556839092922814, -35.037460723322802 ], [ 117.556468767913671, -35.036832353517262 ], [ 117.556321612210951, -35.0360593031482 ], [ 117.556374052997427, -35.035806002831947 ], [ 117.556519792713345, -35.035663312429719 ], [ 117.556861320874802, -35.035595361713682 ], [ 117.558238852331627, -35.035578419043624 ], [ 117.558874128821927, -35.035465607728 ], [ 117.559410336300019, -35.035258716530592 ], [ 117.560387962829637, -35.034651794412561 ], [ 117.561119259549884, -35.034422863269093 ], [ 117.56208546418172, -35.034382771966754 ], [ 117.563219937413251, -35.034488920587549 ], [ 117.565454904109416, -35.034815698065216 ], [ 117.567008754922156, -35.035227936620558 ], [ 117.567254913670965, -35.03516958623549 ], [ 117.567517312664364, -35.034825415440551 ], [ 117.567479043341137, -35.034443264972708 ], [ 117.56580822667361, -35.032352634595114 ], [ 117.565465620046766, -35.031761534388494 ], [ 117.565321431965856, -35.031287444042974 ], [ 117.565303323110612, -35.030783063472292 ], [ 117.565418282944862, -35.030458172901596 ], [ 117.565755391016708, -35.030196322038968 ], [ 117.566224217850277, -35.03005565109801 ], [ 117.567533938310504, -35.030026238909436 ], [ 117.568377292000903, -35.030179017741055 ], [ 117.569014517160241, -35.030506187182183 ], [ 117.569968420100253, -35.031348516948292 ], [ 117.570508856379419, -35.031667976620234 ], [ 117.572842231139617, -35.032212804036689 ], [ 117.575682803171489, -35.033187451238923 ], [ 117.576600426163751, -35.03340925965869 ], [ 117.577703327585269, -35.033575647567872 ], [ 117.578667209986847, -35.033656615616941 ], [ 117.579187635733518, -35.0336068543821 ], [ 117.579405003745137, -35.03345533361194 ], [ 117.579508532538213, -35.033223082933496 ], [ 117.579492352224406, -35.032949392436514 ], [ 117.579374692831962, -35.032741652290063 ], [ 117.578526218573501, -35.032078782862563 ], [ 117.577172068219497, -35.031309194345155 ], [ 117.576849260305934, -35.030990614438785 ], [ 117.576696071104337, -35.030718814250562 ], [ 117.576583271216364, -35.030219983535112 ], [ 117.576675299837319, -35.029819822559169 ], [ 117.577102665626512, -35.029338830686385 ], [ 117.577529351734, -35.029055289195483 ], [ 117.578233755997232, -35.029018587568522 ], [ 117.579004629971564, -35.029134836091551 ], [ 117.581389542137671, -35.029981402479677 ], [ 117.582858001482109, -35.030688490629828 ], [ 117.584507829753434, -35.031614918823323 ], [ 117.585137565446232, -35.032065548328973 ], [ 117.585574022745007, -35.032545428318862 ], [ 117.585756901950631, -35.032946838710977 ], [ 117.585804892424619, -35.033458549616874 ], [ 117.585695964330455, -35.03407376107041 ], [ 117.585468706820379, -35.034472742354644 ], [ 117.585171569676987, -35.034757413564783 ], [ 117.58464854444108, -35.03510260538588 ], [ 117.582584272727118, -35.03617099198042 ], [ 117.582252035920021, -35.036496953341448 ], [ 117.582120177589786, -35.036871344361138 ], [ 117.582202237374744, -35.037139004707136 ], [ 117.58255857499951, -35.037424244493039 ], [ 117.583096091023222, -35.037614643701012 ], [ 117.58477710824657, -35.037998380812958 ], [ 117.585364464065606, -35.038299910135798 ], [ 117.585747571579404, -35.0386391099767 ], [ 117.586096779734177, -35.039197280324871 ], [ 117.586312329321231, -35.039972051391935 ], [ 117.586285849405968, -35.040683662761985 ], [ 117.586054970996031, -35.041288094326092 ], [ 117.583473910018071, -35.041450069591072 ] ] ] ] } },
{ "type": "Feature", "properties": { "fid": 3455, "CODE": "P_gp", "JNCODE": "si5011; P_gp", "fme_featur": "geology_surface_si5011" }, "geometry": { "type": "MultiPolygon", "coordinates": [ [ [ [ 117.509566900020388, -35.032014594577653 ], [ 117.509017841796975, -35.031900134703477 ], [ 117.50854557396319, -35.031644164907753 ], [ 117.507552059708772, -35.030765325523106 ], [ 117.50728862160021, -35.03042294574422 ], [ 117.507115443684484, -35.029976126018212 ], [ 117.507079415109914, -35.029626366226104 ], [ 117.507207745866623, -35.029371866372095 ], [ 117.507433355952173, -35.0292478564389 ], [ 117.507694535655773, -35.02920662645618 ], [ 117.508442093862968, -35.029321576363188 ], [ 117.510682455470459, -35.030272165649563 ], [ 117.511122773133437, -35.030582575412105 ], [ 117.511253491803586, -35.030806405249443 ], [ 117.511269590364833, -35.031102185043963 ], [ 117.511170779473872, -35.031335544890524 ], [ 117.510933248701662, -35.031612274720509 ], [ 117.510355068530544, -35.031936304553874 ], [ 117.509566900020388, -35.032014594577653 ] ] ] ] } },
{ "type": "Feature", "properties": { "fid": 3456, "CODE": "P_gp", "JNCODE": "si5011; P_gp", "fme_featur": "geology_surface_si5011" }, "geometry": { "type": "MultiPolygon", "coordinates": [ [ [ [ 117.483205542207216, -35.032693670543608 ], [ 117.484142194442057, -35.032902581077664 ], [ 117.485076746662529, -35.032899411836546 ], [ 117.487631269463662, -35.032574552759492 ], [ 117.488275804754451, -35.03260984285216 ], [ 117.488753510912701, -35.032753262799901 ], [ 117.48909598778846, -35.03298138263866 ], [ 117.489395024674408, -35.033312622371653 ], [ 117.489660621506559, -35.033745652005749 ], [ 117.489756059840303, -35.034080931699698 ], [ 117.489747178957131, -35.034400941380468 ], [ 117.489619698866861, -35.034734441009292 ], [ 117.489407919537612, -35.035009160663904 ], [ 117.489031031226844, -35.035327360208932 ], [ 117.488335766297226, -35.035258570035182 ], [ 117.485749385932451, -35.034772919714058 ], [ 117.484023928626172, -35.034633968798829 ], [ 117.48305496673909, -35.034312948370498 ], [ 117.482426505197083, -35.034202297970836 ], [ 117.481494382268679, -35.034247197113643 ], [ 117.47935867485144, -35.034603934822954 ], [ 117.479131734229028, -35.034585544651293 ], [ 117.478996604086518, -35.034494254652195 ], [ 117.47896934513706, -35.034095635140467 ], [ 117.479179178583038, -35.033108366586539 ], [ 117.479420100874407, -35.032566627486126 ], [ 117.479719632809932, -35.032217368187766 ], [ 117.480123264768295, -35.031977058837121 ], [ 117.480630676716487, -35.031855289422275 ], [ 117.481202038326899, -35.031917279827013 ], [ 117.48181053964062, -35.03211490009145 ], [ 117.483205542207216, -35.032693670543608 ] ] ] ] } },
{ "type": "Feature", "properties": { "fid": 3457, "CODE": "P_gm", "JNCODE": "si5011; P_gm", "fme_featur": "geology_surface_si5011" }, "geometry": { "type": "MultiPolygon", "coordinates": [ [ [ [ 117.547219417086524, -35.038204912929437 ], [ 117.546127645048287, -35.037942404814942 ], [ 117.54513418312726, -35.037564986377923 ], [ 117.54456624698895, -35.037171786079938 ], [ 117.544485737918777, -35.037042335928803 ], [ 117.544483878991301, -35.036861945750296 ], [ 117.544796610156666, -35.036540275502823 ], [ 117.545374029306899, -35.036202774494924 ], [ 117.545908397275923, -35.035972703222441 ], [ 117.546815853131321, -35.035698391189101 ], [ 117.549065081416529, -35.035250746412125 ], [ 117.550855111048719, -35.035071852802297 ], [ 117.552334451552852, -35.035104959993276 ], [ 117.553381723811299, -35.035345758199142 ], [ 117.553755640485022, -35.035554837666339 ], [ 117.553985878049389, -35.035768707412608 ], [ 117.554174045430571, -35.036080917325634 ], [ 117.554292942877694, -35.036474147442775 ], [ 117.554327661037433, -35.036826637686517 ], [ 117.554177480466691, -35.037148318264094 ], [ 117.553913271058818, -35.037366148974478 ], [ 117.553470762984759, -35.037526509985234 ], [ 117.552396708759289, -35.037674322227417 ], [ 117.549842933196601, -35.037859917421443 ], [ 117.547949152752466, -35.038201221485799 ], [ 117.547219417086524, -35.038204912929437 ] ] ] ] } },
{ "type": "Feature", "properties": { "fid": 3465, "CODE": "P_gp", "JNCODE": "si5011; P_gp", "fme_featur": "geology_surface_si5011" }, "geometry": { "type": "MultiPolygon", "coordinates": [ [ [ [ 117.515659428272485, -35.045743553848077 ], [ 117.517733054529955, -35.04579929246372 ], [ 117.519471902478543, -35.046280011224034 ], [ 117.520164060694299, -35.046385540785508 ], [ 117.521070646711323, -35.046357440243348 ], [ 117.522799711145325, -35.046138749183832 ], [ 117.523780455469833, -35.046165608577944 ], [ 117.524676160140629, -35.046358938070163 ], [ 117.526579617156415, -35.046966267175172 ], [ 117.527916603592132, -35.047644956804547 ], [ 117.528629690826435, -35.048151036759144 ], [ 117.529109281708855, -35.048686306889806 ], [ 117.530804540667646, -35.050916607544863 ], [ 117.531242208987678, -35.051328777450372 ], [ 117.531865947074849, -35.051770797167286 ], [ 117.533464564185977, -35.052300245953241 ], [ 117.535286250012561, -35.053151724333674 ], [ 117.535885518047735, -35.05360119371727 ], [ 117.535989897103363, -35.053854403600596 ], [ 117.535940196380977, -35.054074953654165 ], [ 117.532969347774497, -35.054291177121392 ], [ 117.532035227570546, -35.054550478334647 ], [ 117.530170655919306, -35.055256490714093 ], [ 117.529041875477773, -35.055468020643914 ], [ 117.528040255811717, -35.055572210450798 ], [ 117.527037627360926, -35.055487970354811 ], [ 117.524437230599972, -35.054859520121923 ], [ 117.522765241271344, -35.054594609842731 ], [ 117.521015371430678, -35.054561959615519 ], [ 117.518266991582507, -35.054682409223219 ], [ 117.517911305888546, -35.054653689183986 ], [ 117.517336694064838, -35.054487469173303 ], [ 117.517164358290529, -35.05426361924723 ], [ 117.517043343204676, -35.053916909385585 ], [ 117.51687904126949, -35.052339400082623 ], [ 117.516928173266123, -35.05110335062917 ], [ 117.517045297717488, -35.050512080865019 ], [ 117.517269620273282, -35.049954871043788 ], [ 117.517233043167067, -35.049717041153507 ], [ 117.516910550460622, -35.049442671373789 ], [ 117.516548156208373, -35.049380321522435 ], [ 117.515014452943504, -35.049817061764962 ], [ 117.514264040398857, -35.049905321760235 ], [ 117.513679978112634, -35.049793211870742 ], [ 117.513219615902202, -35.04952540207762 ], [ 117.512113138265732, -35.048400392925736 ], [ 117.510688786783803, -35.046653654313474 ], [ 117.510298705012801, -35.046039864811029 ], [ 117.510096830513575, -35.045541265204264 ], [ 117.510073003384818, -35.045188985464463 ], [ 117.510210044377544, -35.044921435634812 ], [ 117.510579774448416, -35.044559985827789 ], [ 117.512628855308535, -35.044992615156794 ], [ 117.514534375187978, -35.045501774501751 ], [ 117.515659428272485, -35.045743553848077 ] ] ] ] } },
{ "type": "Feature", "properties": { "fid": 3466, "CODE": "P_gp", "JNCODE": "si5011; P_gp", "fme_featur": "geology_surface_si5011" }, "geometry": { "type": "MultiPolygon", "coordinates": [ [ [ [ 117.573516168279511, -35.054839278816836 ], [ 117.572785761480517, -35.055132720067796 ], [ 117.571158719915161, -35.055468042777171 ], [ 117.570655572532033, -35.055647973720937 ], [ 117.570239084785925, -35.055972644768318 ], [ 117.569386089325121, -35.056873407207497 ], [ 117.568984621271269, -35.057117528050547 ], [ 117.568748702359571, -35.057158358389238 ], [ 117.568190244870024, -35.057025418859013 ], [ 117.567458468188249, -35.056384398852352 ], [ 117.56697731046944, -35.056222629231513 ], [ 117.566475112844984, -35.056297649955447 ], [ 117.565553897015775, -35.056808911728318 ], [ 117.565334438017814, -35.05683852202867 ], [ 117.565135758960508, -35.056785552204232 ], [ 117.564893110168967, -35.056625492308086 ], [ 117.564699461221522, -35.056366372241754 ], [ 117.564489042691577, -35.055601931622149 ], [ 117.564366833444055, -35.055365011509615 ], [ 117.564174274508687, -35.0552043715807 ], [ 117.56380662641935, -35.055104531956985 ], [ 117.563462258128141, -35.055123352435061 ], [ 117.563079999932356, -35.055239033064105 ], [ 117.561589876253265, -35.056098905838361 ], [ 117.560820019477788, -35.056415367085478 ], [ 117.559419805968929, -35.056565908413496 ], [ 117.558984478187838, -35.056531668536962 ], [ 117.558690419839223, -35.056435198560671 ], [ 117.558469751339956, -35.056242028480391 ], [ 117.558395582394098, -35.055917698242489 ], [ 117.558495132806499, -35.055471407844117 ], [ 117.558868843115647, -35.054576697153252 ], [ 117.558944203754976, -35.054252446991782 ], [ 117.558902475431495, -35.053803416830597 ], [ 117.55863967050648, -35.052676266540871 ], [ 117.55866404126256, -35.052401536423446 ], [ 117.558879120853177, -35.052164496191317 ], [ 117.559313639276112, -35.051916115790675 ], [ 117.559651617641236, -35.05184888552332 ], [ 117.559943065847023, -35.051910595350364 ], [ 117.560184324176717, -35.052058385163413 ], [ 117.560385132476341, -35.052288335029701 ], [ 117.560627528226391, -35.0532362052015 ], [ 117.560850865740591, -35.053662225125684 ], [ 117.561047224243438, -35.05382369494982 ], [ 117.561372652192759, -35.053958084590363 ], [ 117.561979139195273, -35.053958773797845 ], [ 117.56277689643106, -35.053619302606307 ], [ 117.563447945297526, -35.053006981480138 ], [ 117.563749274543682, -35.052807981013601 ], [ 117.564887801056543, -35.052258419359042 ], [ 117.566666176351063, -35.051267886807679 ], [ 117.567354203547438, -35.051159995931627 ], [ 117.572174522755617, -35.050758659974655 ], [ 117.57359962737911, -35.050483618218301 ], [ 117.575202202094786, -35.050051096381452 ], [ 117.575724591208356, -35.049769516030516 ], [ 117.576661490228503, -35.049038435210697 ], [ 117.578166819311377, -35.047338743145637 ], [ 117.578537998475298, -35.047013222571138 ], [ 117.578816977308819, -35.04692074221596 ], [ 117.579095495741555, -35.046955031943376 ], [ 117.579651631826096, -35.047311861638562 ], [ 117.579801390432777, -35.047541031676573 ], [ 117.579825939579749, -35.047807851873365 ], [ 117.579688596277933, -35.049233313147973 ], [ 117.579495834634287, -35.050100043954778 ], [ 117.579039323786048, -35.050981224832498 ], [ 117.57825640378239, -35.05184079566574 ], [ 117.577228344050795, -35.052683976319074 ], [ 117.576207334170789, -35.053395316665473 ], [ 117.573516168279511, -35.054839278816836 ] ] ] ] } },
{ "type": "Feature", "properties": { "fid": 3467, "CODE": "P_gp", "JNCODE": "si5011; P_gp", "fme_featur": "geology_surface_si5011" }, "geometry": { "type": "MultiPolygon", "coordinates": [ [ [ [ 117.545612454044502, -35.049178388210862 ], [ 117.545033767506823, -35.049107198866722 ], [ 117.544667148675103, -35.048876899321016 ], [ 117.544594679221461, -35.048736669507889 ], [ 117.54458561002383, -35.048513259751807 ], [ 117.544815801329761, -35.048106610094187 ], [ 117.54550892049042, -35.047529010078577 ], [ 117.546215577770823, -35.047182779590834 ], [ 117.546729024884115, -35.047187058963331 ], [ 117.547184371358455, -35.047465338164038 ], [ 117.54736223961504, -35.047678707768668 ], [ 117.547425808414019, -35.047919597487905 ], [ 117.547362358021644, -35.048131917375841 ], [ 117.547137358230898, -35.048428447361388 ], [ 117.546448230169787, -35.048963967586282 ], [ 117.546073371715764, -35.049114557816374 ], [ 117.545612454044502, -35.049178388210862 ] ] ] ] } },
{ "type": "Feature", "properties": { "fid": 3468, "CODE": "P_gp", "JNCODE": "si5011; P_gp", "fme_featur": "geology_surface_si5011" }, "geometry": { "type": "MultiPolygon", "coordinates": [ [ [ [ 117.504105111909467, -35.035362963371419 ], [ 117.503675173274686, -35.035344693457041 ], [ 117.503148065470782, -35.035150063646675 ], [ 117.502806537654337, -35.034761713894419 ], [ 117.502712998804654, -35.034466004052824 ], [ 117.502708789592916, -35.034204434179991 ], [ 117.502802890165739, -35.033924454302131 ], [ 117.502964950331275, -35.033722584377919 ], [ 117.503443329904911, -35.033445424450981 ], [ 117.504051258458162, -35.033396474396454 ], [ 117.504987995620269, -35.033504934216218 ], [ 117.505403103594617, -35.03376679401736 ], [ 117.505548612335858, -35.034009783862885 ], [ 117.505593811111282, -35.034318053685652 ], [ 117.505503740220902, -35.034640523521446 ], [ 117.505297909957577, -35.03488525342064 ], [ 117.504914110245394, -35.035130703352564 ], [ 117.504475090999648, -35.035298463339657 ], [ 117.504105111909467, -35.035362963371419 ] ] ] ] } },
{ "type": "Feature", "properties": { "fid": 3469, "CODE": "P_gp", "JNCODE": "si5011; P_gp", "fme_featur": "geology_surface_si5011" }, "geometry": { "type": "MultiPolygon", "coordinates": [ [ [ [ 117.482612065259687, -35.021356791615496 ], [ 117.483385397672691, -35.022189601888485 ], [ 117.483751508593286, -35.023287921626462 ], [ 117.483656938186385, -35.023509951426313 ], [ 117.483069486013349, -35.023798400774687 ], [ 117.48264262450526, -35.023794130415183 ], [ 117.481243869809262, -35.02314137953212 ], [ 117.480671917761171, -35.023226318998574 ], [ 117.48043485703154, -35.022962918909293 ], [ 117.479721014728497, -35.022463228495504 ], [ 117.477815038037207, -35.022477306800361 ], [ 117.476901345180849, -35.021749396233588 ], [ 117.476635824544118, -35.021149916187809 ], [ 117.47671629499574, -35.020794156379111 ], [ 117.477001466079372, -35.02059712671236 ], [ 117.477615178218727, -35.02057155729959 ], [ 117.478935792764943, -35.020642948516468 ], [ 117.480042236381891, -35.021178329328713 ], [ 117.48124387056265, -35.021178330439966 ], [ 117.482612065259687, -35.021356791615496 ] ] ] ] } },
{ "type": "Feature", "properties": { "fid": 3474, "CODE": "P_gp", "JNCODE": "si5011; P_gp", "fme_featur": "geology_surface_si5011" }, "geometry": { "type": "MultiPolygon", "coordinates": [ [ [ [ 117.623864655196627, -35.133811481646077 ], [ 117.62351329455359, -35.133221471698924 ], [ 117.622959044088475, -35.132620431774164 ], [ 117.622342493898913, -35.132152201847695 ], [ 117.621481544081419, -35.131764211947612 ], [ 117.620573114649972, -35.131571772060248 ], [ 117.619459966501012, -35.131507162184434 ], [ 117.617797360855477, -35.131566962346398 ], [ 117.617360071806345, -35.13148618237836 ], [ 117.617032922027775, -35.131187442381673 ], [ 117.616721210968606, -35.13029162233849 ], [ 117.616428570535007, -35.129747822263589 ], [ 117.616070280456654, -35.129318002142938 ], [ 117.615733100621441, -35.129027132063975 ], [ 117.614863831626607, -35.128553341945043 ], [ 117.612744255061699, -35.127889151774973 ], [ 117.612107255650059, -35.127523251614072 ], [ 117.611827405652505, -35.127263141483553 ], [ 117.612405653054068, -35.126746651195191 ], [ 117.613129340426241, -35.126338280984179 ], [ 117.614079767708986, -35.126091110874285 ], [ 117.614919155852832, -35.126098960888811 ], [ 117.615327765387434, -35.126295590975396 ], [ 117.615632115486591, -35.126642551116447 ], [ 117.61577468612559, -35.127070781284999 ], [ 117.615882387885478, -35.127966561633585 ], [ 117.616140958068911, -35.128321761754428 ], [ 117.616784677264917, -35.128651491826666 ], [ 117.617813495582013, -35.129016241857038 ], [ 117.618656573919452, -35.129194711826052 ], [ 117.61932918240619, -35.129251491770816 ], [ 117.621548799248274, -35.129186651583019 ], [ 117.623360487944055, -35.129366141486855 ], [ 117.624060277227542, -35.129318391432413 ], [ 117.624390666685429, -35.129174671397301 ], [ 117.625597664122978, -35.128255631280076 ], [ 117.62675226208782, -35.127556581240142 ], [ 117.627473941118993, -35.127286411239858 ], [ 117.628227660392923, -35.127183511245192 ], [ 117.628897039929441, -35.12721603124578 ], [ 117.629886439378311, -35.127369191232638 ], [ 117.631444768045583, -35.1272637712459 ], [ 117.632271177503071, -35.127341161232529 ], [ 117.632946277329282, -35.127650311166398 ], [ 117.634112757262955, -35.128472180945792 ], [ 117.634681646980184, -35.128670210869203 ], [ 117.635759595918273, -35.128622890426477 ], [ 117.636507224993593, -35.128451910029654 ], [ 117.636627664727087, -35.128323679990451 ], [ 117.63666404442138, -35.128089040027199 ], [ 117.636565954212344, -35.127816300154421 ], [ 117.636406694157003, -35.127616620301495 ], [ 117.634853064880247, -35.126703771405701 ], [ 117.63403256486302, -35.12611734153456 ], [ 117.633195274553799, -35.125315181676463 ], [ 117.632733364108148, -35.124664381777315 ], [ 117.632469263290133, -35.123819521917781 ], [ 117.632336811395717, -35.122128112223251 ], [ 117.63204182056775, -35.121322332315501 ], [ 117.631271569293276, -35.120060092349838 ], [ 117.629727756731285, -35.1178183721876 ], [ 117.628537404716838, -35.116286401887727 ], [ 117.628287854078607, -35.115836321815344 ], [ 117.628189833530612, -35.115455921794393 ], [ 117.628209623039012, -35.115113891818694 ], [ 117.628391222763113, -35.114793981979346 ], [ 117.628721232601137, -35.114473972244376 ], [ 117.629104032674149, -35.114580542361978 ], [ 117.629480472818813, -35.114799822436048 ], [ 117.6299927432635, -35.115216132558331 ], [ 117.630537524004595, -35.115775612714231 ], [ 117.631052244884103, -35.116477802816888 ], [ 117.631401236046656, -35.117438912795706 ], [ 117.631556056360651, -35.117711002804143 ], [ 117.632919527849381, -35.11918773294547 ], [ 117.633339548357895, -35.119738082939627 ], [ 117.633645908901485, -35.120318362883097 ], [ 117.63390924960575, -35.121059752765447 ], [ 117.634127090452481, -35.121945602589285 ], [ 117.634333851644271, -35.123187412305867 ], [ 117.634616181941709, -35.123619922229757 ], [ 117.635060961890034, -35.123850632180627 ], [ 117.635687441100529, -35.123965891720523 ], [ 117.639171436249214, -35.124088999318026 ], [ 117.639835925563702, -35.124269768832747 ], [ 117.640218555466404, -35.124564848521622 ], [ 117.640472845893754, -35.125075108263403 ], [ 117.640598556820734, -35.125786388059808 ], [ 117.640593007554031, -35.126258607983296 ], [ 117.640457938930538, -35.12705385793226 ], [ 117.640564520238783, -35.127984757707772 ], [ 117.640486921129366, -35.128514877663285 ], [ 117.640209402369635, -35.129158767713079 ], [ 117.639424944389077, -35.130062477987032 ], [ 117.63923110504463, -35.130384978012238 ], [ 117.639216035435268, -35.130632517956656 ], [ 117.639358806087458, -35.131131247752052 ], [ 117.639360636535457, -35.131423577676728 ], [ 117.638633629519319, -35.133055207613452 ], [ 117.63858482019792, -35.133489257518249 ], [ 117.638692401652662, -35.1345065571916 ], [ 117.638681252318676, -35.134947597076881 ], [ 117.638535872966713, -35.135330917034921 ], [ 117.638290503350831, -35.135506147090346 ], [ 117.637721753594249, -35.135476377339508 ], [ 117.635644403801805, -35.134833368442365 ], [ 117.63542763367974, -35.13464812860304 ], [ 117.63528862347404, -35.134428318743133 ], [ 117.634818102292343, -35.133209139350953 ], [ 117.633083411965529, -35.131576580192068 ], [ 117.632445472043869, -35.131163470399649 ], [ 117.630931332554297, -35.130469360754631 ], [ 117.629839072684163, -35.12982810097747 ], [ 117.629328142912115, -35.129643961037821 ], [ 117.628755533319918, -35.129556871089953 ], [ 117.627390154638533, -35.129599151195308 ], [ 117.626915725235733, -35.129703791232672 ], [ 117.626601355812952, -35.129888061260182 ], [ 117.626412006619262, -35.130277841262078 ], [ 117.626192329581173, -35.131957391202945 ], [ 117.625849051325403, -35.132798911228235 ], [ 117.62537734289856, -35.133439251306775 ], [ 117.624906184181668, -35.133893551407233 ], [ 117.624338205420088, -35.134247621545235 ], [ 117.624038105901803, -35.134330891621055 ], [ 117.623864655196627, -35.133811481646077 ] ] ] ] } },
{ "type": "Feature", "properties": { "fid": 3479, "CODE": "P_gp", "JNCODE": "si5011; P_gp", "fme_featur": "geology_surface_si5011" }, "geometry": { "type": "MultiPolygon", "coordinates": [ [ [ [ 117.542549232806905, -35.055937305844452 ], [ 117.542203616069528, -35.055428426006486 ], [ 117.542576730146038, -35.054494545734961 ], [ 117.542833351268058, -35.054125175745348 ], [ 117.54330234149748, -35.053965745352976 ], [ 117.543653161104771, -35.054005754919096 ], [ 117.544015590390913, -35.054133604380503 ], [ 117.544532798892945, -35.05444978344962 ], [ 117.545182765280543, -35.055058072268736 ], [ 117.546349364346469, -35.055894752466941 ], [ 117.546767710116171, -35.05627673260156 ], [ 117.547020567028412, -35.056614672763139 ], [ 117.547149454808547, -35.056911542938188 ], [ 117.547230042177361, -35.057333233222884 ], [ 117.547208080695711, -35.057631243451304 ], [ 117.547074459996651, -35.057877373678991 ], [ 117.546758370155473, -35.058113193960409 ], [ 117.546477300961598, -35.058196134116471 ], [ 117.54616252251445, -35.05817054420379 ], [ 117.545395807876361, -35.057841124222307 ], [ 117.543213718253384, -35.056622505455891 ], [ 117.542549232806905, -35.055937305844452 ] ] ] ] } },
{ "type": "Feature", "properties": { "fid": 3487, "CODE": "P_gp", "JNCODE": "si5011; P_gp", "fme_featur": "geology_surface_si5011" }, "geometry": { "type": "MultiPolygon", "coordinates": [ [ [ [ 117.941222966447711, -35.090848151868698 ], [ 117.940672606590894, -35.090893451784666 ], [ 117.94020705704861, -35.090806981201183 ], [ 117.939642718225883, -35.090487829601948 ], [ 117.939224099406303, -35.09015701801529 ], [ 117.939139560169878, -35.089911136948452 ], [ 117.939296591325018, -35.089476235224303 ], [ 117.939643922426612, -35.089002323450963 ], [ 117.940093052856795, -35.088723002552399 ], [ 117.940725712713103, -35.088586822357975 ], [ 117.941375792032531, -35.088643882967517 ], [ 117.941868651081521, -35.088864684147218 ], [ 117.942125010224714, -35.089132395375231 ], [ 117.942222129410155, -35.089436886659122 ], [ 117.942200838110807, -35.089974978821068 ], [ 117.942061526556728, -35.090640421439559 ], [ 117.941222966447711, -35.090848151868698 ] ] ] ] } },
{ "type": "Feature", "properties": { "fid": 3492, "CODE": "P_gp", "JNCODE": "si5011; P_gp", "fme_featur": "geology_surface_si5011" }, "geometry": { "type": "MultiPolygon", "coordinates": [ [ [ [ 117.495942149444119, -35.036643981817377 ], [ 117.495784649347712, -35.037094851455102 ], [ 117.495548040112212, -35.037422901128984 ], [ 117.495115902307631, -35.037714540723414 ], [ 117.49447108618341, -35.037918340260269 ], [ 117.493682221337338, -35.038010489795084 ], [ 117.493198074884347, -35.037927089617128 ], [ 117.492760348610901, -35.037667019611995 ], [ 117.492151474392429, -35.037100979800655 ], [ 117.491754008540212, -35.036607260053536 ], [ 117.491486521967644, -35.036056940430747 ], [ 117.491371044222049, -35.035550970839978 ], [ 117.491368175498309, -35.035113071232779 ], [ 117.491466695887695, -35.034736091603705 ], [ 117.491742075655353, -35.034138622217462 ], [ 117.491824496667434, -35.033578302731058 ], [ 117.496107491960331, -35.035243922778328 ], [ 117.495942149444119, -35.036643981817377 ] ] ] ] } },
{ "type": "Feature", "properties": { "fid": 3499, "CODE": "P_gp", "JNCODE": "si5011; P_gp", "fme_featur": "geology_surface_si5011" }, "geometry": { "type": "MultiPolygon", "coordinates": [ [ [ [ 117.484427877591926, -35.078044197660589 ], [ 117.485107457589422, -35.078175917960714 ], [ 117.485488432555911, -35.078373128365008 ], [ 117.485802985947814, -35.07872611878048 ], [ 117.486019957073054, -35.079304329210707 ], [ 117.48609789768274, -35.079993889574332 ], [ 117.48604465844133, -35.080741509860488 ], [ 117.485816990398376, -35.08149219002032 ], [ 117.48588618514475, -35.081863800236142 ], [ 117.486398332468781, -35.082565420913319 ], [ 117.488304073828928, -35.084464123002341 ], [ 117.488572125513841, -35.084943893361171 ], [ 117.488756500417779, -35.085778633284818 ], [ 117.488930008021072, -35.086099203311804 ], [ 117.489276824925184, -35.086343533472039 ], [ 117.489805141102167, -35.086519053768868 ], [ 117.490483966750304, -35.08661504418491 ], [ 117.491083403163302, -35.086614444575545 ], [ 117.49167717972756, -35.08652054498819 ], [ 117.492109327230793, -35.086372865310707 ], [ 117.492953362032196, -35.085847076007646 ], [ 117.493541187804865, -35.085220836567139 ], [ 117.49443526759525, -35.083796906949033 ], [ 117.494787189627658, -35.08346722711849 ], [ 117.495072159444533, -35.083332147287621 ], [ 117.495530047106158, -35.083261597592752 ], [ 117.498866334718173, -35.083133239909202 ], [ 117.499461132675876, -35.082977820311257 ], [ 117.500413290666003, -35.082529280718255 ], [ 117.500871007529042, -35.082384830771055 ], [ 117.503260571942263, -35.082257651100683 ], [ 117.5038395167131, -35.082160671174968 ], [ 117.504420812807481, -35.081971521241641 ], [ 117.50525595044175, -35.08147823131862 ], [ 117.50708183203011, -35.079937011447512 ], [ 117.50801897143856, -35.079241181522065 ], [ 117.508138182958561, -35.079043671522165 ], [ 117.508162826001552, -35.078816461506356 ], [ 117.507955844656237, -35.077705131382146 ], [ 117.508040197913473, -35.077416321369682 ], [ 117.508201058172219, -35.077272101380359 ], [ 117.509721005173731, -35.076963931571314 ], [ 117.510468944920575, -35.076392171629657 ], [ 117.511113260431515, -35.076191411704606 ], [ 117.511723274893399, -35.076089341783245 ], [ 117.512605605407117, -35.076042611905386 ], [ 117.513812519871436, -35.076153862087338 ], [ 117.513670887963414, -35.076396202087707 ], [ 117.513423657281592, -35.076637872072865 ], [ 117.511870647760176, -35.077829161951968 ], [ 117.511583464809078, -35.078257181947272 ], [ 117.511446628818319, -35.078774641971663 ], [ 117.511434381913745, -35.079256492010813 ], [ 117.511553772917097, -35.079777852072098 ], [ 117.512906011070015, -35.082945632533708 ], [ 117.512942147228173, -35.083180142558781 ], [ 117.512814046046927, -35.083361632555949 ], [ 117.512486118594637, -35.08344496251636 ], [ 117.510940196022162, -35.083467052297912 ], [ 117.509535200412742, -35.083586082107985 ], [ 117.509064064523159, -35.083674832048416 ], [ 117.508366058343881, -35.083961241973455 ], [ 117.507974991620898, -35.084044031924741 ], [ 117.50746213822238, -35.083995231847538 ], [ 117.506258067009767, -35.083656321647183 ], [ 117.505423166913914, -35.083634581526418 ], [ 117.50495750997554, -35.083790421473502 ], [ 117.504088500283416, -35.084449721406095 ], [ 117.503395384957656, -35.084673331326485 ], [ 117.502362875164934, -35.084785141189094 ], [ 117.498982227365786, -35.084954950194096 ], [ 117.498195053144912, -35.085057559661202 ], [ 117.497395399840457, -35.085243979083458 ], [ 117.496770355369293, -35.085530758591752 ], [ 117.496483428501406, -35.085883348302893 ], [ 117.496397250878459, -35.08646240808033 ], [ 117.496507844307601, -35.087739487785527 ], [ 117.496443535559351, -35.088035357658818 ], [ 117.496283117029762, -35.088275317485987 ], [ 117.495460682019953, -35.088869926784206 ], [ 117.494317347229369, -35.08951063586472 ], [ 117.493741839247718, -35.089695225441929 ], [ 117.492939401755336, -35.08971600491931 ], [ 117.491861705246038, -35.089587364260673 ], [ 117.490261601484249, -35.08917131334308 ], [ 117.489272995527529, -35.089036752741421 ], [ 117.488108530035134, -35.08900309199862 ], [ 117.48556492861232, -35.089148880317929 ], [ 117.484382838788264, -35.08910986974734 ], [ 117.483538437185146, -35.088939979487705 ], [ 117.483094177822466, -35.088649589395942 ], [ 117.482911979532432, -35.088333849402098 ], [ 117.482837742150622, -35.087944609463349 ], [ 117.48285212550411, -35.087496769570784 ], [ 117.482980270790847, -35.086840419770155 ], [ 117.483396790956661, -35.085661320210725 ], [ 117.483750837870815, -35.084933360494418 ], [ 117.484311221469781, -35.084016310315278 ], [ 117.48438074622814, -35.083660550182408 ], [ 117.484215349446131, -35.083359239982897 ], [ 117.483799471328339, -35.083090809705411 ], [ 117.482463960807777, -35.082744299057872 ], [ 117.482321733272443, -35.082506278907942 ], [ 117.482317998840415, -35.082061418724891 ], [ 117.48244342411337, -35.081678488612283 ], [ 117.482694339466008, -35.081327198553581 ], [ 117.483227257781323, -35.080826198521493 ], [ 117.484320601015611, -35.080108358560317 ], [ 117.48443394378873, -35.079923838512677 ], [ 117.484431616846422, -35.079681918402486 ], [ 117.484260129465923, -35.079422898233553 ], [ 117.483984420315494, -35.079271338083196 ], [ 117.482654478417899, -35.079011607578337 ], [ 117.481925028729492, -35.07875972726363 ], [ 117.481188190835653, -35.078359886897694 ], [ 117.480696453662745, -35.077977246616847 ], [ 117.480204789505464, -35.077349936254762 ], [ 117.479657724602561, -35.075954245620878 ], [ 117.47921124416213, -35.075033055201914 ], [ 117.478869149973633, -35.074447134932754 ], [ 117.478440755140028, -35.073882104662893 ], [ 117.47901855679099, -35.073945454792039 ], [ 117.479475477153585, -35.074071504921818 ], [ 117.479972716175638, -35.074318695105205 ], [ 117.480467663991746, -35.074660895328421 ], [ 117.482436030941315, -35.076353166422237 ], [ 117.483910935845429, -35.078020587509123 ], [ 117.484427877591926, -35.078044197660589 ] ] ] ] } },
{ "type": "Feature", "properties": { "fid": 3500, "CODE": "P_gp", "JNCODE": "si5011; P_gp", "fme_featur": "geology_surface_si5011" }, "geometry": { "type": "MultiPolygon", "coordinates": [ [ [ [ 117.509938441248863, -35.038252090431456 ], [ 117.509306283707815, -35.038216060611212 ], [ 117.508952675298389, -35.038144530743828 ], [ 117.508364248541582, -35.037876011054678 ], [ 117.507928671474318, -35.037535581366306 ], [ 117.507634193825751, -35.037204321633951 ], [ 117.507463175516222, -35.036925131839183 ], [ 117.507386347018581, -35.036609622044161 ], [ 117.50745204773888, -35.036372662172319 ], [ 117.507705588126754, -35.036070242304127 ], [ 117.508037138004667, -35.035840962380036 ], [ 117.508427677406331, -35.035689902400179 ], [ 117.509557924650323, -35.035517482302438 ], [ 117.511342538812741, -35.035591691927372 ], [ 117.51170055713132, -35.035710651778295 ], [ 117.511965735193385, -35.035937891568125 ], [ 117.512205022344759, -35.036361001220264 ], [ 117.512264639933193, -35.036808360888195 ], [ 117.512143968907381, -35.037098100707453 ], [ 117.511781628389713, -35.037458470533458 ], [ 117.511114198414759, -35.037945040351417 ], [ 117.510572069303947, -35.038173220327707 ], [ 117.509938441248863, -35.038252090431456 ] ] ] ] } },
{ "type": "Feature", "properties": { "fid": 3501, "CODE": "P_gp", "JNCODE": "si5011; P_gp", "fme_featur": "geology_surface_si5011" }, "geometry": { "type": "MultiPolygon", "coordinates": [ [ [ [ 117.919402013300001, -35.083913380376835 ], [ 117.919146713200433, -35.084376172056622 ], [ 117.918630694436402, -35.084796944411835 ], [ 117.918017936632253, -35.085022226726913 ], [ 117.917380759563443, -35.085019328590732 ], [ 117.916775602818504, -35.084820499952649 ], [ 117.916255526026589, -35.084426290794617 ], [ 117.915786959419918, -35.083796101097349 ], [ 117.916113068743897, -35.083440679482713 ], [ 117.916549117594883, -35.083106447552559 ], [ 117.917001286173047, -35.082885275759317 ], [ 117.917376244825206, -35.082785754417131 ], [ 117.918217071284516, -35.082790821823359 ], [ 117.919534594805668, -35.083141728442065 ], [ 117.919402013300001, -35.083913380376835 ] ] ] ] } },
{ "type": "Feature", "properties": { "fid": 3502, "CODE": "P_gm", "JNCODE": "si5011; P_gm", "fme_featur": "geology_surface_si5011" }, "geometry": { "type": "MultiPolygon", "coordinates": [ [ [ [ 117.908627992932267, -35.105827402234858 ], [ 117.908054156400553, -35.105753021814259 ], [ 117.907694116988822, -35.105517311722984 ], [ 117.907301666536512, -35.105132781739215 ], [ 117.906894783608735, -35.104447202016154 ], [ 117.906828661130902, -35.10409987227586 ], [ 117.906858428611287, -35.103826512550363 ], [ 117.906990325583052, -35.103576062892053 ], [ 117.907169523035776, -35.103420443188412 ], [ 117.907396320671538, -35.103324763471214 ], [ 117.907765907798819, -35.103284853826352 ], [ 117.909187569229815, -35.103429654918941 ], [ 117.910085705100983, -35.103681795459778 ], [ 117.910424174351945, -35.103877965569438 ], [ 117.910609474773267, -35.104089005533275 ], [ 117.91073371712713, -35.104487905270105 ], [ 117.910684310324484, -35.104841324900171 ], [ 117.910462284382618, -35.105150094424189 ], [ 117.910032950325046, -35.105508153726461 ], [ 117.909699484137235, -35.10568528327854 ], [ 117.909254818187122, -35.105793392799974 ], [ 117.908627992932267, -35.105827402234858 ] ] ] ] } },
{ "type": "Feature", "properties": { "fid": 3514, "CODE": "P_gp", "JNCODE": "si5011; P_gp", "fme_featur": "geology_surface_si5011" }, "geometry": { "type": "MultiPolygon", "coordinates": [ [ [ [ 117.976321727330316, -35.100653083239258 ], [ 117.976061695881256, -35.101991303226576 ], [ 117.975696613301011, -35.10246359473819 ], [ 117.975304170416862, -35.102672516685701 ], [ 117.974620705187149, -35.102702560471201 ], [ 117.97376378802872, -35.102247335916289 ], [ 117.972859580234896, -35.101783341742127 ], [ 117.971943483516924, -35.102104576437952 ], [ 117.970684804290045, -35.102411873013658 ], [ 117.96904138013663, -35.101911023277935 ], [ 117.969063299302334, -35.10154208389811 ], [ 117.969159409353949, -35.101274933882742 ], [ 117.969495391213883, -35.100938822604192 ], [ 117.97013597584818, -35.100670129386842 ], [ 117.971409655829859, -35.100359342476509 ], [ 117.9716067172088, -35.100214251563571 ], [ 117.971583146534783, -35.099975152030993 ], [ 117.971038289979262, -35.099155620938383 ], [ 117.970640385111665, -35.098249018588632 ], [ 117.970686683020872, -35.097045091996875 ], [ 117.970771382678649, -35.096644359364021 ], [ 117.970888062897984, -35.096454877632581 ], [ 117.971135773835698, -35.096303865269739 ], [ 117.971503885489042, -35.096220072492684 ], [ 117.972539791159321, -35.096340046577595 ], [ 117.973980180987937, -35.096815330123967 ], [ 117.974565095861465, -35.097101028070348 ], [ 117.974857558687233, -35.097290307321266 ], [ 117.975774431149659, -35.098320407579962 ], [ 117.976470432330814, -35.099177018351163 ], [ 117.976893078209656, -35.099510297777407 ], [ 117.976321727330316, -35.100653083239258 ] ] ] ] } },
{ "type": "Feature", "properties": { "fid": 3516, "CODE": "P_gp", "JNCODE": "si5011; P_gp", "fme_featur": "geology_surface_si5011" }, "geometry": { "type": "MultiPolygon", "coordinates": [ [ [ [ 117.612754330287913, -35.071758895235156 ], [ 117.613288003176322, -35.072193886226096 ], [ 117.61391444682009, -35.073244457193425 ], [ 117.614548740447205, -35.07396759836432 ], [ 117.614995212935966, -35.074262369291347 ], [ 117.615493525605316, -35.074334480427616 ], [ 117.61694658295157, -35.073764283974036 ], [ 117.617453645595006, -35.073733035151662 ], [ 117.617929368175098, -35.073858376219555 ], [ 117.618172529620765, -35.074106236727147 ], [ 117.618498191858393, -35.074853877330419 ], [ 117.618890934221724, -35.075232308185171 ], [ 117.619449477410697, -35.075499219467694 ], [ 117.620691349538191, -35.075733960739079 ], [ 117.621052189090008, -35.07586820070518 ], [ 117.622698417558993, -35.076860800554684 ], [ 117.624847815783724, -35.077965710483511 ], [ 117.627002444738167, -35.079270490537951 ], [ 117.629429924847415, -35.081130030804836 ], [ 117.629699985154673, -35.081479290863307 ], [ 117.629912145728639, -35.081939290932873 ], [ 117.630312578235447, -35.08358706117086 ], [ 117.630445958696669, -35.083909811229525 ], [ 117.630771749069353, -35.084261561324617 ], [ 117.632065579711053, -35.085279361583616 ], [ 117.63225900979559, -35.085545211558284 ], [ 117.632373800044107, -35.085941981489462 ], [ 117.632443151073502, -35.0872406412104 ], [ 117.632214003603764, -35.090086030537449 ], [ 117.63195032425385, -35.090635700375024 ], [ 117.631273135339129, -35.091341100118491 ], [ 117.63060556625986, -35.091853319909504 ], [ 117.628919968348185, -35.0928501794575 ], [ 117.628543528784419, -35.093034609366534 ], [ 117.628201999094486, -35.093100629305241 ], [ 117.627682399297882, -35.09288619927613 ], [ 117.626564289280921, -35.091900299313238 ], [ 117.626108519353764, -35.091594359306868 ], [ 117.624227960244809, -35.09102737913696 ], [ 117.623920250209423, -35.090728089146403 ], [ 117.623788299908654, -35.090272839210492 ], [ 117.624574847652454, -35.088337149694006 ], [ 117.624738486964944, -35.087681109844119 ], [ 117.624784686384842, -35.087050819970692 ], [ 117.624689245939294, -35.086459290066117 ], [ 117.624420255476764, -35.085707600160966 ], [ 117.624102135203373, -35.085135430211949 ], [ 117.623835725092718, -35.084840500198446 ], [ 117.62330437519492, -35.084587560120134 ], [ 117.622587755725732, -35.084586880000423 ], [ 117.620249557700248, -35.084881709571569 ], [ 117.619716956244133, -35.085038838680035 ], [ 117.619030442519417, -35.085412206703239 ], [ 117.618310218236431, -35.085400974690479 ], [ 117.617506943170156, -35.085148612457324 ], [ 117.616453826286588, -35.084292659707081 ], [ 117.615856702569204, -35.083963228151624 ], [ 117.615358689546753, -35.083807166826695 ], [ 117.614004711445006, -35.083542963194823 ], [ 117.613421877924083, -35.083298471698299 ], [ 117.613078895825126, -35.083050880870303 ], [ 117.61278649400478, -35.08271719022737 ], [ 117.61225956054804, -35.081397419441245 ], [ 117.611167264081885, -35.080541667002962 ], [ 117.610844932168362, -35.080144676379312 ], [ 117.610659260987404, -35.0794513162855 ], [ 117.610378499030176, -35.077191076859627 ], [ 117.610205618035224, -35.076881196613833 ], [ 117.609105841922371, -35.075538704767567 ], [ 117.607182061645275, -35.074333471039452 ], [ 117.606751669379179, -35.074181470147522 ], [ 117.606088225889295, -35.074069888690055 ], [ 117.6057108138845, -35.074180787727222 ], [ 117.604050752608671, -35.075245036015907 ], [ 117.603704593519168, -35.075341376215682 ], [ 117.603283124678526, -35.075296046598787 ], [ 117.602744976272405, -35.074989657313552 ], [ 117.602292977750366, -35.074502388134214 ], [ 117.602110928587351, -35.073852908887964 ], [ 117.602090999051441, -35.073047329649874 ], [ 117.602200659024604, -35.072442220108144 ], [ 117.602442298469896, -35.072060460233303 ], [ 117.603214596282854, -35.071568579944483 ], [ 117.603978843971348, -35.071298999445375 ], [ 117.605140711390021, -35.071201678814191 ], [ 117.607681214308528, -35.07133517428715 ], [ 117.609609154096972, -35.071058328690746 ], [ 117.610517008709962, -35.071083570659532 ], [ 117.611794275257324, -35.071321763329841 ], [ 117.612754330287913, -35.071758895235156 ] ] ] ] } },
{ "type": "Feature", "properties": { "fid": 3517, "CODE": "P_gp", "JNCODE": "si5011; P_gp", "fme_featur": "geology_surface_si5011" }, "geometry": { "type": "MultiPolygon", "coordinates": [ [ [ [ 117.631691646777938, -35.106274366190675 ], [ 117.631906986392465, -35.105874116373244 ], [ 117.632789515064346, -35.104683126945005 ], [ 117.633246284231518, -35.103943617260043 ], [ 117.634223802732279, -35.102835997754568 ], [ 117.634586532068482, -35.102338077949859 ], [ 117.634793341466931, -35.101814738121355 ], [ 117.634756901033398, -35.101301088252683 ], [ 117.634548240963099, -35.101054428291157 ], [ 117.634258541103165, -35.10097573827516 ], [ 117.63287113237773, -35.101322197990605 ], [ 117.63139812340971, -35.101317397791981 ], [ 117.631370611995322, -35.099390838368492 ], [ 117.631232261726922, -35.098942008451303 ], [ 117.630928661570067, -35.098474998518562 ], [ 117.630559671584237, -35.098153368545475 ], [ 117.630027581772652, -35.097891858539406 ], [ 117.629400152099393, -35.097708998504253 ], [ 117.628316002763412, -35.097513048416232 ], [ 117.627876802964721, -35.097355068395991 ], [ 117.627600302920641, -35.097056068423228 ], [ 117.627577862603275, -35.096664388499512 ], [ 117.627768202052991, -35.096189318619111 ], [ 117.62807870142187, -35.09572507875265 ], [ 117.628644240431498, -35.095062618961535 ], [ 117.629198059578883, -35.094548029141457 ], [ 117.629543069130335, -35.094323719234552 ], [ 117.629850678806349, -35.094212919299217 ], [ 117.630259268467171, -35.094173629362558 ], [ 117.630676818193919, -35.094220639408555 ], [ 117.631167717974307, -35.094397679435858 ], [ 117.631684747909347, -35.09478464941953 ], [ 117.632892308164045, -35.096188319260996 ], [ 117.633910008638011, -35.097701809038945 ], [ 117.634256438620113, -35.098003079009906 ], [ 117.63454433841558, -35.098023169038825 ], [ 117.634660398216042, -35.097888519083895 ], [ 117.634718447972688, -35.097645899147636 ], [ 117.634660927510879, -35.097028579285507 ], [ 117.634459427153089, -35.096405359406589 ], [ 117.633924596662069, -35.095315239591912 ], [ 117.633627356245483, -35.094538329731897 ], [ 117.63341337560027, -35.093562389926596 ], [ 117.633427554935935, -35.092770720109634 ], [ 117.633713304430316, -35.092414560231866 ], [ 117.634017333418399, -35.091458330496437 ], [ 117.634315432793471, -35.09096437065535 ], [ 117.634986601727675, -35.090263240920969 ], [ 117.636106276962636, -35.089288659948259 ], [ 117.636479226821336, -35.090603359239182 ], [ 117.636521527647403, -35.091664978952245 ], [ 117.636397668712902, -35.092366528927215 ], [ 117.636225769781859, -35.092905248990228 ], [ 117.63555127305321, -35.094077629445195 ], [ 117.63549075367942, -35.094580349392935 ], [ 117.635539214011942, -35.095155069207316 ], [ 117.635786424310794, -35.096413398653013 ], [ 117.636100394140271, -35.097326678111543 ], [ 117.636467613602079, -35.09797175757889 ], [ 117.637321772048765, -35.099036576447503 ], [ 117.637484701854135, -35.099329236213265 ], [ 117.637678172211025, -35.100256595805583 ], [ 117.637649942939305, -35.100900375686244 ], [ 117.637404754228797, -35.101490895799785 ], [ 117.637034085780542, -35.10199941605638 ], [ 117.636426978113164, -35.102645956513001 ], [ 117.63470494370101, -35.104260317454759 ], [ 117.634183704487583, -35.104848187187891 ], [ 117.634050654905664, -35.105259527044254 ], [ 117.634157136002159, -35.106596696694702 ], [ 117.634024046366292, -35.10696049655926 ], [ 117.633749686626956, -35.107144846436157 ], [ 117.632458057396988, -35.10751321598525 ], [ 117.631824767827709, -35.107793385724086 ], [ 117.631691646777938, -35.106274366190675 ] ] ] ] } },
{ "type": "Feature", "properties": { "fid": 3520, "CODE": "P_gp", "JNCODE": "si5011; P_gp", "fme_featur": "geology_surface_si5011" }, "geometry": { "type": "MultiPolygon", "coordinates": [ [ [ [ 117.52340049929235, -35.075688562100076 ], [ 117.523521757864373, -35.0761907926276 ], [ 117.522125638729094, -35.077249353514844 ], [ 117.52088490829945, -35.07804656391275 ], [ 117.519360234506223, -35.078730183921373 ], [ 117.51852396710926, -35.078970153759968 ], [ 117.518340226285929, -35.078937153678638 ], [ 117.518177436667187, -35.07880243356071 ], [ 117.518077680230945, -35.078406483354968 ], [ 117.518174236723539, -35.077834203128894 ], [ 117.51852402650546, -35.077019382814427 ], [ 117.51872577362127, -35.076361552508175 ], [ 117.518695386508966, -35.076055402351898 ], [ 117.518522067988329, -35.075864042254487 ], [ 117.518224928448788, -35.075756502204285 ], [ 117.517813597587548, -35.075758172207593 ], [ 117.516136249216103, -35.076134262298197 ], [ 117.515302895700046, -35.076232112279222 ], [ 117.513812519871436, -35.076153862087338 ], [ 117.514011696100113, -35.0755702720664 ], [ 117.514307520596475, -35.075028892062932 ], [ 117.514656422602528, -35.074615992077817 ], [ 117.515025912292387, -35.074357392104162 ], [ 117.515445344347413, -35.074216682015759 ], [ 117.517032887076937, -35.07398874165537 ], [ 117.519062061384659, -35.073457290943509 ], [ 117.519535391055896, -35.073440540806502 ], [ 117.519977829920435, -35.073525840742462 ], [ 117.521708403455833, -35.074381191016371 ], [ 117.52298754237269, -35.07472217114632 ], [ 117.52340049929235, -35.075688562100076 ] ] ] ] } },
{ "type": "Feature", "properties": { "fid": 3521, "CODE": "P_gp", "JNCODE": "si5011; P_gp", "fme_featur": "geology_surface_si5011" }, "geometry": { "type": "MultiPolygon", "coordinates": [ [ [ [ 117.527117481723238, -35.066527995293058 ], [ 117.526629357331373, -35.066204655663377 ], [ 117.52636539213799, -35.065785135958627 ], [ 117.526347313849556, -35.065560946059904 ], [ 117.526421784595811, -35.065378076105681 ], [ 117.526591932651939, -35.06404316661078 ], [ 117.526861616577648, -35.063164926911519 ], [ 117.527146338078722, -35.062600517090331 ], [ 117.527414998306767, -35.062229897198314 ], [ 117.527834097336935, -35.061832857298178 ], [ 117.529595689459498, -35.060582727669825 ], [ 117.530905219179232, -35.059842167338175 ], [ 117.532503063739682, -35.058821786435914 ], [ 117.533942846286138, -35.058181625297856 ], [ 117.535354658213038, -35.057657634006645 ], [ 117.536720521180399, -35.056964982634263 ], [ 117.537424211796548, -35.05676699186828 ], [ 117.538101571581137, -35.056715701122151 ], [ 117.538647570494348, -35.056830770540429 ], [ 117.539022298690099, -35.057090380181947 ], [ 117.539188147025101, -35.057353120059126 ], [ 117.539262955242521, -35.057647720043327 ], [ 117.539185349039442, -35.058717640340312 ], [ 117.539248655922634, -35.059241400391855 ], [ 117.539400274145251, -35.059524070322958 ], [ 117.540011940521879, -35.060057499953743 ], [ 117.540332347815948, -35.060473709825814 ], [ 117.540506014688518, -35.0609816198575 ], [ 117.540507070730072, -35.061655080073926 ], [ 117.540329067411832, -35.062245590371518 ], [ 117.540001914565948, -35.062778130716012 ], [ 117.538583606097703, -35.064436381750212 ], [ 117.537924542870044, -35.065090292076555 ], [ 117.537388721058107, -35.065484322278955 ], [ 117.536856259843361, -35.065776362443074 ], [ 117.536159328752049, -35.066074022621436 ], [ 117.535729278496717, -35.066186152720434 ], [ 117.534744709301989, -35.066203462961262 ], [ 117.531925672748727, -35.066054433722748 ], [ 117.530660163815639, -35.066070864042288 ], [ 117.529755445473057, -35.066198624246837 ], [ 117.528417591818226, -35.066679954598399 ], [ 117.527855154976834, -35.066784784816221 ], [ 117.527117481723238, -35.066527995293058 ] ] ] ] } },
{ "type": "Feature", "properties": { "fid": 3523, "CODE": "P_gp", "JNCODE": "si5011; P_gp", "fme_featur": "geology_surface_si5011" }, "geometry": { "type": "MultiPolygon", "coordinates": [ [ [ [ 117.896679351951263, -35.091912655121511 ], [ 117.896406622813529, -35.091466175257175 ], [ 117.895887394110048, -35.089977844944883 ], [ 117.895742154465722, -35.089742495007833 ], [ 117.895662664572441, -35.089377604835512 ], [ 117.895731254183787, -35.088783874193233 ], [ 117.895863833663043, -35.088230193472619 ], [ 117.896088912977532, -35.087779432679604 ], [ 117.89632878234778, -35.087556902060584 ], [ 117.896732161364781, -35.087394801205022 ], [ 117.897178680310731, -35.087353740377367 ], [ 117.897659739168063, -35.087439039592937 ], [ 117.897995778312705, -35.087714989219457 ], [ 117.898208467600554, -35.088456869438154 ], [ 117.898467576804265, -35.088825449265293 ], [ 117.900365860206293, -35.090725507247754 ], [ 117.901808324389265, -35.091862735371102 ], [ 117.901952393655478, -35.092071945246843 ], [ 117.901978323371097, -35.092240035316742 ], [ 117.901848183437295, -35.092587555811832 ], [ 117.901578564097804, -35.092878536536524 ], [ 117.901161655387796, -35.093125527516946 ], [ 117.900738356887501, -35.093214058397557 ], [ 117.898644304818333, -35.092965042236493 ], [ 117.898058787018073, -35.092777503209632 ], [ 117.896992720884995, -35.092277164833369 ], [ 117.896679351951263, -35.091912655121511 ] ] ] ] } },
{ "type": "Feature", "properties": { "fid": 3524, "CODE": "P_gp", "JNCODE": "si5011; P_gp", "fme_featur": "geology_surface_si5011" }, "geometry": { "type": "MultiPolygon", "coordinates": [ [ [ [ 117.966886060833744, -35.097118466108135 ], [ 117.96639910670936, -35.097757292198622 ], [ 117.965785911617729, -35.098198998064156 ], [ 117.965254897638403, -35.098306371816435 ], [ 117.964828694380216, -35.098249664634459 ], [ 117.964559292176929, -35.098134396452323 ], [ 117.964213890899856, -35.097492806528344 ], [ 117.963697547216825, -35.097072069138946 ], [ 117.962930640926047, -35.096685984139015 ], [ 117.96222761462883, -35.096491359464004 ], [ 117.961745989953798, -35.096478123653363 ], [ 117.961281885149276, -35.096573068165192 ], [ 117.960952721498074, -35.096732451765284 ], [ 117.960029090841559, -35.097366542642291 ], [ 117.959595166313591, -35.097497517010233 ], [ 117.95929747350722, -35.097470969504357 ], [ 117.959136442207665, -35.097368210476027 ], [ 117.95896394121678, -35.097092980815127 ], [ 117.958683271164958, -35.095989278593571 ], [ 117.958772382614129, -35.095754436806388 ], [ 117.959077706531247, -35.095390742546904 ], [ 117.959497181330377, -35.095140437744341 ], [ 117.959975226525358, -35.094974062769914 ], [ 117.960946126699199, -35.094798683349879 ], [ 117.964766706157846, -35.094423267534609 ], [ 117.965656350381266, -35.094578041858739 ], [ 117.96641073232658, -35.094938538663385 ], [ 117.967017173904793, -35.095478967351013 ], [ 117.967379534817582, -35.096102478067962 ], [ 117.966886060833744, -35.097118466108135 ] ] ] ] } },
{ "type": "Feature", "properties": { "fid": 3525, "CODE": "P_gp", "JNCODE": "si5011; P_gp", "fme_featur": "geology_surface_si5011" }, "geometry": { "type": "MultiPolygon", "coordinates": [ [ [ [ 117.968488481565913, -35.107339885074325 ], [ 117.968586933913514, -35.10794152333014 ], [ 117.968515685380268, -35.108594642318707 ], [ 117.96806709701346, -35.109990421506353 ], [ 117.968285673393837, -35.111737346785915 ], [ 117.968461045177293, -35.11205664533405 ], [ 117.969779502774657, -35.1125892584704 ], [ 117.970067474620663, -35.11280707680239 ], [ 117.97027042618376, -35.113081965409485 ], [ 117.970405087828084, -35.113535333991109 ], [ 117.970393568961327, -35.114046143093447 ], [ 117.970255159528008, -35.114528412769637 ], [ 117.970018309508902, -35.114907313025135 ], [ 117.969637277310255, -35.115192385299984 ], [ 117.96858277192409, -35.115490460852094 ], [ 117.967969138187385, -35.115797154650387 ], [ 117.966108163180621, -35.117540289631144 ], [ 117.96522074657689, -35.118249686254323 ], [ 117.963985847821633, -35.119079415624093 ], [ 117.962338067890258, -35.119983816754726 ], [ 117.960305897844734, -35.120860368560372 ], [ 117.959187233131843, -35.121237934336349 ], [ 117.958037298782088, -35.121539859821972 ], [ 117.956893344869115, -35.121734554880277 ], [ 117.95580004142748, -35.12178623939144 ], [ 117.95673211648041, -35.120229132904228 ], [ 117.956996838583663, -35.119474790330862 ], [ 117.957096480044328, -35.118781568570483 ], [ 117.957053511344384, -35.117809306989884 ], [ 117.956855901608293, -35.117002916587765 ], [ 117.956555180931886, -35.116410297236008 ], [ 117.956178319479733, -35.116015478750242 ], [ 117.95575105747487, -35.11578358088876 ], [ 117.955307645196029, -35.11568074335301 ], [ 117.954751822193529, -35.115700396651384 ], [ 117.954395880219522, -35.115819498870728 ], [ 117.953948607699786, -35.116207761838389 ], [ 117.953093623225598, -35.117641857663145 ], [ 117.952775311770438, -35.117889119484978 ], [ 117.952401880100624, -35.11801154148872 ], [ 117.951769997267434, -35.118034684771537 ], [ 117.951218274716084, -35.117926517621171 ], [ 117.950561491443096, -35.117605731084645 ], [ 117.950134109042907, -35.117225973450594 ], [ 117.950110808302398, -35.116650293727616 ], [ 117.950557178207404, -35.114881101959 ], [ 117.950643921612112, -35.113939686065414 ], [ 117.950519168157584, -35.113579958628307 ], [ 117.949861919982752, -35.112855085360742 ], [ 117.949597487433778, -35.112429587271137 ], [ 117.949406451765313, -35.111640731100138 ], [ 117.949394688388779, -35.111207643285951 ], [ 117.949512996208213, -35.11096593460568 ], [ 117.949865143021313, -35.110661026423564 ], [ 117.9514670364333, -35.109840160527213 ], [ 117.952108107429368, -35.109361888301443 ], [ 117.95220257679334, -35.109180078484158 ], [ 117.952241624931872, -35.108880559603357 ], [ 117.952165456682948, -35.107803615177268 ], [ 117.952037772876835, -35.107405457978452 ], [ 117.951804748692808, -35.107069061288051 ], [ 117.951157870882568, -35.106676457993011 ], [ 117.950074320352471, -35.106388137560124 ], [ 117.947491219193239, -35.106009578696018 ], [ 117.947059998312952, -35.105861939252193 ], [ 117.946923066201421, -35.105602950537822 ], [ 117.946914251255862, -35.105027233539573 ], [ 117.94698940761721, -35.104608385757189 ], [ 117.947203194093632, -35.104206517935722 ], [ 117.947712090689734, -35.103821130124771 ], [ 117.948417978633614, -35.10358973156648 ], [ 117.94930044772164, -35.103493292361982 ], [ 117.951727511712775, -35.103434479107463 ], [ 117.952357436376445, -35.103339734485466 ], [ 117.95285172942242, -35.103174621258248 ], [ 117.953351001580089, -35.102868038596391 ], [ 117.953652681992992, -35.102546237567161 ], [ 117.954367528115924, -35.101020938281444 ], [ 117.954765998371187, -35.100505877101263 ], [ 117.955063059790618, -35.100302475420612 ], [ 117.955534653127373, -35.100141142047214 ], [ 117.95654640224889, -35.100097093534352 ], [ 117.957078807898057, -35.10021517850474 ], [ 117.957221689832764, -35.100318526884251 ], [ 117.957292931365785, -35.100466905708707 ], [ 117.957265074315586, -35.101009913872424 ], [ 117.956939639393781, -35.102351641421777 ], [ 117.95701175241031, -35.102751609284788 ], [ 117.957183725382507, -35.103002496921675 ], [ 117.957477237274858, -35.102895594946624 ], [ 117.958268120297063, -35.102227010961897 ], [ 117.958518622063607, -35.102150169175943 ], [ 117.958871735364809, -35.102186136135174 ], [ 117.959178399067454, -35.102372062956377 ], [ 117.959336361700295, -35.102604310852492 ], [ 117.959417423994097, -35.10290011916647 ], [ 117.959469188947395, -35.103740555845732 ], [ 117.959605741073446, -35.103924264125652 ], [ 117.960812441116346, -35.103917094551605 ], [ 117.961468267224674, -35.104046218932439 ], [ 117.96235836674218, -35.104499330526458 ], [ 117.963404859176279, -35.105372449865364 ], [ 117.963804513347171, -35.105599056165758 ], [ 117.964431958960574, -35.105751020952852 ], [ 117.966343533072859, -35.105909579203804 ], [ 117.968167657104118, -35.106522658424574 ], [ 117.968488481565913, -35.107339885074325 ] ] ] ] } },
{ "type": "Feature", "properties": { "fid": 3527, "CODE": "P_gm", "JNCODE": "si5011; P_gm", "fme_featur": "geology_surface_si5011" }, "geometry": { "type": "MultiPolygon", "coordinates": [ [ [ [ 117.905539280168512, -35.102945592213437 ], [ 117.904552226122888, -35.102897372657424 ], [ 117.904109995922312, -35.102573983798841 ], [ 117.903798102598174, -35.101993904970328 ], [ 117.903750820439868, -35.101721715335742 ], [ 117.903787347766382, -35.101445895540536 ], [ 117.90408615361801, -35.101169605217727 ], [ 117.904477100362953, -35.101049214546904 ], [ 117.904918727539524, -35.101008643692971 ], [ 117.906113440655076, -35.101119134367373 ], [ 117.906844857384215, -35.10130685483383 ], [ 117.907092917191008, -35.101479864891949 ], [ 117.907266247907287, -35.101702494839586 ], [ 117.907306699600937, -35.101935984661658 ], [ 117.907195772759522, -35.102222284304148 ], [ 117.906975906367464, -35.10247350388461 ], [ 117.906626010674998, -35.102701513374164 ], [ 117.906177685015109, -35.1028526428493 ], [ 117.905539280168512, -35.102945592213437 ] ] ] ] } },
{ "type": "Feature", "properties": { "fid": 3529, "CODE": "P_gp", "JNCODE": "si5011; P_gp", "fme_featur": "geology_surface_si5011" }, "geometry": { "type": "MultiPolygon", "coordinates": [ [ [ [ 117.905112955891255, -35.084826414507475 ], [ 117.904991985872854, -35.085247675172056 ], [ 117.904636415703436, -35.085710996080671 ], [ 117.90420860604749, -35.086004887013615 ], [ 117.903517787120748, -35.086222068361735 ], [ 117.90244525920113, -35.086343930320119 ], [ 117.901324241577669, -35.086335722275749 ], [ 117.900662713105618, -35.086179713317364 ], [ 117.900488683586332, -35.086030213509396 ], [ 117.900440913802981, -35.085879353479598 ], [ 117.900599813904449, -35.08537301282648 ], [ 117.901013643319118, -35.084720061587568 ], [ 117.902053750958274, -35.083377648534274 ], [ 117.902414440209, -35.082737277288764 ], [ 117.905174615760444, -35.084081663547892 ], [ 117.905112955891255, -35.084826414507475 ] ] ] ] } },
{ "type": "Feature", "properties": { "fid": 3530, "CODE": "P_gp", "JNCODE": "si5011; P_gp", "fme_featur": "geology_surface_si5011" }, "geometry": { "type": "MultiPolygon", "coordinates": [ [ [ [ 117.952312221993196, -35.093702486137822 ], [ 117.951663456337585, -35.093073479560907 ], [ 117.951237832415458, -35.092767612238958 ], [ 117.950724117485976, -35.092508445907022 ], [ 117.950167551976634, -35.092327770273215 ], [ 117.949666620501915, -35.092285111385195 ], [ 117.949274540470611, -35.092383051583482 ], [ 117.948317809731691, -35.093025973613408 ], [ 117.948990892711436, -35.09085210569144 ], [ 117.949305493542184, -35.090135663154278 ], [ 117.949538183778472, -35.089856202227665 ], [ 117.949793883836946, -35.089686871730315 ], [ 117.950135125142225, -35.089593230351113 ], [ 117.950478578795455, -35.089610877246571 ], [ 117.950883692882996, -35.08979075418695 ], [ 117.951239316212082, -35.090118862155322 ], [ 117.95233196525254, -35.091758418442417 ], [ 117.952921789340579, -35.093002597928589 ], [ 117.953032239595558, -35.09352887898855 ], [ 117.952974138181375, -35.094024701447829 ], [ 117.952312221993196, -35.093702486137822 ] ] ] ] } },
{ "type": "Feature", "properties": { "fid": 3534, "CODE": "P_gp", "JNCODE": "si5011; P_gp", "fme_featur": "geology_surface_si5011" }, "geometry": { "type": "MultiPolygon", "coordinates": [ [ [ [ 117.621157308247021, -35.128479961469985 ], [ 117.620412598792413, -35.128436411490519 ], [ 117.620094168843124, -35.128326441477412 ], [ 117.619936108681699, -35.128121681436866 ], [ 117.619791988215695, -35.127719491347939 ], [ 117.619777976961615, -35.127077231191571 ], [ 117.620038705671334, -35.126707311099317 ], [ 117.620679384463088, -35.126325881031427 ], [ 117.621468663789159, -35.126262741046411 ], [ 117.622372903490927, -35.126444791107048 ], [ 117.623073493632901, -35.126803401174428 ], [ 117.623313203838805, -35.127019551204874 ], [ 117.623483524220234, -35.127309341239993 ], [ 117.623488814787109, -35.127634501277655 ], [ 117.623330005377127, -35.127897431311183 ], [ 117.623016556031672, -35.12812188134729 ], [ 117.622593766687245, -35.128291231384011 ], [ 117.621895277528893, -35.128430141431465 ], [ 117.621157308247021, -35.128479961469985 ] ] ] ] } },
{ "type": "Feature", "properties": { "fid": 3535, "CODE": "P_gp", "JNCODE": "si5011; P_gp", "fme_featur": "geology_surface_si5011" }, "geometry": { "type": "MultiPolygon", "coordinates": [ [ [ [ 117.609245788383859, -35.122263098346579 ], [ 117.608451359978716, -35.122265258222114 ], [ 117.608150490314543, -35.122167088107304 ], [ 117.60794760033663, -35.122026517977091 ], [ 117.607688649916412, -35.121685207693922 ], [ 117.607275438228854, -35.120780576969878 ], [ 117.606771157377878, -35.120131096383027 ], [ 117.608184163945864, -35.119839916521833 ], [ 117.608570522870906, -35.119706156528935 ], [ 117.608786852646176, -35.119771456627376 ], [ 117.608994272711627, -35.119940326790008 ], [ 117.609403393855558, -35.120663467351747 ], [ 117.609245788383859, -35.122263098346579 ] ] ] ] } },
{ "type": "Feature", "properties": { "fid": 3540, "CODE": "P_gp", "JNCODE": "si5011; P_gp", "fme_featur": "geology_surface_si5011" }, "geometry": { "type": "MultiPolygon", "coordinates": [ [ [ [ 117.588577660524521, -35.104451280249435 ], [ 117.58804833199963, -35.104926550371395 ], [ 117.586438673096211, -35.104909620846719 ], [ 117.586604990648482, -35.103972860892945 ], [ 117.586820178737085, -35.103253030897179 ], [ 117.587642294441537, -35.10165395077064 ], [ 117.588518644925585, -35.102022130441732 ], [ 117.589049045559406, -35.102406800237269 ], [ 117.589297956402973, -35.102835130128746 ], [ 117.589319817589313, -35.103367160090066 ], [ 117.588577660524521, -35.104451280249435 ] ] ] ] } },
{ "type": "Feature", "properties": { "fid": 3542, "CODE": "P_gp", "JNCODE": "si5011; P_gp", "fme_featur": "geology_surface_si5011" }, "geometry": { "type": "MultiPolygon", "coordinates": [ [ [ [ 117.585349376025377, -35.101890471533416 ], [ 117.584996477642107, -35.102446271583453 ], [ 117.584330352577851, -35.104162251569868 ], [ 117.583530761079103, -35.103432171923799 ], [ 117.582241517996167, -35.102097202559627 ], [ 117.583805972510802, -35.100352982283816 ], [ 117.584285151414662, -35.100000572157256 ], [ 117.584557431302898, -35.099987122058096 ], [ 117.584858831556716, -35.100115011929766 ], [ 117.585347352291919, -35.100452471708536 ], [ 117.585750623138424, -35.100833031517979 ], [ 117.585349376025377, -35.101890471533416 ] ] ] ] } },
{ "type": "Feature", "properties": { "fid": 3548, "CODE": "P_gp", "JNCODE": "si5011; P_gp", "fme_featur": "geology_surface_si5011" }, "geometry": { "type": "MultiPolygon", "coordinates": [ [ [ [ 117.606596190344078, -35.117506114388718 ], [ 117.605624483314131, -35.117962654416118 ], [ 117.604852583345192, -35.117508824011672 ], [ 117.605055690342397, -35.116595793136952 ], [ 117.605066415882149, -35.115062421911567 ], [ 117.605207684724917, -35.114860871774233 ], [ 117.605506623592461, -35.114739131778869 ], [ 117.60580867305606, -35.114721951900755 ], [ 117.606155912990559, -35.11480437214329 ], [ 117.60647789349234, -35.114997072471205 ], [ 117.606764703856456, -35.115287382809683 ], [ 117.607140705383088, -35.116052213521627 ], [ 117.607333607617747, -35.116975494258504 ], [ 117.606596190344078, -35.117506114388718 ] ] ] ] } },
{ "type": "Feature", "properties": { "fid": 3604, "CODE": "P_gp", "JNCODE": "si5011; P_gp", "fme_featur": "geology_surface_si5011" }, "geometry": { "type": "MultiPolygon", "coordinates": [ [ [ [ 117.180269675623563, -34.738487161819315 ], [ 117.181520134070297, -34.738615083186659 ], [ 117.182681072432374, -34.738591984356987 ], [ 117.183897070670881, -34.738462265508879 ], [ 117.184993719122204, -34.738252086482582 ], [ 117.185854357906607, -34.737971245118274 ], [ 117.186275777291087, -34.737739274390783 ], [ 117.186576046829884, -34.737471763826797 ], [ 117.186762296514516, -34.737179683416791 ], [ 117.186847046331962, -34.736883883147385 ], [ 117.186846406265161, -34.736608833002826 ], [ 117.186721186341089, -34.736269012979314 ], [ 117.186494346568139, -34.736026583126254 ], [ 117.186204846892906, -34.735866823386985 ], [ 117.185421807849636, -34.735753604259997 ], [ 117.184078769077345, -34.735901523903564 ], [ 117.183402639703701, -34.736106733356316 ], [ 117.182118411331587, -34.736739952487 ], [ 117.181587551944943, -34.73684643201905 ], [ 117.181210992294098, -34.736839151629134 ], [ 117.180458552689885, -34.736616240704535 ], [ 117.18, -34.736305555317927 ], [ 117.18, -34.734656279200081 ], [ 117.180278859627975, -34.734432268994283 ], [ 117.180927018955842, -34.734092429418837 ], [ 117.18166291847605, -34.73383935999361 ], [ 117.182527458121712, -34.733641060738044 ], [ 117.184561687773709, -34.733538522744063 ], [ 117.185200257454895, -34.733416182931819 ], [ 117.185703426788137, -34.733186212291322 ], [ 117.186529985654275, -34.732605531172652 ], [ 117.187055184990115, -34.732416260599742 ], [ 117.187584894357528, -34.732368310106487 ], [ 117.188263053583299, -34.732466739545281 ], [ 117.190693410868988, -34.733428067536359 ], [ 117.191673369729983, -34.733730066596486 ], [ 117.193138347989915, -34.734076045094824 ], [ 117.19367921735072, -34.734346594501346 ], [ 117.194324066597218, -34.735021263699636 ], [ 117.19633254410607, -34.737527700540817 ], [ 117.196690113634077, -34.738113379826324 ], [ 117.196823883450378, -34.738685379408231 ], [ 117.196674973644463, -34.739239809414016 ], [ 117.19627853418055, -34.739781079829761 ], [ 117.194608109691004, -34.741283642425287 ], [ 117.194224991244369, -34.741699513044871 ], [ 117.193997552796731, -34.742200843417301 ], [ 117.194085313825866, -34.742663483279742 ], [ 117.194316844290668, -34.742976712906064 ], [ 117.194685034439544, -34.743236392307608 ], [ 117.19523245412752, -34.743407311414522 ], [ 117.19570752361453, -34.743457980638496 ], [ 117.196812022010818, -34.743410908835841 ], [ 117.198725198439618, -34.743014345729641 ], [ 117.199284237709321, -34.743023714819046 ], [ 117.200060517486833, -34.743315393595843 ], [ 117.201094209283056, -34.743866203099593 ], [ 117.201735980646617, -34.744336702804638 ], [ 117.201990581418642, -34.744629282691392 ], [ 117.202091992300012, -34.744994452646509 ], [ 117.202005692693419, -34.745173882681826 ], [ 117.20182764292781, -34.745294332754632 ], [ 117.201298472917998, -34.745347622972034 ], [ 117.200038931777044, -34.745022323509126 ], [ 117.199441952496528, -34.745009474461121 ], [ 117.199072653255044, -34.745115065065804 ], [ 117.198811924038353, -34.745288335488851 ], [ 117.198677684776627, -34.74551091570148 ], [ 117.198672315478561, -34.745787395698663 ], [ 117.199307848672944, -34.747392294564733 ], [ 117.199898010875884, -34.748574813508242 ], [ 117.200200031632775, -34.748940303235727 ], [ 117.201408694260039, -34.750084452826307 ], [ 117.201893325885322, -34.750818992679932 ], [ 117.202113497477086, -34.751529942618454 ], [ 117.202181281301392, -34.753191842599492 ], [ 117.202440333519547, -34.754216122551099 ], [ 117.202636494341832, -34.754629092519778 ], [ 117.202874934919677, -34.754952852484443 ], [ 117.203210344904249, -34.755240261266145 ], [ 117.203596494759125, -34.755446290259826 ], [ 117.204416624350969, -34.755677759071752 ], [ 117.20541996376727, -34.755791358398405 ], [ 117.20578376347936, -34.755698968764193 ], [ 117.20608902313387, -34.755447459863582 ], [ 117.206899260372793, -34.753940251706389 ], [ 117.207133889096269, -34.753319281583082 ], [ 117.207450266670079, -34.752068801348777 ], [ 117.208383603520659, -34.750450300868842 ], [ 117.208739581782069, -34.749470010603837 ], [ 117.208763641125458, -34.74908275053091 ], [ 117.208691020536889, -34.748731050494797 ], [ 117.208520940051571, -34.748440620502571 ], [ 117.208190029547922, -34.748143920566406 ], [ 117.207517759068097, -34.747874020757479 ], [ 117.20612803874063, -34.747715411222721 ], [ 117.205699818208402, -34.747452891349198 ], [ 117.205504827542356, -34.747124841390921 ], [ 117.205399956720811, -34.746720151395984 ], [ 117.205379195651375, -34.746189381360466 ], [ 117.20548213504135, -34.745875381293786 ], [ 117.205647394752404, -34.745712711213599 ], [ 117.206087694477986, -34.745521411017307 ], [ 117.208329524010367, -34.744941420012481 ], [ 117.209376263447012, -34.7444066394713 ], [ 117.209750003044448, -34.744073039243254 ], [ 117.210003322544608, -34.743693709054185 ], [ 117.210401850480366, -34.742237958564509 ], [ 117.21060547987959, -34.741766218361775 ], [ 117.210970079599804, -34.741429478101516 ], [ 117.211362879745124, -34.741358857883178 ], [ 117.212135360539079, -34.741580687542154 ], [ 117.212937461576971, -34.74200345725091 ], [ 117.213546672545448, -34.742506037094707 ], [ 117.213734343092582, -34.742875537113846 ], [ 117.213701493513071, -34.743234507236188 ], [ 117.213507113854945, -34.743583217428899 ], [ 117.212374074978527, -34.744777058261164 ], [ 117.212162875404587, -34.745137618444119 ], [ 117.212162465828428, -34.745448578524432 ], [ 117.212303686337506, -34.74580001855837 ], [ 117.212540596855945, -34.746152838557975 ], [ 117.212828287238437, -34.746407608515533 ], [ 117.213252017472456, -34.746541538390943 ], [ 117.215189127512659, -34.746833957831988 ], [ 117.216270764732641, -34.747186028025133 ], [ 117.216939243352428, -34.747637928204099 ], [ 117.217949351878957, -34.748682328546529 ], [ 117.218625750826519, -34.749256028718349 ], [ 117.219206119767634, -34.74960421881773 ], [ 117.220029888051783, -34.749921048904476 ], [ 117.220815826188627, -34.750058598942609 ], [ 117.22150127427129, -34.749999598938032 ], [ 117.222083222267216, -34.749742568898618 ], [ 117.22323733761192, -34.748920658792109 ], [ 117.223652246182127, -34.748774168785239 ], [ 117.223971005283531, -34.748767048796175 ], [ 117.224577213969567, -34.748948248841558 ], [ 117.225098803103563, -34.749222668890056 ], [ 117.226044751924007, -34.749866958975751 ], [ 117.226734491341901, -34.750426749028485 ], [ 117.228072850992106, -34.751749609094539 ], [ 117.229487462124837, -34.753594119088696 ], [ 117.230382294280105, -34.755051048741869 ], [ 117.231031663452242, -34.756282754305012 ], [ 117.231762502509739, -34.757892558571811 ], [ 117.232088742036893, -34.758834835254191 ], [ 117.23228247186799, -34.759111104265003 ], [ 117.232641501647052, -34.759386053251745 ], [ 117.233239561389681, -34.759549772580407 ], [ 117.233680221199563, -34.759688132027193 ], [ 117.23396576114655, -34.75954536246379 ], [ 117.234394061236529, -34.758694705286196 ], [ 117.234739081288311, -34.758010617546866 ], [ 117.235310151173891, -34.757546619003016 ], [ 117.236357110811525, -34.757195649962313 ], [ 117.23771341024613, -34.757106419961367 ], [ 117.239123239619076, -34.757326518914766 ], [ 117.240323079103774, -34.757521678006334 ], [ 117.240990378822517, -34.757738777146585 ], [ 117.241521098606583, -34.757987146217509 ], [ 117.244068857748388, -34.759580900517172 ], [ 117.244729277649483, -34.760598167108846 ], [ 117.244957077699823, -34.761511584121855 ], [ 117.244671547847602, -34.762130242163209 ], [ 117.244195648060739, -34.763129608988251 ], [ 117.24364837822597, -34.763838486748988 ], [ 117.242756078403772, -34.764373865096637 ], [ 117.24078110868777, -34.764892983578982 ], [ 117.239531618797642, -34.765594071362969 ], [ 117.238599158847578, -34.766014700032123 ], [ 117.235943678580242, -34.768348942324906 ], [ 117.235579618438948, -34.768962840255966 ], [ 117.235765218263708, -34.76976947752091 ], [ 117.23676460059275, -34.77039764719536 ], [ 117.238948944368687, -34.771061517831328 ], [ 117.24067252758222, -34.771644008370032 ], [ 117.241490220776015, -34.772233208918564 ], [ 117.241718642729253, -34.772594889258556 ], [ 117.241395045330549, -34.773070779724442 ], [ 117.241096968251526, -34.773603370246811 ], [ 117.241732930261421, -34.773984690586722 ], [ 117.24278940938224, -34.773841920406809 ], [ 117.243631737621058, -34.773527830077775 ], [ 117.244688214052161, -34.772871099428698 ], [ 117.245259283547327, -34.772785439334086 ], [ 117.245809954025546, -34.772890579418927 ], [ 117.246103887374019, -34.773537390004719 ], [ 117.24650403996759, -34.774046300458437 ], [ 117.246623520738851, -34.774198250593258 ], [ 117.24652834483355, -34.774978711308549 ], [ 117.245728849909128, -34.775911462195687 ], [ 117.244510576443588, -34.777091673354981 ], [ 117.243349400589736, -34.77781503411952 ], [ 117.242911581422362, -34.777948284280292 ], [ 117.242792201315424, -34.777922334265426 ], [ 117.242473761028862, -34.777853104225493 ], [ 117.241712265421526, -34.776780923261342 ], [ 117.240306000040221, -34.775741582351209 ], [ 117.240128829517644, -34.775640532263552 ], [ 117.239679678422604, -34.775427362081885 ], [ 117.237713767002518, -34.77511471188194 ], [ 117.236702494611166, -34.774662611481681 ], [ 117.235969359112715, -34.773674290517484 ], [ 117.235737367686013, -34.773419030267654 ], [ 117.234144562867073, -34.772556789438696 ], [ 117.232764471549999, -34.772318839229861 ], [ 117.23163423131173, -34.772271249209446 ], [ 117.230896602385286, -34.772449709417835 ], [ 117.230681304578951, -34.772820899818498 ], [ 117.230904736275917, -34.773111800120262 ], [ 117.231575737649138, -34.773354500353442 ], [ 117.232703608139644, -34.773454440416792 ], [ 117.233593290979215, -34.773960000906918 ], [ 117.234061293872557, -34.774472251415077 ], [ 117.234156476250647, -34.774888661839327 ], [ 117.233549707915373, -34.775162302153809 ], [ 117.232133937996721, -34.775138502205273 ], [ 117.231660559483245, -34.775380312485481 ], [ 117.231818462049787, -34.77582438294403 ], [ 117.232789283030641, -34.776024263093824 ], [ 117.235630353782724, -34.776252683148762 ], [ 117.237388183825388, -34.776323473105975 ], [ 117.239202525986144, -34.776781523436739 ], [ 117.24028026814895, -34.777220083787057 ], [ 117.241242520956362, -34.777778914252856 ], [ 117.242194318927616, -34.779301765626222 ], [ 117.242346608632133, -34.781110167329899 ], [ 117.24208011326769, -34.781947738157491 ], [ 117.241318690642316, -34.783242159491444 ], [ 117.240347874565657, -34.783870340229107 ], [ 117.23895827581903, -34.783965520515366 ], [ 117.238196848446378, -34.784365271017485 ], [ 117.237625780673312, -34.784707911440655 ], [ 117.236883390980552, -34.784688871530555 ], [ 117.2363503907401, -34.784593701512662 ], [ 117.235722211735691, -34.784707911720076 ], [ 117.235531862598975, -34.784841161883364 ], [ 117.235433714247819, -34.78537911228532 ], [ 117.236283774927458, -34.785972992522368 ], [ 117.237311694645413, -34.78612528246471 ], [ 117.238796483470139, -34.785953952140822 ], [ 117.240490652587908, -34.785992031915043 ], [ 117.241444212170165, -34.786053061812915 ], [ 117.241851702594857, -34.786383051959227 ], [ 117.241667464457279, -34.787269702539952 ], [ 117.241877124710342, -34.787456252626335 ], [ 117.242850265048304, -34.78789908276439 ], [ 117.243335965416648, -34.788219662896651 ], [ 117.241342401750003, -34.790857704825164 ], [ 117.241044802932933, -34.791373635186993 ], [ 117.240913554434499, -34.792096305654766 ], [ 117.241153647719671, -34.793819616697206 ], [ 117.241109768237607, -34.794069416858534 ], [ 117.240917668802766, -34.79430377702905 ], [ 117.240604139153248, -34.794397757127541 ], [ 117.240076009351071, -34.794357687169885 ], [ 117.239524329295705, -34.79418297713196 ], [ 117.238575468931231, -34.793744536982665 ], [ 117.238084469028024, -34.793662016995007 ], [ 117.237510689815736, -34.793908887220844 ], [ 117.236214422434742, -34.794898087992578 ], [ 117.235804243688634, -34.795429888369178 ], [ 117.235299804545477, -34.795734458617837 ], [ 117.234235194894893, -34.795630698686999 ], [ 117.232723646058531, -34.795826468993276 ], [ 117.231501786243641, -34.795595259005914 ], [ 117.230139546411223, -34.795315679008453 ], [ 117.228241926204731, -34.794726758957616 ], [ 117.226169415712846, -34.793939748828691 ], [ 117.225110074394664, -34.792973218435741 ], [ 117.223546773263664, -34.791966698109029 ], [ 117.222606883195468, -34.791681168101341 ], [ 117.221777642905835, -34.791306398024773 ], [ 117.220357102764808, -34.790849548003273 ], [ 117.218622472310159, -34.790135707892603 ], [ 117.218310651568913, -34.78965341767217 ], [ 117.21796998078382, -34.789138897439116 ], [ 117.218063058841437, -34.788123636846308 ], [ 117.217872707414031, -34.787305096415487 ], [ 117.216929376320337, -34.786450836101707 ], [ 117.215734855156441, -34.785481885773486 ], [ 117.214567331935314, -34.784027933675937 ], [ 117.213235917859691, -34.782482720613274 ], [ 117.212403106677968, -34.781971129653947 ], [ 117.211063937063074, -34.7818961197231 ], [ 117.210260907445203, -34.781900379871644 ], [ 117.209468698081267, -34.78198776020259 ], [ 117.208985858719274, -34.782120950582993 ], [ 117.208072490163474, -34.78244703147368 ], [ 117.207501422933731, -34.783244143367156 ], [ 117.207453835236393, -34.783969885006393 ], [ 117.207719938361819, -34.785022797250967 ], [ 117.20870459043087, -34.78643477780345 ], [ 117.208776401602591, -34.787099318149906 ], [ 117.208405233949634, -34.78829217887818 ], [ 117.208533725675466, -34.789277279386972 ], [ 117.209400746292602, -34.789845079515963 ], [ 117.211203477267276, -34.790847719694149 ], [ 117.213630527569819, -34.791632939633914 ], [ 117.2162767373501, -34.792204949462743 ], [ 117.216782407850502, -34.792609999607009 ], [ 117.217344188722635, -34.793228559863891 ], [ 117.217612289667215, -34.793806590147334 ], [ 117.217646750902674, -34.794478490522593 ], [ 117.217366512853204, -34.795452391119341 ], [ 117.21674058503109, -34.796461041788532 ], [ 117.215920076937863, -34.797277482376487 ], [ 117.214699869150621, -34.79816790307428 ], [ 117.213040991632312, -34.79912730391657 ], [ 117.211541293582826, -34.799842804587442 ], [ 117.209891105999532, -34.800495945507116 ], [ 117.206556861951398, -34.801652597854606 ], [ 117.20616877176198, -34.801517797795697 ], [ 117.205439800252691, -34.800981387241727 ], [ 117.205142558927236, -34.800594116742232 ], [ 117.20374932690342, -34.799856576015074 ], [ 117.200620336771507, -34.799035666155007 ], [ 117.197348586257945, -34.798298042384772 ], [ 117.195004824783965, -34.797905437945531 ], [ 117.194247976734488, -34.797364169584149 ], [ 117.19422864537367, -34.796613389332151 ], [ 117.194385694104895, -34.796270748805071 ], [ 117.194742611083015, -34.795414137566745 ], [ 117.195884745872746, -34.795000104527176 ], [ 117.196869841820487, -34.794871611993429 ], [ 117.198183296867583, -34.794942998723975 ], [ 117.19919694353112, -34.795271356341622 ], [ 117.200924431432242, -34.796099414557816 ], [ 117.202023741758197, -34.796556264588169 ], [ 117.203094501388222, -34.796613374414335 ], [ 117.204065320730521, -34.796484884161018 ], [ 117.204236638915219, -34.795514063610604 ], [ 117.203893987560207, -34.794671733228405 ], [ 117.203043046732887, -34.793993573034982 ], [ 117.201155706255989, -34.793241673011821 ], [ 117.199482468805542, -34.79324167458811 ], [ 117.198192843477742, -34.793095337806228 ], [ 117.196170750464816, -34.792694412792891 ], [ 117.194612205685971, -34.792313696630757 ], [ 117.193996047783187, -34.792184728163633 ], [ 117.19386502773385, -34.791899918389277 ], [ 117.193277018707178, -34.791250409659789 ], [ 117.193347407033386, -34.79052313920085 ], [ 117.193556795069895, -34.789913998420346 ], [ 117.194108831834654, -34.789304856731711 ], [ 117.195174825663301, -34.788143673436672 ], [ 117.196195609848488, -34.78705150024053 ], [ 117.196838055090893, -34.785754687927351 ], [ 117.196528723895952, -34.784636337697421 ], [ 117.19581322448461, -34.783786587963398 ], [ 117.195826781797336, -34.782697075736557 ], [ 117.196064718832815, -34.78188806340119 ], [ 117.196742862774286, -34.780662628821354 ], [ 117.1973870480317, -34.779981505375474 ], [ 117.198981276224231, -34.778518127037422 ], [ 117.200004438929781, -34.777816182040233 ], [ 117.200289967163073, -34.777316500810237 ], [ 117.200182894541967, -34.776495578887783 ], [ 117.199980633035125, -34.775960197747651 ], [ 117.19959992245829, -34.775127387137424 ], [ 117.199635610711837, -34.774639595875769 ], [ 117.199861656482867, -34.773723502915452 ], [ 117.19984975448719, -34.773081051452778 ], [ 117.199576114844788, -34.772676541531744 ], [ 117.19872768924823, -34.772430174162572 ], [ 117.197383016460407, -34.772063108453551 ], [ 117.196829587903594, -34.771307538978725 ], [ 117.196804056668881, -34.770772977960114 ], [ 117.196887335194816, -34.770416056885701 ], [ 117.197232361488162, -34.769773595509655 ], [ 117.197767727103468, -34.769047866513262 ], [ 117.198564841582595, -34.768488695919501 ], [ 117.19915970754586, -34.76790572630776 ], [ 117.199159707219764, -34.767465528288888 ], [ 117.198814688743468, -34.766953941809653 ], [ 117.198152091750686, -34.766364926712654 ], [ 117.19697254715507, -34.765801973126969 ], [ 117.196707947650694, -34.765271086213311 ], [ 117.196601796631853, -34.764336560414662 ], [ 117.196744565102421, -34.763789282233589 ], [ 117.197291832231485, -34.763456161964257 ], [ 117.198552945613727, -34.76217125382999 ], [ 117.199469031816463, -34.761695353405742 ], [ 117.200658759305824, -34.761231363999165 ], [ 117.201574848828599, -34.76120756402451 ], [ 117.202003158558171, -34.761100494477951 ], [ 117.202502838046343, -34.760588906783639 ], [ 117.202645607665715, -34.759982149558674 ], [ 117.20228868756962, -34.759399182278599 ], [ 117.201818207643939, -34.759013744106895 ], [ 117.200116188227938, -34.758162738241857 ], [ 117.19893122046426, -34.757663052898629 ], [ 117.197260843258007, -34.757020609216511 ], [ 117.196718974030816, -34.756830951120236 ], [ 117.19592717475598, -34.756409334428824 ], [ 117.195768974005958, -34.75587951686034 ], [ 117.195845113118793, -34.755479768319383 ], [ 117.196197271809353, -34.755032429490143 ], [ 117.196863519974642, -34.754623158509027 ], [ 117.197624948579119, -34.754451837174287 ], [ 117.198262636216285, -34.753833176076512 ], [ 117.198376854708712, -34.753290655897572 ], [ 117.198081793414559, -34.752624406436027 ], [ 117.197473743254662, -34.752249097502954 ], [ 117.196513683890061, -34.752009469170886 ], [ 117.193515567041246, -34.751723944353323 ], [ 117.191954638325242, -34.751428887038806 ], [ 117.189860719347749, -34.750743610608055 ], [ 117.188366410911982, -34.750591323160513 ], [ 117.187433672561909, -34.750772164774645 ], [ 117.185920336553792, -34.751609737457613 ], [ 117.185035178017685, -34.751742989000043 ], [ 117.184359409012743, -34.751647808376397 ], [ 117.183293410039894, -34.751267097262257 ], [ 117.182422669790384, -34.750512156299401 ], [ 117.182403538731663, -34.75006412622772 ], [ 117.182379746654988, -34.749195626102093 ], [ 117.182510614676147, -34.748481786150563 ], [ 117.183391009526105, -34.747018416869778 ], [ 117.184247615334272, -34.745923867610905 ], [ 117.184330893772028, -34.745340897628793 ], [ 117.183831202638885, -34.744508087026674 ], [ 117.182771263043733, -34.743903055880388 ], [ 117.181575623896336, -34.743387504604648 ], [ 117.180585774637564, -34.742978243549111 ], [ 117.18, -34.742804785128023 ], [ 117.18, -34.738417716520921 ], [ 117.180269675623563, -34.738487161819315 ] ], [ [ 117.214133361546061, -34.749901629092207 ], [ 117.213567181578398, -34.749845549242032 ], [ 117.212862861805647, -34.749926449472191 ], [ 117.212420282287198, -34.750226259681156 ], [ 117.212348903032051, -34.750768779843888 ], [ 117.21240600680494, -34.753595580574135 ], [ 117.212320349475917, -34.75599406643299 ], [ 117.209978962695942, -34.758506765441865 ], [ 117.209065254046735, -34.759748839933614 ], [ 117.208851104426643, -34.760148588147146 ], [ 117.208922484652334, -34.760548336330196 ], [ 117.209365064898805, -34.761262173058441 ], [ 117.209807645112306, -34.761904620116233 ], [ 117.209750545451328, -34.762361478057308 ], [ 117.209022426283525, -34.763089594820151 ], [ 117.207394877418025, -34.763703492146789 ], [ 117.206438337854166, -34.763717762143386 ], [ 117.205596008362463, -34.763946191154965 ], [ 117.205082038887355, -34.764474428772878 ], [ 117.204825059618898, -34.765588013695414 ], [ 117.20459663045186, -34.766930027565692 ], [ 117.204566841437696, -34.768696769483292 ], [ 117.204825951519453, -34.768993088126166 ], [ 117.205554371645746, -34.769611185301294 ], [ 117.206214671528599, -34.769748004679059 ], [ 117.207047481193896, -34.769605235331071 ], [ 117.207410351110795, -34.769646875142499 ], [ 117.208663621134008, -34.770042983732708 ], [ 117.209322242763164, -34.770627695032893 ], [ 117.209825236994689, -34.772037848147974 ], [ 117.210431080076347, -34.773094720459341 ], [ 117.211301959961006, -34.773151830548684 ], [ 117.212372719294507, -34.773051890287022 ], [ 117.215313734731055, -34.772138178452288 ], [ 117.216327381075942, -34.771952578808722 ], [ 117.217155428903254, -34.772052519617937 ], [ 117.218183356110558, -34.772138180532963 ], [ 117.219011402917346, -34.771952580790114 ], [ 117.220124987353401, -34.771410060651917 ], [ 117.220696052612908, -34.770696229860739 ], [ 117.220981578462485, -34.769197172096639 ], [ 117.221338496819058, -34.76761244880516 ], [ 117.222380703286134, -34.766698743194937 ], [ 117.22272334211452, -34.766127675682313 ], [ 117.222609122427812, -34.765899246516391 ], [ 117.221897664478618, -34.765316898416742 ], [ 117.220938746893168, -34.763772014158839 ], [ 117.220810257055774, -34.76312956672016 ], [ 117.220967306363136, -34.762344349984829 ], [ 117.221938123039692, -34.75964605117008 ], [ 117.222352141734731, -34.758389696257126 ], [ 117.222337861692964, -34.75800422779038 ], [ 117.222166542003436, -34.757518819711848 ], [ 117.221464003495839, -34.756872012277029 ], [ 117.2203248458449, -34.756070215545954 ], [ 117.218924688520787, -34.755080219745324 ], [ 117.21817948004751, -34.754958330203998 ], [ 117.217283901336202, -34.754463600150906 ], [ 117.217169691142274, -34.75412096006319 ], [ 117.217312450181453, -34.753635549915366 ], [ 117.218268996755185, -34.752764669623403 ], [ 117.218397485696428, -34.752236429480853 ], [ 117.218268995363786, -34.751779569366597 ], [ 117.217726476339948, -34.751508309307596 ], [ 117.2169501681593, -34.751410409296213 ], [ 117.215527861742828, -34.751415989325892 ], [ 117.214956792913412, -34.751282739305957 ], [ 117.214671251763221, -34.750180569024145 ], [ 117.214133361546061, -34.749901629092207 ] ] ], [ [ [ 117.180174544646448, -34.750820154075804 ], [ 117.18039345593067, -34.75150543437821 ], [ 117.18024116784774, -34.752171684305495 ], [ 117.180050810070639, -34.752933114206527 ], [ 117.18, -34.753037044491514 ], [ 117.18, -34.750673786677503 ], [ 117.180174544646448, -34.750820154075804 ] ] ], [ [ [ 117.18152549397341, -34.757114911440929 ], [ 117.182346412473365, -34.757091122160425 ], [ 117.183012662357399, -34.757269582304424 ], [ 117.183631322743238, -34.757519422226821 ], [ 117.184773461154151, -34.757567013001783 ], [ 117.185594368436952, -34.757376652410393 ], [ 117.186529187123895, -34.757503770096527 ], [ 117.187256518874065, -34.758172516708989 ], [ 117.187980380478606, -34.758881753070483 ], [ 117.188694223613155, -34.760009618067727 ], [ 117.188951207627738, -34.761108924133538 ], [ 117.188951212052103, -34.762122571099695 ], [ 117.188594296870946, -34.762893509838491 ], [ 117.188235005617173, -34.764470136339689 ], [ 117.187778154741821, -34.765935883652169 ], [ 117.186769278941654, -34.767687162385691 ], [ 117.185531975326256, -34.769343272768182 ], [ 117.185322590209665, -34.769971452037908 ], [ 117.185570049064822, -34.771018412205187 ], [ 117.186603703496175, -34.772761130340143 ], [ 117.187297799778349, -34.773413078584511 ], [ 117.18910492044273, -34.774654173707532 ], [ 117.192019748953996, -34.777676078355036 ], [ 117.192305288571362, -34.778294738462961 ], [ 117.192150620543586, -34.779008580185909 ], [ 117.191948371987095, -34.779294121319438 ], [ 117.19125832557053, -34.77949637385808 ], [ 117.190175680761797, -34.779567757416039 ], [ 117.189176305388557, -34.779508280506668 ], [ 117.188426338653699, -34.77923062250845 ], [ 117.187089124414072, -34.778349285669762 ], [ 117.184214705443878, -34.778245542641699 ], [ 117.182801306654142, -34.777731572547609 ], [ 117.182116027224865, -34.777517422539091 ], [ 117.180131559109142, -34.777474593157329 ], [ 117.18, -34.777436687087921 ], [ 117.18, -34.757485789589253 ], [ 117.18152549397341, -34.757114911440929 ] ] ] ] } },
{ "type": "Feature", "properties": { "fid": 3643, "CODE": "Agv", "JNCODE": "si5011; Agv", "fme_featur": "geology_surface_si5011" }, "geometry": { "type": "MultiPolygon", "coordinates": [ [ [ [ 117.578193395637484, -34.33173015697227 ], [ 117.578536096281113, -34.331853637032012 ], [ 117.579119137336775, -34.331869236806781 ], [ 117.580423299551725, -34.331628775762979 ], [ 117.580752930159719, -34.331670825695298 ], [ 117.581082800848264, -34.331825035864973 ], [ 117.581935702914166, -34.332484066940665 ], [ 117.582551464665954, -34.333123608186263 ], [ 117.582933196032485, -34.333744669536806 ], [ 117.583141347168294, -34.334441391147017 ], [ 117.583231787555121, -34.335080062540236 ], [ 117.583200656433917, -34.335347232841627 ], [ 117.582971014709074, -34.335649933189501 ], [ 117.582610732768856, -34.335927923518135 ], [ 117.582152681088203, -34.336080253711806 ], [ 117.579914544576923, -34.336384784179813 ], [ 117.579018121462028, -34.336624984527369 ], [ 117.577720475595171, -34.337287615461911 ], [ 117.577405743792795, -34.337535475810228 ], [ 117.577177941969808, -34.337836616225026 ], [ 117.577131100807236, -34.338084886555613 ], [ 117.577259989483039, -34.338473817051586 ], [ 117.577879817395328, -34.339338078095309 ], [ 117.578940145737391, -34.340382899258962 ], [ 117.579810655530721, -34.340978229840445 ], [ 117.580343795917827, -34.341222650034808 ], [ 117.580991356940032, -34.341386930101706 ], [ 117.581410788094956, -34.341371959998078 ], [ 117.581570208848902, -34.341287629866173 ], [ 117.58165504960057, -34.341155089693444 ], [ 117.581647391075492, -34.340781729256328 ], [ 117.581481521988295, -34.340447478892834 ], [ 117.581181442573069, -34.340111108545656 ], [ 117.580490233069568, -34.339554937987131 ], [ 117.580366483524855, -34.339366227776445 ], [ 117.580376998032335, -34.338263956437032 ], [ 117.58047914945648, -34.337975106076193 ], [ 117.580696040892974, -34.337751325785 ], [ 117.581229192857194, -34.337585705538544 ], [ 117.582059364900118, -34.337578435456884 ], [ 117.583322147308991, -34.337745225533197 ], [ 117.584251858648884, -34.337983245707228 ], [ 117.58476912899927, -34.338220595911395 ], [ 117.585095708775654, -34.338487986162058 ], [ 117.585295558013115, -34.33881624648776 ], [ 117.585319267037519, -34.339086636771952 ], [ 117.585115324640327, -34.339578747325106 ], [ 117.584820442203977, -34.340018357842744 ], [ 117.58455031056225, -34.340265458154946 ], [ 117.583977757763989, -34.340608528631087 ], [ 117.583646235491457, -34.340971909095714 ], [ 117.583380452400746, -34.341584779834164 ], [ 117.583375431528722, -34.341803880081024 ], [ 117.583470101073729, -34.341983670261527 ], [ 117.583700761147085, -34.342120830362603 ], [ 117.58408836178458, -34.342220680384195 ], [ 117.585571644985606, -34.342412290244418 ], [ 117.586511046775669, -34.342600390215217 ], [ 117.587072487577743, -34.342786600267075 ], [ 117.587835348263084, -34.343153170439066 ], [ 117.588764538539593, -34.343762250780763 ], [ 117.589321798193765, -34.344275701108238 ], [ 117.589662097231084, -34.344800851496018 ], [ 117.589885654828549, -34.345639572200156 ], [ 117.590008074399663, -34.345854572356416 ], [ 117.590245914555439, -34.34595627239122 ], [ 117.591085235860959, -34.346113872332083 ], [ 117.591584286271896, -34.346328512411596 ], [ 117.593436396518797, -34.347721793298291 ], [ 117.59380399716602, -34.347830743320131 ], [ 117.594010217791123, -34.347798093242467 ], [ 117.594183928547963, -34.347683563093071 ], [ 117.594380689868728, -34.347373532748719 ], [ 117.594505141808639, -34.346747502113757 ], [ 117.594370705626829, -34.345175960625667 ], [ 117.594384636148618, -34.344988120440334 ], [ 117.594474886701207, -34.344844490278177 ], [ 117.594738217356806, -34.34478772015521 ], [ 117.595153088091749, -34.34481402007377 ], [ 117.596515670101297, -34.345103570009314 ], [ 117.597289421179127, -34.34533914004777 ], [ 117.597706221667465, -34.345532580137089 ], [ 117.60309281059925, -34.348884722362413 ], [ 117.604951535584746, -34.349883593053235 ], [ 117.607691078228584, -34.351231355258641 ], [ 117.609671825147188, -34.352447669576343 ], [ 117.610565145232584, -34.352906956692117 ], [ 117.611208098790328, -34.353139974391297 ], [ 117.612364308121727, -34.353431179964844 ], [ 117.616722759914595, -34.354203272274468 ], [ 117.617940088350835, -34.354506547313235 ], [ 117.619214994597854, -34.355002192217128 ], [ 117.620613743509963, -34.355885120131425 ], [ 117.621187144592824, -34.356058860929771 ], [ 117.621578387087027, -34.355962241233385 ], [ 117.621902640816202, -34.355659961188408 ], [ 117.622228336899411, -34.355025990660174 ], [ 117.622455103445859, -34.354247709776793 ], [ 117.62259609049174, -34.353336408587118 ], [ 117.622960178433729, -34.349073893053003 ], [ 117.623243383781286, -34.347731891877011 ], [ 117.62315531608894, -34.347113611382518 ], [ 117.622991647046604, -34.346834301202051 ], [ 117.622748867819141, -34.346589531083495 ], [ 117.622066128812534, -34.346210231030994 ], [ 117.618451400441472, -34.345146957052009 ], [ 117.617771325412889, -34.344819939403948 ], [ 117.616744523568983, -34.344051022733005 ], [ 117.61657279564875, -34.343676323109278 ], [ 117.616536017468221, -34.343144292866612 ], [ 117.616674998294499, -34.342641161992681 ], [ 117.617041927520091, -34.342295810393416 ], [ 117.617811554614732, -34.34201202736206 ], [ 117.618530361245135, -34.341959704681919 ], [ 117.618876989266013, -34.342034273454139 ], [ 117.619387745792423, -34.342287191730854 ], [ 117.620709209235073, -34.343283409619886 ], [ 117.621254668348769, -34.34360112951925 ], [ 117.62169715826721, -34.343694809337208 ], [ 117.622003768996876, -34.343555879061647 ], [ 117.622123179860509, -34.34335118883827 ], [ 117.622167490972743, -34.343069528597489 ], [ 117.622080303012908, -34.342525698238958 ], [ 117.620919721977799, -34.340026317314205 ], [ 117.620685284770573, -34.339271267016777 ], [ 117.620635666916598, -34.338710596697176 ], [ 117.620760818461164, -34.338329606330085 ], [ 117.62096330928253, -34.338145666012252 ], [ 117.621148229664186, -34.338072665782249 ], [ 117.621670299821375, -34.338104415294914 ], [ 117.622288678956167, -34.338415444931869 ], [ 117.625833660166236, -34.341244514487926 ], [ 117.629031253732862, -34.343476284962435 ], [ 117.629592282271474, -34.343964195282183 ], [ 117.629848661158277, -34.344307885603129 ], [ 117.629935860005958, -34.344633315995146 ], [ 117.629856738771807, -34.344951646459087 ], [ 117.629682497580632, -34.345241276923261 ], [ 117.629357366231929, -34.345545697462804 ], [ 117.62866685448482, -34.345890158182868 ], [ 117.627075771828132, -34.346311679286899 ], [ 117.626698450789206, -34.346519159652402 ], [ 117.626573129928303, -34.346724649920283 ], [ 117.626520558906748, -34.346985780221665 ], [ 117.626548867390724, -34.347392750656176 ], [ 117.626648756785443, -34.347571750824251 ], [ 117.62709190649926, -34.347730440884128 ], [ 117.627600806701395, -34.347772130801765 ], [ 117.629801989240349, -34.347506819888039 ], [ 117.631667810613791, -34.347488959349839 ], [ 117.633296001104682, -34.34766671918414 ], [ 117.635428021296121, -34.348124769120773 ], [ 117.637222922382307, -34.348744938832361 ], [ 117.637981242885473, -34.349101459130161 ], [ 117.638967633640462, -34.349678800053553 ], [ 117.640181735153121, -34.350648252376132 ], [ 117.640618995507239, -34.351164523676438 ], [ 117.640849705432629, -34.351618314872105 ], [ 117.640891514881289, -34.352147176402468 ], [ 117.64081702447298, -34.352385027163933 ], [ 117.640605533753188, -34.352711628311383 ], [ 117.640180612696057, -34.353088939826378 ], [ 117.639096400624652, -34.353709782805907 ], [ 117.638519019613724, -34.354129294765549 ], [ 117.637937718630582, -34.354771767553416 ], [ 117.637768938271122, -34.355251049379568 ], [ 117.637822708235788, -34.355469490055498 ], [ 117.637974238279824, -34.355675280559318 ], [ 117.638213968384449, -34.35586312087802 ], [ 117.638690808615848, -34.356085690979135 ], [ 117.639232908909577, -34.356209920645561 ], [ 117.640681639761908, -34.356331169030113 ], [ 117.641253679856007, -34.356547978867262 ], [ 117.64144655972855, -34.356729379114817 ], [ 117.641605969340972, -34.357074319866513 ], [ 117.641630478825505, -34.357455120911865 ], [ 117.641531118279701, -34.357830862138421 ], [ 117.641160697550802, -34.358332174189883 ], [ 117.639786436356687, -34.359455759983788 ], [ 117.639287186052897, -34.359953562485309 ], [ 117.637413095817962, -34.362697865546785 ], [ 117.636248877013287, -34.36396404282528 ], [ 117.634050092938352, -34.365772897143103 ], [ 117.631366504603648, -34.367663531173527 ], [ 117.630960178313515, -34.368096950548576 ], [ 117.630795394222091, -34.368515900485185 ], [ 117.630733741211031, -34.368902330631833 ], [ 117.630754651088253, -34.370474071782716 ], [ 117.630944303278866, -34.37184290301235 ], [ 117.63107648099006, -34.372302243489969 ], [ 117.631348848737431, -34.372859274168263 ], [ 117.631836407438414, -34.373414745013463 ], [ 117.632657647266626, -34.373995346074061 ], [ 117.633579208210577, -34.374428797003894 ], [ 117.635531588139983, -34.375148706876466 ], [ 117.637246188423546, -34.376179972684596 ], [ 117.637890866551373, -34.376372501150058 ], [ 117.639576005280389, -34.376460387189169 ], [ 117.640469693349601, -34.376660015087843 ], [ 117.64116788995652, -34.377048563451041 ], [ 117.642266171875946, -34.378013780912362 ], [ 117.642857989869, -34.378254029556778 ], [ 117.643429219992925, -34.378231078242187 ], [ 117.643663130884121, -34.378115737697499 ], [ 117.643847882518259, -34.377906647258953 ], [ 117.643980155133335, -34.377573476931644 ], [ 117.644063428799626, -34.377107256706857 ], [ 117.644237096296408, -34.374880736140398 ], [ 117.644327997690681, -34.374697895909698 ], [ 117.644452338269446, -34.374616185606044 ], [ 117.644782087845527, -34.374648714819529 ], [ 117.645059006220563, -34.37483932417495 ], [ 117.645237184399278, -34.375062693771454 ], [ 117.645928372998924, -34.37650434229306 ], [ 117.646307548020303, -34.377140861484456 ], [ 117.647136510854295, -34.378064989691083 ], [ 117.648103154967785, -34.378840037597669 ], [ 117.648915960971379, -34.379379855845798 ], [ 117.649757377726019, -34.379830104032656 ], [ 117.650127356787223, -34.379962153213278 ], [ 117.650417386598662, -34.379988042531188 ], [ 117.65189733569585, -34.381135910014621 ], [ 117.652856035012007, -34.381982748448053 ], [ 117.653476274478606, -34.382637657513442 ], [ 117.654059533832068, -34.383431706773976 ], [ 117.654554383081859, -34.384356626345905 ], [ 117.654877672389617, -34.385214966269821 ], [ 117.655699319699892, -34.388547956983054 ], [ 117.655906259315842, -34.389000266835879 ], [ 117.656215468937503, -34.389422736405955 ], [ 117.657473877794459, -34.390608654196924 ], [ 117.658737436776804, -34.391596621780806 ], [ 117.659220006525643, -34.391797620713447 ], [ 117.660826495967569, -34.39211695688013 ], [ 117.662400614960745, -34.392949663487734 ], [ 117.664922803620968, -34.393904397715296 ], [ 117.66591586314955, -34.394379985526569 ], [ 117.667692122220515, -34.394762471046185 ], [ 117.669870610836043, -34.395140375310589 ], [ 117.670125420612749, -34.395309434724837 ], [ 117.670256840372758, -34.395551814511293 ], [ 117.670283430035198, -34.395963154675428 ], [ 117.670188069821762, -34.396278255112264 ], [ 117.669873929673017, -34.396628126158383 ], [ 117.669315059717704, -34.396871077803972 ], [ 117.66755356021234, -34.397224722760335 ], [ 117.66673969052745, -34.397281694989779 ], [ 117.665060901273563, -34.397256359502812 ], [ 117.66376212173995, -34.397160672816298 ], [ 117.660781452929555, -34.396518040128946 ], [ 117.660113063215476, -34.396264861694327 ], [ 117.658538273917159, -34.395396925194177 ], [ 117.657100434591513, -34.394695538397649 ], [ 117.653540057791432, -34.391473434836023 ], [ 117.652695438379396, -34.390884676468168 ], [ 117.651505708859517, -34.390503069135555 ], [ 117.650884318942076, -34.390530000723409 ], [ 117.650017418895359, -34.390795213142887 ], [ 117.649599448880181, -34.39083962418637 ], [ 117.648723178997372, -34.390719516179743 ], [ 117.64793363921514, -34.390445147820159 ], [ 117.647186379558491, -34.389976689172926 ], [ 117.646257160103261, -34.389200460659019 ], [ 117.645381460672596, -34.388360021937729 ], [ 117.644824011131462, -34.387662892585212 ], [ 117.644606581473596, -34.387135722588248 ], [ 117.644626651766146, -34.386685572106202 ], [ 117.644772571937821, -34.386424621512511 ], [ 117.645281672259543, -34.385947069863676 ], [ 117.645507072468718, -34.385637339041871 ], [ 117.64562126270522, -34.385283948439152 ], [ 117.645611242981559, -34.3848657180638 ], [ 117.645512743123263, -34.384645868082508 ], [ 117.645283133292963, -34.384375098355235 ], [ 117.643313264389874, -34.382520231087206 ], [ 117.642205634811944, -34.381728922831691 ], [ 117.64012619536939, -34.38054247635052 ], [ 117.63800625682326, -34.379832750572831 ], [ 117.637340379201106, -34.379552282106332 ], [ 117.635091589701005, -34.378362877396505 ], [ 117.632342454094641, -34.376908836883423 ], [ 117.631706713300645, -34.376732006568979 ], [ 117.630692970988378, -34.376570886059334 ], [ 117.627406191024789, -34.376307864307421 ], [ 117.626066436241047, -34.376314163680817 ], [ 117.623945048177674, -34.376509433084912 ], [ 117.621861040897599, -34.37658038235918 ], [ 117.61933502640413, -34.376533712499601 ], [ 117.618099189857361, -34.376397074115452 ], [ 117.616017057286797, -34.375706356370287 ], [ 117.613194592868368, -34.374013140490078 ], [ 117.612587116388752, -34.373758721841533 ], [ 117.611582541936812, -34.373464874314251 ], [ 117.611019594654991, -34.373400475776052 ], [ 117.609056332429745, -34.373495010821593 ], [ 117.607573998805066, -34.373476444661712 ], [ 117.606051016046322, -34.373373088775097 ], [ 117.604969882432826, -34.373165801980491 ], [ 117.604733264735458, -34.373027032532981 ], [ 117.604593887185615, -34.372810623122561 ], [ 117.604295758695443, -34.37156307586207 ], [ 117.604153511718224, -34.371261716545732 ], [ 117.603844585009497, -34.371005777228376 ], [ 117.602898702165177, -34.37055702854591 ], [ 117.602232220407913, -34.369770720040798 ], [ 117.601072986731566, -34.36795931258078 ], [ 117.600407229197486, -34.366324574206097 ], [ 117.599063492422118, -34.362574149671062 ], [ 117.598912713353002, -34.362415619258577 ], [ 117.598595394436217, -34.362246868727631 ], [ 117.597863955650695, -34.362099207997268 ], [ 117.597362865800207, -34.362136837768837 ], [ 117.596819075535578, -34.362276067701551 ], [ 117.59629090490165, -34.36250906780554 ], [ 117.595826463973921, -34.36281780807046 ], [ 117.595455412837282, -34.363177678469292 ], [ 117.595187691586816, -34.363558538959133 ], [ 117.594969889950335, -34.3640388496448 ], [ 117.594792307612266, -34.364703610666403 ], [ 117.594790846259755, -34.365049621173107 ], [ 117.594979994174551, -34.3654671014217 ], [ 117.596182505208645, -34.366907522179893 ], [ 117.59657056115347, -34.367546492228321 ], [ 117.596833074746399, -34.368682202060839 ], [ 117.596793413331582, -34.36898759200853 ], [ 117.596652712226472, -34.369299631983523 ], [ 117.596310701094907, -34.369767372028598 ], [ 117.595936310667696, -34.370137932161398 ], [ 117.595482870758502, -34.370485172396734 ], [ 117.595093211426132, -34.3706712526335 ], [ 117.594739652662511, -34.370701792836257 ], [ 117.594292764715249, -34.370621283051356 ], [ 117.593595698129107, -34.370422913311607 ], [ 117.593097630783916, -34.370200203402071 ], [ 117.592066817610728, -34.369216072937405 ], [ 117.591308912392535, -34.368387872175681 ], [ 117.590505487844666, -34.367126280548547 ], [ 117.589268320776441, -34.365476288428674 ], [ 117.588966752061566, -34.364566717285562 ], [ 117.588606936305879, -34.362345244310113 ], [ 117.588285847094767, -34.361632003452094 ], [ 117.588003696998712, -34.361340053172178 ], [ 117.586587215307546, -34.360374912475244 ], [ 117.585713704481222, -34.359670571890042 ], [ 117.585558657124153, -34.358317050044732 ], [ 117.585218170071016, -34.356590627758067 ], [ 117.585012420713483, -34.356045047081658 ], [ 117.584774480981835, -34.355621676593515 ], [ 117.584194500775112, -34.354964885935416 ], [ 117.583492729950663, -34.354417585489614 ], [ 117.582716358725847, -34.353944285183559 ], [ 117.579019231562469, -34.352205964454122 ], [ 117.578028680176715, -34.351461103861304 ], [ 117.576893649188435, -34.350297092739972 ], [ 117.576253858742035, -34.349787712332166 ], [ 117.575618478347351, -34.349433322144257 ], [ 117.573559105204239, -34.34866137182825 ], [ 117.573045674597012, -34.34841206164598 ], [ 117.57204067440091, -34.347667790916908 ], [ 117.571628774752213, -34.347248330450107 ], [ 117.571412385431174, -34.346903180025414 ], [ 117.571382606647589, -34.346577859571177 ], [ 117.571512937953912, -34.34636404922793 ], [ 117.572369282607013, -34.345938718372928 ], [ 117.572601404307022, -34.345719807996765 ], [ 117.57264538564425, -34.345433507580807 ], [ 117.572503319504193, -34.344380376136471 ], [ 117.572552080883852, -34.34408849571183 ], [ 117.572804573265444, -34.343731805142447 ], [ 117.573834031267893, -34.342714813453405 ], [ 117.573969483129417, -34.342393362971968 ], [ 117.573920454446622, -34.342040102492291 ], [ 117.573672765014166, -34.341687392060386 ], [ 117.573321644716231, -34.341444691804433 ], [ 117.571981841390581, -34.341024051524158 ], [ 117.57162689086465, -34.340821641318314 ], [ 117.571193981242061, -34.340318230698784 ], [ 117.570667443352491, -34.33928070932847 ], [ 117.570436013256312, -34.339075719082338 ], [ 117.569868631755455, -34.338887288927204 ], [ 117.568377116927422, -34.338602768814567 ], [ 117.567771015494628, -34.338341648552046 ], [ 117.567468255736145, -34.33795304803904 ], [ 117.567366677980829, -34.337242227010371 ], [ 117.567493950268755, -34.336770336292076 ], [ 117.567905933721946, -34.336306295538108 ], [ 117.568714899486423, -34.335682154490001 ], [ 117.569309132977807, -34.335427744024123 ], [ 117.569912895510413, -34.335433413935768 ], [ 117.570908468859756, -34.335648754084382 ], [ 117.57309191384519, -34.336658235145045 ], [ 117.574061576748448, -34.336918785337218 ], [ 117.574470208477763, -34.336907785249039 ], [ 117.574765650139526, -34.336804365053382 ], [ 117.575498484660116, -34.336259374235532 ], [ 117.575826616995414, -34.3358953137272 ], [ 117.575914408720521, -34.335540453244718 ], [ 117.575829849995202, -34.335197152782285 ], [ 117.575553140311328, -34.334745702178921 ], [ 117.57519547960861, -34.33434314167738 ], [ 117.574391546900728, -34.333692660938915 ], [ 117.572656380643366, -34.332698289762369 ], [ 117.572161079174833, -34.332171629065073 ], [ 117.571954978869314, -34.331631068322771 ], [ 117.57190346901254, -34.331251317796003 ], [ 117.571995181007694, -34.329298525091708 ], [ 117.576161352165215, -34.330387625991797 ], [ 117.577044993561543, -34.330750145987395 ], [ 117.577729854730862, -34.331152206241029 ], [ 117.577986345241726, -34.331581116818057 ], [ 117.578193395637484, -34.33173015697227 ] ], [ [ 117.619063185733935, -34.368239961448261 ], [ 117.617905964975634, -34.367518084873254 ], [ 117.617322359712091, -34.3672851770758 ], [ 117.614018385653239, -34.366933272131526 ], [ 117.612719176839065, -34.366645198195243 ], [ 117.612019293784329, -34.366329671528327 ], [ 117.610889887975318, -34.365350657287074 ], [ 117.609947649500157, -34.364798152088134 ], [ 117.60901710994834, -34.364475796468888 ], [ 117.607055820105231, -34.364021526003725 ], [ 117.606295750453882, -34.363482468824813 ], [ 117.605429183521295, -34.36267079147666 ], [ 117.60510083937146, -34.36222862212265 ], [ 117.604483678604296, -34.361039919449681 ], [ 117.604411232290616, -34.360501948139188 ], [ 117.604562612562958, -34.359000144647496 ], [ 117.604575378647667, -34.358113682546708 ], [ 117.60448132174109, -34.357652821423152 ], [ 117.6042836835896, -34.357358720669758 ], [ 117.603831855843211, -34.356963559621107 ], [ 117.603383597145054, -34.35669862889597 ], [ 117.602965277622616, -34.356556898472817 ], [ 117.602483757512132, -34.356492698216826 ], [ 117.602047976204759, -34.35663040842114 ], [ 117.601592293970526, -34.356926998958905 ], [ 117.601192531401097, -34.357303699666772 ], [ 117.600991419483705, -34.357607810260575 ], [ 117.600669713038087, -34.358705252487823 ], [ 117.600593788161447, -34.359565394276906 ], [ 117.60091505024856, -34.360952957377116 ], [ 117.601531621605247, -34.362381580806797 ], [ 117.602632833702529, -34.363514534032845 ], [ 117.605833612031901, -34.366453792059204 ], [ 117.606919586656886, -34.367374295347119 ], [ 117.607750076746015, -34.367914110861875 ], [ 117.609689838528112, -34.368652361840589 ], [ 117.612081676231057, -34.369966792138662 ], [ 117.613068008451023, -34.370399278686662 ], [ 117.615126454738757, -34.370950871955628 ], [ 117.61958388926395, -34.371951619449128 ], [ 117.620932292223287, -34.372343170454549 ], [ 117.621993628133495, -34.372470052138354 ], [ 117.625209216032943, -34.372590146416314 ], [ 117.62771683923178, -34.372778819768797 ], [ 117.628185982249491, -34.372695280228108 ], [ 117.628519865668068, -34.372400820291411 ], [ 117.628594968886745, -34.371878419787414 ], [ 117.628443965064747, -34.370528987987619 ], [ 117.628166048093846, -34.36956510633523 ], [ 117.627827388885478, -34.36889892483687 ], [ 117.627238867768909, -34.368154612602687 ], [ 117.625749180841936, -34.366781337029451 ], [ 117.625501590056132, -34.366390475732203 ], [ 117.625143330238529, -34.365381832963031 ], [ 117.624364737475261, -34.364403859029402 ], [ 117.623594484701243, -34.363713995852379 ], [ 117.623166852508533, -34.363466674384036 ], [ 117.622610568999676, -34.363262782702314 ], [ 117.621495260236031, -34.363125979790148 ], [ 117.620882774556577, -34.363165378340668 ], [ 117.620422539561304, -34.363277957328343 ], [ 117.6199593033583, -34.363619406898799 ], [ 117.619609639831268, -34.36436288946183 ], [ 117.619590976960268, -34.36470976989586 ], [ 117.619747843087524, -34.365127499709217 ], [ 117.621047849016222, -34.366885635901284 ], [ 117.621346490930407, -34.367442408085459 ], [ 117.621486591236035, -34.36808999009282 ], [ 117.621377039982107, -34.368367140584269 ], [ 117.62123374865395, -34.36851697068105 ], [ 117.620925306018066, -34.368705170553838 ], [ 117.620680424080305, -34.368736110141711 ], [ 117.619691701156185, -34.368525589524253 ], [ 117.619063185733935, -34.368239961448261 ] ], [ [ 117.634507153709592, -34.355278292394161 ], [ 117.634757954643248, -34.35495301140493 ], [ 117.634926135031137, -34.354104208334419 ], [ 117.6351618447774, -34.351733149263744 ], [ 117.635145194583913, -34.351201577263332 ], [ 117.634922274068785, -34.350795545797766 ], [ 117.63444318347787, -34.350453154500592 ], [ 117.63390626299153, -34.350254503786736 ], [ 117.631265401794366, -34.3498022927946 ], [ 117.630273581342081, -34.349726042792717 ], [ 117.629306060578415, -34.349738912914638 ], [ 117.628761789865507, -34.349821993077633 ], [ 117.628359908819291, -34.350022303410455 ], [ 117.628248467478798, -34.350354794252645 ], [ 117.628475125495839, -34.350960355791727 ], [ 117.62935030338879, -34.352016078745685 ], [ 117.630279701745366, -34.353388202998374 ], [ 117.630950662472955, -34.353933225025635 ], [ 117.633216668536619, -34.355352991455206 ], [ 117.63369764039868, -34.355499062427313 ], [ 117.634067141917612, -34.355480892720117 ], [ 117.634507153709592, -34.355278292394161 ] ] ] ] } }
]
}
