{
  "type": "FeatureCollection",
  "features": [
    {
      "type": "Feature",
      "properties": {
        "geometry": "Geocortex.Gis.Geometries.Polygon",
        "ID": 4456,
        "ACH Identifier": "ACH-00004456",
        "Name": "LAKE VANCOUVER",
        "Place Status": "Register",
        "Place Type": "Artefacts / Scatter",
        "Region": "Southern",
        "Culturally Sensitive": "No",
        "Culturally Sensitive Nature": "No Gender / Initiation Restrictions",
        "Restricted Place": "No",
        "Boundary Reliable": "Yes",
        "Knowledge Holders": "*Registered Knowledge Holder names available from DPLH",
        "Legacy ID": "S02764",
        "Boundary Last Update Date": "2023-06-14T16:00:00.0000000"
      },
      "geometry": {
        "type": "Polygon",
        "coordinates": [
          [
            [
              117.929083322,
              -35.085485496
            ],
            [
              117.929113572,
              -35.085478863
            ],
            [
              117.929141956,
              -35.085468032
            ],
            [
              117.92916761,
              -35.085453333
            ],
            [
              117.929189755,
              -35.085435212
            ],
            [
              117.929207717,
              -35.08541422
            ],
            [
              117.929220953,
              -35.085390994
            ],
            [
              117.929229058,
              -35.085366241
            ],
            [
              117.929231788,
              -35.085340711
            ],
            [
              117.929229058,
              -35.085315182
            ],
            [
              117.929220953,
              -35.085290428
            ],
            [
              117.929207717,
              -35.085267201
            ],
            [
              117.929189755,
              -35.085246209
            ],
            [
              117.92916761,
              -35.085228088
            ],
            [
              117.929141956,
              -35.085213389
            ],
            [
              117.929113573,
              -35.085202559
            ],
            [
              117.929083323,
              -35.085195926
            ],
            [
              117.929052125,
              -35.085193693
            ],
            [
              117.929020927,
              -35.085195926
            ],
            [
              117.928990676,
              -35.085202559
            ],
            [
              117.928962293,
              -35.085213389
            ],
            [
              117.928936639,
              -35.085228088
            ],
            [
              117.928914495,
              -35.08524621
            ],
            [
              117.928896532,
              -35.085267202
            ],
            [
              117.928883297,
              -35.085290428
            ],
            [
              117.928875191,
              -35.085315182
            ],
            [
              117.928872462,
              -35.085340711
            ],
            [
              117.928875191,
              -35.085366241
            ],
            [
              117.928883296,
              -35.085390994
            ],
            [
              117.928896531,
              -35.08541422
            ],
            [
              117.928914494,
              -35.085435212
            ],
            [
              117.928936638,
              -35.085453333
            ],
            [
              117.928962292,
              -35.085468032
            ],
            [
              117.928990675,
              -35.085478864
            ],
            [
              117.929020926,
              -35.085485496
            ],
            [
              117.929052124,
              -35.08548773
            ],
            [
              117.929083322,
              -35.085485496
            ]
          ]
        ]
      }
    },
    {
      "type": "Feature",
      "properties": {
        "geometry": "Geocortex.Gis.Geometries.Polygon",
        "ID": 4837,
        "ACH Identifier": "ACH-00004837",
        "Name": "LIMEKILNS POINT",
        "Place Status": "Register",
        "Place Type": "Fish Trap; Traditional Structure",
        "Region": "Southern",
        "Culturally Sensitive": "No",
        "Culturally Sensitive Nature": "No Gender / Initiation Restrictions",
        "Restricted Place": "No",
        "Boundary Reliable": "Yes",
        "Knowledge Holders": "*Registered Knowledge Holder names available from DPLH",
        "Legacy ID": "S01904",
        "Boundary Last Update Date": "2000-05-11T16:00:00.0000000"
      },
      "geometry": {
        "type": "Polygon",
        "coordinates": [
          [
            [
              117.90875531,
              -35.084205163
            ],
            [
              117.90875521,
              -35.084114963
            ],
            [
              117.90874961,
              -35.084024863
            ],
            [
              117.90873861,
              -35.083935163
            ],
            [
              117.90872211,
              -35.083845963
            ],
            [
              117.90870021,
              -35.083757563
            ],
            [
              117.908673011,
              -35.083670162
            ],
            [
              117.908640511,
              -35.083584062
            ],
            [
              117.908602811,
              -35.083499362
            ],
            [
              117.908560011,
              -35.083416263
            ],
            [
              117.908512212,
              -35.083335063
            ],
            [
              117.908459512,
              -35.083255963
            ],
            [
              117.908402112,
              -35.083179163
            ],
            [
              117.908340112,
              -35.083104663
            ],
            [
              117.908273613,
              -35.083032963
            ],
            [
              117.908202813,
              -35.082963963
            ],
            [
              117.908128014,
              -35.082898063
            ],
            [
              117.908049214,
              -35.082835263
            ],
            [
              117.907966714,
              -35.082775764
            ],
            [
              117.907880715,
              -35.082719764
            ],
            [
              117.907791415,
              -35.082667364
            ],
            [
              117.907699016,
              -35.082618664
            ],
            [
              117.907603816,
              -35.082573864
            ],
            [
              117.907506016,
              -35.082532965
            ],
            [
              117.907405817,
              -35.082496165
            ],
            [
              117.907303517,
              -35.082463565
            ],
            [
              117.907199318,
              -35.082435166
            ],
            [
              117.907093618,
              -35.082411166
            ],
            [
              117.906986519,
              -35.082391466
            ],
            [
              117.906878319,
              -35.082376166
            ],
            [
              117.90676942,
              -35.082365367
            ],
            [
              117.90665992,
              -35.082359067
            ],
            [
              117.90655022,
              -35.082357267
            ],
            [
              117.906440521,
              -35.082359968
            ],
            [
              117.906331221,
              -35.082367168
            ],
            [
              117.906222422,
              -35.082378868
            ],
            [
              117.906114422,
              -35.082394969
            ],
            [
              117.906007523,
              -35.082415569
            ],
            [
              117.905902123,
              -35.08244047
            ],
            [
              117.905798324,
              -35.08246967
            ],
            [
              117.905696424,
              -35.08250317
            ],
            [
              117.905596624,
              -35.082540771
            ],
            [
              117.905499325,
              -35.082582371
            ],
            [
              117.905404625,
              -35.082627971
            ],
            [
              117.905312825,
              -35.082677372
            ],
            [
              117.905224226,
              -35.082730572
            ],
            [
              117.905138826,
              -35.082787272
            ],
            [
              117.905057127,
              -35.082847373
            ],
            [
              117.904979027,
              -35.082910873
            ],
            [
              117.904905027,
              -35.082977373
            ],
            [
              117.904835127,
              -35.083046873
            ],
            [
              117.904769427,
              -35.083119173
            ],
            [
              117.904708327,
              -35.083194074
            ],
            [
              117.904651827,
              -35.083271474
            ],
            [
              117.904600127,
              -35.083350974
            ],
            [
              117.904553327,
              -35.083432574
            ],
            [
              117.904511527,
              -35.083515974
            ],
            [
              117.904474827,
              -35.083600974
            ],
            [
              117.904443327,
              -35.083687375
            ],
            [
              117.904417127,
              -35.083774975
            ],
            [
              117.904396327,
              -35.083863575
            ],
            [
              117.904380928,
              -35.083952875
            ],
            [
              117.904370928,
              -35.084042675
            ],
            [
              117.904366528,
              -35.084132775
            ],
            [
              117.904367528,
              -35.084222975
            ],
            [
              117.904373927,
              -35.084313075
            ],
            [
              117.904385927,
              -35.084402675
            ],
            [
              117.904403327,
              -35.084491776
            ],
            [
              117.904426127,
              -35.084579976
            ],
            [
              117.904454227,
              -35.084667176
            ],
            [
              117.904487627,
              -35.084753076
            ],
            [
              117.904526127,
              -35.084837576
            ],
            [
              117.904569827,
              -35.084920276
            ],
            [
              117.904618427,
              -35.085001176
            ],
            [
              117.904671927,
              -35.085079976
            ],
            [
              117.904730127,
              -35.085156376
            ],
            [
              117.904792926,
              -35.085230376
            ],
            [
              117.904860126,
              -35.085301675
            ],
            [
              117.904931626,
              -35.085370175
            ],
            [
              117.905007125,
              -35.085435575
            ],
            [
              117.905086525,
              -35.085497775
            ],
            [
              117.905169625,
              -35.085556675
            ],
            [
              117.905256224,
              -35.085612175
            ],
            [
              117.905346023,
              -35.085663974
            ],
            [
              117.905438923,
              -35.085711974
            ],
            [
              117.905534622,
              -35.085756174
            ],
            [
              117.905632822,
              -35.085796274
            ],
            [
              117.905733421,
              -35.085832374
            ],
            [
              117.905836021,
              -35.085864373
            ],
            [
              117.90594052,
              -35.085891973
            ],
            [
              117.90604652,
              -35.085915273
            ],
            [
              117.906153719,
              -35.085934272
            ],
            [
              117.906262019,
              -35.085948772
            ],
            [
              117.906371118,
              -35.085958872
            ],
            [
              117.906480618,
              -35.085964372
            ],
            [
              117.906590317,
              -35.085965471
            ],
            [
              117.906700017,
              -35.085961971
            ],
            [
              117.906809316,
              -35.085954071
            ],
            [
              117.906918016,
              -35.08594157
            ],
            [
              117.907025815,
              -35.08592467
            ],
            [
              117.907132415,
              -35.08590337
            ],
            [
              117.907237614,
              -35.085877769
            ],
            [
              117.907341114,
              -35.085847769
            ],
            [
              117.907442713,
              -35.085813669
            ],
            [
              117.907542013,
              -35.085775369
            ],
            [
              117.907639013,
              -35.085733068
            ],
            [
              117.907733212,
              -35.085686768
            ],
            [
              117.907824412,
              -35.085636768
            ],
            [
              117.907912612,
              -35.085582967
            ],
            [
              117.907997311,
              -35.085525667
            ],
            [
              117.908078511,
              -35.085464967
            ],
            [
              117.908155811,
              -35.085400966
            ],
            [
              117.908229211,
              -35.085333966
            ],
            [
              117.908298411,
              -35.085263966
            ],
            [
              117.908363311,
              -35.085191165
            ],
            [
              117.90842361,
              -35.085115865
            ],
            [
              117.90847941,
              -35.085038165
            ],
            [
              117.90853031,
              -35.084958265
            ],
            [
              117.90857621,
              -35.084876364
            ],
            [
              117.90861721,
              -35.084792664
            ],
            [
              117.90865301,
              -35.084707364
            ],
            [
              117.90868361,
              -35.084620764
            ],
            [
              117.90870891,
              -35.084532963
            ],
            [
              117.90872881,
              -35.084444263
            ],
            [
              117.90874331,
              -35.084354863
            ],
            [
              117.90875531,
              -35.084205163
            ]
          ]
        ]
      }
    },
    {
      "type": "Feature",
      "properties": {
        "geometry": "Geocortex.Gis.Geometries.Polygon",
        "ID": 22541,
        "ACH Identifier": "ACH-00022541",
        "Name": "Kingara Lizard Traps",
        "Place Status": "Lodged",
        "Place Type": "Artefacts / Scatter; Traditional Structure; Landscape / Seascape Feature",
        "Region": "Southern",
        "Culturally Sensitive": "No",
        "Culturally Sensitive Nature": "No Gender / Initiation Restrictions",
        "Restricted Place": "No",
        "Boundary Reliable": "Yes",
        "Knowledge Holders": "*Registered Knowledge Holder names available from DPLH",
        "Legacy ID": "",
        "Boundary Last Update Date": "2007-12-26T15:00:00.0000000"
      },
      "geometry": {
        "type": "MultiPolygon",
        "coordinates": [
          [
            [
              [
                117.93091338500005,
                -35.05885705399993
              ],
              [
                117.93091858500009,
                -35.05885815399995
              ],
              [
                117.93092028500007,
                -35.05885855399998
              ],
              [
                117.93092378500012,
                -35.05885945399996
              ],
              [
                117.930927085,
                -35.058860453999955
              ],
              [
                117.93092878400012,
                -35.058860953999954
              ],
              [
                117.9309337840001,
                -35.05886265399994
              ],
              [
                117.93093868400001,
                -35.05886455399997
              ],
              [
                117.93094028400003,
                -35.05886515399993
              ],
              [
                117.9309433840001,
                -35.05886665399993
              ],
              [
                117.93094648400006,
                -35.05886805399996
              ],
              [
                117.93094798400011,
                -35.05886885399997
              ],
              [
                117.93095248400004,
                -35.05887135399996
              ],
              [
                117.93095678400005,
                -35.05887395399998
              ],
              [
                117.9309582840001,
                -35.05887485399995
              ],
              [
                117.93096098400008,
                -35.05887675399998
              ],
              [
                117.93096368400006,
                -35.05887875399998
              ],
              [
                117.93096498400007,
                -35.058879753999975
              ],
              [
                117.93096878400002,
                -35.05888285399993
              ],
              [
                117.93097238400003,
                -35.058886153999936
              ],
              [
                117.93097358400007,
                -35.058887253999956
              ],
              [
                117.93097578400011,
                -35.05888955399996
              ],
              [
                117.93097798400004,
                -35.05889195399993
              ],
              [
                117.93097898400003,
                -35.058893153999975
              ],
              [
                117.9309820840001,
                -35.05889675399993
              ],
              [
                117.93098478400009,
                -35.058900653999956
              ],
              [
                117.930985684,
                -35.05890185399994
              ],
              [
                117.93098728400003,
                -35.05890455399998
              ],
              [
                117.93098888400004,
                -35.05890715399994
              ],
              [
                117.93098968400011,
                -35.05890855399997
              ],
              [
                117.9309916840001,
                -35.05891255399996
              ],
              [
                117.93099348400006,
                -35.05891675399994
              ],
              [
                117.93099408400008,
                -35.05891815399997
              ],
              [
                117.93099508400007,
                -35.05892105399994
              ],
              [
                117.9309959840001,
                -35.05892385399994
              ],
              [
                117.93099638400008,
                -35.05892525399997
              ],
              [
                117.93099748400005,
                -35.05892965399994
              ],
              [
                117.93099828400011,
                -35.05893405399996
              ],
              [
                117.93099848400004,
                -35.058935453999936
              ],
              [
                117.93099878400005,
                -35.05893845399993
              ],
              [
                117.9309989840001,
                -35.058941353999955
              ],
              [
                117.93099908400006,
                -35.05894285399995
              ],
              [
                117.93099908400006,
                -35.058947253999975
              ],
              [
                117.9309989840001,
                -35.05895165399994
              ],
              [
                117.93100148500002,
                -35.05916385399996
              ],
              [
                117.9310015850001,
                -35.05916825399993
              ],
              [
                117.9310015850001,
                -35.05917265399995
              ],
              [
                117.9310012850001,
                -35.059177053999974
              ],
              [
                117.93100118500001,
                -35.05917855399997
              ],
              [
                117.93100078500004,
                -35.05918145399994
              ],
              [
                117.9310002850001,
                -35.05918445399993
              ],
              [
                117.93099998500008,
                -35.05918585399996
              ],
              [
                117.93099898500009,
                -35.05919025399993
              ],
              [
                117.93099768500008,
                -35.05919455399993
              ],
              [
                117.93099718500002,
                -35.05919595399996
              ],
              [
                117.93099608500006,
                -35.059198753999965
              ],
              [
                117.9309949850001,
                -35.05920155399997
              ],
              [
                117.93099428500011,
                -35.05920295399994
              ],
              [
                117.93099228500012,
                -35.059207053999955
              ],
              [
                117.93098998500011,
                -35.059211053999945
              ],
              [
                117.93098908500008,
                -35.05921235399995
              ],
              [
                117.9309873850001,
                -35.05921495399997
              ],
              [
                117.93098558500003,
                -35.05921745399996
              ],
              [
                117.93098468500011,
                -35.05921875399997
              ],
              [
                117.930981685,
                -35.05922245399995
              ],
              [
                117.93097848500008,
                -35.05922595399994
              ],
              [
                117.930977385,
                -35.059227153999984
              ],
              [
                117.93097498500003,
                -35.05922935399997
              ],
              [
                117.93097268500003,
                -35.05923155399995
              ],
              [
                117.93097138500002,
                -35.05923265399997
              ],
              [
                117.93096758500008,
                -35.05923585399995
              ],
              [
                117.93096358500009,
                -35.05923875399998
              ],
              [
                117.93096228500008,
                -35.059239754999965
              ],
              [
                117.93095948500002,
                -35.05924155499997
              ],
              [
                117.9309565850001,
                -35.05924335499998
              ],
              [
                117.93095518500002,
                -35.05924425499995
              ],
              [
                117.93095068500008,
                -35.05924665499998
              ],
              [
                117.93094608500007,
                -35.05924895499993
              ],
              [
                117.93094448500005,
                -35.059249654999974
              ],
              [
                117.93094128500002,
                -35.05925105499995
              ],
              [
                117.9309380850001,
                -35.059252354999956
              ],
              [
                117.93093638500011,
                -35.05925295499998
              ],
              [
                117.93093148500009,
                -35.05925465499996
              ],
              [
                117.93092638500002,
                -35.05925615499996
              ],
              [
                117.93092468500004,
                -35.05925655499993
              ],
              [
                117.93092128500007,
                -35.059257454999965
              ],
              [
                117.93091778500002,
                -35.05925815499995
              ],
              [
                117.93091598500007,
                -35.05925845499996
              ],
              [
                117.93091078500004,
                -35.05925935499994
              ],
              [
                117.93090538500007,
                -35.05926005499998
              ],
              [
                117.93090358500001,
                -35.05926015499995
              ],
              [
                117.93090008500008,
                -35.05926045499996
              ],
              [
                117.93089648500006,
                -35.059260654999946
              ],
              [
                117.93089468500011,
                -35.059260654999946
              ],
              [
                117.93088928500003,
                -35.059260654999946
              ],
              [
                117.93088388500007,
                -35.059260654999946
              ],
              [
                117.93062588600003,
                -35.05926265499994
              ],
              [
                117.93062058600003,
                -35.05926275499996
              ],
              [
                117.93061518600007,
                -35.05926275499996
              ],
              [
                117.9306097860001,
                -35.059262554999975
              ],
              [
                117.93060798600004,
                -35.05926245499995
              ],
              [
                117.93060438600003,
                -35.05926215499994
              ],
              [
                117.9306008860001,
                -35.059261754999966
              ],
              [
                117.93059908600003,
                -35.059261454999955
              ],
              [
                117.93059378600003,
                -35.059260654999946
              ],
              [
                117.93058858600011,
                -35.05925955499998
              ],
              [
                117.93058688600001,
                -35.05925915499995
              ],
              [
                117.93058348600005,
                -35.059258254999975
              ],
              [
                117.93058008600008,
                -35.05925725499998
              ],
              [
                117.9305783860001,
                -35.05925675499998
              ],
              [
                117.9305733860001,
                -35.05925505499994
              ],
              [
                117.93056848600008,
                -35.059253154999965
              ],
              [
                117.93056688600007,
                -35.059252554999944
              ],
              [
                117.9305637860001,
                -35.05925105499995
              ],
              [
                117.93056068600004,
                -35.059249654999974
              ],
              [
                117.9305591860001,
                -35.059248854999964
              ],
              [
                117.93055468600005,
                -35.05924635499997
              ],
              [
                117.93055038600005,
                -35.059243754999954
              ],
              [
                117.93054898600008,
                -35.05924285499998
              ],
              [
                117.93054618600002,
                -35.05924095499995
              ],
              [
                117.93054348600003,
                -35.059238954999955
              ],
              [
                117.93054218600003,
                -35.05923795499996
              ],
              [
                117.93053838700007,
                -35.05923485499994
              ],
              [
                117.93053478700006,
                -35.05923155499994
              ],
              [
                117.93053358700001,
                -35.05923045499998
              ],
              [
                117.93053138700009,
                -35.05922815499997
              ],
              [
                117.93052918700005,
                -35.05922575499994
              ],
              [
                117.93052818700005,
                -35.05922455499996
              ],
              [
                117.93052508700009,
                -35.059220954999944
              ],
              [
                117.93052238700011,
                -35.059217054999976
              ],
              [
                117.93052148700008,
                -35.059215854999934
              ],
              [
                117.93051988700006,
                -35.05921315499995
              ],
              [
                117.93051828700004,
                -35.059210554999936
              ],
              [
                117.93051758700005,
                -35.05920915499996
              ],
              [
                117.9305154870001,
                -35.05920515499997
              ],
              [
                117.93051368700003,
                -35.05920095499994
              ],
              [
                117.930513087,
                -35.059199554999964
              ],
              [
                117.93051208700001,
                -35.05919665499994
              ],
              [
                117.93051118700009,
                -35.05919385499993
              ],
              [
                117.93051078700012,
                -35.05919245499996
              ],
              [
                117.93050968700004,
                -35.05918805399995
              ],
              [
                117.93050898700005,
                -35.05918365399998
              ],
              [
                117.93050868700004,
                -35.05918225399995
              ],
              [
                117.93050838700003,
                -35.05917925399996
              ],
              [
                117.9305081870001,
                -35.05917635399993
              ],
              [
                117.93050808700002,
                -35.059174853999934
              ],
              [
                117.93050808700002,
                -35.05917345399996
              ],
              [
                117.93050808700002,
                -35.05917045399997
              ],
              [
                117.9305081870001,
                -35.059166053999945
              ],
              [
                117.93050568600006,
                -35.05895385399998
              ],
              [
                117.9305055860001,
                -35.05894945399996
              ],
              [
                117.9305055860001,
                -35.058945053999935
              ],
              [
                117.9305058860001,
                -35.05894065399997
              ],
              [
                117.93050598600007,
                -35.05893915399997
              ],
              [
                117.93050638600005,
                -35.058936253999946
              ],
              [
                117.9305068860001,
                -35.05893325399995
              ],
              [
                117.93050718600011,
                -35.05893185399998
              ],
              [
                117.93050818600011,
                -35.05892745399996
              ],
              [
                117.930509486,
                -35.058923153999956
              ],
              [
                117.93050998600006,
                -35.05892175399998
              ],
              [
                117.93051108600002,
                -35.05891895399998
              ],
              [
                117.93051228600007,
                -35.058916153999974
              ],
              [
                117.93051288600009,
                -35.05891475399994
              ],
              [
                117.93051488600008,
                -35.05891065399993
              ],
              [
                117.93051728600005,
                -35.05890665399994
              ],
              [
                117.930518086,
                -35.05890535399993
              ],
              [
                117.9305197860001,
                -35.05890275399997
              ],
              [
                117.93052158600005,
                -35.05890025399998
              ],
              [
                117.93052258600005,
                -35.05889895399997
              ],
              [
                117.93052548600008,
                -35.058895253999935
              ],
              [
                117.93052878600008,
                -35.058891753999944
              ],
              [
                117.93052988600004,
                -35.05889055399996
              ],
              [
                117.93053218600005,
                -35.058888353999976
              ],
              [
                117.93053448600006,
                -35.058886153999936
              ],
              [
                117.93053578600006,
                -35.05888505399997
              ],
              [
                117.930539586,
                -35.058881853999935
              ],
              [
                117.93054358600011,
                -35.058878953999965
              ],
              [
                117.930544886,
                -35.05887795399997
              ],
              [
                117.93054768600007,
                -35.05887615399996
              ],
              [
                117.9305505860001,
                -35.058874353999954
              ],
              [
                117.93055208600003,
                -35.05887345399998
              ],
              [
                117.93055648600011,
                -35.05887105399995
              ],
              [
                117.93056108600001,
                -35.058868753999946
              ],
              [
                117.93056268600003,
                -35.05886805399996
              ],
              [
                117.93056588600007,
                -35.05886665399993
              ],
              [
                117.9305690860001,
                -35.05886535399998
              ],
              [
                117.93057078600009,
                -35.058864753999956
              ],
              [
                117.93057568600011,
                -35.05886305399997
              ],
              [
                117.93058078600006,
                -35.058861553999975
              ],
              [
                117.93058248600005,
                -35.05886115399994
              ],
              [
                117.9305859860001,
                -35.05886025399997
              ],
              [
                117.93058938600007,
                -35.05885955399998
              ],
              [
                117.93059118600002,
                -35.05885925399997
              ],
              [
                117.93059648600001,
                -35.05885835399994
              ],
              [
                117.93060178600001,
                -35.05885765399995
              ],
              [
                117.93060358600007,
                -35.05885755399993
              ],
              [
                117.930607086,
                -35.058857253999975
              ],
              [
                117.93061068600002,
                -35.05885705399993
              ],
              [
                117.93061248600009,
                -35.05885705399993
              ],
              [
                117.93061418600007,
                -35.058856953999964
              ],
              [
                117.93061788600005,
                -35.058856953999964
              ],
              [
                117.93062328600001,
                -35.05885705399993
              ],
              [
                117.93088128500005,
                -35.058855053999935
              ],
              [
                117.93088658500005,
                -35.05885495399997
              ],
              [
                117.93089198500002,
                -35.05885495399997
              ],
              [
                117.9308973850001,
                -35.05885515399996
              ],
              [
                117.93089918500004,
                -35.05885525399998
              ],
              [
                117.93090278500006,
                -35.05885555399993
              ],
              [
                117.9309062850001,
                -35.05885595399997
              ],
              [
                117.93090808500006,
                -35.05885625399998
              ],
              [
                117.93091338500005,
                -35.05885705399993
              ]
            ]
          ]
        ]
      }
    },
    {
      "type": "Feature",
      "properties": {
        "geometry": "Geocortex.Gis.Geometries.Polygon",
        "ID": 22542,
        "ACH Identifier": "ACH-00022542",
        "Name": "Point Possession Quartz Quarry",
        "Place Status": "Lodged",
        "Place Type": "Artefacts / Scatter; Quarry",
        "Region": "Southern",
        "Culturally Sensitive": "No",
        "Culturally Sensitive Nature": "No Gender / Initiation Restrictions",
        "Restricted Place": "No",
        "Boundary Reliable": "Yes",
        "Knowledge Holders": "*Registered Knowledge Holder names available from DPLH",
        "Legacy ID": "",
        "Boundary Last Update Date": "2007-12-26T15:00:00.0000000"
      },
      "geometry": {
        "type": "MultiPolygon",
        "coordinates": [
          [
            [
              [
                117.9315449830001,
                -35.059224153999935
              ],
              [
                117.93154138300008,
                -35.059224153999935
              ],
              [
                117.93153418300005,
                -35.05922375399996
              ],
              [
                117.9315270830001,
                -35.05922305399997
              ],
              [
                117.93151998300004,
                -35.05922195399995
              ],
              [
                117.93151308300003,
                -35.059220453999956
              ],
              [
                117.93150628300009,
                -35.05921865399995
              ],
              [
                117.93149958300012,
                -35.059216453999966
              ],
              [
                117.93149308300008,
                -35.05921385399995
              ],
              [
                117.93148688300005,
                -35.05921095399998
              ],
              [
                117.93148088300006,
                -35.05920775399994
              ],
              [
                117.931475083,
                -35.05920415399993
              ],
              [
                117.93146968300005,
                -35.059200353999984
              ],
              [
                117.93146458300009,
                -35.05919615399995
              ],
              [
                117.93145978300004,
                -35.05919175399998
              ],
              [
                117.93145538300007,
                -35.05918715399997
              ],
              [
                117.93145128300011,
                -35.05918225399995
              ],
              [
                117.9314476830001,
                -35.05917715399994
              ],
              [
                117.93144448300006,
                -35.05917185399994
              ],
              [
                117.93144168300012,
                -35.05916645399998
              ],
              [
                117.93143928300003,
                -35.05916085399997
              ],
              [
                117.93143738300012,
                -35.05915515399994
              ],
              [
                117.93143588300006,
                -35.05914935399994
              ],
              [
                117.93143488300007,
                -35.059143553999945
              ],
              [
                117.93143438300001,
                -35.05913765399998
              ],
              [
                117.93143428300004,
                -35.059134753999956
              ],
              [
                117.93143128300005,
                -35.058861252999975
              ],
              [
                117.93143168300003,
                -35.058855352999956
              ],
              [
                117.9314324830001,
                -35.05884955299996
              ],
              [
                117.93143388300007,
                -35.05884375299996
              ],
              [
                117.93143568300002,
                -35.05883805299993
              ],
              [
                117.93143788300006,
                -35.05883245299998
              ],
              [
                117.93144058300004,
                -35.05882695299994
              ],
              [
                117.93144368300011,
                -35.05882165299994
              ],
              [
                117.93144728300001,
                -35.05881645299996
              ],
              [
                117.93145118300004,
                -35.05881155299994
              ],
              [
                117.93145548200005,
                -35.058806852999965
              ],
              [
                117.93146018200002,
                -35.058802352999976
              ],
              [
                117.93146528200009,
                -35.05879815299994
              ],
              [
                117.93147058200009,
                -35.058794252999974
              ],
              [
                117.93147628200006,
                -35.05879055299994
              ],
              [
                117.93148218200008,
                -35.058787252999934
              ],
              [
                117.93148838200011,
                -35.05878425299994
              ],
              [
                117.93149478200007,
                -35.05878155299996
              ],
              [
                117.93150138200008,
                -35.058779252999955
              ],
              [
                117.93150818200002,
                -35.05877735299998
              ],
              [
                117.93151508200003,
                -35.05877575299996
              ],
              [
                117.93152208200001,
                -35.05877455299998
              ],
              [
                117.93152918200008,
                -35.05877375299997
              ],
              [
                117.9315363820001,
                -35.058773352999935
              ],
              [
                117.93153988200004,
                -35.05877325299997
              ],
              [
                117.93175918100007,
                -35.05877155299993
              ],
              [
                117.93176288100005,
                -35.05877155299993
              ],
              [
                117.93177008100008,
                -35.05877195299996
              ],
              [
                117.93177718100003,
                -35.05877265299995
              ],
              [
                117.93178418100001,
                -35.05877375299997
              ],
              [
                117.93179118100011,
                -35.058775252999965
              ],
              [
                117.93179798100005,
                -35.05877705299997
              ],
              [
                117.93180468100002,
                -35.058779252999955
              ],
              [
                117.93181108100009,
                -35.05878185299997
              ],
              [
                117.93181738100009,
                -35.05878475299994
              ],
              [
                117.93182338100007,
                -35.05878795299998
              ],
              [
                117.93182908100005,
                -35.058791552999935
              ],
              [
                117.93183458100009,
                -35.05879535299994
              ],
              [
                117.93183968100004,
                -35.05879955299997
              ],
              [
                117.9318444810001,
                -35.05880395299994
              ],
              [
                117.93184888100006,
                -35.05880855299995
              ],
              [
                117.93185288100005,
                -35.05881345299997
              ],
              [
                117.93185658100003,
                -35.05881855299998
              ],
              [
                117.93185978100007,
                -35.05882385299998
              ],
              [
                117.93186258100002,
                -35.05882925299994
              ],
              [
                117.9318649810001,
                -35.05883485299995
              ],
              [
                117.93186688100002,
                -35.05884055299998
              ],
              [
                117.9318682810001,
                -35.05884635299998
              ],
              [
                117.9318692810001,
                -35.058852152999975
              ],
              [
                117.93186988100001,
                -35.05885805299994
              ],
              [
                117.93186998100009,
                -35.058860952999964
              ],
              [
                117.93187298200007,
                -35.05913145399995
              ],
              [
                117.93187298200007,
                -35.059134453999945
              ],
              [
                117.9318725820001,
                -35.059140353999965
              ],
              [
                117.93187168200006,
                -35.05914615399996
              ],
              [
                117.93187038200006,
                -35.05915195399996
              ],
              [
                117.9318685820001,
                -35.05915765399993
              ],
              [
                117.9318662820001,
                -35.05916325399994
              ],
              [
                117.931863582,
                -35.059168753999984
              ],
              [
                117.93186048200005,
                -35.05917405399998
              ],
              [
                117.93185698200011,
                -35.05917925399996
              ],
              [
                117.93185308200009,
                -35.05918415399998
              ],
              [
                117.931848682,
                -35.059188853999956
              ],
              [
                117.93184398200003,
                -35.059193353999945
              ],
              [
                117.93183898200004,
                -35.05919755399998
              ],
              [
                117.93183368200005,
                -35.05920145399995
              ],
              [
                117.93182798200007,
                -35.05920515399998
              ],
              [
                117.93182208200005,
                -35.05920845399993
              ],
              [
                117.93181588200002,
                -35.05921145399998
              ],
              [
                117.93180948200006,
                -35.05921415399996
              ],
              [
                117.93180288200006,
                -35.059216453999966
              ],
              [
                117.931796082,
                -35.05921835399994
              ],
              [
                117.9317891820001,
                -35.05921995399996
              ],
              [
                117.93178208200004,
                -35.05922115399994
              ],
              [
                117.93177498200009,
                -35.05922195399995
              ],
              [
                117.93176788200003,
                -35.05922235399993
              ],
              [
                117.93176428200002,
                -35.05922245399995
              ],
              [
                117.9315449830001,
                -35.059224153999935
              ]
            ]
          ]
        ]
      }
    },
    {
      "type": "Feature",
      "properties": {
        "geometry": "Geocortex.Gis.Geometries.Polygon",
        "ID": 22543,
        "ACH Identifier": "ACH-00022543",
        "Name": "Eastern Granite Outcrop",
        "Place Status": "Lodged",
        "Place Type": "Hunting Place; Traditional Structure; Landscape / Seascape Feature",
        "Region": "Southern",
        "Culturally Sensitive": "No",
        "Culturally Sensitive Nature": "No Gender / Initiation Restrictions",
        "Restricted Place": "No",
        "Boundary Reliable": "Yes",
        "Knowledge Holders": "*Registered Knowledge Holder names available from DPLH",
        "Legacy ID": "",
        "Boundary Last Update Date": "2007-12-29T15:00:00.0000000"
      },
      "geometry": {
        "type": "MultiPolygon",
        "coordinates": [
          [
            [
              [
                117.93361277500003,
                -35.05903275299994
              ],
              [
                117.9329761780001,
                -35.05903765299996
              ],
              [
                117.93297367800005,
                -35.05903745299997
              ],
              [
                117.93297167800006,
                -35.059036952999975
              ],
              [
                117.93296977800003,
                -35.05903605299994
              ],
              [
                117.93296767800007,
                -35.05903445299998
              ],
              [
                117.93296677800004,
                -35.059033452999984
              ],
              [
                117.93296587800012,
                -35.05903195299993
              ],
              [
                117.9329652780001,
                -35.059030252999946
              ],
              [
                117.93296507800005,
                -35.059028652999984
              ],
              [
                117.93296587600003,
                -35.05841425199998
              ],
              [
                117.93296617600004,
                -35.05841245199997
              ],
              [
                117.93296677600006,
                -35.05841085199995
              ],
              [
                117.93296787600002,
                -35.05840925199993
              ],
              [
                117.93296927600011,
                -35.05840795199998
              ],
              [
                117.93297097600009,
                -35.05840685199996
              ],
              [
                117.932972876,
                -35.05840605199995
              ],
              [
                117.93297497600008,
                -35.058405551999954
              ],
              [
                117.93297667600007,
                -35.05840545199993
              ],
              [
                117.9336132740001,
                -35.05839735199993
              ],
              [
                117.93361577300004,
                -35.058397551999974
              ],
              [
                117.93361787300012,
                -35.05839815199994
              ],
              [
                117.93362027300009,
                -35.05839935199998
              ],
              [
                117.93362177300003,
                -35.058400551999966
              ],
              [
                117.93362307300004,
                -35.05840205199996
              ],
              [
                117.93362367300006,
                -35.05840315199998
              ],
              [
                117.93362417300011,
                -35.05840485199997
              ],
              [
                117.93362437300004,
                -35.05840635199996
              ],
              [
                117.93362367500004,
                -35.05902375299996
              ],
              [
                117.93362337500002,
                -35.05902575299996
              ],
              [
                117.93362267500004,
                -35.05902745299994
              ],
              [
                117.93362167500004,
                -35.05902895299994
              ],
              [
                117.93361967500005,
                -35.05903065299998
              ],
              [
                117.93361857500008,
                -35.059031352999966
              ],
              [
                117.93361667500005,
                -35.059032152999976
              ],
              [
                117.93361457500009,
                -35.059032652999974
              ],
              [
                117.93361277500003,
                -35.05903275299994
              ]
            ]
          ]
        ]
      }
    },
    {
      "type": "Feature",
      "properties": {
        "geometry": "Geocortex.Gis.Geometries.Polygon",
        "ID": 22544,
        "ACH Identifier": "ACH-00022544",
        "Name": "Point Possession Waugal Soak",
        "Place Status": "Lodged",
        "Place Type": "Camp; Historical; Water Source",
        "Region": "Southern",
        "Culturally Sensitive": "No",
        "Culturally Sensitive Nature": "No Gender / Initiation Restrictions",
        "Restricted Place": "No",
        "Boundary Reliable": "Yes",
        "Knowledge Holders": "*Registered Knowledge Holder names available from DPLH",
        "Legacy ID": "",
        "Boundary Last Update Date": "2007-12-17T15:00:00.0000000"
      },
      "geometry": {
        "type": "MultiPolygon",
        "coordinates": [
          [
            [
              [
                117.93207918200005,
                -35.059454554999945
              ],
              [
                117.93206298200005,
                -35.059454554999945
              ],
              [
                117.932046882,
                -35.05945395499998
              ],
              [
                117.93203078200008,
                -35.05945265499997
              ],
              [
                117.93201478200001,
                -35.05945065499998
              ],
              [
                117.9319989820001,
                -35.05944805499996
              ],
              [
                117.93198328200003,
                -35.05944485499998
              ],
              [
                117.9319678820001,
                -35.05944105499998
              ],
              [
                117.931952582,
                -35.059436554999934
              ],
              [
                117.93193768200001,
                -35.05943145499998
              ],
              [
                117.93192308200003,
                -35.05942575499995
              ],
              [
                117.93190878200005,
                -35.05941955499998
              ],
              [
                117.93189498200002,
                -35.05941275499998
              ],
              [
                117.93188158200007,
                -35.05940535499997
              ],
              [
                117.9318685820001,
                -35.05939745499995
              ],
              [
                117.93185608200008,
                -35.05938905499994
              ],
              [
                117.93184408200011,
                -35.05938005499996
              ],
              [
                117.93183268200005,
                -35.059370754999975
              ],
              [
                117.93182178200004,
                -35.059360854999966
              ],
              [
                117.93181158200002,
                -35.059350654999946
              ],
              [
                117.93180188200006,
                -35.059339954999984
              ],
              [
                117.93179288200008,
                -35.05932885399994
              ],
              [
                117.93178458200009,
                -35.05931745399994
              ],
              [
                117.93177698200009,
                -35.05930575399998
              ],
              [
                117.93177008200007,
                -35.05929375399995
              ],
              [
                117.93176388200004,
                -35.05928155399994
              ],
              [
                117.93175848200008,
                -35.05926905399997
              ],
              [
                117.9317537820001,
                -35.05925625399993
              ],
              [
                117.93174978200011,
                -35.059243453999954
              ],
              [
                117.93174668200004,
                -35.059230353999965
              ],
              [
                117.93174428200007,
                -35.059217253999975
              ],
              [
                117.93174268200005,
                -35.05920405399996
              ],
              [
                117.9317418820001,
                -35.05919075399993
              ],
              [
                117.9317418820001,
                -35.05917745399995
              ],
              [
                117.93174268200005,
                -35.05916425399994
              ],
              [
                117.93174428200007,
                -35.05915095399996
              ],
              [
                117.93174658200007,
                -35.05913785399997
              ],
              [
                117.93174978200011,
                -35.05912485399995
              ],
              [
                117.93175368200002,
                -35.059111953999945
              ],
              [
                117.93175838200011,
                -35.05909925399993
              ],
              [
                117.93176378200008,
                -35.05908665399994
              ],
              [
                117.9317699820001,
                -35.05907445399998
              ],
              [
                117.931776882,
                -35.05906245399996
              ],
              [
                117.93178448200001,
                -35.059050653999975
              ],
              [
                117.93179278200012,
                -35.05903925399997
              ],
              [
                117.9318017820001,
                -35.05902825399994
              ],
              [
                117.93181138200009,
                -35.05901755399998
              ],
              [
                117.93182158200011,
                -35.05900735399996
              ],
              [
                117.93183248100001,
                -35.05899745399995
              ],
              [
                117.93184388100008,
                -35.05898805399994
              ],
              [
                117.93185578100008,
                -35.05897915399993
              ],
              [
                117.9318682810001,
                -35.05897065399995
              ],
              [
                117.93188128100007,
                -35.058962753999936
              ],
              [
                117.93189468100002,
                -35.05895535399998
              ],
              [
                117.93190858100002,
                -35.05894855399998
              ],
              [
                117.93192278100003,
                -35.05894225299994
              ],
              [
                117.93193738100001,
                -35.05893665299993
              ],
              [
                117.93195238100009,
                -35.05893155299998
              ],
              [
                117.9319675810001,
                -35.058927052999934
              ],
              [
                117.93198298100003,
                -35.05892315299997
              ],
              [
                117.9319986810001,
                -35.05891995299993
              ],
              [
                117.93201448100001,
                -35.05891735299997
              ],
              [
                117.93203048100008,
                -35.058915352999975
              ],
              [
                117.932046581,
                -35.05891405299997
              ],
              [
                117.93206268000006,
                -35.058913452999946
              ],
              [
                117.93207888000006,
                -35.058913452999946
              ],
              [
                117.9320949800001,
                -35.05891405299997
              ],
              [
                117.93211108000003,
                -35.058915352999975
              ],
              [
                117.9321270800001,
                -35.05891735299997
              ],
              [
                117.93214288000001,
                -35.05891985299996
              ],
              [
                117.93215858000008,
                -35.05892315299997
              ],
              [
                117.9321740800001,
                -35.05892695299997
              ],
              [
                117.9321892800001,
                -35.05893145299996
              ],
              [
                117.9322041800001,
                -35.05893655299997
              ],
              [
                117.93221878000008,
                -35.058942152999975
              ],
              [
                117.93223308000006,
                -35.05894845299997
              ],
              [
                117.9322468800001,
                -35.058955252999965
              ],
              [
                117.93226038000012,
                -35.05896265299998
              ],
              [
                117.93227328000012,
                -35.05897055299994
              ],
              [
                117.93228578000003,
                -35.05897895299995
              ],
              [
                117.93229778000011,
                -35.05898785399995
              ],
              [
                117.93230918000006,
                -35.05899725399996
              ],
              [
                117.93232008000007,
                -35.05900715399997
              ],
              [
                117.93233038000005,
                -35.059017353999934
              ],
              [
                117.93233998000005,
                -35.05902805399995
              ],
              [
                117.93234898000003,
                -35.05903905399998
              ],
              [
                117.93235728000002,
                -35.05905045399993
              ],
              [
                117.93236488000002,
                -35.059062153999946
              ],
              [
                117.93237178000004,
                -35.05907415399997
              ],
              [
                117.93237798000007,
                -35.05908645399995
              ],
              [
                117.93238348000011,
                -35.05909895399998
              ],
              [
                117.93238818000009,
                -35.059111653999935
              ],
              [
                117.93239208000011,
                -35.059124553999936
              ],
              [
                117.93239518000007,
                -35.05913755399996
              ],
              [
                117.93239758000004,
                -35.05915075399997
              ],
              [
                117.93239918000006,
                -35.059163953999985
              ],
              [
                117.93239998000001,
                -35.05917725399996
              ],
              [
                117.93239998000001,
                -35.05919055399994
              ],
              [
                117.93239918000006,
                -35.05920375399995
              ],
              [
                117.93239768,
                -35.059216953999965
              ],
              [
                117.93239528000004,
                -35.05923015399998
              ],
              [
                117.93239208000011,
                -35.059243153999944
              ],
              [
                117.93238818000009,
                -35.059256053999945
              ],
              [
                117.93238348000011,
                -35.05926875399996
              ],
              [
                117.93237808000003,
                -35.059281253999984
              ],
              [
                117.93237188,
                -35.059293553999964
              ],
              [
                117.9323649800001,
                -35.059305553999934
              ],
              [
                117.9323573800001,
                -35.05931725399995
              ],
              [
                117.93234908000011,
                -35.059328653999955
              ],
              [
                117.9323401800001,
                -35.05933975399995
              ],
              [
                117.932330481,
                -35.05935045399997
              ],
              [
                117.9323202810001,
                -35.05936065399993
              ],
              [
                117.93230948100006,
                -35.05937055399994
              ],
              [
                117.93229798100003,
                -35.05937995399995
              ],
              [
                117.93228608100003,
                -35.05938885399996
              ],
              [
                117.93227358100012,
                -35.059397254999965
              ],
              [
                117.93226058100004,
                -35.05940515499998
              ],
              [
                117.9322471810001,
                -35.05941255499994
              ],
              [
                117.9322332810001,
                -35.059419454999954
              ],
              [
                117.93221908100008,
                -35.059425654999984
              ],
              [
                117.9322044810001,
                -35.05943135499996
              ],
              [
                117.9321895810001,
                -35.05943645499997
              ],
              [
                117.9321743810001,
                -35.05944095499996
              ],
              [
                117.93215888100008,
                -35.05944485499998
              ],
              [
                117.93214318100001,
                -35.05944805499996
              ],
              [
                117.9321273810001,
                -35.05945065499998
              ],
              [
                117.93211138100003,
                -35.05945255499995
              ],
              [
                117.93209528200009,
                -35.05945385499996
              ],
              [
                117.93207918200005,
                -35.059454554999945
              ]
            ]
          ]
        ]
      }
    },
    {
      "type": "Feature",
      "properties": {
        "geometry": "Geocortex.Gis.Geometries.Polygon",
        "ID": 22545,
        "ACH Identifier": "ACH-00022545",
        "Name": "Point Possession Granite Outcrop",
        "Place Status": "Lodged",
        "Place Type": "Artefacts / Scatter; Hunting Place; Traditional Structure; Landscape / Seascape Feature",
        "Region": "Southern",
        "Culturally Sensitive": "No",
        "Culturally Sensitive Nature": "No Gender / Initiation Restrictions",
        "Restricted Place": "No",
        "Boundary Reliable": "Yes",
        "Knowledge Holders": "*Registered Knowledge Holder names available from DPLH",
        "Legacy ID": "",
        "Boundary Last Update Date": "2007-12-27T15:00:00.0000000"
      },
      "geometry": {
        "type": "MultiPolygon",
        "coordinates": [
          [
            [
              [
                117.93217917900006,
                -35.05857455299997
              ],
              [
                117.9306951850001,
                -35.05858595299998
              ],
              [
                117.93068808500004,
                -35.05858555299994
              ],
              [
                117.93068088500002,
                -35.05858485299996
              ],
              [
                117.93067388500003,
                -35.05858375299994
              ],
              [
                117.93066688500005,
                -35.05858225299994
              ],
              [
                117.93066008500011,
                -35.058580452999934
              ],
              [
                117.93065338500003,
                -35.05857825299995
              ],
              [
                117.93064698500007,
                -35.058575652999934
              ],
              [
                117.93064068500007,
                -35.058572752999964
              ],
              [
                117.93063468500009,
                -35.058569552999984
              ],
              [
                117.93062898500011,
                -35.05856595299997
              ],
              [
                117.93062358500003,
                -35.058562052999946
              ],
              [
                117.93061838500012,
                -35.058557952999934
              ],
              [
                117.93061368500003,
                -35.05855355299997
              ],
              [
                117.9306091850001,
                -35.058548852999934
              ],
              [
                117.9306051850001,
                -35.058544052999935
              ],
              [
                117.93060158500009,
                -35.05853895299998
              ],
              [
                117.93059828500009,
                -35.058533652999984
              ],
              [
                117.93059548500003,
                -35.05852825299996
              ],
              [
                117.93059318500002,
                -35.058522652999955
              ],
              [
                117.93059118500003,
                -35.05851695299998
              ],
              [
                117.93058978500005,
                -35.05851115299998
              ],
              [
                117.93058878500005,
                -35.05850535299993
              ],
              [
                117.93058818500003,
                -35.05849945299997
              ],
              [
                117.93057438300002,
                -35.05727634899995
              ],
              [
                117.93057478300011,
                -35.05727044899993
              ],
              [
                117.93057568300003,
                -35.05726464899993
              ],
              [
                117.93057698300004,
                -35.057258848999936
              ],
              [
                117.9305787830001,
                -35.05725304899994
              ],
              [
                117.93058098300003,
                -35.05724744899993
              ],
              [
                117.930583683,
                -35.05724204899997
              ],
              [
                117.93058688300005,
                -35.05723664899995
              ],
              [
                117.9305903830001,
                -35.05723154899994
              ],
              [
                117.930594283,
                -35.05722664899997
              ],
              [
                117.930598583,
                -35.05722194899994
              ],
              [
                117.9306032830001,
                -35.05721744899995
              ],
              [
                117.93060838300005,
                -35.05721324899997
              ],
              [
                117.93061368300005,
                -35.05720924899998
              ],
              [
                117.93061938300002,
                -35.05720564899997
              ],
              [
                117.93062528300004,
                -35.057202348999965
              ],
              [
                117.93063148300007,
                -35.05719934899997
              ],
              [
                117.93063788300003,
                -35.057196648999934
              ],
              [
                117.93064448300004,
                -35.05719434899993
              ],
              [
                117.93065128300009,
                -35.057192448999956
              ],
              [
                117.9306581830001,
                -35.05719084899994
              ],
              [
                117.93066518300009,
                -35.05718964899995
              ],
              [
                117.93067238300011,
                -35.05718884899994
              ],
              [
                117.93067948300006,
                -35.057188348999944
              ],
              [
                117.93216697600008,
                -35.05717694899994
              ],
              [
                117.93217407600002,
                -35.05717734899997
              ],
              [
                117.93218127600005,
                -35.05717804899996
              ],
              [
                117.93218827600003,
                -35.05717914899998
              ],
              [
                117.93219527600002,
                -35.057180648999974
              ],
              [
                117.93220207600007,
                -35.05718244899998
              ],
              [
                117.93220867600007,
                -35.057184648999964
              ],
              [
                117.93221517600011,
                -35.05718724899998
              ],
              [
                117.93222137600003,
                -35.05719014899995
              ],
              [
                117.9322274760001,
                -35.05719334899993
              ],
              [
                117.93223317600007,
                -35.057196948999945
              ],
              [
                117.93223857600003,
                -35.057200748999946
              ],
              [
                117.9322436760001,
                -35.05720494899998
              ],
              [
                117.93224847600004,
                -35.05720934899995
              ],
              [
                117.932252876,
                -35.05721394899996
              ],
              [
                117.93225697600008,
                -35.05721884899998
              ],
              [
                117.93226057600009,
                -35.05722394899993
              ],
              [
                117.93226387600009,
                -35.05722924899993
              ],
              [
                117.93226667600004,
                -35.05723464899995
              ],
              [
                117.93226897600005,
                -35.05724024899996
              ],
              [
                117.93227087600008,
                -35.057245948999935
              ],
              [
                117.93227237600001,
                -35.05725174899993
              ],
              [
                117.93227337600001,
                -35.05725754899993
              ],
              [
                117.93227387600007,
                -35.05726344899995
              ],
              [
                117.93227397600003,
                -35.057266348999974
              ],
              [
                117.93228777900003,
                -35.05848655199998
              ],
              [
                117.93228737900006,
                -35.05849245199994
              ],
              [
                117.9322865790001,
                -35.058498251999936
              ],
              [
                117.93228517900002,
                -35.05850405199993
              ],
              [
                117.93228337900007,
                -35.058509751999964
              ],
              [
                117.93228117900003,
                -35.05851545199994
              ],
              [
                117.93227847900005,
                -35.05852085199996
              ],
              [
                117.93227537900009,
                -35.058526151999956
              ],
              [
                117.93227177900008,
                -35.05853135199993
              ],
              [
                117.93226787900005,
                -35.05853625199995
              ],
              [
                117.93226357900005,
                -35.05854095199993
              ],
              [
                117.93225887900007,
                -35.058545451999976
              ],
              [
                117.932253779,
                -35.058549651999954
              ],
              [
                117.932248479,
                -35.05855355199998
              ],
              [
                117.93224277900003,
                -35.05855725199996
              ],
              [
                117.93223687900002,
                -35.05856055199996
              ],
              [
                117.9322306790001,
                -35.05856355199995
              ],
              [
                117.93222427900002,
                -35.058566251999935
              ],
              [
                117.93221767900002,
                -35.05856855199994
              ],
              [
                117.93221087900008,
                -35.05857045199997
              ],
              [
                117.93220397900006,
                -35.05857205299998
              ],
              [
                117.93219697900008,
                -35.05857325299996
              ],
              [
                117.93218977900005,
                -35.05857405299997
              ],
              [
                117.9321826790001,
                -35.05857445299995
              ],
              [
                117.93217917900006,
                -35.05857455299997
              ]
            ]
          ]
        ]
      }
    },
    {
      "type": "Feature",
      "properties": {
        "geometry": "Geocortex.Gis.Geometries.Polygon",
        "ID": 22546,
        "ACH Identifier": "ACH-00022546",
        "Name": "Whalers Cove Stone Source",
        "Place Status": "Lodged",
        "Place Type": "Landscape / Seascape Feature; Quarry",
        "Region": "Southern",
        "Culturally Sensitive": "No",
        "Culturally Sensitive Nature": "No Gender / Initiation Restrictions",
        "Restricted Place": "No",
        "Boundary Reliable": "Yes",
        "Knowledge Holders": "*Registered Knowledge Holder names available from DPLH",
        "Legacy ID": "",
        "Boundary Last Update Date": "2007-12-27T15:00:00.0000000"
      },
      "geometry": {
        "type": "MultiPolygon",
        "coordinates": [
          [
            [
              [
                117.92760899600012,
                -35.05716684899994
              ],
              [
                117.92760229600003,
                -35.05716684899994
              ],
              [
                117.92759559600006,
                -35.05716664899995
              ],
              [
                117.92758889600009,
                -35.05716604899993
              ],
              [
                117.92758219600012,
                -35.05716524899998
              ],
              [
                117.92757559600011,
                -35.05716414899996
              ],
              [
                117.92756909600007,
                -35.05716284899995
              ],
              [
                117.92756259600003,
                -35.05716124899993
              ],
              [
                117.92755629600003,
                -35.05715934899996
              ],
              [
                117.92755009600012,
                -35.05715724899994
              ],
              [
                117.92754399600005,
                -35.05715494899994
              ],
              [
                117.92753799600007,
                -35.057152248999955
              ],
              [
                117.9275322960001,
                -35.05714944899995
              ],
              [
                117.92752669600009,
                -35.057146348999936
              ],
              [
                117.927521296,
                -35.05714304899993
              ],
              [
                117.92751609600009,
                -35.05713954899994
              ],
              [
                117.9275110960001,
                -35.05713584899996
              ],
              [
                117.92750629600005,
                -35.05713194899994
              ],
              [
                117.92750179600012,
                -35.05712784899998
              ],
              [
                117.92749749600011,
                -35.05712354899998
              ],
              [
                117.92749349600001,
                -35.05711914899996
              ],
              [
                117.92748969600007,
                -35.05711454899995
              ],
              [
                117.9274862960001,
                -35.05710974899995
              ],
              [
                117.92748309600006,
                -35.057104848999984
              ],
              [
                117.92748019600003,
                -35.05709984899994
              ],
              [
                117.9274776960001,
                -35.05709474899993
              ],
              [
                117.92747539600009,
                -35.057089548999954
              ],
              [
                117.9274733960001,
                -35.057084248999956
              ],
              [
                117.92747179600008,
                -35.05707894899996
              ],
              [
                117.92747049600007,
                -35.05707344899997
              ],
              [
                117.92746949600007,
                -35.05706794899993
              ],
              [
                117.92746879600008,
                -35.05706244899994
              ],
              [
                117.92746849600007,
                -35.05705694899996
              ],
              [
                117.92746849600007,
                -35.05705144899997
              ],
              [
                117.92746879600008,
                -35.05704584899996
              ],
              [
                117.92746949600007,
                -35.057040348999976
              ],
              [
                117.9274703960001,
                -35.057034948999956
              ],
              [
                117.92747179600008,
                -35.05702944899997
              ],
              [
                117.9274733960001,
                -35.05702414899997
              ],
              [
                117.92747529600001,
                -35.057018848999974
              ],
              [
                117.92747759600002,
                -35.05701364899994
              ],
              [
                117.92748019600003,
                -35.057008448999966
              ],
              [
                117.92748309600006,
                -35.05700344899998
              ],
              [
                117.92748619600002,
                -35.05699864899998
              ],
              [
                117.92748969600007,
                -35.05699384899998
              ],
              [
                117.92749339600005,
                -35.05698924899997
              ],
              [
                117.92749739600004,
                -35.056984848999946
              ],
              [
                117.92750169600004,
                -35.056980548999945
              ],
              [
                117.92750619600008,
                -35.05697644899993
              ],
              [
                117.92751099600002,
                -35.056972548999966
              ],
              [
                117.92751599600001,
                -35.056968748999964
              ],
              [
                117.92752119600004,
                -35.05696524899997
              ],
              [
                117.927526596,
                -35.05696194899997
              ],
              [
                117.92753219600002,
                -35.056958848999955
              ],
              [
                117.9275378960001,
                -35.05695604899995
              ],
              [
                117.92754389600009,
                -35.056953448999934
              ],
              [
                117.92754999600004,
                -35.05695104799997
              ],
              [
                117.92755619600007,
                -35.056948947999956
              ],
              [
                117.92756249600006,
                -35.056947047999984
              ],
              [
                117.9275689960001,
                -35.056945447999965
              ],
              [
                117.92757549600003,
                -35.05694414799996
              ],
              [
                117.92758209600004,
                -35.05694304799994
              ],
              [
                117.92758869600004,
                -35.056942247999984
              ],
              [
                117.92759539600002,
                -35.05694164799996
              ],
              [
                117.92760219600007,
                -35.056941447999975
              ],
              [
                117.92760889600004,
                -35.056941447999975
              ],
              [
                117.92761559600001,
                -35.05694164799996
              ],
              [
                117.9276222950001,
                -35.056942247999984
              ],
              [
                117.92762899500008,
                -35.05694304799994
              ],
              [
                117.92763559500008,
                -35.05694414799996
              ],
              [
                117.92764209500001,
                -35.056945447999965
              ],
              [
                117.92764859500005,
                -35.056947047999984
              ],
              [
                117.92765489500005,
                -35.056948947999956
              ],
              [
                117.92766109500008,
                -35.05695104799997
              ],
              [
                117.92766719500003,
                -35.05695334899997
              ],
              [
                117.92767309500005,
                -35.05695604899995
              ],
              [
                117.9276788950001,
                -35.056958848999955
              ],
              [
                117.92768449500011,
                -35.05696194899997
              ],
              [
                117.92768989500007,
                -35.05696524899997
              ],
              [
                117.9276950950001,
                -35.056968748999964
              ],
              [
                117.92770009500009,
                -35.05697244899994
              ],
              [
                117.92770489500003,
                -35.05697634899997
              ],
              [
                117.92770939500008,
                -35.05698044899998
              ],
              [
                117.92771369500008,
                -35.05698474899998
              ],
              [
                117.92771769500007,
                -35.056989148999946
              ],
              [
                117.92772139500005,
                -35.05699374899996
              ],
              [
                117.9277248950001,
                -35.05699854899996
              ],
              [
                117.92772809500002,
                -35.05700344899998
              ],
              [
                117.92773089500008,
                -35.057008448999966
              ],
              [
                117.9277334950001,
                -35.057013548999976
              ],
              [
                117.9277357950001,
                -35.05701874899995
              ],
              [
                117.92773769500002,
                -35.05702404899995
              ],
              [
                117.92773939500012,
                -35.05702934899995
              ],
              [
                117.92774069500001,
                -35.05703484899993
              ],
              [
                117.927741695,
                -35.057040248999954
              ],
              [
                117.92774239500011,
                -35.05704584899996
              ],
              [
                117.927742695,
                -35.05705134899995
              ],
              [
                117.927742695,
                -35.057056848999935
              ],
              [
                117.92774239500011,
                -35.05706234899998
              ],
              [
                117.927741695,
                -35.05706794899993
              ],
              [
                117.92774069500001,
                -35.05707334899995
              ],
              [
                117.92773939500012,
                -35.057078848999936
              ],
              [
                117.9277377950001,
                -35.057084148999934
              ],
              [
                117.9277357950001,
                -35.05708944899993
              ],
              [
                117.92773359500006,
                -35.057094648999964
              ],
              [
                117.92773099500005,
                -35.05709984899994
              ],
              [
                117.92772809500002,
                -35.057104848999984
              ],
              [
                117.9277248950001,
                -35.05710964899998
              ],
              [
                117.92772149500001,
                -35.05711444899998
              ],
              [
                117.92771769500007,
                -35.05711904899994
              ],
              [
                117.92771369500008,
                -35.05712344899996
              ],
              [
                117.92770949500004,
                -35.05712774899996
              ],
              [
                117.92770499500011,
                -35.05713184899997
              ],
              [
                117.92770019500006,
                -35.05713574899994
              ],
              [
                117.92769519500007,
                -35.05713954899994
              ],
              [
                117.92768999500004,
                -35.05714304899993
              ],
              [
                117.92768459500007,
                -35.057146348999936
              ],
              [
                117.92767899500006,
                -35.05714934899993
              ],
              [
                117.92767319500001,
                -35.057152248999955
              ],
              [
                117.9276672950001,
                -35.05715484899997
              ],
              [
                117.92766119500004,
                -35.05715724899994
              ],
              [
                117.92765499500001,
                -35.05715934899996
              ],
              [
                117.92764869500002,
                -35.05716124899993
              ],
              [
                117.92764219600008,
                -35.05716284899995
              ],
              [
                117.92763569600004,
                -35.05716414899996
              ],
              [
                117.92762909600003,
                -35.05716524899998
              ],
              [
                117.92762239600006,
                -35.05716604899993
              ],
              [
                117.92761569600009,
                -35.05716664899995
              ],
              [
                117.92760899600012,
                -35.05716684899994
              ]
            ]
          ]
        ]
      }
    },
    {
      "type": "Feature",
      "properties": {
        "geometry": "Geocortex.Gis.Geometries.Polygon",
        "ID": 22547,
        "ACH Identifier": "ACH-00022547",
        "Name": "Whalers Cove Grindstone",
        "Place Status": "Lodged",
        "Place Type": "Grinding areas / Grooves",
        "Region": "Southern",
        "Culturally Sensitive": "No",
        "Culturally Sensitive Nature": "No Gender / Initiation Restrictions",
        "Restricted Place": "No",
        "Boundary Reliable": "Yes",
        "Knowledge Holders": "*Registered Knowledge Holder names available from DPLH",
        "Legacy ID": "",
        "Boundary Last Update Date": "2007-12-27T15:00:00.0000000"
      },
      "geometry": {
        "type": "MultiPolygon",
        "coordinates": [
          [
            [
              [
                117.92351441100004,
                -35.05453364199997
              ],
              [
                117.92323661300009,
                -35.05453564199996
              ],
              [
                117.92322941300006,
                -35.05453534199995
              ],
              [
                117.92322231300011,
                -35.054534641999965
              ],
              [
                117.92321521300005,
                -35.054533541999945
              ],
              [
                117.92320831300003,
                -35.05453204199995
              ],
              [
                117.9232015130001,
                -35.05453024199994
              ],
              [
                117.923194813,
                -35.054527941999936
              ],
              [
                117.92318841300005,
                -35.05452544199994
              ],
              [
                117.92318211300005,
                -35.05452254199997
              ],
              [
                117.92317611300007,
                -35.05451924199997
              ],
              [
                117.9231704130001,
                -35.05451574199998
              ],
              [
                117.92316491300005,
                -35.054511841999954
              ],
              [
                117.9231598130001,
                -35.05450774199994
              ],
              [
                117.92315501300004,
                -35.054503341999975
              ],
              [
                117.92315061300008,
                -35.05449864199994
              ],
              [
                117.92314661300009,
                -35.05449374199998
              ],
              [
                117.9231429130001,
                -35.05448874199993
              ],
              [
                117.92313971300007,
                -35.054483441999935
              ],
              [
                117.923136913,
                -35.05447794199995
              ],
              [
                117.92313451300004,
                -35.05447244199996
              ],
              [
                117.923132613,
                -35.05446674199993
              ],
              [
                117.92313121300003,
                -35.054460941999935
              ],
              [
                117.92313021300004,
                -35.05445514199994
              ],
              [
                117.92312961300001,
                -35.054449241999976
              ],
              [
                117.92312551000009,
                -35.05408264199997
              ],
              [
                117.92312591000007,
                -35.05407674199995
              ],
              [
                117.9231268100001,
                -35.05407094199995
              ],
              [
                117.9231281100001,
                -35.054065141999956
              ],
              [
                117.92312990900007,
                -35.05405934199996
              ],
              [
                117.92313220900007,
                -35.05405374199995
              ],
              [
                117.92313490900005,
                -35.05404834199993
              ],
              [
                117.92313800900001,
                -35.05404304199993
              ],
              [
                117.92314150900006,
                -35.05403784199996
              ],
              [
                117.92314550900005,
                -35.054032941999935
              ],
              [
                117.92314980900005,
                -35.05402824199996
              ],
              [
                117.92315450900003,
                -35.05402374199997
              ],
              [
                117.92315950900002,
                -35.054019541999935
              ],
              [
                117.92316490900009,
                -35.05401564199997
              ],
              [
                117.9231705090001,
                -35.05401194199993
              ],
              [
                117.923176409,
                -35.05400864199993
              ],
              [
                117.92318260900004,
                -35.054005641999936
              ],
              [
                117.92318900900011,
                -35.054002941999954
              ],
              [
                117.92319570900008,
                -35.05400064199995
              ],
              [
                117.92320240900006,
                -35.053998742999966
              ],
              [
                117.92320940900004,
                -35.05399714299995
              ],
              [
                117.92321640900002,
                -35.05399594299996
              ],
              [
                117.92322350900008,
                -35.05399514299995
              ],
              [
                117.923230708,
                -35.053994742999976
              ],
              [
                117.92323420800005,
                -35.05399464299995
              ],
              [
                117.92350830700002,
                -35.053992542999936
              ],
              [
                117.92351190700003,
                -35.053992542999936
              ],
              [
                117.92351910700006,
                -35.05399294299997
              ],
              [
                117.923526207,
                -35.053993642999956
              ],
              [
                117.92353330700007,
                -35.053994742999976
              ],
              [
                117.92354020700009,
                -35.05399624299997
              ],
              [
                117.9235471070001,
                -35.05399804299998
              ],
              [
                117.92355370700011,
                -35.05400024299996
              ],
              [
                117.92356020700004,
                -35.05400284299998
              ],
              [
                117.92356640700007,
                -35.05400574299995
              ],
              [
                117.92357240700005,
                -35.05400894299993
              ],
              [
                117.9235782070001,
                -35.05401254299994
              ],
              [
                117.92358360700007,
                -35.054016342999944
              ],
              [
                117.92358870700002,
                -35.05402054299998
              ],
              [
                117.92359350700008,
                -35.054024942999945
              ],
              [
                117.92359790700004,
                -35.054029542999956
              ],
              [
                117.92360200700011,
                -35.05403444299998
              ],
              [
                117.92360560700001,
                -35.05403954299993
              ],
              [
                117.92360880700005,
                -35.05404484299993
              ],
              [
                117.92361160700011,
                -35.05405024299995
              ],
              [
                117.92361400700008,
                -35.05405584299996
              ],
              [
                117.92361590700011,
                -35.05406154299993
              ],
              [
                117.92361740700005,
                -35.05406734299993
              ],
              [
                117.92361840700005,
                -35.05407314299998
              ],
              [
                117.9236189070001,
                -35.054079042999945
              ],
              [
                117.92362301000003,
                -35.05444554199994
              ],
              [
                117.92362261000005,
                -35.05445144199996
              ],
              [
                117.9236218100001,
                -35.05445734199998
              ],
              [
                117.92362041000001,
                -35.054463141999975
              ],
              [
                117.92361861000006,
                -35.05446884199995
              ],
              [
                117.92361641000002,
                -35.05447444199996
              ],
              [
                117.92361371000004,
                -35.05447994199994
              ],
              [
                117.92361061100007,
                -35.05448524199994
              ],
              [
                117.92360701100006,
                -35.05449034199995
              ],
              [
                117.92360311100003,
                -35.05449534199994
              ],
              [
                117.92359881100003,
                -35.05450004199997
              ],
              [
                117.92359411100006,
                -35.05450454199996
              ],
              [
                117.9235890110001,
                -35.05450874199994
              ],
              [
                117.9235837110001,
                -35.05451264199996
              ],
              [
                117.92357801100002,
                -35.05451624199998
              ],
              [
                117.92357211100011,
                -35.054519641999946
              ],
              [
                117.92356591100008,
                -35.05452264199994
              ],
              [
                117.923559511,
                -35.054525241999954
              ],
              [
                117.92355291100012,
                -35.05452754199996
              ],
              [
                117.92354611100006,
                -35.054529541999955
              ],
              [
                117.92353921100005,
                -35.05453104199995
              ],
              [
                117.92353221100007,
                -35.05453224199994
              ],
              [
                117.92352501100004,
                -35.05453314199997
              ],
              [
                117.92351791100009,
                -35.054533541999945
              ],
              [
                117.92351441100004,
                -35.05453364199997
              ]
            ]
          ]
        ]
      }
    },
    {
      "type": "Feature",
      "properties": {
        "geometry": "Geocortex.Gis.Geometries.Polygon",
        "ID": 31851,
        "ACH Identifier": "ACH-00031851",
        "Name": "Quranup Gate",
        "Place Status": "Lodged",
        "Place Type": "Artefacts / Scatter; Traditional Structure",
        "Region": "Southern",
        "Culturally Sensitive": "No",
        "Culturally Sensitive Nature": "No Gender / Initiation Restrictions",
        "Restricted Place": "No",
        "Boundary Reliable": "Yes",
        "Knowledge Holders": "*Registered Knowledge Holder names available from DPLH",
        "Legacy ID": "",
        "Boundary Last Update Date": "2012-05-20T16:00:00.0000000"
      },
      "geometry": {
        "type": "MultiPolygon",
        "coordinates": [
          [
            [
              [
                117.92332077000003,
                -35.05730324999996
              ],
              [
                117.92306349700004,
                -35.05782819399997
              ],
              [
                117.92214762900005,
                -35.05732119099997
              ],
              [
                117.9223638840001,
                -35.057049036999956
              ],
              [
                117.92332077000003,
                -35.05730324999996
              ]
            ]
          ]
        ]
      }
    },
    {
      "type": "Feature",
      "properties": {
        "geometry": "Geocortex.Gis.Geometries.Polygon",
        "ID": 32790,
        "ACH Identifier": "ACH-00032790",
        "Name": "Quaranup Heritage Complex",
        "Place Status": "Lodged",
        "Place Type": "Artefacts / Scatter; Ritual / Ceremonial; Engraving; Grinding areas / Grooves; Hunting Place; Other; Plant Resource; Quarry; Rock Shelter; Water Source",
        "Region": "Southern",
        "Culturally Sensitive": "No",
        "Culturally Sensitive Nature": "No Gender / Initiation Restrictions",
        "Restricted Place": "No",
        "Boundary Reliable": "Yes",
        "Knowledge Holders": "*Registered Knowledge Holder names available from DPLH",
        "Legacy ID": "",
        "Boundary Last Update Date": "2016-06-14T16:00:00.0000000"
      },
      "geometry": {
        "type": "MultiPolygon",
        "coordinates": [
          [
            [
              [
                117.92354306000004,
                -35.053412152999954
              ],
              [
                117.92617650400007,
                -35.05651795999995
              ],
              [
                117.92762920700011,
                -35.056418409999935
              ],
              [
                117.93265628600011,
                -35.05477635799997
              ],
              [
                117.93881176500008,
                -35.05803610399994
              ],
              [
                117.94050827700005,
                -35.06143040799998
              ],
              [
                117.94684158200005,
                -35.06102035199996
              ],
              [
                117.94834026500007,
                -35.062030876999984
              ],
              [
                117.947174431,
                -35.06240077299998
              ],
              [
                117.94400320800003,
                -35.06432965199997
              ],
              [
                117.940610375,
                -35.06395513199993
              ],
              [
                117.93923500300002,
                -35.06306381799993
              ],
              [
                117.92004334500007,
                -35.06248934299998
              ],
              [
                117.9192873720001,
                -35.06029025299995
              ],
              [
                117.91453649100004,
                -35.055524770999966
              ],
              [
                117.91155090500001,
                -35.05388539099994
              ],
              [
                117.9104168880001,
                -35.05431597499995
              ],
              [
                117.90976511100007,
                -35.053397609999934
              ],
              [
                117.911728691,
                -35.052565114999936
              ],
              [
                117.91360456000007,
                -35.04962294699993
              ],
              [
                117.91570441200008,
                -35.04951477999998
              ],
              [
                117.91538964500012,
                -35.04430734299996
              ],
              [
                117.91236723500003,
                -35.04220662399996
              ],
              [
                117.91274240500002,
                -35.04133329899997
              ],
              [
                117.91794907700012,
                -35.03942110599996
              ],
              [
                117.92057673800002,
                -35.04064099499993
              ],
              [
                117.92312102100004,
                -35.042995754999936
              ],
              [
                117.91933663000009,
                -35.04446213499995
              ],
              [
                117.91923431400005,
                -35.05107079499993
              ],
              [
                117.92136208300008,
                -35.05201747399997
              ],
              [
                117.92354306000004,
                -35.053412152999954
              ]
            ]
          ]
        ]
      }
    },
    {
      "type": "Feature",
      "properties": {
        "geometry": "Geocortex.Gis.Geometries.Polygon",
        "ID": 37675,
        "ACH Identifier": "ACH-00037675",
        "Name": "Narinyup (Collett Barker 1831) or Naaranyirrup - now known as Lake Vancouver",
        "Place Status": "Lodged",
        "Place Type": "Burial; Artefacts / Scatter; Ritual / Ceremonial; Creation / Dreaming Narrative",
        "Region": "Southern",
        "Culturally Sensitive": "No",
        "Culturally Sensitive Nature": "",
        "Restricted Place": "No",
        "Boundary Reliable": "Yes",
        "Knowledge Holders": "*Registered Knowledge Holder names available from DPLH",
        "Legacy ID": "",
        "Boundary Last Update Date": "2018-07-29T16:00:00.0000000"
      },
      "geometry": {
        "type": "MultiPolygon",
        "coordinates": [
          [
            [
              [
                117.93540959800009,
                -35.08493962799997
              ],
              [
                117.93523758700007,
                -35.085261437999975
              ],
              [
                117.93481728800009,
                -35.085709074999954
              ],
              [
                117.93493172900003,
                -35.08573188799994
              ],
              [
                117.93443107600001,
                -35.08606491599994
              ],
              [
                117.93434399800003,
                -35.08595581099996
              ],
              [
                117.93424832500011,
                -35.085835938999935
              ],
              [
                117.93406124900002,
                -35.085603281999965
              ],
              [
                117.93381376900004,
                -35.08541773699994
              ],
              [
                117.93361242900005,
                -35.08532338099997
              ],
              [
                117.93322167800011,
                -35.08517563199996
              ],
              [
                117.93303033400002,
                -35.08503093599995
              ],
              [
                117.93295755500003,
                -35.08497413799995
              ],
              [
                117.932754724,
                -35.08485971699997
              ],
              [
                117.93253567500005,
                -35.084643179999944
              ],
              [
                117.93234186400002,
                -35.08436745999995
              ],
              [
                117.93226002100005,
                -35.08418915899995
              ],
              [
                117.93220248400007,
                -35.08407046199994
              ],
              [
                117.93218372600006,
                -35.08397033299997
              ],
              [
                117.93218471800003,
                -35.08393677099997
              ],
              [
                117.93220034700005,
                -35.083408289999966
              ],
              [
                117.93226089500001,
                -35.08325202699996
              ],
              [
                117.93237464000003,
                -35.083106749999956
              ],
              [
                117.93257004500003,
                -35.08294865299996
              ],
              [
                117.93278778400008,
                -35.082822033999946
              ],
              [
                117.93312559000003,
                -35.082675638999945
              ],
              [
                117.93341260500006,
                -35.082614658999944
              ],
              [
                117.93386686800011,
                -35.08256327599997
              ],
              [
                117.9342849950001,
                -35.08261212399998
              ],
              [
                117.93453009500001,
                -35.082678105999946
              ],
              [
                117.93475999200007,
                -35.08278223099995
              ],
              [
                117.93497706300002,
                -35.08288860499994
              ],
              [
                117.93514492000008,
                -35.083017808999955
              ],
              [
                117.93523612800004,
                -35.08314190799996
              ],
              [
                117.93534298600002,
                -35.08348548199996
              ],
              [
                117.93553066700008,
                -35.083753541999954
              ],
              [
                117.935594594,
                -35.08384713999993
              ],
              [
                117.93567587700011,
                -35.08402184299996
              ],
              [
                117.935709341,
                -35.08416830799996
              ],
              [
                117.93571493600007,
                -35.084287797999934
              ],
              [
                117.93570886900011,
                -35.08431436899997
              ],
              [
                117.93580370200004,
                -35.08437908299993
              ],
              [
                117.93612887600011,
                -35.08457936099995
              ],
              [
                117.93667707500003,
                -35.08493000699997
              ],
              [
                117.93662654500008,
                -35.08527036399994
              ],
              [
                117.93627679200006,
                -35.08514184899997
              ],
              [
                117.93604729600008,
                -35.08506011999998
              ],
              [
                117.93590735300006,
                -35.08501096699996
              ],
              [
                117.93576278300009,
                -35.08495886399993
              ],
              [
                117.9355769980001,
                -35.08489190699993
              ],
              [
                117.93540959800009,
                -35.08493962799997
              ]
            ]
          ]
        ]
      }
    }
  ]
}
