{
"type": "FeatureCollection",
"name": "albany",
"features": [
{ "type": "Feature", "properties": { "id": 96997, "poly_area": 0.08435248, "capture_sc": "10000", "orthophoto": "ALBANY FEB 2016", "comments": "NATIVE VEGETATION", "st_area_sh": 8.3366585e-08, "st_perimet": 0.001231688616694 }, "geometry": { "type": "MultiPolygon", "coordinates": [ [ [ [ 117.867244134000089, -35.076770599999975 ], [ 117.867506330000083, -35.076864160999946 ], [ 117.867416500000104, -35.077023633999943 ], [ 117.867416029000083, -35.077023636999968 ], [ 117.867288810000105, -35.077059511999948 ], [ 117.867018999000038, -35.077061441999945 ], [ 117.867244134000089, -35.076770599999975 ] ] ] ] } },
{ "type": "Feature", "properties": { "id": 96452, "poly_area": 3826.2165765200002, "capture_sc": "10000", "orthophoto": "ALBANY FEB 2016", "comments": "NATIVE VEGETATION", "st_area_sh": 0.0037804804525310002, "st_perimet": 0.916822191506386 }, "geometry": { "type": "MultiPolygon", "coordinates": [ [ [ [ 117.852099524000096, -35.056482374999973 ], [ 117.850403644000039, -35.057218832999979 ], [ 117.850296400000047, -35.057260904999964 ], [ 117.850252607000016, -35.05722364099995 ], [ 117.850663662000102, -35.057023824999931 ], [ 117.852034156000059, -35.056389447999948 ], [ 117.852099524000096, -35.056482374999973 ] ] ], [ [ [ 117.853128306000031, -35.064475692999963 ], [ 117.853480200000035, -35.064662682999938 ], [ 117.853542870000069, -35.064366700999983 ], [ 117.853725854000118, -35.06438931699995 ], [ 117.853890534000016, -35.064776843999937 ], [ 117.853296666, -35.064920887999961 ], [ 117.853128992000052, -35.064743068999974 ], [ 117.853128306000031, -35.064475692999963 ] ] ], [ [ [ 117.820645273000082, -35.051520250999943 ], [ 117.820023288000016, -35.052301315999955 ], [ 117.816322918000083, -35.053854108999928 ], [ 117.815611, -35.054067664446372 ], [ 117.815611, -35.050944 ], [ 117.820712852814353, -35.050944 ], [ 117.820645273000082, -35.051520250999943 ] ] ], [ [ [ 117.81839599400007, -35.053322226999967 ], [ 117.82043289, -35.05232443999995 ], [ 117.82097413200006, -35.051651958999969 ], [ 117.821003187000088, -35.054553815999952 ], [ 117.821004944000038, -35.054729282999972 ], [ 117.821525099000041, -35.055653498999959 ], [ 117.82149396300008, -35.055864490999966 ], [ 117.821307341000079, -35.055875352999976 ], [ 117.821227767000096, -35.05608701999995 ], [ 117.821264700000029, -35.056278702999975 ], [ 117.821428367000067, -35.056306383999981 ], [ 117.821533204000048, -35.056286479999983 ], [ 117.821542492000049, -35.056073586999958 ], [ 117.82692790100009, -35.056566489999966 ], [ 117.828974412000093, -35.056974766999929 ], [ 117.829792672000053, -35.057103521999977 ], [ 117.829653153000095, -35.055723228999966 ], [ 117.831322665000016, -35.055715815999974 ], [ 117.83165099900009, -35.055706265999959 ], [ 117.831616237000048, -35.055779495999957 ], [ 117.831545969000103, -35.055852968999943 ], [ 117.831395819000022, -35.055926989999932 ], [ 117.831247518000055, -35.056183476999934 ], [ 117.831329896000057, -35.056427993999932 ], [ 117.831191455000067, -35.056782392999935 ], [ 117.830883235000101, -35.057025377999935 ], [ 117.830626421000034, -35.057085530999984 ], [ 117.831654946000072, -35.057844890999945 ], [ 117.831957179000028, -35.057886611999947 ], [ 117.832194168000115, -35.05762221599997 ], [ 117.83244210600003, -35.057562119999943 ], [ 117.833106163000025, -35.057558203999974 ], [ 117.833461525000075, -35.057423731999961 ], [ 117.833664648000081, -35.05709122899998 ], [ 117.834918944000037, -35.05671298599998 ], [ 117.835253779000027, -35.056469807999974 ], [ 117.835379109000087, -35.055702532999931 ], [ 117.835991621000062, -35.055705610999951 ], [ 117.836116851000043, -35.055799635999961 ], [ 117.836192624000091, -35.056266259999973 ], [ 117.836395878000076, -35.056177267999942 ], [ 117.837571325000113, -35.055739870999957 ], [ 117.838850465000064, -35.055755919999967 ], [ 117.839001301000053, -35.055757812999957 ], [ 117.839001025000016, -35.055753789999983 ], [ 117.839453898000102, -35.055747379999957 ], [ 117.843938929000046, -35.055723367999974 ], [ 117.845666332000064, -35.05574220699998 ], [ 117.84649232400011, -35.055736443999933 ], [ 117.846492643000033, -35.055767316999948 ], [ 117.84638032600003, -35.055798976999938 ], [ 117.846231420000095, -35.055923518999975 ], [ 117.846194513000114, -35.05598552899994 ], [ 117.846194831000048, -35.056016401999955 ], [ 117.846457649000058, -35.056014566999977 ], [ 117.846646012000065, -35.056075003999979 ], [ 117.846647288000099, -35.056198497999958 ], [ 117.846460199000035, -35.056261555999981 ], [ 117.846160155, -35.056294525999931 ], [ 117.845291835000012, -35.055837445999941 ], [ 117.845180473000028, -35.055961724999975 ], [ 117.845031566000102, -35.056086264999976 ], [ 117.843711628000051, -35.056693460999952 ], [ 117.843263379000064, -35.057038365999972 ], [ 117.838620604000084, -35.059856878999938 ], [ 117.84027337100008, -35.05977113299997 ], [ 117.840898843000105, -35.059511327999928 ], [ 117.845376797000085, -35.056794000999957 ], [ 117.84537552300003, -35.056670506999978 ], [ 117.845412431000113, -35.056608496999957 ], [ 117.845486886000117, -35.056546226999956 ], [ 117.845674613000028, -35.056544917999929 ], [ 117.845788206000066, -35.056636752999964 ], [ 117.84578948, -35.056760246999943 ], [ 117.845640253000056, -35.05685391399993 ], [ 117.845530801000109, -35.057163435999939 ], [ 117.846056761000114, -35.057190641999966 ], [ 117.846650795000073, -35.056538105999948 ], [ 117.846988385000031, -35.056504872999938 ], [ 117.846430305000013, -35.057002780999937 ], [ 117.846467850000067, -35.05700251899998 ], [ 117.84646753200002, -35.056971644999976 ], [ 117.846542304000081, -35.056940246999943 ], [ 117.846617395000067, -35.056939722999971 ], [ 117.846729714000048, -35.05690806399997 ], [ 117.847180261000062, -35.05690491699994 ], [ 117.847367351000116, -35.056841857999984 ], [ 117.847479030000045, -35.05674844999993 ], [ 117.847628574000055, -35.056685652999931 ], [ 117.847740252000108, -35.056592244999933 ], [ 117.848001473000068, -35.056436040999984 ], [ 117.848112832000083, -35.056311757999936 ], [ 117.848261735000051, -35.056187213999976 ], [ 117.848260776000075, -35.056094593999944 ], [ 117.848185048000119, -35.056033372999934 ], [ 117.847846502000039, -35.055973987999948 ], [ 117.847618996000051, -35.055759448999936 ], [ 117.848031992000074, -35.055756560999953 ], [ 117.851260868000054, -35.055733936999957 ], [ 117.851449810000076, -35.05587135899998 ], [ 117.851848903000018, -35.056302209999956 ], [ 117.850147932000027, -35.057211911999957 ], [ 117.849772329000075, -35.057334710999953 ], [ 117.849731813000062, -35.057428319999929 ], [ 117.849528992000046, -35.05739585699996 ], [ 117.849240555000051, -35.057464748999962 ], [ 117.849033436000013, -35.057533069999977 ], [ 117.848798559000102, -35.057644649999929 ], [ 117.848713881000094, -35.057680208999955 ], [ 117.848629567000103, -35.057750730999942 ], [ 117.848544528000048, -35.057751325999959 ], [ 117.848422726000081, -35.057893992999936 ], [ 117.848369667000043, -35.058005815999934 ], [ 117.848370437000085, -35.058080111999971 ], [ 117.847775715000012, -35.05824030499997 ], [ 117.847909282000046, -35.058922944999949 ], [ 117.848344355000108, -35.058829204999938 ], [ 117.848545534000095, -35.059282570999983 ], [ 117.848641890000067, -35.059861447999936 ], [ 117.84950209200008, -35.059719168999948 ], [ 117.84958004900011, -35.05970627499994 ], [ 117.850644316000057, -35.059513058999983 ], [ 117.851086440000017, -35.05945051499998 ], [ 117.850636696000038, -35.057908200999975 ], [ 117.850476307, -35.057956505999982 ], [ 117.85048517700011, -35.058109877999982 ], [ 117.849961664000034, -35.058165559999964 ], [ 117.849914562000095, -35.057965931999945 ], [ 117.849941591000061, -35.057972516999939 ], [ 117.850320304000093, -35.057895559999963 ], [ 117.850435297000104, -35.057656988999952 ], [ 117.850535148000063, -35.057829921999939 ], [ 117.850653456000032, -35.057781770999952 ], [ 117.850560558000097, -35.057537227999944 ], [ 117.850208874000032, -35.057606564999958 ], [ 117.850134974000071, -35.05745105099993 ], [ 117.850198618000036, -35.057422436999957 ], [ 117.850810153000111, -35.057208549999984 ], [ 117.852159165000103, -35.056567160999975 ], [ 117.852933089000089, -35.057667352999943 ], [ 117.853140422000024, -35.059549308999976 ], [ 117.853103517000022, -35.059611319999931 ], [ 117.852991198000041, -35.059642985999972 ], [ 117.85231920800004, -35.060018218999971 ], [ 117.852320171000088, -35.060110839999936 ], [ 117.852358682000045, -35.060203195999975 ], [ 117.852434739000046, -35.060295288999953 ], [ 117.85254834400007, -35.060387116999948 ], [ 117.852661306000073, -35.060417196999936 ], [ 117.852811496000072, -35.060416140999962 ], [ 117.853072719000011, -35.060259924999968 ], [ 117.853365782000083, -35.060125796999955 ], [ 117.853689640000084, -35.060954229999936 ], [ 117.854073396000103, -35.062599427999942 ], [ 117.854597101000081, -35.06327543499998 ], [ 117.85495702500009, -35.064086032999967 ], [ 117.852952747000018, -35.064135133999969 ], [ 117.852891454000087, -35.064491157999953 ], [ 117.852218321, -35.06518925499995 ], [ 117.85198334800009, -35.064648749999947 ], [ 117.852555214000063, -35.064503296999931 ], [ 117.852722432000064, -35.064042466999979 ], [ 117.852048766000053, -35.064047202999973 ], [ 117.85153178500002, -35.063956546999975 ], [ 117.851017866, -35.064160517999937 ], [ 117.851391391000107, -35.064240398999971 ], [ 117.851536071000055, -35.06436902799993 ], [ 117.851122362000069, -35.064560508999932 ], [ 117.851614598000083, -35.065028492999943 ], [ 117.851828376000071, -35.064909130999979 ], [ 117.85219259500002, -35.065472298999964 ], [ 117.852850067000077, -35.066052725999953 ], [ 117.852598189000105, -35.068682016999958 ], [ 117.850424152000073, -35.068642395999973 ], [ 117.850392657000043, -35.067420599999934 ], [ 117.850154290000091, -35.067227933999959 ], [ 117.850091364000036, -35.067265558999964 ], [ 117.849970491000022, -35.066831505999971 ], [ 117.849952958000017, -35.066821774999937 ], [ 117.849968159000014, -35.066800238999974 ], [ 117.850112973000023, -35.066748003999976 ], [ 117.850325290000114, -35.066487222999967 ], [ 117.850423547000105, -35.066286171999934 ], [ 117.850807988000042, -35.066035967999937 ], [ 117.85117931700006, -35.065903714999934 ], [ 117.851577231000078, -35.065570911999941 ], [ 117.851374601000089, -35.065383758999928 ], [ 117.850743550000061, -35.065535886999953 ], [ 117.850949489000072, -35.065858183999978 ], [ 117.850365112000077, -35.066180506999956 ], [ 117.850290752000092, -35.06592173699994 ], [ 117.850041170000054, -35.065880533999973 ], [ 117.849754540000049, -35.06535976899994 ], [ 117.849881586000038, -35.065170300999966 ], [ 117.850325192000014, -35.065096473999972 ], [ 117.850414886000067, -35.064070461999961 ], [ 117.848995517000048, -35.064045052999973 ], [ 117.848165036000069, -35.064133368999933 ], [ 117.848137589000089, -35.064251419999948 ], [ 117.849943474000042, -35.064226986999984 ], [ 117.850216787000022, -35.064319357999977 ], [ 117.850152334000086, -35.065015183999947 ], [ 117.84986578500002, -35.065028980999955 ], [ 117.849680428000056, -35.065124567999931 ], [ 117.849467868000033, -35.065361777999954 ], [ 117.849838004000048, -35.06584699299998 ], [ 117.849456160000045, -35.065783952999936 ], [ 117.848695563000092, -35.065532190999932 ], [ 117.844996830000014, -35.065455743999962 ], [ 117.844821352000054, -35.065158527999984 ], [ 117.844823777000101, -35.064003480999929 ], [ 117.844908928000109, -35.06392038499996 ], [ 117.844995901000061, -35.06401406699996 ], [ 117.845396992000019, -35.063987698999938 ], [ 117.845349737000106, -35.063575516999947 ], [ 117.844849164000038, -35.06368508099996 ], [ 117.844451350000099, -35.064029646999984 ], [ 117.844437621000111, -35.065479423999932 ], [ 117.844785641000044, -35.065865938999934 ], [ 117.844675344000052, -35.066291004999982 ], [ 117.8447640710001, -35.066266389999953 ], [ 117.844747609000024, -35.066294042999971 ], [ 117.846754557000054, -35.066085701999953 ], [ 117.847588870000095, -35.066299776999983 ], [ 117.847816147000117, -35.066434082999933 ], [ 117.848823173000028, -35.06678061599996 ], [ 117.849383415000034, -35.066894550999962 ], [ 117.84978598400005, -35.067009589999941 ], [ 117.849832164000077, -35.067315702999963 ], [ 117.849887089000049, -35.067387701999962 ], [ 117.849880229000064, -35.067391803999953 ], [ 117.849978435000025, -35.067831095999964 ], [ 117.849551897000083, -35.069920499999967 ], [ 117.849904201000072, -35.070139400999949 ], [ 117.850039251000112, -35.07022331099995 ], [ 117.850210301000061, -35.070601343999954 ], [ 117.851333537000073, -35.07108846899996 ], [ 117.852180135000026, -35.071165021999946 ], [ 117.853701812000054, -35.071366459999979 ], [ 117.853790645000117, -35.071636910999985 ], [ 117.854367598000067, -35.071974637999972 ], [ 117.854782690000093, -35.071912782999959 ], [ 117.855311104000066, -35.071720478999964 ], [ 117.855951730000015, -35.071291661999965 ], [ 117.856362750000017, -35.070840892999968 ], [ 117.857289188000095, -35.070327547999966 ], [ 117.857122084000025, -35.072167337999929 ], [ 117.857010736, -35.072486345999948 ], [ 117.857244411000011, -35.072897200999932 ], [ 117.857297637000102, -35.075242226999933 ], [ 117.857428285000083, -35.075217626999972 ], [ 117.857424116000061, -35.075789834999966 ], [ 117.857421873000021, -35.077807464999978 ], [ 117.857308946000103, -35.084879513999965 ], [ 117.857445902000109, -35.089308072999984 ], [ 117.857001393000019, -35.089133574999948 ], [ 117.856788180000081, -35.089049873999954 ], [ 117.855682536000018, -35.088486072999956 ], [ 117.855580276000069, -35.088433926999983 ], [ 117.854297087000077, -35.089067460999956 ], [ 117.853558996000061, -35.089450254999974 ], [ 117.851898958000106, -35.08993116299996 ], [ 117.851709354000036, -35.089986089999968 ], [ 117.851342563000117, -35.090395304999959 ], [ 117.850624978000042, -35.091053870999929 ], [ 117.850211561000037, -35.091277228999957 ], [ 117.85008029200003, -35.091348148999941 ], [ 117.849539518000029, -35.092019990999972 ], [ 117.848317387000066, -35.093276137999965 ], [ 117.848307761000115, -35.093268358999978 ], [ 117.848156871000015, -35.093207664999966 ], [ 117.848042905000057, -35.093084960999931 ], [ 117.84766408400003, -35.092778858999964 ], [ 117.847549480000112, -35.092594408999958 ], [ 117.847169705000056, -35.092195685999968 ], [ 117.846980937000012, -35.092104379999967 ], [ 117.846791531, -35.091951326999947 ], [ 117.846562968000057, -35.091644170999984 ], [ 117.846221083000046, -35.09127605599997 ], [ 117.844299076000084, -35.090671956999984 ], [ 117.844261514000095, -35.090672217999952 ], [ 117.844223316000011, -35.090610732999949 ], [ 117.844222998000077, -35.090579859999934 ], [ 117.844033283000044, -35.090395930999932 ], [ 117.843542126000102, -35.090121472999954 ], [ 117.843465414000093, -35.089967630999979 ], [ 117.84320057900004, -35.089784221999935 ], [ 117.842407990000083, -35.089419230999965 ], [ 117.842331916000035, -35.089327133999973 ], [ 117.842105599000092, -35.089236081999957 ], [ 117.841878966000081, -35.089114154999947 ], [ 117.841236314000071, -35.088717238999948 ], [ 117.841047561000096, -35.088625923999984 ], [ 117.840933928000027, -35.088534086999971 ], [ 117.840519180000115, -35.088382586999955 ], [ 117.840179238000019, -35.088199692999979 ], [ 117.839916317000075, -35.08820151599997 ], [ 117.83972725000001, -35.088079324999967 ], [ 117.839500623000049, -35.087957392999954 ], [ 117.839311241000019, -35.087804329999983 ], [ 117.839307446000021, -35.087433851999947 ], [ 117.838853567000115, -35.087128241999949 ], [ 117.838173386000108, -35.086731569999984 ], [ 117.837834087000033, -35.086610413999949 ], [ 117.837682902000097, -35.086518833999946 ], [ 117.83726785500005, -35.086336450999966 ], [ 117.836816197000076, -35.086246943999981 ], [ 117.83681588200011, -35.086216070999967 ], [ 117.836702888000104, -35.086185975999967 ], [ 117.836402098, -35.086157176999961 ], [ 117.836251861000051, -35.086158213999965 ], [ 117.835723827000038, -35.085945729999935 ], [ 117.835572331000094, -35.085823273999949 ], [ 117.835420206000094, -35.085639069999957 ], [ 117.835419262000073, -35.085546450999971 ], [ 117.83485367500009, -35.085334220999982 ], [ 117.834702181000011, -35.085211762999961 ], [ 117.834589505000054, -35.08521253999993 ], [ 117.83440108100001, -35.085152086999983 ], [ 117.834175414000015, -35.085122764999937 ], [ 117.833722508000051, -35.084909753999966 ], [ 117.83353377100002, -35.08481842599997 ], [ 117.833344405000048, -35.084665350999956 ], [ 117.833042365000097, -35.084513049999941 ], [ 117.832853001000103, -35.084359974999984 ], [ 117.83239978600011, -35.084116083999959 ], [ 117.832022319000089, -35.083933422999962 ], [ 117.831757842000115, -35.083780861999969 ], [ 117.831343760000095, -35.083691076999969 ], [ 117.830928111000048, -35.083446923999929 ], [ 117.830438602000072, -35.083326775999979 ], [ 117.830212001000064, -35.083204826999975 ], [ 117.830061456000067, -35.083174982999935 ], [ 117.829835166000066, -35.083083905999956 ], [ 117.82919323200008, -35.082748665999929 ], [ 117.828627982000057, -35.082567276999953 ], [ 117.828251463000015, -35.082477222999955 ], [ 117.827648659000033, -35.082296086999975 ], [ 117.827082480000058, -35.082022069999937 ], [ 117.825342984000031, -35.080860654999981 ], [ 117.825305427000103, -35.080860909999956 ], [ 117.825116707, -35.080769567999937 ], [ 117.825079149000089, -35.080769823999958 ], [ 117.824739577000059, -35.080617755999981 ], [ 117.824476366000113, -35.08058867099993 ], [ 117.82424977800008, -35.08046670899995 ], [ 117.823873274000107, -35.08037664099993 ], [ 117.823420725, -35.080194462999941 ], [ 117.823270186000059, -35.08016460999994 ], [ 117.822817949000068, -35.080013301999941 ], [ 117.822704037000108, -35.079890572999943 ], [ 117.822439587000076, -35.079737988999966 ], [ 117.822176379000098, -35.079708898999968 ], [ 117.822063089000039, -35.079647915999942 ], [ 117.821761704000096, -35.079557332999968 ], [ 117.821535124000093, -35.079435365999984 ], [ 117.821308854000108, -35.079344271999958 ], [ 117.820816903000036, -35.078977096999949 ], [ 117.820666057000039, -35.078916366999977 ], [ 117.82051397500004, -35.078732143999957 ], [ 117.820438863000049, -35.078732651999928 ], [ 117.820212905000062, -35.078672428999937 ], [ 117.819760683000027, -35.07852111099993 ], [ 117.819648013, -35.078521871999953 ], [ 117.81934694600011, -35.078462156999933 ], [ 117.819271524000101, -35.078431790999957 ], [ 117.819008630000098, -35.078433566999934 ], [ 117.81844219900006, -35.078128636999963 ], [ 117.8182901240001, -35.07794440999993 ], [ 117.818025689000024, -35.077791816999934 ], [ 117.817949344000112, -35.077668829999936 ], [ 117.817873923000093, -35.077638462999971 ], [ 117.817384463000053, -35.077518261999955 ], [ 117.817234240000062, -35.07751927399994 ], [ 117.817046768000068, -35.077551412999981 ], [ 117.816518524000116, -35.077307967999957 ], [ 117.815838829000086, -35.076942036999981 ], [ 117.815611, -35.076823233067799 ], [ 117.815611, -35.054318998080859 ], [ 117.81839599400007, -35.053322226999967 ] ], [ [ 117.835722132000114, -35.056336046999945 ], [ 117.836059729000112, -35.056302839999944 ], [ 117.835852547000059, -35.055776503999937 ], [ 117.835495090000109, -35.055760126999928 ], [ 117.835470944, -35.055884030999948 ], [ 117.835497171000043, -35.056368469999938 ], [ 117.835647355000106, -35.056367437999938 ], [ 117.835722132000114, -35.056336046999945 ] ], [ [ 117.839051928000117, -35.060929337999937 ], [ 117.839034283000046, -35.06054501999995 ], [ 117.838733670000011, -35.060309335999932 ], [ 117.838599123000108, -35.060406857999965 ], [ 117.838260773000115, -35.060015399999941 ], [ 117.83751578600004, -35.060415473999967 ], [ 117.837818798000058, -35.060937865999961 ], [ 117.837990998, -35.061027765999938 ], [ 117.838159330000053, -35.060970477999945 ], [ 117.838714975000016, -35.061246360999974 ], [ 117.839051928000117, -35.060929337999937 ] ] ] ] } },
{ "type": "Feature", "properties": { "id": 97013, "poly_area": 0.8927419, "capture_sc": "10000", "orthophoto": "ALBANY FEB 2016", "comments": "NATIVE VEGETATION", "st_area_sh": 8.82087582e-07, "st_perimet": 0.0045727235037369999 }, "geometry": { "type": "MultiPolygon", "coordinates": [ [ [ [ 117.828805333000105, -35.055258113999969 ], [ 117.827873788000034, -35.055466010999965 ], [ 117.827706534000072, -35.055083283999977 ], [ 117.828264355000101, -35.054849152999964 ], [ 117.82907939100005, -35.054661243999931 ], [ 117.829278746000114, -35.054755847999957 ], [ 117.829389863000074, -35.05553994099995 ], [ 117.829145933000063, -35.05553176799998 ], [ 117.829096542000116, -35.055337128999952 ], [ 117.828805333000105, -35.055258113999969 ] ] ] ] } },
{ "type": "Feature", "properties": { "id": 97014, "poly_area": 0.46251885, "capture_sc": "10000", "orthophoto": "ALBANY FEB 2016", "comments": "NATIVE VEGETATION", "st_area_sh": 4.56998855e-07, "st_perimet": 0.0029142754913059998 }, "geometry": { "type": "MultiPolygon", "coordinates": [ [ [ [ 117.829571361000035, -35.054840215999945 ], [ 117.829747670000074, -35.054963766999947 ], [ 117.83026162200008, -35.055008230999931 ], [ 117.83048334700004, -35.055006712999955 ], [ 117.830289169000025, -35.055570066999962 ], [ 117.8296348, -35.055548146999968 ], [ 117.829571361000035, -35.054840215999945 ] ] ] ] } },
{ "type": "Feature", "properties": { "id": 97015, "poly_area": 23.12130039, "capture_sc": "10000", "orthophoto": "ALBANY FEB 2016", "comments": "NATIVE VEGETATION", "st_area_sh": 2.2843697988e-05, "st_perimet": 0.026193050944956001 }, "geometry": { "type": "MultiPolygon", "coordinates": [ [ [ [ 117.824190080000108, -35.052400973999966 ], [ 117.82452658200009, -35.052322561999972 ], [ 117.824783963000073, -35.052272177999953 ], [ 117.824570054000105, -35.051889764999942 ], [ 117.824776724000117, -35.051552474999937 ], [ 117.825286018000043, -35.051136349999979 ], [ 117.825259862869004, -35.050944 ], [ 117.825348960063877, -35.050944 ], [ 117.825321005000092, -35.052227401999971 ], [ 117.824214383000026, -35.052496775999941 ], [ 117.824190080000108, -35.052400973999966 ] ] ] ] } },
{ "type": "Feature", "properties": { "id": 97016, "poly_area": 4.35610033, "capture_sc": "10000", "orthophoto": "ALBANY FEB 2016", "comments": "NATIVE VEGETATION", "st_area_sh": 4.303934611e-06, "st_perimet": 0.012463234481209 }, "geometry": { "type": "MultiPolygon", "coordinates": [ [ [ [ 117.82545913258538, -35.050944 ], [ 117.826993411668624, -35.050944 ], [ 117.826988075000031, -35.050961607999966 ], [ 117.82708617000003, -35.051431176999984 ], [ 117.82674793800004, -35.05137280799994 ], [ 117.826647383000022, -35.051894810999954 ], [ 117.826981595, -35.052202258999955 ], [ 117.827387098000031, -35.052340809999976 ], [ 117.827867573000049, -35.05247458499997 ], [ 117.827403760000038, -35.052862374999961 ], [ 117.825501951000092, -35.053199483999947 ], [ 117.825471682000057, -35.052190723999956 ], [ 117.82545913258538, -35.050944 ] ] ] ] } },
{ "type": "Feature", "properties": { "id": 97185, "poly_area": 0.14824975, "capture_sc": "10000", "orthophoto": "ALBANY FEB 2016", "comments": "NATIVE VEGETATION", "st_area_sh": 1.46478634e-07, "st_perimet": 0.0017312206427259999 }, "geometry": { "type": "MultiPolygon", "coordinates": [ [ [ [ 117.827465392000022, -35.054317195999943 ], [ 117.827448687000015, -35.053818280999963 ], [ 117.828018649000114, -35.054075937999983 ], [ 117.827969200000098, -35.054117280999947 ], [ 117.827799832000096, -35.054188368999974 ], [ 117.827465392000022, -35.054317195999943 ] ] ] ] } },
{ "type": "Feature", "properties": { "id": 97187, "poly_area": 0.40791738, "capture_sc": "10000", "orthophoto": "ALBANY FEB 2016", "comments": "NATIVE VEGETATION", "st_area_sh": 4.03045356e-07, "st_perimet": 0.003330586153042 }, "geometry": { "type": "MultiPolygon", "coordinates": [ [ [ [ 117.827929152000024, -35.054362314999935 ], [ 117.827972377000037, -35.05443195099997 ], [ 117.828015249000032, -35.054466623999929 ], [ 117.828969443, -35.054215341999964 ], [ 117.829040275000011, -35.054215232999979 ], [ 117.829019393000067, -35.054498510999963 ], [ 117.828193174000035, -35.054734478999933 ], [ 117.827737668000054, -35.054699203999974 ], [ 117.827676802000042, -35.054450104999944 ], [ 117.827873957000065, -35.054347603999929 ], [ 117.827929152000024, -35.054362314999935 ] ] ] ] } },
{ "type": "Feature", "properties": { "id": 97188, "poly_area": 0.03477324, "capture_sc": "10000", "orthophoto": "ALBANY FEB 2016", "comments": "NATIVE VEGETATION", "st_area_sh": 3.4357766e-08, "st_perimet": 0.00090091249805099999 }, "geometry": { "type": "MultiPolygon", "coordinates": [ [ [ [ 117.829427239000097, -35.05421464099993 ], [ 117.829194535000056, -35.05450690999993 ], [ 117.829191841000011, -35.054215001999978 ], [ 117.829427239000097, -35.05421464099993 ] ] ] ] } },
{ "type": "Feature", "properties": { "id": 97189, "poly_area": 0.97863025, "capture_sc": "10000", "orthophoto": "ALBANY FEB 2016", "comments": "NATIVE VEGETATION", "st_area_sh": 9.66939503e-07, "st_perimet": 0.0041726489230659997 }, "geometry": { "type": "MultiPolygon", "coordinates": [ [ [ [ 117.830892370000015, -35.053909887999964 ], [ 117.830690193, -35.054688604999967 ], [ 117.830458452000016, -35.054853335999951 ], [ 117.830096887000082, -35.054875005999975 ], [ 117.829698757000074, -35.054743376999966 ], [ 117.82932358000005, -35.054573203999951 ], [ 117.829692733000115, -35.054214232999982 ], [ 117.829950149000069, -35.054213837999953 ], [ 117.830320660000098, -35.053923399999974 ], [ 117.830337140000097, -35.05383769599996 ], [ 117.830892370000015, -35.053909887999964 ] ] ] ] } },
{ "type": "Feature", "properties": { "id": 97190, "poly_area": 4.90628703, "capture_sc": "10000", "orthophoto": "ALBANY FEB 2016", "comments": "NATIVE VEGETATION", "st_area_sh": 4.847994637e-06, "st_perimet": 0.017178371698594 }, "geometry": { "type": "MultiPolygon", "coordinates": [ [ [ [ 117.829349291000085, -35.055724574999942 ], [ 117.829546339000103, -35.056980450999959 ], [ 117.829032082000026, -35.056907194999951 ], [ 117.827008429000102, -35.056450779999977 ], [ 117.824426765000112, -35.056209254999942 ], [ 117.821623100000011, -35.055940389999932 ], [ 117.821627532000093, -35.055758543999957 ], [ 117.829349291000085, -35.055724574999942 ] ] ] ] } },
{ "type": "Feature", "properties": { "id": 97191, "poly_area": 14.14930096, "capture_sc": "10000", "orthophoto": "ALBANY FEB 2016", "comments": "NATIVE VEGETATION", "st_area_sh": 1.3980166312e-05, "st_perimet": 0.025813280040449998 }, "geometry": { "type": "MultiPolygon", "coordinates": [ [ [ [ 117.824941949000049, -35.053298741999981 ], [ 117.823040570000103, -35.054500501999939 ], [ 117.824017796000021, -35.054423931999963 ], [ 117.826697172000081, -35.054475619999948 ], [ 117.827164877000087, -35.054472429999976 ], [ 117.827291375000073, -35.054366668999933 ], [ 117.827294027000107, -35.05468303899994 ], [ 117.828042243000027, -35.054812283999979 ], [ 117.827309182000022, -35.05502841699996 ], [ 117.827610992000018, -35.055577702999983 ], [ 117.821748535000097, -35.055582140999945 ], [ 117.821107550000079, -35.054571554999939 ], [ 117.821075743000051, -35.051395258999946 ], [ 117.821321855000065, -35.051499155999977 ], [ 117.821166642000094, -35.051972501999956 ], [ 117.821595728000034, -35.052044311999964 ], [ 117.822417393000023, -35.052518575999954 ], [ 117.82366601800004, -35.052510099999949 ], [ 117.823713659000077, -35.052605742999958 ], [ 117.823668621000024, -35.052769192999961 ], [ 117.824518559000012, -35.052571480999973 ], [ 117.825286614000106, -35.052355127999931 ], [ 117.825276649000102, -35.053239417999976 ], [ 117.824941949000049, -35.053298741999981 ] ] ] ] } },
{ "type": "Feature", "properties": { "id": 96200, "poly_area": 1.58288544, "capture_sc": "10000", "orthophoto": "ALBANY FEB 2016", "comments": "NATIVE VEGETATION", "st_area_sh": 1.564349272e-06, "st_perimet": 0.0089788918819049997 }, "geometry": { "type": "MultiPolygon", "coordinates": [ [ [ [ 117.872176936000074, -35.073943701999951 ], [ 117.872146103000091, -35.075136878999956 ], [ 117.871776852000039, -35.075139198999977 ], [ 117.871771651000017, -35.07465045999993 ], [ 117.871770156000025, -35.074509871999965 ], [ 117.87133807500004, -35.074871352999935 ], [ 117.871127993000073, -35.07491753599993 ], [ 117.871116146000077, -35.075168141999939 ], [ 117.870989488000077, -35.075538867999967 ], [ 117.871471238000026, -35.075809785999979 ], [ 117.870422822000023, -35.075797038999951 ], [ 117.870409993000067, -35.074589573999958 ], [ 117.870536835000053, -35.074518731999945 ], [ 117.870536464000111, -35.074483768999983 ], [ 117.870600980000063, -35.074483305999934 ], [ 117.870770370000059, -35.074482089999947 ], [ 117.871004275000018, -35.074480409999978 ], [ 117.871025354000039, -35.074462775999962 ], [ 117.871413879000102, -35.074509876999969 ], [ 117.871658136000065, -35.074281459999952 ], [ 117.871933443000103, -35.074243691999982 ], [ 117.872033234000014, -35.074075960999949 ], [ 117.871800570000119, -35.074029915999972 ], [ 117.871812691000059, -35.073949832999972 ], [ 117.872176936000074, -35.073943701999951 ] ] ] ] } },
{ "type": "Feature", "properties": { "id": 96201, "poly_area": 2.77204079, "capture_sc": "10000", "orthophoto": "ALBANY FEB 2016", "comments": "NATIVE VEGETATION", "st_area_sh": 2.739589113e-06, "st_perimet": 0.013319980716177999 }, "geometry": { "type": "MultiPolygon", "coordinates": [ [ [ [ 117.863535515000081, -35.076072306999947 ], [ 117.863369822000095, -35.076493070999959 ], [ 117.863070642000025, -35.076355339999964 ], [ 117.86328173000004, -35.074029569999936 ], [ 117.865826659000049, -35.073951965999981 ], [ 117.865892858000052, -35.074081604999947 ], [ 117.864917929000057, -35.074069427999973 ], [ 117.864921621, -35.074419054999964 ], [ 117.86504994400002, -35.074488069999973 ], [ 117.865348381000103, -35.074555871999962 ], [ 117.865433438000082, -35.074555264999958 ], [ 117.86560281200002, -35.07448412399998 ], [ 117.865602443000057, -35.074449161999951 ], [ 117.866070254000078, -35.074445821999973 ], [ 117.866072472000042, -35.074655597999936 ], [ 117.865203082000107, -35.074661804999948 ], [ 117.864962779000052, -35.074569311999937 ], [ 117.864190627000085, -35.074574817999974 ], [ 117.864129923000064, -35.07466945699997 ], [ 117.863988580000068, -35.074670463999951 ], [ 117.863861733000022, -35.074741298999982 ], [ 117.863777782000057, -35.074846792999949 ], [ 117.863738921000049, -35.075010879999979 ], [ 117.864074939000034, -35.075253763999967 ], [ 117.864316459000065, -35.075396234999971 ], [ 117.864294027000028, -35.07540255999993 ], [ 117.864209708000089, -35.075473091999982 ], [ 117.864210446000016, -35.075543016999973 ], [ 117.864296242000023, -35.075612336999939 ], [ 117.86433987800001, -35.07571692199997 ], [ 117.864375223000025, -35.075722471999939 ], [ 117.864117142000055, -35.076043837999975 ], [ 117.863535515000081, -35.076072306999947 ] ] ] ] } },
{ "type": "Feature", "properties": { "id": 96202, "poly_area": 0.35290447, "capture_sc": "10000", "orthophoto": "ALBANY FEB 2016", "comments": "NATIVE VEGETATION", "st_area_sh": 3.48775068e-07, "st_perimet": 0.0024095894042130001 }, "geometry": { "type": "MultiPolygon", "coordinates": [ [ [ [ 117.865273298000034, -35.075500471999931 ], [ 117.865442674000064, -35.075429331999942 ], [ 117.866038077000098, -35.075425081999981 ], [ 117.866043622, -35.075949521999974 ], [ 117.865667065000025, -35.075967959999957 ], [ 117.865190878000021, -35.075583230999939 ], [ 117.865273298000034, -35.075500471999931 ] ] ] ] } },
{ "type": "Feature", "properties": { "id": 96203, "poly_area": 31.80894614, "capture_sc": "10000", "orthophoto": "ALBANY FEB 2016", "comments": "NATIVE VEGETATION", "st_area_sh": 3.1435774927000003e-05, "st_perimet": 0.064076454185891002 }, "geometry": { "type": "MultiPolygon", "coordinates": [ [ [ [ 117.862967771000058, -35.069627535999985 ], [ 117.86297782500003, -35.069724056999974 ], [ 117.863213193000092, -35.069703935999939 ], [ 117.863217687000088, -35.07013045399998 ], [ 117.863262056000053, -35.070304964999934 ], [ 117.863517214000012, -35.070303148999983 ], [ 117.863515288000031, -35.070120397999972 ], [ 117.863922030000026, -35.070133418999944 ], [ 117.86437520000004, -35.07025650199995 ], [ 117.86446473400008, -35.070176918999948 ], [ 117.864466117, -35.070307863999972 ], [ 117.864935871000057, -35.070289654999954 ], [ 117.864928011000075, -35.070401161999939 ], [ 117.865237538000088, -35.070614426999953 ], [ 117.865526166000109, -35.070560356999977 ], [ 117.866349613000011, -35.070658496999954 ], [ 117.866370201000109, -35.070896112999947 ], [ 117.866332452000051, -35.071087273999979 ], [ 117.866340010000044, -35.07126646599994 ], [ 117.866445982000073, -35.073778795999942 ], [ 117.863299279000103, -35.073836203999974 ], [ 117.863284775000011, -35.072460338999974 ], [ 117.863284168000064, -35.072402731999944 ], [ 117.863278354000045, -35.072402772999965 ], [ 117.863233313000023, -35.071999005999942 ], [ 117.862726235000082, -35.072175751999964 ], [ 117.862553485000035, -35.072436685999946 ], [ 117.86272478, -35.072599132999983 ], [ 117.86252360900005, -35.073023214999978 ], [ 117.862419175000014, -35.073014765999972 ], [ 117.862101630000097, -35.072858314999962 ], [ 117.861521313000026, -35.072747014999948 ], [ 117.861507558000085, -35.073107814999958 ], [ 117.862001805000091, -35.073378436999974 ], [ 117.862245056, -35.073145857999975 ], [ 117.86236911200001, -35.07326040099997 ], [ 117.862250829000118, -35.073694084999943 ], [ 117.861682478000034, -35.07377777399995 ], [ 117.861641789000032, -35.07395288999993 ], [ 117.862578144000054, -35.074016162999953 ], [ 117.862500085000079, -35.074681060999978 ], [ 117.86177710100003, -35.074686201999953 ], [ 117.861694988000067, -35.074966508999978 ], [ 117.862545191000095, -35.07492549899996 ], [ 117.862597296000104, -35.075834227999962 ], [ 117.862045523, -35.075943047999942 ], [ 117.862039620000019, -35.075973807999958 ], [ 117.861770591000095, -35.075795316999972 ], [ 117.861650791000102, -35.076570789999948 ], [ 117.859462542000074, -35.076550834999978 ], [ 117.859467097000106, -35.075934484999948 ], [ 117.860555283000053, -35.075909219999971 ], [ 117.860700426000108, -35.075504648999981 ], [ 117.860380502000112, -35.075524463999955 ], [ 117.860334871000077, -35.075244063999946 ], [ 117.86091088, -35.07522242999994 ], [ 117.860943842000097, -35.076327547999938 ], [ 117.86122127200008, -35.076325576999977 ], [ 117.86131948600007, -35.075517797999964 ], [ 117.861295192000057, -35.075237245999972 ], [ 117.860950055000103, -35.074888791999967 ], [ 117.860160645000065, -35.074911939999936 ], [ 117.860083025000108, -35.075649391999946 ], [ 117.860013615000071, -35.075663793999979 ], [ 117.859706894000055, -35.075443522999933 ], [ 117.85916348, -35.075505088999932 ], [ 117.859166507000054, -35.075793629999964 ], [ 117.858464091000087, -35.075941592999982 ], [ 117.858447697000088, -35.076541567999982 ], [ 117.857574899000042, -35.076533591999976 ], [ 117.857588846000112, -35.074400042999969 ], [ 117.858072736000054, -35.074292893999939 ], [ 117.858708457000034, -35.074078598999961 ], [ 117.858769315000018, -35.073798444999966 ], [ 117.859334982000064, -35.073514173999968 ], [ 117.859332221000045, -35.073251014999983 ], [ 117.859011939000084, -35.073235739999973 ], [ 117.859030518000054, -35.072972429999936 ], [ 117.858732128000042, -35.073009634999949 ], [ 117.85841240000002, -35.073046990999956 ], [ 117.858446861000061, -35.073672131999956 ], [ 117.857591361000118, -35.074015480999947 ], [ 117.857606825000062, -35.071181315999979 ], [ 117.859993720000034, -35.071211071999983 ], [ 117.859978278000085, -35.071772629999941 ], [ 117.859637951000082, -35.071880315999977 ], [ 117.858550925000031, -35.072010837999983 ], [ 117.858489114, -35.072221818999935 ], [ 117.859045967000043, -35.072410871999978 ], [ 117.859128564000116, -35.072147106999978 ], [ 117.859405611000057, -35.07211005299996 ], [ 117.859429897000041, -35.072390603999963 ], [ 117.860027406000086, -35.072386366999979 ], [ 117.86023693300001, -35.072016429999962 ], [ 117.860514164000051, -35.071996917999968 ], [ 117.860369211000034, -35.072419031999971 ], [ 117.86016078900002, -35.072894232999943 ], [ 117.860100824000028, -35.073280653999973 ], [ 117.860313118000022, -35.073173876999931 ], [ 117.861371811000026, -35.072376823999946 ], [ 117.861602856000104, -35.072024277999958 ], [ 117.861408215000097, -35.071780025999942 ], [ 117.860624735000101, -35.072364582999967 ], [ 117.861002948000078, -35.071800449999955 ], [ 117.861320828000089, -35.07158764899998 ], [ 117.861615151000024, -35.071164470999975 ], [ 117.861880696000071, -35.071098995999932 ], [ 117.862196751000056, -35.071074459999977 ], [ 117.862901156000021, -35.071024867999938 ], [ 117.862892930000044, -35.070909751999977 ], [ 117.862929278000024, -35.070377263999944 ], [ 117.862965109000015, -35.070377008999969 ], [ 117.86296032000007, -35.069922492999979 ], [ 117.862789042000031, -35.06964684999997 ], [ 117.862967771000058, -35.069627535999985 ] ] ] ] } },
{ "type": "Feature", "properties": { "id": 96204, "poly_area": 8.27302986, "capture_sc": "10000", "orthophoto": "ALBANY FEB 2016", "comments": "NATIVE VEGETATION", "st_area_sh": 8.177278619e-06, "st_perimet": 0.023326763170317 }, "geometry": { "type": "MultiPolygon", "coordinates": [ [ [ [ 117.8772365210001, -35.084540440999945 ], [ 117.877407030000086, -35.084574172999965 ], [ 117.87762082200004, -35.084677520999946 ], [ 117.877707014000066, -35.084781792999934 ], [ 117.877878272000089, -35.084885448999955 ], [ 117.878136476, -35.085163299999977 ], [ 117.878137226000035, -35.085233224999968 ], [ 117.87809581700003, -35.08533842099996 ], [ 117.878010749000055, -35.085339036999983 ], [ 117.877841364, -35.085410194999952 ], [ 117.87775629500004, -35.085410809999985 ], [ 117.877671602000078, -35.085446388999969 ], [ 117.877501841000026, -35.085482581999941 ], [ 117.877417523000076, -35.085553122999954 ], [ 117.877163442000096, -35.085659856999939 ], [ 117.877037338000036, -35.085800629999937 ], [ 117.877038462000087, -35.085905517999947 ], [ 117.877591408000058, -35.085901516999968 ], [ 117.877762296000014, -35.08597021099996 ], [ 117.877847364000104, -35.085969593999948 ], [ 117.877890274000038, -35.086004247999938 ], [ 117.877933559000098, -35.086073864999946 ], [ 117.878105197000082, -35.08621248399993 ], [ 117.878275335000012, -35.086211250999952 ], [ 117.878402563, -35.086175364999974 ], [ 117.878529040000103, -35.086069552999959 ], [ 117.87861185700001, -35.085859160999973 ], [ 117.878695424000057, -35.085718694999969 ], [ 117.878689417000032, -35.085159294999983 ], [ 117.87885617500001, -35.084843398999965 ], [ 117.878983401000028, -35.084807511999941 ], [ 117.879068469000117, -35.084806893999939 ], [ 117.879154663, -35.084911164999937 ], [ 117.879156916000056, -35.085120939999968 ], [ 117.879200576000017, -35.085225518999948 ], [ 117.879329305000056, -35.085329480999974 ], [ 117.879456907000076, -35.085328555999979 ], [ 117.87962554, -35.085187471999973 ], [ 117.879923277000103, -35.085185311999965 ], [ 117.880009849000089, -35.085324543999945 ], [ 117.88009567000006, -35.085393851999982 ], [ 117.880096797000078, -35.085498738999945 ], [ 117.880055015000039, -35.085568972999965 ], [ 117.880013984000016, -35.085709131999977 ], [ 117.880015112000024, -35.08581401899994 ], [ 117.880186001000084, -35.085882708999975 ], [ 117.880441207000104, -35.085880854999971 ], [ 117.880608711000036, -35.085634882999955 ], [ 117.880735561000051, -35.085564030999933 ], [ 117.880863163000072, -35.085563103999959 ], [ 117.880869184000062, -35.086122503999945 ], [ 117.880827402000023, -35.086192737999966 ], [ 117.88074270900006, -35.086228317999939 ], [ 117.880104692000032, -35.086232951999932 ], [ 117.88010582000004, -35.086337838999953 ], [ 117.880064413000014, -35.086443034999945 ], [ 117.879895779000094, -35.086584119999941 ], [ 117.87977043, -35.086794820999955 ], [ 117.879771558000016, -35.086899707999976 ], [ 117.879984232000083, -35.08689816499998 ], [ 117.88019577700004, -35.086791733999974 ], [ 117.880237936000071, -35.086756462999972 ], [ 117.880321125000023, -35.086581032999959 ], [ 117.880320373000018, -35.086511107999968 ], [ 117.880404314000089, -35.086405602999946 ], [ 117.880573700000014, -35.086334440999963 ], [ 117.880701679000026, -35.086368476999951 ], [ 117.880643153000051, -35.086682891999942 ], [ 117.880634160000113, -35.087195926999982 ], [ 117.87831178700003, -35.087191424999958 ], [ 117.878158237000093, -35.087191125999937 ], [ 117.878157786000088, -35.087192270999935 ], [ 117.877827609000065, -35.087194084999965 ], [ 117.878027256000109, -35.086877386999959 ], [ 117.878023880000114, -35.086562724999965 ], [ 117.876845429000014, -35.08644243699996 ], [ 117.87651543000004, -35.08702818699993 ], [ 117.876455757000031, -35.087102284999958 ], [ 117.876456091000023, -35.087133510999934 ], [ 117.876378, -35.087198839999928 ], [ 117.876377295000111, -35.087199713999951 ], [ 117.875224973000059, -35.087200637999956 ], [ 117.875902986000028, -35.086050936999982 ], [ 117.875880468000105, -35.086028326999951 ], [ 117.87592187000007, -35.086018916999933 ], [ 117.876064408000047, -35.085777209999947 ], [ 117.876361029, -35.085059869999952 ], [ 117.876718856000025, -35.08454418599996 ], [ 117.8772365210001, -35.084540440999945 ] ] ] ] } },
{ "type": "Feature", "properties": { "id": 96205, "poly_area": 1.4240866, "capture_sc": "10000", "orthophoto": "ALBANY FEB 2016", "comments": "NATIVE VEGETATION", "st_area_sh": 1.407628499e-06, "st_perimet": 0.0069644426181490002 }, "geometry": { "type": "MultiPolygon", "coordinates": [ [ [ [ 117.879054476000078, -35.087464352999973 ], [ 117.879099265000036, -35.087673819999964 ], [ 117.879439170000069, -35.087636388999954 ], [ 117.879479075000063, -35.087391342999979 ], [ 117.880491182000014, -35.087441340999931 ], [ 117.880525122000108, -35.087852842999951 ], [ 117.879437470000084, -35.087932312999953 ], [ 117.877900319000105, -35.088050818999932 ], [ 117.877694844000075, -35.08783757499998 ], [ 117.87765081900011, -35.08747452199998 ], [ 117.877689452000027, -35.087413238999943 ], [ 117.878075419000083, -35.087401516999932 ], [ 117.879054476000078, -35.087464352999973 ] ] ] ] } },
{ "type": "Feature", "properties": { "id": 96206, "poly_area": 1.63034784, "capture_sc": "10000", "orthophoto": "ALBANY FEB 2016", "comments": "NATIVE VEGETATION", "st_area_sh": 1.611240837e-06, "st_perimet": 0.010033886956050999 }, "geometry": { "type": "MultiPolygon", "coordinates": [ [ [ [ 117.874951934000023, -35.073752682999952 ], [ 117.875077652000073, -35.073576948999971 ], [ 117.875075785000035, -35.07340213599997 ], [ 117.87516009400008, -35.073331596999935 ], [ 117.87579689100005, -35.073222102999978 ], [ 117.876392279000015, -35.073217800999942 ], [ 117.876395787000092, -35.073895193999931 ], [ 117.875484405000066, -35.073848289999944 ], [ 117.875764681000078, -35.074275728999964 ], [ 117.876182791000019, -35.074022187999958 ], [ 117.876396570000111, -35.074046241999952 ], [ 117.876397892000114, -35.074301684999966 ], [ 117.876191228000039, -35.07430317799998 ], [ 117.876106919000108, -35.074373717999947 ], [ 117.87602223600004, -35.074409295999942 ], [ 117.875937179000061, -35.074409909999929 ], [ 117.875852496000107, -35.074445486999934 ], [ 117.87470423000002, -35.074453775999984 ], [ 117.874619548000055, -35.074489352999933 ], [ 117.874535610000066, -35.07459485399994 ], [ 117.874451300000032, -35.074665391999929 ], [ 117.874409805000028, -35.074735141999952 ], [ 117.874407610000048, -35.073820622999961 ], [ 117.874505536000015, -35.073808399999962 ], [ 117.874849284000106, -35.074163040999963 ], [ 117.875357640000061, -35.074207090999948 ], [ 117.875399385000037, -35.07403977599995 ], [ 117.875180463000106, -35.073922060999962 ], [ 117.874962688000096, -35.073911702999965 ], [ 117.874767912000038, -35.073775652999984 ], [ 117.874951934000023, -35.073752682999952 ] ] ] ] } },
{ "type": "Feature", "properties": { "id": 96207, "poly_area": 7.15083085, "capture_sc": "10000", "orthophoto": "ALBANY FEB 2016", "comments": "NATIVE VEGETATION", "st_area_sh": 7.067886118e-06, "st_perimet": 0.016569356439495999 }, "geometry": { "type": "MultiPolygon", "coordinates": [ [ [ [ 117.874929991000045, -35.08430888099997 ], [ 117.874925676000089, -35.083904927999981 ], [ 117.874852392000093, -35.083616895999967 ], [ 117.874391455000023, -35.08318737999997 ], [ 117.874041521000095, -35.083290899999952 ], [ 117.874149287000023, -35.083520971999974 ], [ 117.874061995000034, -35.08356488499993 ], [ 117.873938833000011, -35.083536916999947 ], [ 117.873725455000113, -35.083278750999966 ], [ 117.873392148000107, -35.08329557999997 ], [ 117.872974007000039, -35.083587152999939 ], [ 117.872942750000107, -35.083948078999981 ], [ 117.87229414, -35.084024888999977 ], [ 117.871997773000089, -35.084214585999973 ], [ 117.871930949000102, -35.084532483999965 ], [ 117.871786550000024, -35.084158392999939 ], [ 117.871735633000071, -35.082672668999976 ], [ 117.877246666000019, -35.082647343999952 ], [ 117.877448760000107, -35.082666625999934 ], [ 117.876470915000027, -35.084545977999937 ], [ 117.87625158700007, -35.084851165999964 ], [ 117.874929991000045, -35.08430888099997 ] ] ] ] } },
{ "type": "Feature", "properties": { "id": 96208, "poly_area": 0.16716807, "capture_sc": "10000", "orthophoto": "ALBANY FEB 2016", "comments": "NATIVE VEGETATION", "st_area_sh": 1.65209918e-07, "st_perimet": 0.0025097988249479998 }, "geometry": { "type": "MultiPolygon", "coordinates": [ [ [ [ 117.871206301000029, -35.074093834999928 ], [ 117.871103801000118, -35.074232653999957 ], [ 117.871043830000076, -35.074200403999953 ], [ 117.870873717000109, -35.074201624999944 ], [ 117.870788290000064, -35.074167272999944 ], [ 117.870703233000086, -35.074167883999962 ], [ 117.87057453400007, -35.074063911999929 ], [ 117.870531263000089, -35.073994291999952 ], [ 117.870531020000044, -35.073971393999955 ], [ 117.87168406100011, -35.073951996999938 ], [ 117.871206301000029, -35.074093834999928 ] ] ] ] } },
{ "type": "Feature", "properties": { "id": 96209, "poly_area": 0.6627613, "capture_sc": "10000", "orthophoto": "ALBANY FEB 2016", "comments": "NATIVE VEGETATION", "st_area_sh": 6.5504477e-07, "st_perimet": 0.003977551005883 }, "geometry": { "type": "MultiPolygon", "coordinates": [ [ [ [ 117.872860484000057, -35.081040536999978 ], [ 117.872987706000117, -35.081004654999958 ], [ 117.873200363000024, -35.081003122999959 ], [ 117.873199991000092, -35.08096816099993 ], [ 117.873242149000021, -35.080932891999964 ], [ 117.873240286000055, -35.080758078999963 ], [ 117.873282444000097, -35.080722809999941 ], [ 117.873622694, -35.080720357999951 ], [ 117.874474439000096, -35.080819112999961 ], [ 117.874139038000067, -35.081276080999942 ], [ 117.873288408, -35.081282211999962 ], [ 117.873195009000028, -35.081308553999975 ], [ 117.872762132000048, -35.081055968999976 ], [ 117.872860484000057, -35.081040536999978 ] ] ] ] } },
{ "type": "Feature", "properties": { "id": 96227, "poly_area": 0.36136228, "capture_sc": "10000", "orthophoto": "ALBANY FEB 2016", "comments": "NATIVE VEGETATION", "st_area_sh": 3.57116382e-07, "st_perimet": 0.0038331410532109998 }, "geometry": { "type": "MultiPolygon", "coordinates": [ [ [ [ 117.866610066000021, -35.071269241999971 ], [ 117.867076079000071, -35.071191625999973 ], [ 117.867100152000035, -35.071291577999943 ], [ 117.867185205000055, -35.07129096999995 ], [ 117.867186316000016, -35.07139585799996 ], [ 117.867144159000077, -35.071431124999947 ], [ 117.867144530000019, -35.071466087999966 ], [ 117.867018059000088, -35.071571887999937 ], [ 117.866934116000039, -35.07167738499993 ], [ 117.866934855000068, -35.071747310999967 ], [ 117.866977752000025, -35.071781968999971 ], [ 117.867334091000089, -35.071779420999974 ], [ 117.867321168000103, -35.071883267999965 ], [ 117.867690447000086, -35.071952766999971 ], [ 117.866596239000046, -35.071889530999954 ], [ 117.866610066000021, -35.071269241999971 ] ] ] ] } },
{ "type": "Feature", "properties": { "id": 96228, "poly_area": 5.15636731, "capture_sc": "10000", "orthophoto": "ALBANY FEB 2016", "comments": "NATIVE VEGETATION", "st_area_sh": 5.095838074e-06, "st_perimet": 0.021223282895013001 }, "geometry": { "type": "MultiPolygon", "coordinates": [ [ [ [ 117.874134577000063, -35.071134213999983 ], [ 117.874108136000018, -35.072527436999962 ], [ 117.873407516000043, -35.072505065999962 ], [ 117.873320226000033, -35.07229590299994 ], [ 117.873488099000042, -35.072084901999972 ], [ 117.873482510000031, -35.071560461999979 ], [ 117.873268758000108, -35.071457105999968 ], [ 117.873140805000048, -35.071423060999962 ], [ 117.872969954000041, -35.071354361999965 ], [ 117.872842373000026, -35.071355279999977 ], [ 117.872844962000045, -35.071598356999971 ], [ 117.87262229800001, -35.071989517999953 ], [ 117.872625217000063, -35.072263630999942 ], [ 117.87244958000008, -35.072250465999957 ], [ 117.872445433000053, -35.071860937999929 ], [ 117.872252209000067, -35.071849039999961 ], [ 117.871954521000021, -35.071851180999943 ], [ 117.87178404000008, -35.07181744199994 ], [ 117.871146136000107, -35.07182202599995 ], [ 117.871061826000073, -35.07189256199996 ], [ 117.871068516000037, -35.072521889999962 ], [ 117.871281153000041, -35.072520362999967 ], [ 117.871276320000106, -35.072065847999966 ], [ 117.871446428000013, -35.072064625999928 ], [ 117.871659807000015, -35.072133022999935 ], [ 117.871662039000057, -35.072342798999955 ], [ 117.871959729000082, -35.072340657999973 ], [ 117.87196158900008, -35.072515471999964 ], [ 117.872090659000037, -35.07265440499998 ], [ 117.872261141000081, -35.072688143999983 ], [ 117.872268212000108, -35.073352433999958 ], [ 117.872463795000044, -35.073770055999944 ], [ 117.871987166000054, -35.073837700999945 ], [ 117.870528922000062, -35.073773948999929 ], [ 117.870527920000086, -35.073679627999979 ], [ 117.870513644000084, -35.073634365999965 ], [ 117.871007940000027, -35.073660353999969 ], [ 117.871110010000052, -35.073356630999967 ], [ 117.870737810000037, -35.07301302999997 ], [ 117.870597574000044, -35.073028464999936 ], [ 117.870436932000075, -35.073121919999949 ], [ 117.870416281000075, -35.071178033999956 ], [ 117.870883187000118, -35.071172536999939 ], [ 117.870633817000112, -35.071484398999928 ], [ 117.870811446000062, -35.071685116999959 ], [ 117.871250306000093, -35.071696392999968 ], [ 117.871494908000045, -35.071593638999957 ], [ 117.871459724000033, -35.071165747999942 ], [ 117.874134577000063, -35.071134213999983 ] ] ] ] } },
{ "type": "Feature", "properties": { "id": 96229, "poly_area": 0.43056443, "capture_sc": "10000", "orthophoto": "ALBANY FEB 2016", "comments": "NATIVE VEGETATION", "st_area_sh": 4.25507834e-07, "st_perimet": 0.0047754082046030004 }, "geometry": { "type": "MultiPolygon", "coordinates": [ [ [ [ 117.869794796000065, -35.071133347999933 ], [ 117.869709476000025, -35.071186349999948 ], [ 117.869397708000065, -35.07138002399995 ], [ 117.869398821000118, -35.07148491199996 ], [ 117.869442461000062, -35.071589494999955 ], [ 117.869443945000057, -35.071729346999973 ], [ 117.869136456000092, -35.071731550999971 ], [ 117.869123290000061, -35.071365382999943 ], [ 117.867964954000058, -35.071359250999933 ], [ 117.867860359000019, -35.071210769999936 ], [ 117.869794796000065, -35.071133347999933 ] ] ] ] } },
{ "type": "Feature", "properties": { "id": 96230, "poly_area": 0.88571807, "capture_sc": "10000", "orthophoto": "ALBANY FEB 2016", "comments": "NATIVE VEGETATION", "st_area_sh": 8.75320356e-07, "st_perimet": 0.005702961825828 }, "geometry": { "type": "MultiPolygon", "coordinates": [ [ [ [ 117.867007740000076, -35.072116358999949 ], [ 117.867500165000024, -35.072213834999957 ], [ 117.867641927000022, -35.072342671999934 ], [ 117.867679316000022, -35.072558826999966 ], [ 117.868030591000092, -35.072585168999979 ], [ 117.868025394000028, -35.072094650999929 ], [ 117.868201031000012, -35.072107821999964 ], [ 117.868223166, -35.072540505999939 ], [ 117.868438298000115, -35.072527547999982 ], [ 117.868475462000106, -35.072645385999976 ], [ 117.868528468000022, -35.072688210999956 ], [ 117.868401251000023, -35.072784507999984 ], [ 117.867137452000065, -35.072764695999979 ], [ 117.866579809000086, -35.072626639999953 ], [ 117.866591312000082, -35.072110577999979 ], [ 117.867007740000076, -35.072116358999949 ] ] ] ] } },
{ "type": "Feature", "properties": { "id": 96234, "poly_area": 0.22178931, "capture_sc": "10000", "orthophoto": "ALBANY FEB 2016", "comments": "NATIVE VEGETATION", "st_area_sh": 2.19129718e-07, "st_perimet": 0.0024489019004650002 }, "geometry": { "type": "MultiPolygon", "coordinates": [ [ [ [ 117.836738727000011, -35.050945132999971 ], [ 117.83673837024439, -35.050944 ], [ 117.836902909662129, -35.050944 ], [ 117.836738727000011, -35.050945132999971 ] ] ] ] } },
{ "type": "Feature", "properties": { "id": 96279, "poly_area": 7.72357724, "capture_sc": "10000", "orthophoto": "ALBANY FEB 2016", "comments": "NATIVE VEGETATION", "st_area_sh": 7.636790887000001e-06, "st_perimet": 0.010502449728094001 }, "geometry": { "type": "MultiPolygon", "coordinates": [ [ [ [ 117.86230648500009, -35.11687803999996 ], [ 117.862652105000052, -35.116299838999964 ], [ 117.863300833000039, -35.115819212999952 ], [ 117.864226110000118, -35.11585852199994 ], [ 117.865135458000054, -35.116151241999944 ], [ 117.866300144000093, -35.117301785999985 ], [ 117.866160164, -35.117888731999983 ], [ 117.865624865000086, -35.118204792999961 ], [ 117.864580816000057, -35.118414541999982 ], [ 117.862643338000112, -35.118078129999958 ], [ 117.86230648500009, -35.11687803999996 ] ] ] ] } },
{ "type": "Feature", "properties": { "id": 96280, "poly_area": 4.31970636, "capture_sc": "10000", "orthophoto": "ALBANY FEB 2016", "comments": "NATIVE VEGETATION", "st_area_sh": 4.271060359e-06, "st_perimet": 0.0086977454453589995 }, "geometry": { "type": "MultiPolygon", "coordinates": [ [ [ [ 117.858956349000096, -35.116058017999933 ], [ 117.858344838000107, -35.115947300999949 ], [ 117.858392693000042, -35.115187052999943 ], [ 117.86116843100001, -35.115305103999958 ], [ 117.861228724000057, -35.115985251999973 ], [ 117.860980592000033, -35.116652289999934 ], [ 117.860229036000078, -35.117128528999956 ], [ 117.859092844000088, -35.117164900999967 ], [ 117.858956349000096, -35.116058017999933 ] ] ] ] } },
{ "type": "Feature", "properties": { "id": 96318, "poly_area": 1.19846664, "capture_sc": "10000", "orthophoto": "ALBANY FEB 2016", "comments": "NATIVE VEGETATION", "st_area_sh": 1.184142221e-06, "st_perimet": 0.0057030244754430002 }, "geometry": { "type": "MultiPolygon", "coordinates": [ [ [ [ 117.850436828000056, -35.054784896999934 ], [ 117.851051361000032, -35.055492650999952 ], [ 117.850051302000111, -35.055433029999961 ], [ 117.849363400000016, -35.054703571999937 ], [ 117.848941116000105, -35.054986253999971 ], [ 117.84889642600001, -35.054776773999947 ], [ 117.849962446000063, -35.054142619999936 ], [ 117.850436828000056, -35.054784896999934 ] ] ] ] } },
{ "type": "Feature", "properties": { "id": 96319, "poly_area": 1.95353676, "capture_sc": "10000", "orthophoto": "ALBANY FEB 2016", "comments": "NATIVE VEGETATION", "st_area_sh": 1.930451153e-06, "st_perimet": 0.009782965200671 }, "geometry": { "type": "MultiPolygon", "coordinates": [ [ [ [ 117.856110138000076, -35.065565398999979 ], [ 117.856024726000101, -35.065531035999982 ], [ 117.855642014000068, -35.065533737999942 ], [ 117.855514808000066, -35.065569600999936 ], [ 117.85547301500003, -35.065639826999984 ], [ 117.855473381000024, -35.065674789999946 ], [ 117.855515904000072, -35.065674489999935 ], [ 117.85564420500009, -35.065743515999941 ], [ 117.85572998300006, -35.065812841999957 ], [ 117.856070902000056, -35.065880365999931 ], [ 117.856072729000061, -35.066055179999978 ], [ 117.855988412000102, -35.066125706999969 ], [ 117.855903729000033, -35.066161270999942 ], [ 117.855818681000073, -35.066161870999963 ], [ 117.855734364000114, -35.066232397999954 ], [ 117.855564633000085, -35.066268559999969 ], [ 117.855354204000037, -35.066479838999953 ], [ 117.855142314000091, -35.066551265999976 ], [ 117.855057995000038, -35.066621790999932 ], [ 117.854760691000024, -35.066658853999968 ], [ 117.854506640000068, -35.066765541999985 ], [ 117.854511745000082, -35.067255023999962 ], [ 117.854469949000077, -35.067325249999953 ], [ 117.854384901000117, -35.067325848999928 ], [ 117.854342741000096, -35.067361111999958 ], [ 117.854257692000033, -35.067361710999933 ], [ 117.854171914000062, -35.067292384999973 ], [ 117.854171185000041, -35.067222458999936 ], [ 117.854128296000113, -35.067187795999985 ], [ 117.854122829000062, -35.066663349999942 ], [ 117.854248215000098, -35.066452672999958 ], [ 117.854332898000052, -35.066417110999964 ], [ 117.854374693000068, -35.066346884999973 ], [ 117.854459011000017, -35.066276359999961 ], [ 117.854798109000058, -35.06616907199998 ], [ 117.854925681000054, -35.066168171999948 ], [ 117.854967839000096, -35.066132908999975 ], [ 117.855009269000107, -35.066027719999965 ], [ 117.855007445000069, -35.065852905999975 ], [ 117.854539684000088, -35.065856202999953 ], [ 117.854369954000049, -35.065892364999968 ], [ 117.854284906000089, -35.065892964999932 ], [ 117.854284177000068, -35.065823038999952 ], [ 117.854326701000105, -35.065822738999941 ], [ 117.854368495000017, -35.06575251299995 ], [ 117.854410654000048, -35.065717250999967 ], [ 117.854495337000117, -35.065681688999973 ], [ 117.854537131000029, -35.065611461999936 ], [ 117.854536403000111, -35.065541536999945 ], [ 117.854621450000081, -35.065540935999934 ], [ 117.85466360800001, -35.065505673999951 ], [ 117.855003796, -35.065503274999969 ], [ 117.855045955000037, -35.06546801199994 ], [ 117.855000148000045, -35.065153644999953 ], [ 117.855495969000117, -35.064886600999955 ], [ 117.856110138000076, -35.065565398999979 ] ] ] ] } },
{ "type": "Feature", "properties": { "id": 96370, "poly_area": 0.51703132, "capture_sc": "10000", "orthophoto": "ALBANY FEB 2016", "comments": "NATIVE VEGETATION", "st_area_sh": 5.11012264e-07, "st_perimet": 0.0042508173290200001 }, "geometry": { "type": "MultiPolygon", "coordinates": [ [ [ [ 117.878120466000041, -35.079941491999932 ], [ 117.878516918000059, -35.080102014999966 ], [ 117.87787357600007, -35.080802993999953 ], [ 117.877839685000026, -35.081284307999965 ], [ 117.877805061000117, -35.081426258999954 ], [ 117.877741953000054, -35.080470587999969 ], [ 117.877714973000025, -35.07994442699993 ], [ 117.877740701000107, -35.079659922999952 ], [ 117.878120466000041, -35.079941491999932 ] ] ] ] } },
{ "type": "Feature", "properties": { "id": 96371, "poly_area": 0.25169024, "capture_sc": "10000", "orthophoto": "ALBANY FEB 2016", "comments": "NATIVE VEGETATION", "st_area_sh": 2.48719884e-07, "st_perimet": 0.0026906266136980002 }, "geometry": { "type": "MultiPolygon", "coordinates": [ [ [ [ 117.875131324000108, -35.066653423999981 ], [ 117.875299928000118, -35.066512344999978 ], [ 117.875340960000017, -35.066372186999956 ], [ 117.875340213000072, -35.066302261999965 ], [ 117.875382364000075, -35.066266992999942 ], [ 117.875467039000114, -35.066231415999937 ], [ 117.87559461100011, -35.066230493999967 ], [ 117.875680406000015, -35.066299804999971 ], [ 117.875682317000042, -35.06630363499994 ], [ 117.875390742000036, -35.06669973399994 ], [ 117.875198047000026, -35.067212388999963 ], [ 117.874979252000117, -35.067213967999976 ], [ 117.875124207000113, -35.066734167999982 ], [ 117.875107323000066, -35.06665359699997 ], [ 117.875131324000108, -35.066653423999981 ] ] ] ] } },
{ "type": "Feature", "properties": { "id": 96351, "poly_area": 3.90604703, "capture_sc": "10000", "orthophoto": "ALBANY FEB 2016", "comments": "NATIVE VEGETATION", "st_area_sh": 3.860731232e-06, "st_perimet": 0.0087343843104099993 }, "geometry": { "type": "MultiPolygon", "coordinates": [ [ [ [ 117.887239866000073, -35.085201920999964 ], [ 117.887482190000014, -35.084011330999942 ], [ 117.887936412000045, -35.082749256999932 ], [ 117.888354914000047, -35.082116816999928 ], [ 117.889420118000089, -35.082283833999952 ], [ 117.888490052000066, -35.084797206999951 ], [ 117.888123918000019, -35.08544550199997 ], [ 117.887239866000073, -35.085201920999964 ] ] ] ] } },
{ "type": "Feature", "properties": { "id": 96369, "poly_area": 1.88963252, "capture_sc": "10000", "orthophoto": "ALBANY FEB 2016", "comments": "NATIVE VEGETATION", "st_area_sh": 1.867631901e-06, "st_perimet": 0.012213034290992001 }, "geometry": { "type": "MultiPolygon", "coordinates": [ [ [ [ 117.877445290000082, -35.080203240999936 ], [ 117.87621300100011, -35.080317047999984 ], [ 117.876380134000101, -35.080036117999953 ], [ 117.876039884000079, -35.080038575999936 ], [ 117.875957437000011, -35.080283928999961 ], [ 117.875492955000027, -35.080601971999954 ], [ 117.87621561800006, -35.080561785999976 ], [ 117.87723375600001, -35.080309666999938 ], [ 117.877320690000033, -35.080483863999973 ], [ 117.876896872000088, -35.080626790999929 ], [ 117.876133920000029, -35.080877062999946 ], [ 117.875198221, -35.080883820999929 ], [ 117.875110169000095, -35.080604733999962 ], [ 117.8755724130001, -35.080076918999964 ], [ 117.87658531000011, -35.079335329999935 ], [ 117.876589799000044, -35.079754879999939 ], [ 117.877057267000055, -35.079716533999942 ], [ 117.877104029000066, -35.079469537999955 ], [ 117.877174171000092, -35.079099042999928 ], [ 117.877439554000034, -35.079394770999954 ], [ 117.877469054000017, -35.080382630999964 ], [ 117.877445290000082, -35.080203240999936 ] ] ] ] } },
{ "type": "Feature", "properties": { "id": 96453, "poly_area": 6.715854, "capture_sc": "10000", "orthophoto": "ALBANY FEB 2016", "comments": "NATIVE VEGETATION", "st_area_sh": 6.636997743e-06, "st_perimet": 0.015467299956204 }, "geometry": { "type": "MultiPolygon", "coordinates": [ [ [ [ 117.850458607000064, -35.069978919999983 ], [ 117.857466943000077, -35.069911188999981 ], [ 117.857466206000026, -35.070012343999963 ], [ 117.857257805000017, -35.070068479999975 ], [ 117.856515869000077, -35.070403731999932 ], [ 117.855690259000085, -35.070963501999984 ], [ 117.855094608000059, -35.071580575999974 ], [ 117.854321274000085, -35.071656743999938 ], [ 117.854015330000038, -35.071187462999944 ], [ 117.852406667000082, -35.07089235199993 ], [ 117.851847742000018, -35.070908067999937 ], [ 117.850580917000116, -35.070398381999951 ], [ 117.850327736000054, -35.070066513999961 ], [ 117.850458607000064, -35.069978919999983 ] ] ] ] } },
{ "type": "Feature", "properties": { "id": 96466, "poly_area": 0.58155217, "capture_sc": "10000", "orthophoto": "ALBANY FEB 2016", "comments": "NATIVE VEGETATION", "st_area_sh": 5.74619713e-07, "st_perimet": 0.0046252196871469997 }, "geometry": { "type": "MultiPolygon", "coordinates": [ [ [ [ 117.832881894000025, -35.056356398999981 ], [ 117.832164388000024, -35.056885811999962 ], [ 117.831866751, -35.056887853999967 ], [ 117.832624291000116, -35.056113407999931 ], [ 117.833769111000038, -35.055790848999948 ], [ 117.833602946000042, -35.05617661499997 ], [ 117.832881894000025, -35.056356398999981 ] ] ] ] } },
{ "type": "Feature", "properties": { "id": 96478, "poly_area": 2.79898818, "capture_sc": "10000", "orthophoto": "ALBANY FEB 2016", "comments": "NATIVE VEGETATION", "st_area_sh": 2.76664779e-06, "st_perimet": 0.0098613800382049994 }, "geometry": { "type": "MultiPolygon", "coordinates": [ [ [ [ 117.883446148000075, -35.088411457999939 ], [ 117.883021924000104, -35.088519443999928 ], [ 117.882894695000118, -35.088555335999956 ], [ 117.882724552000013, -35.088556575999974 ], [ 117.882638728000074, -35.088487269999973 ], [ 117.882595438000067, -35.088417654999944 ], [ 117.882590915000037, -35.087998103999951 ], [ 117.882631941000113, -35.087857944999939 ], [ 117.882618748000027, -35.086634258999936 ], [ 117.882872447000068, -35.086492550999935 ], [ 117.882957516000033, -35.086491930999955 ], [ 117.883256389000053, -35.086594648999949 ], [ 117.883471327000052, -35.086802874999933 ], [ 117.883472081000036, -35.086872799999981 ], [ 117.883558282000081, -35.086977066999964 ], [ 117.883562810000058, -35.087396617999957 ], [ 117.883605345000092, -35.087396307999938 ], [ 117.883648257000118, -35.08743095899996 ], [ 117.883733327000073, -35.08743033899998 ], [ 117.88377661800007, -35.087499953999952 ], [ 117.883778127000028, -35.087639804999981 ], [ 117.883693434000065, -35.087675386999933 ], [ 117.883609496000076, -35.08778089499998 ], [ 117.883566961000042, -35.087781204999942 ], [ 117.883567339000024, -35.087816166999971 ], [ 117.883524804000103, -35.087816476999933 ], [ 117.883525181000095, -35.087851438999962 ], [ 117.883568093, -35.087886091999962 ], [ 117.883653164000066, -35.087885471999982 ], [ 117.883696076000092, -35.087920123999936 ], [ 117.883781147000036, -35.087919503999956 ], [ 117.883867727000052, -35.088058733999958 ], [ 117.883953931000065, -35.088163000999941 ], [ 117.884039756000107, -35.088232305999952 ], [ 117.884337503000097, -35.088230133999957 ], [ 117.884974778000014, -35.088155553999968 ], [ 117.885527737000075, -35.088151516999972 ], [ 117.88553076200003, -35.088431215999947 ], [ 117.883824458000049, -35.08878638799996 ], [ 117.883446148000075, -35.088411457999939 ] ] ] ] } },
{ "type": "Feature", "properties": { "id": 96506, "poly_area": 0.69854277, "capture_sc": "10000", "orthophoto": "ALBANY FEB 2016", "comments": "NATIVE VEGETATION", "st_area_sh": 6.90291108e-07, "st_perimet": 0.0039128899457199998 }, "geometry": { "type": "MultiPolygon", "coordinates": [ [ [ [ 117.849952958000017, -35.066821774999937 ], [ 117.849935426000116, -35.066812044999949 ], [ 117.849968159000014, -35.066800238999974 ], [ 117.849952958000017, -35.066821774999937 ] ] ], [ [ [ 117.849531556000102, -35.065974203999929 ], [ 117.850150228000075, -35.06619380099994 ], [ 117.850137361000066, -35.066335322999976 ], [ 117.849953834000075, -35.066607687999976 ], [ 117.84972924200008, -35.06670199499996 ], [ 117.849179931000094, -35.06662489799993 ], [ 117.848518745000092, -35.066452737999953 ], [ 117.848603772000047, -35.066357854999978 ], [ 117.848933448000025, -35.066355546999944 ], [ 117.84931691700001, -35.06601106599993 ], [ 117.849334664000025, -35.065960876999952 ], [ 117.849531556000102, -35.065974203999929 ] ] ] ] } },
{ "type": "Feature", "properties": { "id": 96507, "poly_area": 2.74398895, "capture_sc": "10000", "orthophoto": "ALBANY FEB 2016", "comments": "NATIVE VEGETATION", "st_area_sh": 2.711662196e-06, "st_perimet": 0.0078686508606209994 }, "geometry": { "type": "MultiPolygon", "coordinates": [ [ [ [ 117.857327003000023, -35.068504575999953 ], [ 117.857477206000112, -35.068503513999929 ], [ 117.857468453000024, -35.069704155999943 ], [ 117.854697659000067, -35.069806865999965 ], [ 117.854703224000104, -35.068807862999961 ], [ 117.856992274000049, -35.06881569899997 ], [ 117.857327003000023, -35.068504575999953 ] ] ] ] } },
{ "type": "Feature", "properties": { "id": 96508, "poly_area": 4.0318098, "capture_sc": "10000", "orthophoto": "ALBANY FEB 2016", "comments": "NATIVE VEGETATION", "st_area_sh": 3.984324293e-06, "st_perimet": 0.0097959347383289996 }, "geometry": { "type": "MultiPolygon", "coordinates": [ [ [ [ 117.850455122000085, -35.069843734999949 ], [ 117.850428038000018, -35.068793110999934 ], [ 117.854331929000068, -35.068806586999983 ], [ 117.854284757000073, -35.06981680399997 ], [ 117.850455122000085, -35.069843734999949 ] ] ] ] } },
{ "type": "Feature", "properties": { "id": 96509, "poly_area": 0.47706465, "capture_sc": "10000", "orthophoto": "ALBANY FEB 2016", "comments": "NATIVE VEGETATION", "st_area_sh": 4.71426848e-07, "st_perimet": 0.002789234328742 }, "geometry": { "type": "MultiPolygon", "coordinates": [ [ [ [ 117.847908312000072, -35.065643774999955 ], [ 117.848624994000033, -35.065638759999956 ], [ 117.848912189000089, -35.065735250999978 ], [ 117.848771870000064, -35.065979524999932 ], [ 117.84853088300008, -35.066240504999939 ], [ 117.848067656000012, -35.066291099999944 ], [ 117.847908312000072, -35.065643774999955 ] ] ] ] } },
{ "type": "Feature", "properties": { "id": 96467, "poly_area": 119.26759088, "capture_sc": "10000", "orthophoto": "ALBANY FEB 2016", "comments": "NATIVE VEGETATION", "st_area_sh": 0.000117884160355, "st_perimet": 0.19620149248395999 }, "geometry": { "type": "MultiPolygon", "coordinates": [ [ [ [ 117.871963814000082, -35.088704377999932 ], [ 117.872048885000027, -35.088703765999981 ], [ 117.872048512000106, -35.088668802999962 ], [ 117.872090675000095, -35.088633534999929 ], [ 117.87213246500005, -35.088563303999933 ], [ 117.872302233000028, -35.088527116999956 ], [ 117.87272758600011, -35.088524055999983 ], [ 117.872769375000075, -35.088453822999952 ], [ 117.873064509000073, -35.088206941999943 ], [ 117.873105925000118, -35.088101747999929 ], [ 117.873105179000049, -35.088031822999938 ], [ 117.873146967000025, -35.087961591999942 ], [ 117.873231290000035, -35.087891053999954 ], [ 117.873400311000069, -35.087784939999949 ], [ 117.873570450000102, -35.087783713999954 ], [ 117.873612612000102, -35.087748444999932 ], [ 117.873782377000111, -35.087712255999975 ], [ 117.8739099820001, -35.087711335999984 ], [ 117.874293543000022, -35.087778500999946 ], [ 117.874421894000079, -35.087847505999946 ], [ 117.874464429000113, -35.087847198999953 ], [ 117.874507338000058, -35.087881853999932 ], [ 117.874507712000081, -35.087916815999961 ], [ 117.87455099400006, -35.087986433999959 ], [ 117.873924337000062, -35.088924730999963 ], [ 117.871477180000056, -35.088966685999935 ], [ 117.869133007000073, -35.089020478999942 ], [ 117.867390753000109, -35.089919048999946 ], [ 117.867038689000083, -35.089787060999981 ], [ 117.866337415000089, -35.089792074999934 ], [ 117.865263549000019, -35.089934252999967 ], [ 117.864748264000013, -35.089841852999939 ], [ 117.864349251000021, -35.089690976999975 ], [ 117.863623587, -35.089600072999929 ], [ 117.863017033, -35.089719684999977 ], [ 117.862342374000036, -35.090031930999942 ], [ 117.861757976000035, -35.09003608699993 ], [ 117.860960364000107, -35.089772740999933 ], [ 117.85983529400005, -35.08949249799997 ], [ 117.85936727100011, -35.089447779999944 ], [ 117.858899249000046, -35.089403059999938 ], [ 117.857613172000015, -35.089373737999949 ], [ 117.85749755300003, -35.085031901999969 ], [ 117.857616889000042, -35.080149932999973 ], [ 117.857569672000068, -35.077333240999963 ], [ 117.85757228500006, -35.076933416999964 ], [ 117.857578669000077, -35.076692677999972 ], [ 117.858447101000024, -35.076686528999971 ], [ 117.857975196000098, -35.077160747999983 ], [ 117.857894166000051, -35.077545940999983 ], [ 117.858003630000098, -35.077948902999935 ], [ 117.857865473000061, -35.078277268999955 ], [ 117.858889310000109, -35.078365213999973 ], [ 117.859427847, -35.078186867999932 ], [ 117.85969853000006, -35.078232546999971 ], [ 117.860084674000063, -35.078245672999969 ], [ 117.860432054000057, -35.078243208999936 ], [ 117.860585611000033, -35.078162787999929 ], [ 117.860562977000086, -35.077845624999952 ], [ 117.859565886000041, -35.077775426999949 ], [ 117.859621575, -35.076767046999976 ], [ 117.860885438000082, -35.076797815999953 ], [ 117.861380059000112, -35.076792142999977 ], [ 117.861376999000072, -35.077719070999933 ], [ 117.860665987000061, -35.07772412099996 ], [ 117.860728293000079, -35.078129283999942 ], [ 117.861559285000112, -35.078493197999933 ], [ 117.862214648000077, -35.078715200999966 ], [ 117.862255416000039, -35.078452460999983 ], [ 117.862092283000038, -35.07811959299994 ], [ 117.861789320000071, -35.078288759999964 ], [ 117.861540631000025, -35.07809965499996 ], [ 117.861580392000064, -35.076789843999961 ], [ 117.862306316000058, -35.076781513999947 ], [ 117.86235346300009, -35.078440202999957 ], [ 117.862673310000105, -35.078813056999934 ], [ 117.863039726000011, -35.078608455999984 ], [ 117.863196153000104, -35.078463060999979 ], [ 117.862983580000105, -35.078277008999976 ], [ 117.862737428000059, -35.078235476999964 ], [ 117.862493557000107, -35.078410348999967 ], [ 117.86247637800011, -35.076779561999956 ], [ 117.863318755000023, -35.076769888999934 ], [ 117.863282523000066, -35.078146912999955 ], [ 117.863750133000053, -35.078453750999984 ], [ 117.864228100000105, -35.078366836999976 ], [ 117.864209309000103, -35.077961366999943 ], [ 117.863598987000046, -35.077882208999938 ], [ 117.86351129500008, -35.077823184999943 ], [ 117.864221680000014, -35.077758475999929 ], [ 117.86423430100001, -35.077579441999944 ], [ 117.864437069000019, -35.077542207999954 ], [ 117.864428783000108, -35.076757131999955 ], [ 117.864478448000114, -35.076756560999968 ], [ 117.864478906000045, -35.076799856999969 ], [ 117.864522543000021, -35.076904440999954 ], [ 117.864529187000016, -35.077533770999935 ], [ 117.864445973000102, -35.07770919099994 ], [ 117.864447449000068, -35.077849040999979 ], [ 117.86440565700002, -35.077919269999938 ], [ 117.864408979000018, -35.078233934999957 ], [ 117.864368295000077, -35.078409051999984 ], [ 117.864498838000031, -35.078687843999944 ], [ 117.864754020000078, -35.078686023999978 ], [ 117.864880873000061, -35.078615187999958 ], [ 117.864964825000015, -35.078509692999944 ], [ 117.865048039000044, -35.078334272999939 ], [ 117.865090200000054, -35.078299006999941 ], [ 117.865086506000011, -35.077949378999961 ], [ 117.865042869000035, -35.077844794999976 ], [ 117.86478584300005, -35.077671801999941 ], [ 117.86478510500001, -35.07760187699995 ], [ 117.864826896000068, -35.077531646999944 ], [ 117.864869425000052, -35.077531343999965 ], [ 117.865125343000045, -35.077599448999933 ], [ 117.865253672000108, -35.077668463999942 ], [ 117.865338362000102, -35.077632894999965 ], [ 117.865380522, -35.077597627999978 ], [ 117.865376458000014, -35.077213037999968 ], [ 117.865290660000028, -35.077143718999935 ], [ 117.865120172000047, -35.07710997199996 ], [ 117.864864995000062, -35.077111791999982 ], [ 117.864862410000114, -35.076867052999944 ], [ 117.864904570000022, -35.076831786999946 ], [ 117.865372394000019, -35.076828447999958 ], [ 117.865476872000045, -35.076770105999969 ], [ 117.865514119000068, -35.077844692999975 ], [ 117.865659476000019, -35.077867513999934 ], [ 117.865820326000062, -35.077779629999952 ], [ 117.865955449000012, -35.077888797999947 ], [ 117.865676256000029, -35.078082126999959 ], [ 117.865648875000034, -35.078237405999971 ], [ 117.865432099000031, -35.078322459999981 ], [ 117.865825775000076, -35.078498592999949 ], [ 117.86595485700002, -35.078354515999933 ], [ 117.866236695000111, -35.078118763999953 ], [ 117.866241843000012, -35.078605471999936 ], [ 117.865989989000013, -35.078921958999956 ], [ 117.865993686000024, -35.079271585999948 ], [ 117.865226162000113, -35.079433379999955 ], [ 117.864618835000101, -35.079301154999939 ], [ 117.86367124800006, -35.079229733999966 ], [ 117.863098652000076, -35.079012507999948 ], [ 117.86275782700011, -35.079307814999936 ], [ 117.862047554000014, -35.07938444499996 ], [ 117.861399268000014, -35.079199420999942 ], [ 117.861744084000065, -35.079505897999979 ], [ 117.861829360000115, -35.079650913999956 ], [ 117.863018750000037, -35.079502591999983 ], [ 117.8638059970001, -35.079622448999942 ], [ 117.864167082000108, -35.079494411999974 ], [ 117.864633741000034, -35.079676196999969 ], [ 117.865189298000018, -35.079626982999969 ], [ 117.865548803000024, -35.079753173999961 ], [ 117.865708373000075, -35.079600242999959 ], [ 117.86596583100004, -35.079392308999957 ], [ 117.865872749000118, -35.079901825999968 ], [ 117.865404908000073, -35.079905166999936 ], [ 117.864795124000011, -35.079842059999976 ], [ 117.864232941000068, -35.079688910999948 ], [ 117.863938482000094, -35.079800448999947 ], [ 117.863317940000115, -35.079640322999978 ], [ 117.862327154000013, -35.07975227299994 ], [ 117.861734973000011, -35.080018934999941 ], [ 117.861919759000102, -35.080157269999972 ], [ 117.862428475000115, -35.079996306999931 ], [ 117.864044470000067, -35.079967317999944 ], [ 117.864300579000087, -35.080052905999935 ], [ 117.865612394000095, -35.080277620999937 ], [ 117.865610251000021, -35.080074832999969 ], [ 117.865958258000092, -35.080048489999967 ], [ 117.865901921000045, -35.080406442999958 ], [ 117.865813023000101, -35.080628347999948 ], [ 117.864859391000095, -35.080608364999932 ], [ 117.862855628000034, -35.080168094999976 ], [ 117.862350681000066, -35.080265232999977 ], [ 117.862493181000104, -35.080359499999929 ], [ 117.863155558000017, -35.080375751999952 ], [ 117.864946300000042, -35.080782571999976 ], [ 117.864779499000065, -35.081098449999956 ], [ 117.863337480000041, -35.081493347999981 ], [ 117.862995752000074, -35.081355918999975 ], [ 117.864650427000015, -35.080959508999968 ], [ 117.863713258000075, -35.080826328999933 ], [ 117.863353224000093, -35.080723194999962 ], [ 117.863136818000044, -35.08084403099997 ], [ 117.862874457000089, -35.080751687999964 ], [ 117.862803065000094, -35.080846406999967 ], [ 117.862906635000058, -35.08097193499998 ], [ 117.862443944, -35.081464740999934 ], [ 117.862829310000052, -35.081706756999949 ], [ 117.863382593000097, -35.081737782999937 ], [ 117.864739920000034, -35.081378455999982 ], [ 117.865159696000092, -35.08085097999998 ], [ 117.865713714000094, -35.080951920999951 ], [ 117.865848406000055, -35.081795996999972 ], [ 117.865544999, -35.082139112999982 ], [ 117.864115967000089, -35.082711586999949 ], [ 117.861559609000096, -35.082310197999959 ], [ 117.861004122000054, -35.082278814999938 ], [ 117.861215673000061, -35.081962988999976 ], [ 117.861468289000072, -35.081716436999955 ], [ 117.861126195000111, -35.081544039999983 ], [ 117.861016123000013, -35.082040137999968 ], [ 117.860965147000115, -35.082022605999953 ], [ 117.86081346900005, -35.082089295999936 ], [ 117.860360990000117, -35.081584438999982 ], [ 117.859908886000085, -35.081630462999954 ], [ 117.859401748000096, -35.08170563799996 ], [ 117.858062068000095, -35.081390944999953 ], [ 117.858279860000039, -35.081878917999973 ], [ 117.858837440000116, -35.081864721999978 ], [ 117.860322500000052, -35.081969330999982 ], [ 117.860664962000101, -35.082176691999962 ], [ 117.860923464000052, -35.08248954499993 ], [ 117.861028984000086, -35.082519680999951 ], [ 117.859556505000114, -35.082623116999969 ], [ 117.85974765800006, -35.082860351999955 ], [ 117.860344380000015, -35.083023131999937 ], [ 117.859836857000118, -35.083062521999977 ], [ 117.859094522000078, -35.08285305499993 ], [ 117.858251987000017, -35.082775516999959 ], [ 117.857977522000056, -35.082896756999958 ], [ 117.857865932000095, -35.083327010999938 ], [ 117.858231720000049, -35.083610730999965 ], [ 117.859387630000015, -35.083125356999972 ], [ 117.860505508000074, -35.083165142999974 ], [ 117.860736185000064, -35.08302034999997 ], [ 117.860109565000016, -35.082774276999942 ], [ 117.859934301000067, -35.082668154999965 ], [ 117.861134503000017, -35.082549816999972 ], [ 117.861340893000033, -35.082562731999928 ], [ 117.86166039200009, -35.082584320999956 ], [ 117.861819765000064, -35.082559327999945 ], [ 117.861964877000105, -35.082558296999935 ], [ 117.862284, -35.082544097999971 ], [ 117.862796358000082, -35.082616089999931 ], [ 117.863884142000074, -35.082902520999937 ], [ 117.863871015000086, -35.083033839999985 ], [ 117.863866676000043, -35.083272809999983 ], [ 117.862422408000043, -35.083457918999954 ], [ 117.86371680100001, -35.083547909999936 ], [ 117.864473578000116, -35.084352406999983 ], [ 117.865585354000018, -35.084903918999942 ], [ 117.866866912000091, -35.085419239999965 ], [ 117.868184341000074, -35.085304913999948 ], [ 117.870143118000101, -35.085500660999969 ], [ 117.869805078000013, -35.085712877999981 ], [ 117.868616730000099, -35.085966156999973 ], [ 117.867946941000014, -35.086984945999973 ], [ 117.867607037000084, -35.08702234499998 ], [ 117.866590920000021, -35.087217922999969 ], [ 117.865277965000018, -35.087098650999963 ], [ 117.864081435000116, -35.086539838999954 ], [ 117.863272737000102, -35.086758356999951 ], [ 117.86273591500003, -35.086577789999978 ], [ 117.862423398000033, -35.086395625999955 ], [ 117.862611698000023, -35.086252449999961 ], [ 117.861966727000095, -35.085632955999984 ], [ 117.861501618000034, -35.085707180999975 ], [ 117.861361795000107, -35.085537968999972 ], [ 117.860773820000077, -35.085414492999973 ], [ 117.860997225, -35.085327804999963 ], [ 117.860995883000101, -35.085200160999932 ], [ 117.861810097000102, -35.08550641599993 ], [ 117.861927887000093, -35.08522190399998 ], [ 117.861941406000028, -35.084867215999964 ], [ 117.861403257, -35.084558998999967 ], [ 117.860782124000025, -35.084563411999966 ], [ 117.860907525000016, -35.085002216999953 ], [ 117.860806985000067, -35.085286604999965 ], [ 117.860428594000041, -35.085402760999955 ], [ 117.861311227000101, -35.085651797999958 ], [ 117.861312273000067, -35.085751076999941 ], [ 117.861053315000049, -35.085738732999971 ], [ 117.861336990000041, -35.086460085999931 ], [ 117.861597593000056, -35.086628437999934 ], [ 117.862115366000012, -35.086638940999933 ], [ 117.862843029000032, -35.086917436999954 ], [ 117.862927953000053, -35.086789178999936 ], [ 117.863205367000091, -35.086914856999954 ], [ 117.863641510000093, -35.08736562699994 ], [ 117.865024550000044, -35.087611071999959 ], [ 117.865244507000057, -35.087198175999958 ], [ 117.86595955700011, -35.087339440999983 ], [ 117.865908985000033, -35.087349173999939 ], [ 117.866005340000015, -35.087348485999939 ], [ 117.866929818000017, -35.087341876999972 ], [ 117.868036833000019, -35.087438850999945 ], [ 117.868706252000038, -35.086385096999948 ], [ 117.870274437000035, -35.085849370999938 ], [ 117.870484503000057, -35.085603104999961 ], [ 117.871466503000079, -35.085945701999947 ], [ 117.872064585000089, -35.086186156999929 ], [ 117.872953696000081, -35.08579513899997 ], [ 117.872774238000034, -35.084922300999949 ], [ 117.872981180000011, -35.084364902999937 ], [ 117.872450043000072, -35.084596814999941 ], [ 117.872222147000116, -35.084678474999976 ], [ 117.872194059000094, -35.084516162999932 ], [ 117.872296445000075, -35.084241292999934 ], [ 117.873347493000097, -35.084046159999957 ], [ 117.873717444000022, -35.084173346999933 ], [ 117.87446627700001, -35.083619681999949 ], [ 117.874714451000045, -35.083848739999951 ], [ 117.874088013, -35.084358240999961 ], [ 117.87570809500005, -35.084851528999934 ], [ 117.876113450000048, -35.085068444999933 ], [ 117.875769807000097, -35.085660677999954 ], [ 117.874631579000038, -35.087566269999968 ], [ 117.874417410000092, -35.087427954999953 ], [ 117.874205110000048, -35.08746445099996 ], [ 117.874120414000117, -35.087500027999965 ], [ 117.873567836, -35.087538975999962 ], [ 117.873440231000018, -35.087539895999953 ], [ 117.872754063000116, -35.087258762999966 ], [ 117.872434463000104, -35.087424589999955 ], [ 117.872423319000063, -35.087814616999935 ], [ 117.872227476000035, -35.088105341999949 ], [ 117.871663170000033, -35.088285505999977 ], [ 117.871765697000114, -35.088426080999966 ], [ 117.87174815700007, -35.088426206999941 ], [ 117.871791065000025, -35.088460863999956 ], [ 117.871963814000082, -35.088704377999932 ] ], [ [ 117.866340377000029, -35.085769292999942 ], [ 117.865823794000107, -35.086201369999969 ], [ 117.866524497000114, -35.086751676999938 ], [ 117.867116096000018, -35.086112801999946 ], [ 117.866340377000029, -35.085769292999942 ] ] ] ] } },
{ "type": "Feature", "properties": { "id": 96468, "poly_area": 0.28287423, "capture_sc": "10000", "orthophoto": "ALBANY FEB 2016", "comments": "NATIVE VEGETATION", "st_area_sh": 2.79535243e-07, "st_perimet": 0.0021625212803030001 }, "geometry": { "type": "MultiPolygon", "coordinates": [ [ [ [ 117.853110986000047, -35.067509649999977 ], [ 117.853021205000118, -35.067055728999946 ], [ 117.853486423000049, -35.066807694999966 ], [ 117.853745576000051, -35.067190490999963 ], [ 117.853110986000047, -35.067509649999977 ] ] ] ] } },
{ "type": "Feature", "properties": { "id": 96469, "poly_area": 0.28889274, "capture_sc": "10000", "orthophoto": "ALBANY FEB 2016", "comments": "NATIVE VEGETATION", "st_area_sh": 2.85477689e-07, "st_perimet": 0.0028351977410040002 }, "geometry": { "type": "MultiPolygon", "coordinates": [ [ [ [ 117.853564188000064, -35.066107834999968 ], [ 117.853729183000041, -35.065617154999984 ], [ 117.853303947000086, -35.065620148999983 ], [ 117.853428969000106, -35.06537450999997 ], [ 117.854023933, -35.065335354999945 ], [ 117.853945081, -35.065930324999954 ], [ 117.853564188000064, -35.066107834999968 ] ] ] ] } },
{ "type": "Feature", "properties": { "id": 96470, "poly_area": 0.2136599, "capture_sc": "10000", "orthophoto": "ALBANY FEB 2016", "comments": "NATIVE VEGETATION", "st_area_sh": 2.11137253e-07, "st_perimet": 0.001903515707561 }, "geometry": { "type": "MultiPolygon", "coordinates": [ [ [ [ 117.85548798100001, -35.067073309999955 ], [ 117.854937719000077, -35.06732195099994 ], [ 117.854848657000048, -35.066937958999972 ], [ 117.855399647000013, -35.066759243999968 ], [ 117.85548798100001, -35.067073309999955 ] ] ] ] } },
{ "type": "Feature", "properties": { "id": 96475, "poly_area": 0.7899372, "capture_sc": "10000", "orthophoto": "ALBANY FEB 2016", "comments": "NATIVE VEGETATION", "st_area_sh": 7.80743221e-07, "st_perimet": 0.0068739410743200004 }, "geometry": { "type": "MultiPolygon", "coordinates": [ [ [ [ 117.870486525000047, -35.081791876999944 ], [ 117.870103738000012, -35.08179462399994 ], [ 117.869932497000036, -35.081690957999967 ], [ 117.869889222000097, -35.081621337999934 ], [ 117.869803788000013, -35.081586984999944 ], [ 117.869760884000016, -35.08155232799993 ], [ 117.869760513000074, -35.081517364999968 ], [ 117.869717982000111, -35.081517669999982 ], [ 117.86958964400003, -35.081448659999978 ], [ 117.869504581000115, -35.08144927099994 ], [ 117.869461678000107, -35.081414612999936 ], [ 117.869419146000041, -35.08141491799995 ], [ 117.869333340000026, -35.081345602999932 ], [ 117.869119570000066, -35.081242238999948 ], [ 117.869076296000117, -35.081172618999972 ], [ 117.869075183000064, -35.081067730999962 ], [ 117.869159875000037, -35.08103215899996 ], [ 117.869457596000075, -35.081030024999961 ], [ 117.869543772000043, -35.081134301999953 ], [ 117.869798961000015, -35.081132470999933 ], [ 117.869798219000018, -35.081062545999941 ], [ 117.870049322000114, -35.080676125999958 ], [ 117.870473149000077, -35.080533221999929 ], [ 117.870517166000013, -35.080672766999953 ], [ 117.870052665000117, -35.080990788999941 ], [ 117.86988662300007, -35.081376599999942 ], [ 117.870187317000045, -35.081654162999939 ], [ 117.870182488000069, -35.081199648999984 ], [ 117.870952145000047, -35.08157874099993 ], [ 117.870486525000047, -35.081791876999944 ] ] ] ] } },
{ "type": "Feature", "properties": { "id": 96476, "poly_area": 0.31597434, "capture_sc": "10000", "orthophoto": "ALBANY FEB 2016", "comments": "NATIVE VEGETATION", "st_area_sh": 3.12324939e-07, "st_perimet": 0.0022601640312160001 }, "geometry": { "type": "MultiPolygon", "coordinates": [ [ [ [ 117.876640841000039, -35.088495819999935 ], [ 117.876131537000106, -35.088604395999937 ], [ 117.87621174100002, -35.088149268999985 ], [ 117.876634098000068, -35.087866493999968 ], [ 117.876849022000101, -35.088074731999939 ], [ 117.876640841000039, -35.088495819999935 ] ] ] ] } },
{ "type": "Feature", "properties": { "id": 96477, "poly_area": 0.81970187, "capture_sc": "10000", "orthophoto": "ALBANY FEB 2016", "comments": "NATIVE VEGETATION", "st_area_sh": 8.10211417e-07, "st_perimet": 0.004356388264931 }, "geometry": { "type": "MultiPolygon", "coordinates": [ [ [ [ 117.884787288000098, -35.08606817499998 ], [ 117.884016349000035, -35.086064632999978 ], [ 117.884050227000102, -35.085011823999935 ], [ 117.884601675000113, -35.08500780199995 ], [ 117.884506105000014, -35.084624212999984 ], [ 117.884692598000015, -35.084681057999944 ], [ 117.884787288000098, -35.08606817499998 ] ] ] ] } },
{ "type": "Feature", "properties": { "id": 96519, "poly_area": 9.04037001, "capture_sc": "10000", "orthophoto": "ALBANY FEB 2016", "comments": "NATIVE VEGETATION", "st_area_sh": 8.932351548e-06, "st_perimet": 0.026660583860560999 }, "geometry": { "type": "MultiPolygon", "coordinates": [ [ [ [ 117.838935586000048, -35.05480093999995 ], [ 117.84205995100001, -35.05366365499998 ], [ 117.845008903, -35.053020681999953 ], [ 117.845031242000118, -35.053125422999983 ], [ 117.844487676000085, -35.053238019999981 ], [ 117.843690446000096, -35.053396851999935 ], [ 117.843525824000039, -35.053520526999932 ], [ 117.843271437000112, -35.053592226999967 ], [ 117.842975250000109, -35.053734148999979 ], [ 117.842848056000093, -35.05376999799995 ], [ 117.842584764000094, -35.05377182899997 ], [ 117.84242572800008, -35.053843591999964 ], [ 117.842311468000048, -35.053953872999955 ], [ 117.842206160000046, -35.054071389999933 ], [ 117.842074448000062, -35.054210988999955 ], [ 117.84181035000006, -35.054424496999957 ], [ 117.841577899000072, -35.054303305999952 ], [ 117.841536099000109, -35.054373526999939 ], [ 117.841536817000019, -35.054443452999976 ], [ 117.841494657000112, -35.054478710999945 ], [ 117.8415280480001, -35.054594336999969 ], [ 117.841523817000052, -35.055046911999966 ], [ 117.841446399, -35.055486541999983 ], [ 117.841814120000095, -35.055446149999966 ], [ 117.842521001000023, -35.054527820999965 ], [ 117.842718527000102, -35.054695554999967 ], [ 117.842930196000111, -35.054562698999973 ], [ 117.843097109000041, -35.05439365899997 ], [ 117.843212568000013, -35.054104226999982 ], [ 117.843305623000106, -35.053954260999944 ], [ 117.843447409000078, -35.053931377999959 ], [ 117.843793186000084, -35.053892476999977 ], [ 117.844555669000101, -35.053806877999932 ], [ 117.845060790000048, -35.053929425999968 ], [ 117.84501720500009, -35.05380366299994 ], [ 117.845148459000029, -35.053620269999954 ], [ 117.845475952000015, -35.053530396999975 ], [ 117.845614902000079, -35.053641241999969 ], [ 117.846016093000117, -35.054263840999965 ], [ 117.844777258000022, -35.054637433999972 ], [ 117.844884691000061, -35.055536320999977 ], [ 117.844049340000083, -35.055506468999965 ], [ 117.843995631000098, -35.055611979999981 ], [ 117.838991871000076, -35.055620499999975 ], [ 117.838935586000048, -35.05480093999995 ] ] ] ] } },
{ "type": "Feature", "properties": { "id": 96520, "poly_area": 2.98325454, "capture_sc": "10000", "orthophoto": "ALBANY FEB 2016", "comments": "NATIVE VEGETATION", "st_area_sh": 2.947502324e-06, "st_perimet": 0.010569280160231001 }, "geometry": { "type": "MultiPolygon", "coordinates": [ [ [ [ 117.848216325259671, -35.050944 ], [ 117.848514779982636, -35.050944 ], [ 117.848441197000056, -35.051013392999948 ], [ 117.849022667000099, -35.052308564999976 ], [ 117.847483317000069, -35.052801072999955 ], [ 117.845589904, -35.05339091999997 ], [ 117.845497580000028, -35.053438885999981 ], [ 117.845361662000073, -35.053441933999977 ], [ 117.84539011600009, -35.052878162999946 ], [ 117.847086828000101, -35.052481702999955 ], [ 117.84763087500005, -35.051638727999944 ], [ 117.847562758000095, -35.05142249499994 ], [ 117.847726597000019, -35.051434438999934 ], [ 117.847947425000029, -35.051330707999966 ], [ 117.84809194200011, -35.051221185999964 ], [ 117.848136733000047, -35.051215603999935 ], [ 117.848147417000064, -35.051179144999935 ], [ 117.848216325259671, -35.050944 ] ] ] ] } },
{ "type": "Feature", "properties": { "id": 96521, "poly_area": 0.25236625, "capture_sc": "10000", "orthophoto": "ALBANY FEB 2016", "comments": "NATIVE VEGETATION", "st_area_sh": 2.49364482e-07, "st_perimet": 0.0020619320276250002 }, "geometry": { "type": "MultiPolygon", "coordinates": [ [ [ [ 117.8493849890001, -35.059194961999935 ], [ 117.849576737, -35.059386801999949 ], [ 117.849579039000105, -35.059608879999985 ], [ 117.848911341000075, -35.059703528999933 ], [ 117.848802376000094, -35.059652279999966 ], [ 117.848864008000078, -35.059495815999981 ], [ 117.849034298000106, -35.059360880999975 ], [ 117.849384944, -35.059194640999976 ], [ 117.8493849890001, -35.059194961999935 ] ] ] ] } },
{ "type": "Feature", "properties": { "id": 96527, "poly_area": 0.63735535, "capture_sc": "10000", "orthophoto": "ALBANY FEB 2016", "comments": "NATIVE VEGETATION", "st_area_sh": 6.29721872e-07, "st_perimet": 0.0030141290279780001 }, "geometry": { "type": "MultiPolygon", "coordinates": [ [ [ [ 117.848436621000019, -35.053144763999967 ], [ 117.848308361000022, -35.052758808999954 ], [ 117.848625689000073, -35.052544914999942 ], [ 117.848846896000055, -35.052477674999977 ], [ 117.849132044000044, -35.052585164999982 ], [ 117.849211920000016, -35.052563805999966 ], [ 117.849388546000114, -35.053103520999969 ], [ 117.84925596700009, -35.053238863999979 ], [ 117.84892129900004, -35.053299252999977 ], [ 117.848436621000019, -35.053144763999967 ] ] ] ] } },
{ "type": "Feature", "properties": { "id": 96533, "poly_area": 0.48314414, "capture_sc": "10000", "orthophoto": "ALBANY FEB 2016", "comments": "NATIVE VEGETATION", "st_area_sh": 4.77394405e-07, "st_perimet": 0.0030692103764249998 }, "geometry": { "type": "MultiPolygon", "coordinates": [ [ [ [ 117.848979501000031, -35.058692353999959 ], [ 117.849079660000029, -35.058506096999963 ], [ 117.849277592000021, -35.058422978999943 ], [ 117.849368655000035, -35.059077545999969 ], [ 117.849203817000102, -35.059151649999933 ], [ 117.848987966000095, -35.05924975299996 ], [ 117.848719439000092, -35.059496828999954 ], [ 117.848523418000013, -35.058790623999982 ], [ 117.848979501000031, -35.058692353999959 ] ] ] ] } },
{ "type": "Feature", "properties": { "id": 96673, "poly_area": 0.18921233, "capture_sc": "10000", "orthophoto": "ALBANY FEB 2016", "comments": "NATIVE VEGETATION", "st_area_sh": 1.86998479e-07, "st_perimet": 0.0017519243114820001 }, "geometry": { "type": "MultiPolygon", "coordinates": [ [ [ [ 117.876395577000039, -35.075609824999958 ], [ 117.876170477000073, -35.075585046999947 ], [ 117.875907035000068, -35.075568913999973 ], [ 117.875903219000065, -35.075211894999939 ], [ 117.876397841000085, -35.075200103999975 ], [ 117.876395577000039, -35.075609824999958 ] ] ] ] } },
{ "type": "Feature", "properties": { "id": 96674, "poly_area": 0.26489345, "capture_sc": "10000", "orthophoto": "ALBANY FEB 2016", "comments": "NATIVE VEGETATION", "st_area_sh": 2.61765225e-07, "st_perimet": 0.002048666298263 }, "geometry": { "type": "MultiPolygon", "coordinates": [ [ [ [ 117.863389581000092, -35.065916907999963 ], [ 117.863490777000038, -35.066195457999981 ], [ 117.862849671000049, -35.066136223999933 ], [ 117.862837272000093, -35.065816816999984 ], [ 117.863007318000086, -35.065659573999937 ], [ 117.863305671000035, -35.065672310999958 ], [ 117.863389581000092, -35.065916907999963 ] ] ] ] } },
{ "type": "Feature", "properties": { "id": 96649, "poly_area": 5.83027969, "capture_sc": "10000", "orthophoto": "ALBANY FEB 2016", "comments": "NATIVE VEGETATION", "st_area_sh": 5.760823745e-06, "st_perimet": 0.024363302636424 }, "geometry": { "type": "MultiPolygon", "coordinates": [ [ [ [ 117.85243588000003, -35.056268363999948 ], [ 117.852939917000072, -35.056079064999949 ], [ 117.855636384000036, -35.057308331999934 ], [ 117.855476850000059, -35.057606663999934 ], [ 117.855540448000056, -35.057735268999977 ], [ 117.856059766000044, -35.058048356999961 ], [ 117.856102416000112, -35.057879212999978 ], [ 117.856308254000055, -35.05761565399996 ], [ 117.85685301400008, -35.057864430999985 ], [ 117.857026627000096, -35.058048956999983 ], [ 117.856773870000097, -35.05807303399996 ], [ 117.856691232000117, -35.05794730599996 ], [ 117.856247646000043, -35.057868707999944 ], [ 117.856177381000066, -35.05806238699995 ], [ 117.856705237000028, -35.058422734999965 ], [ 117.856968394000091, -35.058222937999972 ], [ 117.857127259000094, -35.058167128999969 ], [ 117.857284046000018, -35.05847065599994 ], [ 117.857507503000079, -35.059100636999972 ], [ 117.857309577000024, -35.059183767999968 ], [ 117.855565342000091, -35.059158937999939 ], [ 117.855150019, -35.059191587999976 ], [ 117.85382087500011, -35.059111793999932 ], [ 117.853530048000039, -35.059000702999981 ], [ 117.853013787, -35.05724057499998 ], [ 117.852959648000024, -35.057055993999938 ], [ 117.852377561000026, -35.056388817999959 ], [ 117.85243588000003, -35.056268363999948 ] ], [ [ 117.855509618000042, -35.058148831999972 ], [ 117.854724160000046, -35.058213812999952 ], [ 117.854557496000098, -35.057828619999952 ], [ 117.854762829000038, -35.057589407999956 ], [ 117.854426044000093, -35.057354016999966 ], [ 117.854146655000022, -35.057865751999941 ], [ 117.854032594000046, -35.05775058699993 ], [ 117.853964589000043, -35.057351761999939 ], [ 117.853404747000013, -35.057331489999967 ], [ 117.853361736000011, -35.057539835999933 ], [ 117.853390776000083, -35.057725384999969 ], [ 117.853609559, -35.057909597999981 ], [ 117.853698497000096, -35.058589281999957 ], [ 117.853828284000087, -35.058955707999928 ], [ 117.854271254000082, -35.058974878999948 ], [ 117.855449527000019, -35.059063286999958 ], [ 117.855462617000057, -35.058840166999971 ], [ 117.855736898000032, -35.058280970999931 ], [ 117.855509618000042, -35.058148831999972 ] ] ] ] } },
{ "type": "Feature", "properties": { "id": 96650, "poly_area": 12.6969284, "capture_sc": "10000", "orthophoto": "ALBANY FEB 2016", "comments": "NATIVE VEGETATION", "st_area_sh": 1.2544992623e-05, "st_perimet": 0.042413339263103998 }, "geometry": { "type": "MultiPolygon", "coordinates": [ [ [ [ 117.85183608300008, -35.05109947099993 ], [ 117.852549319000104, -35.051368316999969 ], [ 117.852914387000055, -35.052315120999936 ], [ 117.853517017000058, -35.052621252999984 ], [ 117.853764448000106, -35.052929881999944 ], [ 117.853923271000099, -35.053257392999967 ], [ 117.85395041400011, -35.053731886999969 ], [ 117.854040546000078, -35.053859050999961 ], [ 117.854767912000057, -35.054066907999982 ], [ 117.854632714000104, -35.054386826999973 ], [ 117.854135248000034, -35.055614125999966 ], [ 117.853971002000094, -35.056174732999978 ], [ 117.85559510600001, -35.056967493999935 ], [ 117.856490565000058, -35.057205931999931 ], [ 117.856767854000054, -35.057291385999974 ], [ 117.857478202000038, -35.057577857999945 ], [ 117.857513292000021, -35.057926633999955 ], [ 117.857974329000058, -35.057945662999941 ], [ 117.857975650000071, -35.058071965999943 ], [ 117.857967626000118, -35.058168614999943 ], [ 117.858122160000107, -35.058256682999968 ], [ 117.858303880000108, -35.05835198799997 ], [ 117.858323428000062, -35.058493022999983 ], [ 117.858106812000074, -35.058516845999975 ], [ 117.857799686000021, -35.058526448999942 ], [ 117.857746796000015, -35.058653135999975 ], [ 117.85779337200006, -35.058786548999933 ], [ 117.857730435, -35.058816714999978 ], [ 117.857712753000101, -35.058853989999932 ], [ 117.85780528500004, -35.059061379999946 ], [ 117.858069802000045, -35.059297271999981 ], [ 117.858424132000096, -35.05948051699994 ], [ 117.858533569000087, -35.059576333999985 ], [ 117.858514721, -35.059642757999939 ], [ 117.85775749000004, -35.059213181999951 ], [ 117.857401079000056, -35.058257584999978 ], [ 117.856923050000091, -35.057717167999954 ], [ 117.852809223, -35.055804037999962 ], [ 117.852497030000109, -35.056065185999955 ], [ 117.852199012000028, -35.056184166999969 ], [ 117.85162557000001, -35.055526880999935 ], [ 117.850908346000097, -35.05470390399995 ], [ 117.850380467000036, -35.053893942999935 ], [ 117.850502321000022, -35.053821451999966 ], [ 117.851277435000043, -35.054760081999973 ], [ 117.851962083000103, -35.055174859999966 ], [ 117.852506824000102, -35.054401790999975 ], [ 117.852707053000017, -35.053211556999941 ], [ 117.852018060000091, -35.052377226999965 ], [ 117.851247314000034, -35.05185815699997 ], [ 117.850647368000068, -35.051407814999948 ], [ 117.849665870000081, -35.051065039999969 ], [ 117.849368256000048, -35.051067123999928 ], [ 117.849670941000113, -35.051554521999947 ], [ 117.849636394000072, -35.052324004999946 ], [ 117.850241416000017, -35.053263833999949 ], [ 117.85001175900004, -35.053370867999945 ], [ 117.84975732800001, -35.053028800999982 ], [ 117.849079465000045, -35.051428056999953 ], [ 117.848956518933392, -35.050944 ], [ 117.85122495099877, -35.050944 ], [ 117.85183608300008, -35.05109947099993 ] ] ] ] } },
{ "type": "Feature", "properties": { "id": 96651, "poly_area": 0.18968942, "capture_sc": "10000", "orthophoto": "ALBANY FEB 2016", "comments": "NATIVE VEGETATION", "st_area_sh": 1.87420006e-07, "st_perimet": 0.0018817327016369999 }, "geometry": { "type": "MultiPolygon", "coordinates": [ [ [ [ 117.846717534000049, -35.053778006999949 ], [ 117.846466760000112, -35.054199343999983 ], [ 117.846321293000074, -35.054263363999951 ], [ 117.846060626000053, -35.053750828999966 ], [ 117.846717534000049, -35.053778006999949 ] ] ] ] } },
{ "type": "Feature", "properties": { "id": 96668, "poly_area": 2.92285493, "capture_sc": "10000", "orthophoto": "ALBANY FEB 2016", "comments": "NATIVE VEGETATION", "st_area_sh": 2.888647677e-06, "st_perimet": 0.017937374720836001 }, "geometry": { "type": "MultiPolygon", "coordinates": [ [ [ [ 117.878356424000117, -35.073937859999944 ], [ 117.879770324000106, -35.07507336599997 ], [ 117.879736641000022, -35.075249056999951 ], [ 117.878628190000086, -35.076080232999971 ], [ 117.878725796000026, -35.075709708999966 ], [ 117.878449336000017, -35.075640134999958 ], [ 117.878204070000038, -35.075773136999942 ], [ 117.877782125000067, -35.075668826999959 ], [ 117.877593877000095, -35.075705977999974 ], [ 117.877350524, -35.076017905999947 ], [ 117.876915600000075, -35.076056841999957 ], [ 117.876602536000064, -35.075713147999977 ], [ 117.876594903000068, -35.074999566999963 ], [ 117.877091806000067, -35.074995972999943 ], [ 117.877092555000104, -35.075065897999934 ], [ 117.877222012000061, -35.075239787999976 ], [ 117.877224258000069, -35.075449563999939 ], [ 117.877353342000106, -35.075588489999973 ], [ 117.877438400000074, -35.07558787499994 ], [ 117.877565613000115, -35.075551988999962 ], [ 117.877649922000046, -35.075481447999948 ], [ 117.877734605000114, -35.075445869999953 ], [ 117.877732358000117, -35.07523609499998 ], [ 117.877646552000101, -35.075166784999965 ], [ 117.877561120000109, -35.075132437999969 ], [ 117.877474565000057, -35.074993202999963 ], [ 117.877473067000096, -35.07485335299998 ], [ 117.877557375000038, -35.074782811999967 ], [ 117.878748175000055, -35.074774187999935 ], [ 117.878750799000045, -35.075018925999984 ], [ 117.878623963000109, -35.07508977599997 ], [ 117.878411319000065, -35.075091316999931 ], [ 117.8783266370001, -35.075126894999983 ], [ 117.878328135000061, -35.075266745999954 ], [ 117.878414318000068, -35.075371016999952 ], [ 117.87871202000008, -35.075368859999969 ], [ 117.878882510000039, -35.075402588999964 ], [ 117.879137683000067, -35.075400739999964 ], [ 117.879518192000091, -35.07518818799997 ], [ 117.87848813200003, -35.07432152399997 ], [ 117.87823408600002, -35.074428259999934 ], [ 117.878107250000085, -35.07449910899993 ], [ 117.877767023000047, -35.074501572999964 ], [ 117.87776589900011, -35.074396684999954 ], [ 117.877849833000028, -35.074291181999968 ], [ 117.877848608000022, -35.074176921999936 ], [ 117.878039797000042, -35.073984895999956 ], [ 117.87787852800011, -35.073830978999979 ], [ 117.877502805000063, -35.073976852999976 ], [ 117.877125166000042, -35.07394379699997 ], [ 117.877769312000055, -35.073524385999974 ], [ 117.878356424000117, -35.073937859999944 ] ] ] ] } },
{ "type": "Feature", "properties": { "id": 96669, "poly_area": 0.81403996, "capture_sc": "10000", "orthophoto": "ALBANY FEB 2016", "comments": "NATIVE VEGETATION", "st_area_sh": 8.04560404e-07, "st_perimet": 0.0049568545247860004 }, "geometry": { "type": "MultiPolygon", "coordinates": [ [ [ [ 117.878097445000094, -35.079364698999939 ], [ 117.879175596000096, -35.079762489999951 ], [ 117.879810836000047, -35.080807680999953 ], [ 117.879682254000045, -35.080874260999963 ], [ 117.878913372000056, -35.080262537999943 ], [ 117.877931704000048, -35.079481499999929 ], [ 117.878097445000094, -35.079364698999939 ] ] ] ] } },
{ "type": "Feature", "properties": { "id": 96670, "poly_area": 0.51517802, "capture_sc": "10000", "orthophoto": "ALBANY FEB 2016", "comments": "NATIVE VEGETATION", "st_area_sh": 5.09104599e-07, "st_perimet": 0.0032908705409390002 }, "geometry": { "type": "MultiPolygon", "coordinates": [ [ [ [ 117.85296981800002, -35.068411813999944 ], [ 117.854018024000084, -35.068095676999974 ], [ 117.854042963000097, -35.068174804999956 ], [ 117.854066277000015, -35.068708749999985 ], [ 117.852806737000037, -35.06868581599997 ], [ 117.85296981800002, -35.068411813999944 ] ] ] ] } },
{ "type": "Feature", "properties": { "id": 96671, "poly_area": 12.29485668, "capture_sc": "10000", "orthophoto": "ALBANY FEB 2016", "comments": "NATIVE VEGETATION", "st_area_sh": 1.2150370402e-05, "st_perimet": 0.014880326409711001 }, "geometry": { "type": "MultiPolygon", "coordinates": [ [ [ [ 117.877020722000111, -35.068353076999983 ], [ 117.877277370000115, -35.06849108199998 ], [ 117.877703372000042, -35.068557928999951 ], [ 117.878453167000089, -35.06916632399998 ], [ 117.880202340000096, -35.071083613999974 ], [ 117.88001499500001, -35.071523604999982 ], [ 117.879222693000088, -35.072203263999938 ], [ 117.879022680000048, -35.072271848999947 ], [ 117.876978790000067, -35.073825559999932 ], [ 117.876570352000044, -35.073755387999938 ], [ 117.876519488000099, -35.073181916999943 ], [ 117.876527882000119, -35.072484753999959 ], [ 117.876532837000013, -35.072073109999963 ], [ 117.876676159000112, -35.072040576999939 ], [ 117.876584832000049, -35.068571390999978 ], [ 117.876855532000036, -35.068532283999957 ], [ 117.876898038000036, -35.068353963999982 ], [ 117.877020722000111, -35.068353076999983 ] ] ] ] } },
{ "type": "Feature", "properties": { "id": 96672, "poly_area": 0.04773018, "capture_sc": "10000", "orthophoto": "ALBANY FEB 2016", "comments": "NATIVE VEGETATION", "st_area_sh": 4.7171097e-08, "st_perimet": 0.00091304421361000003 }, "geometry": { "type": "MultiPolygon", "coordinates": [ [ [ [ 117.876880157000073, -35.074100652999959 ], [ 117.876736973000106, -35.074280631999954 ], [ 117.876615881000021, -35.074292540999977 ], [ 117.876593808000052, -35.074027598999976 ], [ 117.876880157000073, -35.074100652999959 ] ] ] ] } },
{ "type": "Feature", "properties": { "id": 96676, "poly_area": 2.3905214, "capture_sc": "10000", "orthophoto": "ALBANY FEB 2016", "comments": "NATIVE VEGETATION", "st_area_sh": 2.362445716e-06, "st_perimet": 0.010228942360636 }, "geometry": { "type": "MultiPolygon", "coordinates": [ [ [ [ 117.874712428000066, -35.071236908999936 ], [ 117.874756074000061, -35.071341489999952 ], [ 117.874841874000026, -35.071410801999946 ], [ 117.875012727000012, -35.071479499999953 ], [ 117.875055254000017, -35.071479192999959 ], [ 117.875141055000086, -35.071548504999953 ], [ 117.875184328000046, -35.071618122999951 ], [ 117.87526975600008, -35.071652470999936 ], [ 117.875271995000048, -35.071862246999956 ], [ 117.875358170000027, -35.071966520999979 ], [ 117.875443597000071, -35.072000868999964 ], [ 117.875571179000076, -35.071999947999984 ], [ 117.875565202000075, -35.071440545999963 ], [ 117.87552267600006, -35.071440852999956 ], [ 117.875309295000079, -35.071372462999932 ], [ 117.875224241000069, -35.071373077999965 ], [ 117.875138441000104, -35.071303765999971 ], [ 117.875136202000022, -35.071093990999941 ], [ 117.875177982000082, -35.071023757999967 ], [ 117.875348462000034, -35.071057491999966 ], [ 117.87556109500008, -35.071055957999931 ], [ 117.875642786000071, -35.070740679999972 ], [ 117.876319506000073, -35.07119946499995 ], [ 117.876330747000111, -35.072522015999937 ], [ 117.875827492000099, -35.072617133999984 ], [ 117.875786056000038, -35.072208187999934 ], [ 117.875147774000084, -35.072177830999976 ], [ 117.875415274000034, -35.07255496199997 ], [ 117.874404524000056, -35.072535579999965 ], [ 117.874401418000048, -35.071241508999947 ], [ 117.874711299000069, -35.07113107899994 ], [ 117.874712428000066, -35.071236908999936 ] ] ] ] } },
{ "type": "Feature", "properties": { "id": 96677, "poly_area": 0.53139061, "capture_sc": "10000", "orthophoto": "ALBANY FEB 2016", "comments": "NATIVE VEGETATION", "st_area_sh": 5.25171657e-07, "st_perimet": 0.0032742218734529999 }, "geometry": { "type": "MultiPolygon", "coordinates": [ [ [ [ 117.874414367000099, -35.075190137999982 ], [ 117.874585228000115, -35.075258835999932 ], [ 117.874797871000055, -35.075257301999955 ], [ 117.874839653000095, -35.07518706999997 ], [ 117.874924337000039, -35.075151493999954 ], [ 117.875434682000105, -35.075147809999976 ], [ 117.875069721000045, -35.075769284999978 ], [ 117.874394266000081, -35.075856535999947 ], [ 117.874378644000103, -35.075132666999934 ], [ 117.874414367000099, -35.075190137999982 ] ] ] ] } },
{ "type": "Feature", "properties": { "id": 96678, "poly_area": 0.2575979, "capture_sc": "10000", "orthophoto": "ALBANY FEB 2016", "comments": "NATIVE VEGETATION", "st_area_sh": 2.54585876e-07, "st_perimet": 0.0023187957713639998 }, "geometry": { "type": "MultiPolygon", "coordinates": [ [ [ [ 117.876230176000035, -35.075739698999939 ], [ 117.876234385000089, -35.07613334399997 ], [ 117.875668486000109, -35.076137431999939 ], [ 117.875636661000044, -35.075875211999971 ], [ 117.875456050000025, -35.075876515999937 ], [ 117.875447201000043, -35.075745354999981 ], [ 117.876230176000035, -35.075739698999939 ] ] ] ] } },
{ "type": "Feature", "properties": { "id": 96679, "poly_area": 8.22582138, "capture_sc": "10000", "orthophoto": "ALBANY FEB 2016", "comments": "NATIVE VEGETATION", "st_area_sh": 8.12990378e-06, "st_perimet": 0.012287668679131 }, "geometry": { "type": "MultiPolygon", "coordinates": [ [ [ [ 117.88111854400006, -35.076909156999932 ], [ 117.88170037000009, -35.077036151999948 ], [ 117.882961889000057, -35.078291502999946 ], [ 117.87998394400006, -35.080710987999964 ], [ 117.879333679000069, -35.079618188999973 ], [ 117.878285446000064, -35.079303689999961 ], [ 117.88111854400006, -35.076909156999932 ] ] ] ] } },
{ "type": "Feature", "properties": { "id": 96680, "poly_area": 0.72771435, "capture_sc": "10000", "orthophoto": "ALBANY FEB 2016", "comments": "NATIVE VEGETATION", "st_area_sh": 7.19209464e-07, "st_perimet": 0.0059189629554620002 }, "geometry": { "type": "MultiPolygon", "coordinates": [ [ [ [ 117.876712968000106, -35.076106024999945 ], [ 117.876786412000115, -35.076189000999932 ], [ 117.877555711000014, -35.076207293999971 ], [ 117.877801363000117, -35.076110079999978 ], [ 117.878094891000046, -35.07641812199995 ], [ 117.877489930000024, -35.076840035999965 ], [ 117.877443078000056, -35.076530206999962 ], [ 117.876848283000072, -35.076546439999959 ], [ 117.876763008000012, -35.07671406999998 ], [ 117.876782241000114, -35.077155322999943 ], [ 117.876957642000093, -35.077273350999974 ], [ 117.876663010000016, -35.077463936999948 ], [ 117.8766393840001, -35.07716252299997 ], [ 117.87661029800006, -35.076064886999973 ], [ 117.876712968000106, -35.076106024999945 ] ] ] ] } },
{ "type": "Feature", "properties": { "id": 96681, "poly_area": 2.36578915, "capture_sc": "10000", "orthophoto": "ALBANY FEB 2016", "comments": "NATIVE VEGETATION", "st_area_sh": 2.338163264e-06, "st_perimet": 0.011671295905697 }, "geometry": { "type": "MultiPolygon", "coordinates": [ [ [ [ 117.875451979000104, -35.07624636099996 ], [ 117.87639204200002, -35.076249873999984 ], [ 117.876385731000028, -35.07739244399994 ], [ 117.876536763000104, -35.078060984999979 ], [ 117.876510309000082, -35.078480949999971 ], [ 117.876218661000053, -35.078734095999948 ], [ 117.876018287000079, -35.078716183999973 ], [ 117.876025679, -35.07871 ], [ 117.87602455800004, -35.078605111999934 ], [ 117.875981280000019, -35.078535493999937 ], [ 117.875852567000038, -35.078431527999953 ], [ 117.875681698000108, -35.078362831999982 ], [ 117.875554106000095, -35.078363752999962 ], [ 117.875468672000011, -35.07832940399993 ], [ 117.875382864000017, -35.078260093999972 ], [ 117.875340334000043, -35.078260400999966 ], [ 117.875297057000012, -35.078190782999968 ], [ 117.875211623000041, -35.078156433999936 ], [ 117.875204901000075, -35.07752710799997 ], [ 117.875715261000096, -35.077523422999946 ], [ 117.876140187000033, -35.077485387999957 ], [ 117.876134206000074, -35.076925986999981 ], [ 117.875581320000038, -35.076929980999978 ], [ 117.875580199000069, -35.076825092999968 ], [ 117.875621982000098, -35.076754860999984 ], [ 117.87579060600001, -35.076613780999935 ], [ 117.875875291000057, -35.076578203999929 ], [ 117.87595960200008, -35.076507664999951 ], [ 117.875958107000088, -35.07636781399998 ], [ 117.875617872000021, -35.076370271999963 ], [ 117.875490657000114, -35.076406155999962 ], [ 117.875363816000117, -35.076477001999933 ], [ 117.875322407000112, -35.076582196999937 ], [ 117.875196685000105, -35.076757930999975 ], [ 117.875154155000018, -35.076758237999968 ], [ 117.875111999000069, -35.076793506999934 ], [ 117.874984411000014, -35.076794427999971 ], [ 117.874857196000107, -35.07683031199997 ], [ 117.874415351000039, -35.076833498999974 ], [ 117.874404212000059, -35.076317391999964 ], [ 117.875208010000051, -35.076277974999982 ], [ 117.875380639000014, -35.076169578999952 ], [ 117.875451979000104, -35.07624636099996 ] ] ] ] } },
{ "type": "Feature", "properties": { "id": 96682, "poly_area": 0.43993196, "capture_sc": "10000", "orthophoto": "ALBANY FEB 2016", "comments": "NATIVE VEGETATION", "st_area_sh": 4.34751378e-07, "st_perimet": 0.0032308854577219998 }, "geometry": { "type": "MultiPolygon", "coordinates": [ [ [ [ 117.874512480000021, -35.068441122999957 ], [ 117.875623285000074, -35.068837453999947 ], [ 117.875649951000014, -35.069038811999974 ], [ 117.874474873000054, -35.069017570999961 ], [ 117.874580776000016, -35.068779044999928 ], [ 117.874460923000015, -35.068557005999935 ], [ 117.874470085000098, -35.06843996799995 ], [ 117.874512480000021, -35.068441122999957 ] ] ] ] } },
{ "type": "Feature", "properties": { "id": 96683, "poly_area": 0.08816576, "capture_sc": "10000", "orthophoto": "ALBANY FEB 2016", "comments": "NATIVE VEGETATION", "st_area_sh": 8.7128065e-08, "st_perimet": 0.0021794045476179998 }, "geometry": { "type": "MultiPolygon", "coordinates": [ [ [ [ 117.876226197000051, -35.069617574999938 ], [ 117.876274328000022, -35.070141706999948 ], [ 117.87596880000001, -35.069409642999972 ], [ 117.87588133700001, -35.069147244999954 ], [ 117.876226197000051, -35.069617574999938 ] ] ] ] } },
{ "type": "Feature", "properties": { "id": 96684, "poly_area": 0.35099249, "capture_sc": "10000", "orthophoto": "ALBANY FEB 2016", "comments": "NATIVE VEGETATION", "st_area_sh": 3.4685832e-07, "st_perimet": 0.0023593675753989999 }, "geometry": { "type": "MultiPolygon", "coordinates": [ [ [ [ 117.870236466000051, -35.06902576799996 ], [ 117.870267170000034, -35.068512871999928 ], [ 117.870591460000014, -35.068413951999958 ], [ 117.87092597000003, -35.068426410999962 ], [ 117.870910738000021, -35.068694003999951 ], [ 117.87065128200004, -35.068941059999929 ], [ 117.870382157000108, -35.069128743999954 ], [ 117.870306070000083, -35.069146391999936 ], [ 117.870236466000051, -35.06902576799996 ] ] ] ] } },
{ "type": "Feature", "properties": { "id": 96685, "poly_area": 8.54267909, "capture_sc": "10000", "orthophoto": "ALBANY FEB 2016", "comments": "NATIVE VEGETATION", "st_area_sh": 8.44214239e-06, "st_perimet": 0.017588837962434999 }, "geometry": { "type": "MultiPolygon", "coordinates": [ [ [ [ 117.871251443, -35.068438932999982 ], [ 117.871495193000101, -35.068414891999964 ], [ 117.874287914000092, -35.068435004999969 ], [ 117.874299926000049, -35.06956122899993 ], [ 117.874652121000054, -35.069571006999979 ], [ 117.874652740000101, -35.069628934999969 ], [ 117.874482636000039, -35.069630160999964 ], [ 117.874397957000042, -35.06966573699998 ], [ 117.874409520000086, -35.070749579999983 ], [ 117.874452419000022, -35.070784235999952 ], [ 117.874394127000073, -35.070879612999931 ], [ 117.874261, -35.070995514999936 ], [ 117.87041587300007, -35.07100974399998 ], [ 117.870325526000101, -35.06975327899994 ], [ 117.872340946, -35.06976108899994 ], [ 117.872386943000038, -35.068988027999978 ], [ 117.870896849000019, -35.069087898999953 ], [ 117.870662924000044, -35.069186168999977 ], [ 117.870457568, -35.069408937999981 ], [ 117.87041930800001, -35.069342633999952 ], [ 117.870536253000068, -35.069172217999949 ], [ 117.870913581000082, -35.068961466999951 ], [ 117.871083539000097, -35.068796783999971 ], [ 117.871255613000017, -35.068621710999935 ], [ 117.871251443, -35.068438932999982 ] ] ] ] } },
{ "type": "Feature", "properties": { "id": 96686, "poly_area": 0.04197405, "capture_sc": "10000", "orthophoto": "ALBANY FEB 2016", "comments": "NATIVE VEGETATION", "st_area_sh": 4.1480312e-08, "st_perimet": 0.00092201061670899997 }, "geometry": { "type": "MultiPolygon", "coordinates": [ [ [ [ 117.863509321000038, -35.069554378999953 ], [ 117.86365692600009, -35.06966995099998 ], [ 117.863630661000116, -35.069927451999945 ], [ 117.863513084000033, -35.069911396999942 ], [ 117.863509321000038, -35.069554378999953 ] ] ] ] } },
{ "type": "Feature", "properties": { "id": 96687, "poly_area": 0.72251095, "capture_sc": "10000", "orthophoto": "ALBANY FEB 2016", "comments": "NATIVE VEGETATION", "st_area_sh": 7.1415036e-07, "st_perimet": 0.0078769882351849996 }, "geometry": { "type": "MultiPolygon", "coordinates": [ [ [ [ 117.880470695000099, -35.088844774999984 ], [ 117.87670783100009, -35.088929687999951 ], [ 117.877080195000076, -35.088773272999958 ], [ 117.878179056000022, -35.088784533999956 ], [ 117.880396642000051, -35.088480222999976 ], [ 117.880470695000099, -35.088844774999984 ] ] ] ] } },
{ "type": "Feature", "properties": { "id": 96704, "poly_area": 28.4057354, "capture_sc": "10000", "orthophoto": "ALBANY FEB 2016", "comments": "NATIVE VEGETATION", "st_area_sh": 2.8073523104000001e-05, "st_perimet": 0.028430886306055999 }, "geometry": { "type": "MultiPolygon", "coordinates": [ [ [ [ 117.88036313200007, -35.074657576999982 ], [ 117.880405285000052, -35.074622305999981 ], [ 117.882641969000019, -35.072997641999962 ], [ 117.882042443000046, -35.072617385999934 ], [ 117.881740991000015, -35.072269925999933 ], [ 117.882421426000064, -35.072264975999929 ], [ 117.882807183000068, -35.072541889999968 ], [ 117.883063100000072, -35.07260995799993 ], [ 117.883106005000059, -35.072644609999941 ], [ 117.883658861000072, -35.072640581999963 ], [ 117.883786066000084, -35.072604689999935 ], [ 117.883912893000115, -35.072533833999955 ], [ 117.884168057000011, -35.072531973999958 ], [ 117.884339299000089, -35.07263562199995 ], [ 117.884340430000066, -35.072740508999971 ], [ 117.884470276000116, -35.072949353999945 ], [ 117.884685933000014, -35.073227501999952 ], [ 117.884815027000059, -35.073366421999935 ], [ 117.884859064000011, -35.073505960999967 ], [ 117.884987780000074, -35.073609917999931 ], [ 117.885031441000024, -35.073714494999933 ], [ 117.885032574000093, -35.073819382999943 ], [ 117.885118385000055, -35.073888686999965 ], [ 117.885206463000031, -35.07416776599996 ], [ 117.885210616000109, -35.074552353999934 ], [ 117.885608762000061, -35.07569372699993 ], [ 117.886120726000058, -35.076119142999971 ], [ 117.88576776900004, -35.076397307999969 ], [ 117.885565486000019, -35.07616098799997 ], [ 117.883134730000052, -35.078170948999968 ], [ 117.881728107000072, -35.076916654999934 ], [ 117.880957006000017, -35.076731387999985 ], [ 117.878081271000042, -35.079209731999981 ], [ 117.877813712000034, -35.079387621999956 ], [ 117.877476214000012, -35.079119093999964 ], [ 117.877244313, -35.078728548999948 ], [ 117.876905459000113, -35.078157875999977 ], [ 117.876688805000072, -35.077792998999939 ], [ 117.876686109000048, -35.077758611999968 ], [ 117.879723667, -35.07539230499998 ], [ 117.879839108000056, -35.075331819999974 ], [ 117.879891596000107, -35.075058042999956 ], [ 117.88036313200007, -35.074657576999982 ] ] ] ] } },
{ "type": "Feature", "properties": { "id": 96812, "poly_area": 0.69423294, "capture_sc": "10000", "orthophoto": "ALBANY FEB 2016", "comments": "NATIVE VEGETATION", "st_area_sh": 6.85972471e-07, "st_perimet": 0.0078353079753679996 }, "geometry": { "type": "MultiPolygon", "coordinates": [ [ [ [ 117.853894086000082, -35.059200439999984 ], [ 117.855060518000073, -35.059273950999966 ], [ 117.857246872000019, -35.059236221999981 ], [ 117.857258085000012, -35.059444185999951 ], [ 117.854962832000069, -35.059438102999934 ], [ 117.853602579000039, -35.059375771999953 ], [ 117.853553160000047, -35.059116804999974 ], [ 117.853894086000082, -35.059200439999984 ] ] ] ] } },
{ "type": "Feature", "properties": { "id": 96818, "poly_area": 20.75402666, "capture_sc": "10000", "orthophoto": "ALBANY FEB 2016", "comments": "NATIVE VEGETATION", "st_area_sh": 2.0512921123000001e-05, "st_perimet": 0.054174686931675001 }, "geometry": { "type": "MultiPolygon", "coordinates": [ [ [ [ 117.871450670000058, -35.08495490699994 ], [ 117.872170539000081, -35.085530689999985 ], [ 117.87223024900004, -35.085765381999977 ], [ 117.871634776000064, -35.08576966499993 ], [ 117.870269231000066, -35.085359893999964 ], [ 117.868820489000086, -35.08512553099996 ], [ 117.869369712000093, -35.084771939999939 ], [ 117.869713321000063, -35.085084162999976 ], [ 117.871075508000104, -35.085179276999952 ], [ 117.871073647000117, -35.085004463999951 ], [ 117.869794302000059, -35.084698962999937 ], [ 117.870341290000056, -35.084135592999928 ], [ 117.871187859000088, -35.083744893999949 ], [ 117.87092597000003, -35.083117400999981 ], [ 117.869607092000024, -35.083091903999957 ], [ 117.868285248, -35.082786691999956 ], [ 117.867987521000032, -35.082788823999977 ], [ 117.867945730000088, -35.082859053999982 ], [ 117.867946842000038, -35.082963941999935 ], [ 117.868033389000061, -35.083103182999935 ], [ 117.86811882500001, -35.083137536999971 ], [ 117.868162099000074, -35.083207156999947 ], [ 117.868545633000053, -35.083274340999935 ], [ 117.869566415, -35.083267021999973 ], [ 117.869863401000089, -35.083194960999947 ], [ 117.870076063000056, -35.083193434999941 ], [ 117.870204403000116, -35.083262443999956 ], [ 117.87024805100009, -35.083367026999952 ], [ 117.870248794000076, -35.083436951999943 ], [ 117.870206632000077, -35.083472219999976 ], [ 117.870207376000053, -35.083542144999967 ], [ 117.870080149000046, -35.083578022999973 ], [ 117.869912246000013, -35.083789019999983 ], [ 117.869827923000116, -35.083859555999936 ], [ 117.869700325000053, -35.08386047099998 ], [ 117.869699954000112, -35.083825507999961 ], [ 117.869656678000069, -35.083755887999985 ], [ 117.869443643000068, -35.083722451999961 ], [ 117.869273512000063, -35.083723670999973 ], [ 117.869231721, -35.083793900999979 ], [ 117.869232092000061, -35.08382886399994 ], [ 117.869275367000114, -35.083898483999974 ], [ 117.86936154700004, -35.084002761999955 ], [ 117.869404079000105, -35.08400245699994 ], [ 117.869532421000031, -35.084071467999934 ], [ 117.86974508600008, -35.084069941999928 ], [ 117.869748427000104, -35.084384604999968 ], [ 117.869707008000091, -35.084489797999936 ], [ 117.86945292300004, -35.084596516999966 ], [ 117.869112657000073, -35.084598956999969 ], [ 117.868723182000053, -35.083972373999984 ], [ 117.868509034000112, -35.083834046999982 ], [ 117.868466872000113, -35.083869313999969 ], [ 117.868472804000021, -35.084428715999934 ], [ 117.868945862000032, -35.084914839999954 ], [ 117.86847947900003, -35.085058043999936 ], [ 117.867035193000106, -35.085243208999941 ], [ 117.866136439000115, -35.084725154999944 ], [ 117.865285772000107, -35.084731230999978 ], [ 117.8641248240001, -35.08355069199996 ], [ 117.864245041000117, -35.082850527999938 ], [ 117.864927444000045, -35.082751927999936 ], [ 117.866009736000024, -35.082171581999944 ], [ 117.866065429000059, -35.082033333999959 ], [ 117.866141473000084, -35.080906107999965 ], [ 117.866088232000038, -35.080365136999944 ], [ 117.866356991000089, -35.078964529999951 ], [ 117.868967122000072, -35.078900656999963 ], [ 117.868797370000038, -35.078936838999937 ], [ 117.868542929000114, -35.07900859199998 ], [ 117.868331388000115, -35.079115003999959 ], [ 117.868119106000108, -35.079151488999969 ], [ 117.868034416000114, -35.079187060999971 ], [ 117.867821763000052, -35.079188583999951 ], [ 117.86752553000008, -35.079330564999964 ], [ 117.867271087000063, -35.079402315999971 ], [ 117.866845779000073, -35.079405357999974 ], [ 117.866761088000089, -35.079440928999929 ], [ 117.866719298000021, -35.079511157999946 ], [ 117.866720408000106, -35.079616045999956 ], [ 117.866807319000031, -35.079790250999963 ], [ 117.866814712000064, -35.080488603999981 ], [ 117.866817682000033, -35.080769206999946 ], [ 117.866413634000082, -35.080772094999929 ], [ 117.866565824000077, -35.081085693999967 ], [ 117.866877979000037, -35.082447109999976 ], [ 117.867473800000084, -35.082477813999958 ], [ 117.866997801000025, -35.081711981999945 ], [ 117.867336945000034, -35.081604659999982 ], [ 117.867680164000035, -35.081881925999937 ], [ 117.867765227000064, -35.081881317999944 ], [ 117.867808130000071, -35.081915974999959 ], [ 117.867850661000034, -35.081915670999933 ], [ 117.86793757800001, -35.082089874999951 ], [ 117.868023754000092, -35.082194153999978 ], [ 117.868109189000052, -35.082228507999957 ], [ 117.868151720000014, -35.082228202999943 ], [ 117.868149126000048, -35.081983464999951 ], [ 117.868275981000011, -35.081912624999973 ], [ 117.868361044000039, -35.081912015999933 ], [ 117.868446479000113, -35.081946368999979 ], [ 117.868619202000104, -35.082189888999949 ], [ 117.868789330000027, -35.082188668999947 ], [ 117.868831492000027, -35.08215340199996 ], [ 117.868827783000029, -35.081803775999958 ], [ 117.868699075000109, -35.081699801999946 ], [ 117.868526352000117, -35.081456282999966 ], [ 117.868567029000019, -35.08128116499995 ], [ 117.868609561000085, -35.081280859999936 ], [ 117.868694995000055, -35.081315212999982 ], [ 117.868695366000111, -35.081350175999944 ], [ 117.868737898000063, -35.081349870999929 ], [ 117.868780800000081, -35.081384528999934 ], [ 117.868781171000023, -35.081419491999952 ], [ 117.868867718000047, -35.081558732999952 ], [ 117.868868460000044, -35.081628657999943 ], [ 117.868911733000118, -35.081698278999966 ], [ 117.869126248000043, -35.08187156799994 ], [ 117.869169522000107, -35.081941187999973 ], [ 117.869679905000112, -35.08193752699998 ], [ 117.870323828000096, -35.082492349999939 ], [ 117.870064178, -35.082074630999955 ], [ 117.870574933000057, -35.082105929999955 ], [ 117.870830869000088, -35.082174021999947 ], [ 117.871045016000039, -35.082312344999934 ], [ 117.871045759000026, -35.082382269999982 ], [ 117.871454161000088, -35.08247068299994 ], [ 117.871561152000027, -35.084419718999982 ], [ 117.871877174000019, -35.084802084999978 ], [ 117.871450670000058, -35.08495490699994 ] ] ] ] } },
{ "type": "Feature", "properties": { "id": 96819, "poly_area": 0.04977589, "capture_sc": "10000", "orthophoto": "ALBANY FEB 2016", "comments": "NATIVE VEGETATION", "st_area_sh": 4.9193827e-08, "st_perimet": 0.00090378837938699999 }, "geometry": { "type": "MultiPolygon", "coordinates": [ [ [ [ 117.866678232000027, -35.076774645999933 ], [ 117.866681293000056, -35.077063856999985 ], [ 117.866650868000079, -35.077064073999964 ], [ 117.866480380000098, -35.077030326999932 ], [ 117.866517146000092, -35.076784078999935 ], [ 117.866678232000027, -35.076774645999933 ] ] ] ] } },
{ "type": "Feature", "properties": { "id": 96820, "poly_area": 0.18147175, "capture_sc": "10000", "orthophoto": "ALBANY FEB 2016", "comments": "NATIVE VEGETATION", "st_area_sh": 1.79359801e-07, "st_perimet": 0.0020036063895789999 }, "geometry": { "type": "MultiPolygon", "coordinates": [ [ [ [ 117.894501844000047, -35.080218465999963 ], [ 117.894629055000109, -35.080182560999958 ], [ 117.894841711000026, -35.080180991999953 ], [ 117.894849348000093, -35.080880239999942 ], [ 117.894765049000057, -35.080950792999943 ], [ 117.894731574000048, -35.080951039999945 ], [ 117.894624184, -35.080672110999956 ], [ 117.894634400000086, -35.080672035999953 ], [ 117.894632491000038, -35.080497223999942 ], [ 117.894546665, -35.08042792599997 ], [ 117.894503370000052, -35.080358314999955 ], [ 117.894501844000047, -35.080218465999963 ] ] ] ] } },
{ "type": "Feature", "properties": { "id": 96821, "poly_area": 8.58351525, "capture_sc": "10000", "orthophoto": "ALBANY FEB 2016", "comments": "NATIVE VEGETATION", "st_area_sh": 8.483185537000001e-06, "st_perimet": 0.033499048625453998 }, "geometry": { "type": "MultiPolygon", "coordinates": [ [ [ [ 117.873820087000013, -35.075299316999974 ], [ 117.873816731000034, -35.074984653999934 ], [ 117.87398647200007, -35.074948464999977 ], [ 117.874071528000059, -35.07494785199998 ], [ 117.874114243, -35.074965026999962 ], [ 117.874109243000021, -35.075581150999938 ], [ 117.873181270000032, -35.075594680999984 ], [ 117.873238166000078, -35.075486904999934 ], [ 117.872687419000044, -35.075550517999943 ], [ 117.872616647000086, -35.075718040999959 ], [ 117.874108054000089, -35.075727589999929 ], [ 117.874095970000099, -35.077216224999972 ], [ 117.873822249000114, -35.077188620999948 ], [ 117.873918859000014, -35.076722672999949 ], [ 117.873323558000038, -35.076691173999961 ], [ 117.873267424, -35.076870520999933 ], [ 117.872933560000092, -35.076860996999983 ], [ 117.873004713000114, -35.076729257999943 ], [ 117.872598553000103, -35.076744111999972 ], [ 117.872455101000014, -35.076900227999943 ], [ 117.872674534000112, -35.077065662999985 ], [ 117.87329873200008, -35.077085027999942 ], [ 117.873548078000113, -35.077333751999959 ], [ 117.873868324000114, -35.077426879999962 ], [ 117.874094526000022, -35.077394209999966 ], [ 117.874090023, -35.077949037999929 ], [ 117.872807834000014, -35.077874837999957 ], [ 117.872598315000118, -35.07797734199994 ], [ 117.87256413800003, -35.078064155999982 ], [ 117.872652654000035, -35.07813565999993 ], [ 117.873389890000112, -35.078144778999956 ], [ 117.873620496000058, -35.078373965999958 ], [ 117.873725793000062, -35.07837320799996 ], [ 117.87408890200004, -35.078087067999945 ], [ 117.874083279000047, -35.078779924999935 ], [ 117.870921291000059, -35.078676842999982 ], [ 117.871045535, -35.078361262999977 ], [ 117.871041726000044, -35.07800296299996 ], [ 117.871351222000044, -35.077885313999957 ], [ 117.871541045000072, -35.077580960999967 ], [ 117.871590776000062, -35.07730646999994 ], [ 117.871289679000029, -35.077321667999968 ], [ 117.871289189000095, -35.077275587999964 ], [ 117.871246659, -35.077275892999978 ], [ 117.871226426000021, -35.077259547999972 ], [ 117.871319907000043, -35.077125122999973 ], [ 117.871850715000051, -35.077066696999964 ], [ 117.871892673000048, -35.076847956999984 ], [ 117.871603095000069, -35.076686209999934 ], [ 117.871227858000111, -35.076798126999961 ], [ 117.870810102000064, -35.077235188999964 ], [ 117.870778091000034, -35.07720932899997 ], [ 117.870692660000032, -35.07717497699997 ], [ 117.870564699000056, -35.077140930999974 ], [ 117.870564328000114, -35.077105967999955 ], [ 117.870478898000101, -35.077071615999955 ], [ 117.870472953000103, -35.076512213999933 ], [ 117.870430053000064, -35.076477556999976 ], [ 117.870424258000071, -35.075932115999933 ], [ 117.870630539000103, -35.075899331999949 ], [ 117.872110445000089, -35.075876766999954 ], [ 117.872090856000113, -35.075399725999944 ], [ 117.871626408000111, -35.075391135999951 ], [ 117.871381387000042, -35.075547981999932 ], [ 117.871321063000096, -35.07533368299994 ], [ 117.872583054000074, -35.075288818999979 ], [ 117.872714341, -35.075307281999983 ], [ 117.873820087000013, -35.075299316999974 ] ], [ [ 117.873529468000015, -35.075965752999934 ], [ 117.873019493000015, -35.07600438999998 ], [ 117.873023590000116, -35.076388978999944 ], [ 117.873533940000016, -35.076385303999984 ], [ 117.873529468000015, -35.075965752999934 ] ], [ [ 117.871577227000103, -35.076364418999958 ], [ 117.871574623000015, -35.076119680999966 ], [ 117.8715317220001, -35.076085023999951 ], [ 117.871488449000026, -35.076015404999964 ], [ 117.871402647000082, -35.075946090999935 ], [ 117.871148217000041, -35.076017849999971 ], [ 117.871025834000079, -35.076508242999978 ], [ 117.871494028000029, -35.076539844999957 ], [ 117.871577227000103, -35.076364418999958 ] ] ] ] } },
{ "type": "Feature", "properties": { "id": 96947, "poly_area": 3.25773295, "capture_sc": "10000", "orthophoto": "ALBANY FEB 2016", "comments": "NATIVE VEGETATION", "st_area_sh": 3.219824814e-06, "st_perimet": 0.0098022098920610007 }, "geometry": { "type": "MultiPolygon", "coordinates": [ [ [ [ 117.889977209000108, -35.078748256999972 ], [ 117.890062270000044, -35.078747632999978 ], [ 117.890148090000025, -35.078816932999985 ], [ 117.890192520000028, -35.078991432999942 ], [ 117.890194799000028, -35.079201207999972 ], [ 117.89032391100011, -35.079340120999973 ], [ 117.890537705000042, -35.07944344699996 ], [ 117.890551369000036, -35.079443346999938 ], [ 117.890685706000113, -35.078884639999956 ], [ 117.890931874000103, -35.078926115999934 ], [ 117.890553776000047, -35.07966472499993 ], [ 117.889586071000053, -35.081897997999931 ], [ 117.889373410000076, -35.081899558999964 ], [ 117.889117838000061, -35.08186646799993 ], [ 117.888479856000117, -35.08187114499998 ], [ 117.888479271000051, -35.08181721099993 ], [ 117.889868297000021, -35.078704485999936 ], [ 117.889977209000108, -35.078748256999972 ] ] ] ] } },
{ "type": "Feature", "properties": { "id": 96948, "poly_area": 0.52696674, "capture_sc": "10000", "orthophoto": "ALBANY FEB 2016", "comments": "NATIVE VEGETATION", "st_area_sh": 5.20836984e-07, "st_perimet": 0.0029187369913 }, "geometry": { "type": "MultiPolygon", "coordinates": [ [ [ [ 117.892900558000065, -35.080903801999966 ], [ 117.892532176000032, -35.081650062999984 ], [ 117.89192412500006, -35.081400443999939 ], [ 117.892311682000013, -35.080695396999943 ], [ 117.892900558000065, -35.080903801999966 ] ] ] ] } },
{ "type": "Feature", "properties": { "id": 96949, "poly_area": 11.73472491, "capture_sc": "10000", "orthophoto": "ALBANY FEB 2016", "comments": "NATIVE VEGETATION", "st_area_sh": 1.1598561288e-05, "st_perimet": 0.018063584952950001 }, "geometry": { "type": "MultiPolygon", "coordinates": [ [ [ [ 117.891186228000038, -35.081333729999983 ], [ 117.892629105000083, -35.081879641999933 ], [ 117.891275252000014, -35.084682809999947 ], [ 117.890123049000067, -35.084341622999943 ], [ 117.8900444410001, -35.084936608999953 ], [ 117.891237664000073, -35.085137633999977 ], [ 117.891582047000043, -35.085793483999964 ], [ 117.891360370000029, -35.086337163999929 ], [ 117.888328773000012, -35.08550194399993 ], [ 117.888533083000084, -35.085067665999929 ], [ 117.889020633000086, -35.084045600999957 ], [ 117.889219910000065, -35.083495195999944 ], [ 117.890325896000036, -35.080943401999946 ], [ 117.891186228000038, -35.081333729999983 ] ] ] ] } },
{ "type": "Feature", "properties": { "id": 96998, "poly_area": 0.33203563, "capture_sc": "10000", "orthophoto": "ALBANY FEB 2016", "comments": "NATIVE VEGETATION", "st_area_sh": 3.28160144e-07, "st_perimet": 0.0022733506181280001 }, "geometry": { "type": "MultiPolygon", "coordinates": [ [ [ [ 117.866495176000058, -35.078428833999965 ], [ 117.866492217000086, -35.078149132999954 ], [ 117.866534376000118, -35.078113866999956 ], [ 117.866917147000095, -35.078111130999957 ], [ 117.867003688000068, -35.078250371999957 ], [ 117.867289824000068, -35.078547429999958 ], [ 117.867206428000031, -35.078691526999933 ], [ 117.866791153, -35.078694496999958 ], [ 117.866495176000058, -35.078428833999965 ] ] ] ] } },
{ "type": "Feature", "properties": { "id": 96905, "poly_area": 15.1548779, "capture_sc": "10000", "orthophoto": "ALBANY FEB 2016", "comments": "NATIVE VEGETATION", "st_area_sh": 1.4980011131e-05, "st_perimet": 0.033673350827860001 }, "geometry": { "type": "MultiPolygon", "coordinates": [ [ [ [ 117.884107459, -35.086623411999938 ], [ 117.884318999000016, -35.086516973999949 ], [ 117.88430393100009, -35.087283070999945 ], [ 117.884880396000085, -35.087296410999954 ], [ 117.885434759000077, -35.08723972699994 ], [ 117.885728689000075, -35.087066126999957 ], [ 117.885728311000094, -35.087031164999985 ], [ 117.885855159000016, -35.086960307999959 ], [ 117.885852133000071, -35.086680607999938 ], [ 117.885894668000105, -35.08668029699993 ], [ 117.885978980000118, -35.08660974999998 ], [ 117.886106584000117, -35.086608817999945 ], [ 117.886446104000015, -35.086536405999937 ], [ 117.886573707000025, -35.086535472999969 ], [ 117.886575600000015, -35.086710284999981 ], [ 117.886533822000047, -35.08678052099998 ], [ 117.886534200000028, -35.086815482999953 ], [ 117.886236458000099, -35.086817659999952 ], [ 117.886067076000018, -35.086888827999928 ], [ 117.886069346000113, -35.087098603999948 ], [ 117.886877507, -35.087092693999978 ], [ 117.886962198000106, -35.087057109999932 ], [ 117.887003976000074, -35.086986873999933 ], [ 117.887131200000113, -35.086950977999948 ], [ 117.887896826000087, -35.086945372999935 ], [ 117.888067344000092, -35.086979088999954 ], [ 117.888280017000056, -35.086977531999935 ], [ 117.888281913000014, -35.087152343999946 ], [ 117.88824051600011, -35.087257541999975 ], [ 117.888241653000023, -35.087362429999985 ], [ 117.88815734100001, -35.087432977999981 ], [ 117.888116324000066, -35.087573139999961 ], [ 117.888032770000109, -35.087713611999959 ], [ 117.888033907000022, -35.087818499999969 ], [ 117.888077959000043, -35.087958037999954 ], [ 117.888163787000053, -35.08802733999994 ], [ 117.888334687000111, -35.088096017999931 ], [ 117.88846267200006, -35.088130044999957 ], [ 117.888589899000067, -35.088094147999982 ], [ 117.888587622000045, -35.087884373999941 ], [ 117.888629020000053, -35.087779173999934 ], [ 117.888754728000094, -35.08760342599993 ], [ 117.889137543000061, -35.087600619999932 ], [ 117.889091972000074, -35.087321232999955 ], [ 117.888792710000075, -35.087183565999965 ], [ 117.888622571000042, -35.087184812999965 ], [ 117.888579657000037, -35.087150161999944 ], [ 117.888452052000048, -35.087151096999946 ], [ 117.888451294000106, -35.087081171999955 ], [ 117.888621054000055, -35.087044962999983 ], [ 117.888748658000054, -35.08704402799998 ], [ 117.888832968000088, -35.086973479999983 ], [ 117.888830692000056, -35.086763703999964 ], [ 117.889000071000055, -35.086692531999972 ], [ 117.8890426050001, -35.086692219999975 ], [ 117.889042986000049, -35.086727182999937 ], [ 117.889085520000094, -35.086726870999939 ], [ 117.889088556000047, -35.087006569999971 ], [ 117.889174384000057, -35.087075870999968 ], [ 117.889174764000018, -35.08711083299994 ], [ 117.889217678000023, -35.087145483999961 ], [ 117.88943035200009, -35.087143923999975 ], [ 117.889643786000079, -35.087212288999979 ], [ 117.889729615000078, -35.087281588999929 ], [ 117.889816204000113, -35.087420814999973 ], [ 117.889822661000039, -35.088015175999942 ], [ 117.889909251000063, -35.08815440099994 ], [ 117.889969214000075, -35.088202816999967 ], [ 117.88998153600005, -35.088606932999937 ], [ 117.89001487400003, -35.08993178299994 ], [ 117.889688043000092, -35.090425665999931 ], [ 117.889243369000042, -35.090265099999954 ], [ 117.888404909000087, -35.090647962999981 ], [ 117.888363131, -35.09071819899998 ], [ 117.888363890000051, -35.090788123999971 ], [ 117.888109809000071, -35.09089488099994 ], [ 117.887982577000116, -35.090930778999962 ], [ 117.887684822000097, -35.090932958999929 ], [ 117.887515054, -35.090969166999969 ], [ 117.887472896000077, -35.091004440999939 ], [ 117.887477064000109, -35.091389026999934 ], [ 117.887392748000025, -35.091459574999931 ], [ 117.887011053000037, -35.091567262999945 ], [ 117.886585684000011, -35.091570373999957 ], [ 117.886542390000045, -35.091500760999963 ], [ 117.886540875000037, -35.091360910999981 ], [ 117.886115507000113, -35.091364019999958 ], [ 117.886030055000106, -35.091329679999944 ], [ 117.885944982000069, -35.09133030199996 ], [ 117.885859529000072, -35.091295961999947 ], [ 117.885689004000028, -35.091262241999971 ], [ 117.885347197000101, -35.09112487799996 ], [ 117.885090086000105, -35.090951928999971 ], [ 117.885046416000023, -35.090847351999969 ], [ 117.88504566000006, -35.090777426999978 ], [ 117.885088196000083, -35.09077711599997 ], [ 117.88512997700002, -35.09070688099996 ], [ 117.885129599000038, -35.090671917999941 ], [ 117.885212782000053, -35.09049648499996 ], [ 117.885253428000055, -35.090321361999941 ], [ 117.885337745000015, -35.09025081599998 ], [ 117.885378769000113, -35.090110655999979 ], [ 117.885462329, -35.08997018499997 ], [ 117.885502595000048, -35.089760099999978 ], [ 117.885496168000032, -35.089165737999963 ], [ 117.885453254000026, -35.089131085999952 ], [ 117.885452497000074, -35.089061160999961 ], [ 117.885494655000116, -35.089025887999981 ], [ 117.885537191000026, -35.089025577999962 ], [ 117.885578970000097, -35.088955341999963 ], [ 117.885621128000025, -35.088920068999983 ], [ 117.885706199000083, -35.088919447999956 ], [ 117.885748356000022, -35.088884173999929 ], [ 117.886173712000073, -35.088881066999932 ], [ 117.886259162000101, -35.088915406999945 ], [ 117.886344234000035, -35.088914784999929 ], [ 117.88638714800004, -35.08894943699994 ], [ 117.886855041000103, -35.088946014999976 ], [ 117.886939734000066, -35.088910429999942 ], [ 117.887150517, -35.088734061999958 ], [ 117.887277367000024, -35.088663202999953 ], [ 117.887361680000026, -35.088592655999946 ], [ 117.887787035000088, -35.088589541999966 ], [ 117.887872864000087, -35.088658843999951 ], [ 117.887957935000031, -35.088658220999946 ], [ 117.888172129000054, -35.088796512999977 ], [ 117.888471396000114, -35.088934181999946 ], [ 117.888641538000115, -35.088932933999956 ], [ 117.888850422000019, -35.088581750999936 ], [ 117.888849284000116, -35.088476863999972 ], [ 117.888557824000031, -35.088479 ], [ 117.88826532600001, -35.088273562999973 ], [ 117.887857558000064, -35.088145324999971 ], [ 117.887694432000103, -35.087824422999972 ], [ 117.887402765000047, -35.087695332999942 ], [ 117.88721552800007, -35.087827927999967 ], [ 117.887099688000035, -35.087852634999933 ], [ 117.886677672000019, -35.087748356999953 ], [ 117.886416451000059, -35.087750266999933 ], [ 117.886284809000017, -35.087655792999954 ], [ 117.885660783000048, -35.087660351999943 ], [ 117.884119396000074, -35.087728785999957 ], [ 117.884107459, -35.086623411999938 ] ] ] ] } },
{ "type": "Feature", "properties": { "id": 96906, "poly_area": 0.3578622, "capture_sc": "10000", "orthophoto": "ALBANY FEB 2016", "comments": "NATIVE VEGETATION", "st_area_sh": 3.53729118e-07, "st_perimet": 0.0025281969917230001 }, "geometry": { "type": "MultiPolygon", "coordinates": [ [ [ [ 117.886433159000035, -35.087952945999973 ], [ 117.886795707000033, -35.087926435999975 ], [ 117.886841569000012, -35.088140831999965 ], [ 117.886634791, -35.08824832199997 ], [ 117.886593391000019, -35.088353519999941 ], [ 117.886551613000051, -35.088423755999941 ], [ 117.886509455, -35.088459028999978 ], [ 117.886351250000075, -35.088430724999967 ], [ 117.886322514000085, -35.088471206999941 ], [ 117.886015126000075, -35.088532176999934 ], [ 117.885973929000102, -35.08843348399995 ], [ 117.88591244600002, -35.088323532999937 ], [ 117.886080696000022, -35.088147475999961 ], [ 117.886242189000086, -35.087930825999933 ], [ 117.886433159000035, -35.087952945999973 ] ] ] ] } },
{ "type": "Feature", "properties": { "id": 96910, "poly_area": 5.21479836, "capture_sc": "10000", "orthophoto": "ALBANY FEB 2016", "comments": "NATIVE VEGETATION", "st_area_sh": 5.154671732e-06, "st_perimet": 0.014029917829164001 }, "geometry": { "type": "MultiPolygon", "coordinates": [ [ [ [ 117.890438270000118, -35.086563632999969 ], [ 117.891184040000098, -35.086625571999946 ], [ 117.891164823000054, -35.089314010999942 ], [ 117.891180658000053, -35.090769294999973 ], [ 117.891201815000045, -35.092713648999961 ], [ 117.890243953000095, -35.09272068699994 ], [ 117.8901772050001, -35.090585795999971 ], [ 117.890338002000021, -35.089355875999956 ], [ 117.890510077000044, -35.089163738999957 ], [ 117.890464793000092, -35.087520358999939 ], [ 117.890438270000118, -35.086563632999969 ] ] ] ] } },
{ "type": "Feature", "properties": { "id": 96914, "poly_area": 22.2909285, "capture_sc": "10000", "orthophoto": "ALBANY FEB 2016", "comments": "NATIVE VEGETATION", "st_area_sh": 2.2034029324000001e-05, "st_perimet": 0.020359875392907002 }, "geometry": { "type": "MultiPolygon", "coordinates": [ [ [ [ 117.874103754000089, -35.088972350999938 ], [ 117.880916694, -35.089014472999963 ], [ 117.881728487000032, -35.08903636499997 ], [ 117.881806453000081, -35.089432307999971 ], [ 117.881733463000046, -35.089759890999972 ], [ 117.878037826000082, -35.093346546999953 ], [ 117.873706846000118, -35.090497263999964 ], [ 117.873579992000032, -35.09008307299996 ], [ 117.8739300310001, -35.089314833999936 ], [ 117.874103754000089, -35.088972350999938 ] ] ] ] } },
{ "type": "Feature", "properties": { "id": 96950, "poly_area": 17.05006109, "capture_sc": "10000", "orthophoto": "ALBANY FEB 2016", "comments": "NATIVE VEGETATION", "st_area_sh": 1.6851729622e-05, "st_perimet": 0.045584563078390997 }, "geometry": { "type": "MultiPolygon", "coordinates": [ [ [ [ 117.88432126500004, -35.084318315999951 ], [ 117.883313173000033, -35.083971843999961 ], [ 117.88275534200011, -35.083521358999974 ], [ 117.883222829000033, -35.083482988999947 ], [ 117.882963485000118, -35.08310026099997 ], [ 117.882243062000043, -35.083350260999964 ], [ 117.881768425000018, -35.08272433999997 ], [ 117.884258228000022, -35.080888014999971 ], [ 117.884383558000081, -35.080677309999942 ], [ 117.884720790000074, -35.080395126999974 ], [ 117.884888651000097, -35.080184110999937 ], [ 117.885057642000106, -35.080077981999978 ], [ 117.885184102000039, -35.079972162999979 ], [ 117.885479931000077, -35.079795175999948 ], [ 117.885690697000086, -35.079618810999932 ], [ 117.885774248000075, -35.07947833999998 ], [ 117.885943615000087, -35.079407170999957 ], [ 117.88606969500006, -35.07926638899994 ], [ 117.886195397000051, -35.079090643999962 ], [ 117.886659072000043, -35.078702635999946 ], [ 117.887126908000027, -35.078699214999972 ], [ 117.887254878000022, -35.078733243999977 ], [ 117.887510061000057, -35.078731375999951 ], [ 117.887509304000105, -35.078661450999959 ], [ 117.887422727000057, -35.078522222999936 ], [ 117.887380197000084, -35.078522534999934 ], [ 117.887166031000106, -35.07838424199997 ], [ 117.886613136000051, -35.07838828499996 ], [ 117.88652769700002, -35.078353944999947 ], [ 117.886525806, -35.078179131999946 ], [ 117.886566824000056, -35.078038970999955 ], [ 117.886820868000086, -35.077932217999944 ], [ 117.886812165000038, -35.077128080999955 ], [ 117.887022543000057, -35.076916749999953 ], [ 117.887150131000112, -35.076915816999929 ], [ 117.887193039000067, -35.07695046799995 ], [ 117.887279235000051, -35.077054732999954 ], [ 117.887322900000072, -35.077159309999956 ], [ 117.887494155000013, -35.077262951999955 ], [ 117.887537820000034, -35.077367527999968 ], [ 117.887540472000069, -35.07761226599996 ], [ 117.887414018000072, -35.077718086999937 ], [ 117.887244276000047, -35.077754293999931 ], [ 117.887160353000013, -35.077859803999957 ], [ 117.887162624000098, -35.078069577999941 ], [ 117.887205532000053, -35.078104229999951 ], [ 117.887290593000102, -35.078103606999946 ], [ 117.887290214000018, -35.078068644999973 ], [ 117.887331987000039, -35.077998408999974 ], [ 117.88745882, -35.07792754999997 ], [ 117.887628562000032, -35.077891342999976 ], [ 117.88767147100009, -35.077925993999941 ], [ 117.887799439000105, -35.077960021999957 ], [ 117.887799818000076, -35.077994984999975 ], [ 117.887843106000105, -35.078064597999969 ], [ 117.887888288000113, -35.078309023999964 ], [ 117.887974865000047, -35.078448250999941 ], [ 117.888103972000067, -35.078587165999977 ], [ 117.888146502000041, -35.07858685399998 ], [ 117.888358775000029, -35.078550333999942 ], [ 117.88848560800011, -35.078479474999938 ], [ 117.888481438000099, -35.078094887999953 ], [ 117.888523210000017, -35.078024650999964 ], [ 117.888608649000048, -35.078058989999931 ], [ 117.888736239000082, -35.078058053999939 ], [ 117.888779149000015, -35.07809270499996 ], [ 117.888785976, -35.078722029999938 ], [ 117.888915463000103, -35.078895906999946 ], [ 117.889085966000039, -35.078929621999976 ], [ 117.889383680000037, -35.078927437999937 ], [ 117.889594054000099, -35.078716103999966 ], [ 117.889593675000015, -35.078681141999937 ], [ 117.889691215000084, -35.078680425999949 ], [ 117.889322929000059, -35.079457337999941 ], [ 117.889046839000116, -35.079617968999969 ], [ 117.889008112000056, -35.079594532999977 ], [ 117.888837988000091, -35.079595779999977 ], [ 117.888752547000081, -35.079561440999953 ], [ 117.888539514000058, -35.079528036999932 ], [ 117.888454452000019, -35.079528660999983 ], [ 117.88828546600007, -35.079634793999958 ], [ 117.888290014000063, -35.080054343999961 ], [ 117.888205710000079, -35.080124891999958 ], [ 117.888121784000077, -35.080230401999984 ], [ 117.887951659, -35.080231647999938 ], [ 117.887823308000065, -35.080162657999949 ], [ 117.887785486000098, -35.079985841999928 ], [ 117.887622648000047, -35.080346020999968 ], [ 117.886739822000095, -35.082233535999933 ], [ 117.886740579000048, -35.082303460999981 ], [ 117.886656650000077, -35.08240896999996 ], [ 117.886658163000106, -35.082548819999943 ], [ 117.886616388000107, -35.082619055999942 ], [ 117.886617901000022, -35.082758905999981 ], [ 117.886576504000118, -35.082864103999952 ], [ 117.886579152000081, -35.083108840999955 ], [ 117.886537376000092, -35.083179076999954 ], [ 117.886410913000077, -35.083284896999942 ], [ 117.886201274000086, -35.083566151999946 ], [ 117.886074810000082, -35.083671971999934 ], [ 117.886075944000027, -35.083776858999954 ], [ 117.886034546000019, -35.083882056999983 ], [ 117.886040974000025, -35.084476418999941 ], [ 117.886085399000081, -35.084650919999945 ], [ 117.886340601000029, -35.084649054999943 ], [ 117.886382756000103, -35.084613781999963 ], [ 117.886380486, -35.084404006999932 ], [ 117.886423019000063, -35.084403695999981 ], [ 117.886467067000012, -35.084543234999956 ], [ 117.886553647000028, -35.084682462999979 ], [ 117.886767829000064, -35.084820757999978 ], [ 117.886814660000027, -35.084981047999975 ], [ 117.885358406000023, -35.084521740999946 ], [ 117.884698986000103, -35.084331107999958 ], [ 117.885097836000114, -35.083715607999977 ], [ 117.885695811, -35.083746330999929 ], [ 117.886094111000034, -35.083076704999939 ], [ 117.886004376000074, -35.082673820999958 ], [ 117.885555617000023, -35.082624463999935 ], [ 117.885743904000037, -35.082272184999965 ], [ 117.886170561000085, -35.082251521999979 ], [ 117.886343386000021, -35.082443255999976 ], [ 117.886677269000074, -35.081739006999953 ], [ 117.886420973000099, -35.081723336999971 ], [ 117.88597582400007, -35.082007312999963 ], [ 117.885641235000094, -35.082131585999946 ], [ 117.885527257000035, -35.081975499999942 ], [ 117.884888128000057, -35.082085435999943 ], [ 117.884337585000026, -35.08249299299996 ], [ 117.883567747000029, -35.082358243999977 ], [ 117.883350540000038, -35.082008922999933 ], [ 117.883271414000092, -35.082588489999978 ], [ 117.883276521000084, -35.083062172999973 ], [ 117.883618001000059, -35.083059684999967 ], [ 117.883828209000058, -35.082759884999973 ], [ 117.8841423880001, -35.082766814999957 ], [ 117.883385066000073, -35.083829159999937 ], [ 117.884415127000011, -35.084181415999979 ], [ 117.88432126500004, -35.084318315999951 ] ] ] ] } },
{ "type": "Feature", "properties": { "id": 96951, "poly_area": 0.0649907, "capture_sc": "10000", "orthophoto": "ALBANY FEB 2016", "comments": "NATIVE VEGETATION", "st_area_sh": 6.423597e-08, "st_perimet": 0.00119587567922 }, "geometry": { "type": "MultiPolygon", "coordinates": [ [ [ [ 117.885365242000034, -35.082783760999973 ], [ 117.885184116, -35.08305526099997 ], [ 117.884895614000015, -35.082778416999929 ], [ 117.885365242000034, -35.082783760999973 ] ] ] ] } },
{ "type": "Feature", "properties": { "id": 96952, "poly_area": 0.33109513, "capture_sc": "10000", "orthophoto": "ALBANY FEB 2016", "comments": "NATIVE VEGETATION", "st_area_sh": 3.27217208e-07, "st_perimet": 0.0039388011396620003 }, "geometry": { "type": "MultiPolygon", "coordinates": [ [ [ [ 117.866032531000087, -35.074900639999953 ], [ 117.866161226000031, -35.075004616999934 ], [ 117.866163076000021, -35.075179430999981 ], [ 117.866120916000114, -35.075214696999979 ], [ 117.864717470000073, -35.075224713999944 ], [ 117.864588108000021, -35.075252282999941 ], [ 117.864407914000026, -35.075208105999934 ], [ 117.864715808000028, -35.075067381999929 ], [ 117.864842840000051, -35.075014027999941 ], [ 117.864927898000019, -35.075013421999984 ], [ 117.864991506000024, -35.074995485999978 ], [ 117.865055114000029, -35.074977547999936 ], [ 117.865403417000039, -35.074975062999954 ], [ 117.865565387000061, -35.075127707999968 ], [ 117.865932696000073, -35.075009659999978 ], [ 117.866022883000028, -35.074885115999962 ], [ 117.866032531000087, -35.074900639999953 ] ] ] ] } },
{ "type": "Feature", "properties": { "id": 96953, "poly_area": 0.51530625, "capture_sc": "10000", "orthophoto": "ALBANY FEB 2016", "comments": "NATIVE VEGETATION", "st_area_sh": 5.09327775e-07, "st_perimet": 0.0029154131592480001 }, "geometry": { "type": "MultiPolygon", "coordinates": [ [ [ [ 117.883734995000054, -35.083725613999945 ], [ 117.884203107000076, -35.083188362999977 ], [ 117.884869001000084, -35.083519431999946 ], [ 117.884519554, -35.084029107999982 ], [ 117.883734995000054, -35.083725613999945 ] ] ] ] } },
{ "type": "Feature", "properties": { "id": 96999, "poly_area": 0.26068104, "capture_sc": "10000", "orthophoto": "ALBANY FEB 2016", "comments": "NATIVE VEGETATION", "st_area_sh": 2.57639011e-07, "st_perimet": 0.0023632839941630001 }, "geometry": { "type": "MultiPolygon", "coordinates": [ [ [ [ 117.874449305000098, -35.078406690999941 ], [ 117.875001584000074, -35.078402706999952 ], [ 117.875087018000045, -35.078437055999984 ], [ 117.875258634000033, -35.078575677999936 ], [ 117.875344816000052, -35.07867995099997 ], [ 117.875402080000072, -35.078707635999933 ], [ 117.874456919000068, -35.078759446999982 ], [ 117.874449305000098, -35.078406690999941 ] ] ] ] } },
{ "type": "Feature", "properties": { "id": 97084, "poly_area": 0.81574789, "capture_sc": "10000", "orthophoto": "ALBANY FEB 2016", "comments": "NATIVE VEGETATION", "st_area_sh": 8.0609674e-07, "st_perimet": 0.0053332670065849999 }, "geometry": { "type": "MultiPolygon", "coordinates": [ [ [ [ 117.862419718000069, -35.063697934999936 ], [ 117.862101598000095, -35.063749044999952 ], [ 117.862239953000085, -35.064015544999961 ], [ 117.862435833000063, -35.064020346999939 ], [ 117.862473952000073, -35.06478298199994 ], [ 117.861963101000015, -35.064795948999972 ], [ 117.861909447000016, -35.064381970999932 ], [ 117.861885123000093, -35.06378773299997 ], [ 117.861343740000052, -35.06386587999998 ], [ 117.861277208000047, -35.063554287999978 ], [ 117.861323346000063, -35.063500472999976 ], [ 117.86172319800005, -35.06349763299994 ], [ 117.862409463000063, -35.06349275499997 ], [ 117.862419718000069, -35.063697934999936 ] ] ] ] } },
{ "type": "Feature", "properties": { "id": 96915, "poly_area": 1030.43854657, "capture_sc": "10000", "orthophoto": "ALBANY FEB 2016", "comments": "NATIVE VEGETATION", "st_area_sh": 0.0010186779938859999, "st_perimet": 0.183790156199889 }, "geometry": { "type": "MultiPolygon", "coordinates": [ [ [ [ 117.88260036500003, -35.089059873999929 ], [ 117.883838655000091, -35.08899320699993 ], [ 117.883928768000033, -35.093008537999935 ], [ 117.889858156000059, -35.093058628999984 ], [ 117.891962034000017, -35.092991833999974 ], [ 117.892681801000094, -35.092749420999951 ], [ 117.892626140000061, -35.091557444999978 ], [ 117.89269759900003, -35.08938977899993 ], [ 117.892677528000036, -35.087548005999963 ], [ 117.892746916000078, -35.087014652999983 ], [ 117.893290254000021, -35.087326794999967 ], [ 117.894084235000037, -35.087609870999984 ], [ 117.89514005500007, -35.087728484999957 ], [ 117.897469996000041, -35.087837663999949 ], [ 117.898458732000108, -35.087848397999949 ], [ 117.899538114000052, -35.088111264999952 ], [ 117.900357266000015, -35.088683040999967 ], [ 117.901356342000099, -35.089632691999952 ], [ 117.900982489000057, -35.089599354999962 ], [ 117.900057057000026, -35.089353417999973 ], [ 117.899883693000106, -35.089571400999944 ], [ 117.901406834000113, -35.090228231999959 ], [ 117.901622343000099, -35.089847409999948 ], [ 117.902242618000059, -35.090312302999962 ], [ 117.90326071800007, -35.09099092699995 ], [ 117.904058751000093, -35.09163506699997 ], [ 117.905212284000072, -35.092637706999938 ], [ 117.906078250000064, -35.093461905999959 ], [ 117.906816417000073, -35.094648215999939 ], [ 117.908404064000024, -35.097146394999982 ], [ 117.908673511000075, -35.097668057999954 ], [ 117.908787969000059, -35.098082534999946 ], [ 117.908906435000063, -35.098858140999937 ], [ 117.908787035000046, -35.099978632999978 ], [ 117.908600727000021, -35.101009332999979 ], [ 117.908719406000046, -35.101802992999978 ], [ 117.909101141000065, -35.102540507999947 ], [ 117.910015219000115, -35.103725474999976 ], [ 117.910828778000109, -35.10441560299995 ], [ 117.909364758000038, -35.108138004999944 ], [ 117.905315585000039, -35.111363722999954 ], [ 117.904821942000012, -35.111642568999969 ], [ 117.903123972000117, -35.112090165999973 ], [ 117.902638765, -35.112351946999979 ], [ 117.900227912000105, -35.113652607999938 ], [ 117.89972681800009, -35.113922937999973 ], [ 117.899107255000104, -35.11473445799993 ], [ 117.893466985000032, -35.117682754999976 ], [ 117.893444875000114, -35.117673873999934 ], [ 117.893084035000015, -35.117676533999941 ], [ 117.892812998000068, -35.117641467999931 ], [ 117.892722789000118, -35.117642131999958 ], [ 117.892722383000091, -35.117605071999947 ], [ 117.891770722000047, -35.117204379999976 ], [ 117.890909280000074, -35.116803017999985 ], [ 117.891353037000044, -35.11613261399998 ], [ 117.891396117000113, -35.115946979999933 ], [ 117.891302265000036, -35.115614099999959 ], [ 117.891211247000115, -35.115540642999974 ], [ 117.891119420000109, -35.115393063999932 ], [ 117.891072697000027, -35.115245152999933 ], [ 117.890980466000087, -35.115060513999936 ], [ 117.890963904000046, -35.113541001999977 ], [ 117.890871680000032, -35.113356358999965 ], [ 117.890780263000011, -35.113245836999965 ], [ 117.890643743000055, -35.113135646999979 ], [ 117.890553135000118, -35.113099249999948 ], [ 117.890507225000079, -35.113025457999981 ], [ 117.890370303000054, -35.112878205999948 ], [ 117.890360212000019, -35.111951672999965 ], [ 117.890404104000027, -35.111840156999961 ], [ 117.890492693000056, -35.111691249999978 ], [ 117.890671888000043, -35.11157873999997 ], [ 117.890714972000069, -35.111393101999965 ], [ 117.890715375000013, -35.111430162999966 ], [ 117.890938864000077, -35.111243198999944 ], [ 117.891208262000077, -35.111130024999966 ], [ 117.891207051000038, -35.111018840999975 ], [ 117.891161546000035, -35.110982110999942 ], [ 117.890935230000082, -35.110909646999971 ], [ 117.890799119, -35.110836517999928 ], [ 117.890122598000062, -35.110841488999938 ], [ 117.89003320300003, -35.110916273999976 ], [ 117.890042078000079, -35.111731623999958 ], [ 117.890133492000018, -35.111842145999958 ], [ 117.890138738000019, -35.112323942999978 ], [ 117.890049340000019, -35.11239872799996 ], [ 117.889961960000051, -35.112658819999979 ], [ 117.889917665000098, -35.112733273999936 ], [ 117.889918068000043, -35.112770334999936 ], [ 117.889737255000114, -35.112734597999975 ], [ 117.889465432000065, -35.112625399999956 ], [ 117.88905830200008, -35.112517193999963 ], [ 117.888832388000083, -35.112481786999979 ], [ 117.887299718, -35.112567144999957 ], [ 117.886891385000013, -35.112347746999944 ], [ 117.886799975000031, -35.112237222999966 ], [ 117.886663463000104, -35.112127028999964 ], [ 117.886572054000112, -35.112016504999929 ], [ 117.886571250000088, -35.111942381999938 ], [ 117.886524541000085, -35.111794465999935 ], [ 117.886509674000081, -35.110423193999964 ], [ 117.886099347000027, -35.110018486999934 ], [ 117.885782437000103, -35.109909609999931 ], [ 117.885511030000089, -35.109837463999952 ], [ 117.88532982400011, -35.109764659999939 ], [ 117.88514821800004, -35.109654792999947 ], [ 117.884561108000071, -35.109584948999952 ], [ 117.884063799000046, -35.109477383999945 ], [ 117.884017897000035, -35.109403589999943 ], [ 117.883836294000048, -35.109293721999961 ], [ 117.883744890000116, -35.109183194999957 ], [ 117.883518188000039, -35.109073653999928 ], [ 117.883336185000076, -35.108926722999968 ], [ 117.882790981000085, -35.108560050999984 ], [ 117.881796782000038, -35.108381965999968 ], [ 117.880350391000093, -35.108095962999982 ], [ 117.87998759900006, -35.107913275999977 ], [ 117.879761303, -35.107840789999955 ], [ 117.879174211000077, -35.10777091999995 ], [ 117.87890281600005, -35.107698758999959 ], [ 117.878541621000068, -35.10766431299993 ], [ 117.877952940000114, -35.107446190999951 ], [ 117.877727045000029, -35.107410761999972 ], [ 117.877455255000086, -35.107301537999945 ], [ 117.876596777000032, -35.107159489999958 ], [ 117.876055585000017, -35.107163402999959 ], [ 117.875830485000051, -35.107202093999945 ], [ 117.875244194000061, -35.107206327999961 ], [ 117.875019093000105, -35.107245017999958 ], [ 117.874793594000039, -35.107246644999975 ], [ 117.874568491000105, -35.107285334999972 ], [ 117.874342992000038, -35.107286960999943 ], [ 117.874116701000048, -35.10721446499997 ], [ 117.873753924000084, -35.107031757999948 ], [ 117.873618229000044, -35.106995672999972 ], [ 117.873482139000089, -35.106922524999959 ], [ 117.873301741000091, -35.106923823999978 ], [ 117.873211146000017, -35.106887411999935 ], [ 117.872850349000032, -35.106890011999951 ], [ 117.87249073800001, -35.107003794999969 ], [ 117.87222053500011, -35.107042803999946 ], [ 117.869965549000085, -35.107059010999933 ], [ 117.8693808270001, -35.107211464999978 ], [ 117.868886304000057, -35.107363268999961 ], [ 117.868254904000082, -35.107367794999959 ], [ 117.868073719000108, -35.107294962999958 ], [ 117.867982733000076, -35.107221485999958 ], [ 117.867845860000102, -35.107074208999961 ], [ 117.86775487500006, -35.107000730999971 ], [ 117.867618791000041, -35.106927575999975 ], [ 117.867572512000038, -35.106816714999979 ], [ 117.867481920000046, -35.106780298999979 ], [ 117.867481527000109, -35.106743236999932 ], [ 117.867160333000015, -35.106226632999949 ], [ 117.866849740000021, -35.106710692999968 ], [ 117.866669342000023, -35.106711982999968 ], [ 117.866441882000117, -35.106528286999946 ], [ 117.866440705000059, -35.106417101999966 ], [ 117.86529796100001, -35.105614342999957 ], [ 117.864027402000033, -35.103470495999943 ], [ 117.862392143000079, -35.101806114999931 ], [ 117.861355334000109, -35.10126708599995 ], [ 117.859103388000108, -35.100896380999984 ], [ 117.856959643000096, -35.099870278999958 ], [ 117.856299147000072, -35.099732191999976 ], [ 117.855290035000053, -35.098754318999966 ], [ 117.853614812000046, -35.097862382999949 ], [ 117.852111258000036, -35.09778033799995 ], [ 117.85146141700011, -35.096704272999943 ], [ 117.851458527000091, -35.096426414999939 ], [ 117.851530443000115, -35.096117156999981 ], [ 117.851604929000018, -35.096054882999965 ], [ 117.851717300000018, -35.09602321899996 ], [ 117.851866591000089, -35.095929543999944 ], [ 117.851977676000047, -35.095774386999949 ], [ 117.85205248200009, -35.095742984999958 ], [ 117.852049912000098, -35.095496000999958 ], [ 117.852011062000088, -35.095372772999951 ], [ 117.851897086, -35.095250073999978 ], [ 117.851745547000064, -35.095127637999951 ], [ 117.851330423000036, -35.094945302999975 ], [ 117.851178886000071, -35.094822866999948 ], [ 117.850385246000087, -35.094365308999954 ], [ 117.850195828000096, -35.094212261999928 ], [ 117.849780392000071, -35.093999048999933 ], [ 117.849477645000093, -35.093785043999958 ], [ 117.84925130900001, -35.093694004999975 ], [ 117.84887312, -35.093449651999947 ], [ 117.848760432000063, -35.093450440999959 ], [ 117.848459290000051, -35.093390798999962 ], [ 117.848440878000019, -35.09337592199995 ], [ 117.848762804000103, -35.093038360999969 ], [ 117.850223294000102, -35.091506896999931 ], [ 117.850763093000069, -35.091195394999943 ], [ 117.851142678000087, -35.09086668499998 ], [ 117.852011062000088, -35.090114673999949 ], [ 117.853569765000088, -35.089625113999944 ], [ 117.8536665150001, -35.089594724999984 ], [ 117.854440093000107, -35.089226203999942 ], [ 117.85561773500001, -35.088636981999969 ], [ 117.85696804600002, -35.089353581999944 ], [ 117.857525883000108, -35.089482128999975 ], [ 117.857685112000013, -35.089546165999934 ], [ 117.857779758000106, -35.089540630999977 ], [ 117.85890000500001, -35.089475111999946 ], [ 117.858902878000094, -35.089748909999969 ], [ 117.859721441000033, -35.089781534999929 ], [ 117.860214154000118, -35.089950976999944 ], [ 117.861012777000042, -35.090310396999939 ], [ 117.861971193000045, -35.090303584999958 ], [ 117.862695240000107, -35.09024078799996 ], [ 117.863019870000016, -35.08998867899993 ], [ 117.863697365, -35.089945421999971 ], [ 117.864189070000066, -35.090018778999934 ], [ 117.864658822000024, -35.090226796999957 ], [ 117.865430839000055, -35.090278932999979 ], [ 117.866526456000088, -35.089982876999954 ], [ 117.867510891000052, -35.090225632999932 ], [ 117.869068098000071, -35.08936900599997 ], [ 117.870190131000072, -35.08936095599995 ], [ 117.871170477000078, -35.089219406999973 ], [ 117.873713014000032, -35.089307331999976 ], [ 117.873246825000024, -35.090412525999966 ], [ 117.879551470000024, -35.094631204999985 ], [ 117.879733895000072, -35.094516671999941 ], [ 117.87823933300001, -35.093584087999943 ], [ 117.882131467000022, -35.089769574999934 ], [ 117.882036669000058, -35.089493527999934 ], [ 117.881994678000069, -35.089043542999946 ], [ 117.88260036500003, -35.089059873999929 ] ] ] ] } },
{ "type": "Feature", "properties": { "id": 96936, "poly_area": 2.28724873, "capture_sc": "10000", "orthophoto": "ALBANY FEB 2016", "comments": "NATIVE VEGETATION", "st_area_sh": 2.260419453e-06, "st_perimet": 0.014158964362966001 }, "geometry": { "type": "MultiPolygon", "coordinates": [ [ [ [ 117.870128088000115, -35.072074092999969 ], [ 117.870186202000014, -35.073804854999935 ], [ 117.870061842000041, -35.073811426999953 ], [ 117.868921175000082, -35.073819605999972 ], [ 117.866554087000054, -35.073780579999948 ], [ 117.866565862000016, -35.073252310999976 ], [ 117.866756422000094, -35.073243547999937 ], [ 117.866771222000011, -35.072983735999969 ], [ 117.867245034, -35.07298034799993 ], [ 117.867250074000026, -35.073456439999973 ], [ 117.867583499000034, -35.073454053999967 ], [ 117.868057006000072, -35.073421809999957 ], [ 117.868143527000029, -35.073305765999976 ], [ 117.86807180400001, -35.073161997999932 ], [ 117.867789192000032, -35.072990883999978 ], [ 117.869298368000045, -35.07298007299994 ], [ 117.868969384000025, -35.073400846999959 ], [ 117.868901484000048, -35.07361775399994 ], [ 117.869218585000112, -35.07373090699997 ], [ 117.869622512000092, -35.07375686599994 ], [ 117.869727650000073, -35.07374168399997 ], [ 117.869813862000115, -35.07359678499995 ], [ 117.869793710000067, -35.073351651999928 ], [ 117.869652096000095, -35.073237242999937 ], [ 117.869790953, -35.073091965999936 ], [ 117.869631638000101, -35.07296325599998 ], [ 117.86996306900005, -35.072773312999971 ], [ 117.869749006, -35.072562842999957 ], [ 117.870128088000115, -35.072074092999969 ] ] ] ] } },
{ "type": "Feature", "properties": { "id": 96937, "poly_area": 5.71984213, "capture_sc": "10000", "orthophoto": "ALBANY FEB 2016", "comments": "NATIVE VEGETATION", "st_area_sh": 5.653195022e-06, "st_perimet": 0.013746085705203999 }, "geometry": { "type": "MultiPolygon", "coordinates": [ [ [ [ 117.890743136000083, -35.078777597999931 ], [ 117.890614405000065, -35.07867364699996 ], [ 117.890274162000082, -35.078676146999953 ], [ 117.889890628000103, -35.078609030999928 ], [ 117.88976303700008, -35.078609967999967 ], [ 117.889635067000086, -35.078575941999929 ], [ 117.889549247000105, -35.078506640999933 ], [ 117.889546210000049, -35.078226940999969 ], [ 117.889503680000075, -35.078227253999955 ], [ 117.889502162000099, -35.078087402999984 ], [ 117.889458492000017, -35.077982827999961 ], [ 117.889457733000086, -35.077912902999969 ], [ 117.889499504000014, -35.077842665999981 ], [ 117.89064781400009, -35.077834235999944 ], [ 117.890860844000031, -35.077867635999951 ], [ 117.891116024000098, -35.077865760999941 ], [ 117.891201844000079, -35.077935059999959 ], [ 117.891245515000037, -35.078039634999982 ], [ 117.89163171000007, -35.078351482999949 ], [ 117.891718292000064, -35.078490706999958 ], [ 117.891975377000108, -35.078663641999981 ], [ 117.892018669000095, -35.078733253999928 ], [ 117.892147022000017, -35.078802239999959 ], [ 117.892317524000077, -35.078835950999974 ], [ 117.892701822000049, -35.078972981999982 ], [ 117.893044352000061, -35.079180250999968 ], [ 117.893258530000026, -35.079318533999981 ], [ 117.893345497000041, -35.079492718999973 ], [ 117.893346260000044, -35.079562643999964 ], [ 117.893218668000031, -35.07956358499996 ], [ 117.892876135000051, -35.079356315999974 ], [ 117.892705250000063, -35.079287643999976 ], [ 117.892630884000027, -35.07966007999994 ], [ 117.892308368000045, -35.08035310899993 ], [ 117.891730601000063, -35.081358583999929 ], [ 117.890421303000039, -35.080723262999982 ], [ 117.89126375, -35.078779395999959 ], [ 117.890912284000024, -35.07873869499997 ], [ 117.890812767000057, -35.078861816999961 ], [ 117.890743136000083, -35.078777597999931 ] ] ] ] } },
{ "type": "Feature", "properties": { "id": 96938, "poly_area": 5.50546936, "capture_sc": "10000", "orthophoto": "ALBANY FEB 2016", "comments": "NATIVE VEGETATION", "st_area_sh": 5.441365813e-06, "st_perimet": 0.027324736712119001 }, "geometry": { "type": "MultiPolygon", "coordinates": [ [ [ [ 117.881468699000038, -35.079781628999967 ], [ 117.881640006000111, -35.079517934999956 ], [ 117.883597139000017, -35.077988636999976 ], [ 117.885596569000086, -35.076351632999945 ], [ 117.885653303000026, -35.076487516999975 ], [ 117.883930951000025, -35.077844850999952 ], [ 117.883712452000054, -35.077916219999963 ], [ 117.88522846300009, -35.079170898999962 ], [ 117.885049334000087, -35.079308807999951 ], [ 117.884922119000066, -35.079344700999968 ], [ 117.884411748000048, -35.079348423999932 ], [ 117.88428302300008, -35.079244466999967 ], [ 117.88415392200011, -35.079105548999962 ], [ 117.884147885000061, -35.07854614799993 ], [ 117.884104223, -35.078441569999939 ], [ 117.883581158000084, -35.078120503999969 ], [ 117.881776715000115, -35.07954244299998 ], [ 117.881991627000048, -35.079750670999942 ], [ 117.882286710000017, -35.079503767999938 ], [ 117.8824560810001, -35.079432604999965 ], [ 117.88258329700011, -35.079396713999984 ], [ 117.883178729000065, -35.079392377999966 ], [ 117.883305945000075, -35.079356485999938 ], [ 117.883603662000041, -35.079354315999979 ], [ 117.883732008000038, -35.079423310999971 ], [ 117.88394654800004, -35.079596573999936 ], [ 117.883948435000093, -35.079771385999948 ], [ 117.883906281, -35.079806658999985 ], [ 117.882332630000064, -35.07981812099996 ], [ 117.882248697000023, -35.079923626999971 ], [ 117.882249450000018, -35.079993551999962 ], [ 117.883227668000018, -35.079986429999963 ], [ 117.883270576000086, -35.080021082999963 ], [ 117.883271330000071, -35.080091007999954 ], [ 117.883144113000071, -35.080126899999982 ], [ 117.883017649000067, -35.080232716999944 ], [ 117.882848654000099, -35.080338842999936 ], [ 117.882850538000071, -35.080513654999947 ], [ 117.883107988, -35.080721571999959 ], [ 117.883235960000093, -35.080755604999979 ], [ 117.883278869000037, -35.080790257999979 ], [ 117.883279622000032, -35.08086018299997 ], [ 117.883237468000061, -35.080895454999961 ], [ 117.883110250000072, -35.080931346999932 ], [ 117.882940876000021, -35.081002510999951 ], [ 117.882814411000027, -35.081108327999971 ], [ 117.882729348000112, -35.081108947999951 ], [ 117.882645037000088, -35.081179491999933 ], [ 117.882560350000062, -35.081215072999953 ], [ 117.882475287000034, -35.081215691999944 ], [ 117.882348821000051, -35.081321507999974 ], [ 117.882335067000099, -35.081327286999965 ], [ 117.880406901000015, -35.081095064999943 ], [ 117.880145940000034, -35.081243163999943 ], [ 117.879824880000115, -35.080987733999962 ], [ 117.881468699000038, -35.079781628999967 ] ] ] ] } },
{ "type": "Feature", "properties": { "id": 96939, "poly_area": 0.11932268, "capture_sc": "10000", "orthophoto": "ALBANY FEB 2016", "comments": "NATIVE VEGETATION", "st_area_sh": 1.17940483e-07, "st_perimet": 0.002459772260241 }, "geometry": { "type": "MultiPolygon", "coordinates": [ [ [ [ 117.886434328000064, -35.085004431999948 ], [ 117.886863353000081, -35.085147703999951 ], [ 117.886900352000112, -35.085274335999941 ], [ 117.886345897000069, -35.085138528999948 ], [ 117.885775504000094, -35.084867070999962 ], [ 117.886434328000064, -35.085004431999948 ] ] ] ] } },
{ "type": "Feature", "properties": { "id": 96940, "poly_area": 0.84617558, "capture_sc": "10000", "orthophoto": "ALBANY FEB 2016", "comments": "NATIVE VEGETATION", "st_area_sh": 8.36278587e-07, "st_perimet": 0.0056701630462020003 }, "geometry": { "type": "MultiPolygon", "coordinates": [ [ [ [ 117.868187069000101, -35.075758228999973 ], [ 117.86822935400005, -35.076436045999969 ], [ 117.867544781000106, -35.076426517999948 ], [ 117.867504640000107, -35.075950678999959 ], [ 117.86718875400004, -35.075952937999944 ], [ 117.867179712000052, -35.076081262999935 ], [ 117.86698074200001, -35.07608268599995 ], [ 117.866896424000061, -35.076153219999981 ], [ 117.866900742000098, -35.076561262999974 ], [ 117.866549395000106, -35.076568086999941 ], [ 117.866666873000099, -35.075781239999969 ], [ 117.868187069000101, -35.075758228999973 ] ] ] ] } },
{ "type": "Feature", "properties": { "id": 96941, "poly_area": 1.35713632, "capture_sc": "10000", "orthophoto": "ALBANY FEB 2016", "comments": "NATIVE VEGETATION", "st_area_sh": 1.341244559e-06, "st_perimet": 0.0099440680859859999 }, "geometry": { "type": "MultiPolygon", "coordinates": [ [ [ [ 117.866800679000107, -35.074108916999933 ], [ 117.866746354000043, -35.073950596999964 ], [ 117.869711940000116, -35.073914933999959 ], [ 117.870082636, -35.073995302999947 ], [ 117.8691341440001, -35.07459872499993 ], [ 117.868792435000046, -35.074461312999972 ], [ 117.869215862000033, -35.074283451999975 ], [ 117.869638546000033, -35.074035662999961 ], [ 117.868703300000107, -35.074077331999945 ], [ 117.868579422000039, -35.07442787399998 ], [ 117.868626770000105, -35.074882083999967 ], [ 117.867987360000029, -35.074746801999936 ], [ 117.867512513000065, -35.074085857999933 ], [ 117.867243913000038, -35.074220974999946 ], [ 117.866800679000107, -35.074108916999933 ] ] ] ] } },
{ "type": "Feature", "properties": { "id": 96942, "poly_area": 0.60345823, "capture_sc": "10000", "orthophoto": "ALBANY FEB 2016", "comments": "NATIVE VEGETATION", "st_area_sh": 5.96391433e-07, "st_perimet": 0.003684376186819 }, "geometry": { "type": "MultiPolygon", "coordinates": [ [ [ [ 117.866893396000023, -35.07439729999993 ], [ 117.866877921000082, -35.074405084999967 ], [ 117.867523991000098, -35.075169701999982 ], [ 117.866758846000039, -35.075210138999978 ], [ 117.866726522000022, -35.075393547999965 ], [ 117.866613094000058, -35.075441189999935 ], [ 117.866545832000043, -35.075176695999971 ], [ 117.866528405000054, -35.074932721999971 ], [ 117.866543796000087, -35.07424227599995 ], [ 117.866893396000023, -35.07439729999993 ] ] ] ] } },
{ "type": "Feature", "properties": { "id": 96995, "poly_area": 2.82655673, "capture_sc": "10000", "orthophoto": "ALBANY FEB 2016", "comments": "NATIVE VEGETATION", "st_area_sh": 2.793526593e-06, "st_perimet": 0.0099870696570350005 }, "geometry": { "type": "MultiPolygon", "coordinates": [ [ [ [ 117.868433773000106, -35.076736628999981 ], [ 117.868771412000115, -35.076489452999965 ], [ 117.870260679000012, -35.076548702999958 ], [ 117.870222982000087, -35.077643936999948 ], [ 117.870042245000036, -35.077681331999941 ], [ 117.870058801000027, -35.077564145999929 ], [ 117.868825066000113, -35.077538027999935 ], [ 117.867805833000034, -35.077685188999965 ], [ 117.866572467000083, -35.077694010999949 ], [ 117.866528827000025, -35.077589426999964 ], [ 117.866526239000109, -35.077344687999982 ], [ 117.866994064000096, -35.077341342999944 ], [ 117.866994805000104, -35.077411268999981 ], [ 117.867122394000035, -35.077410355999973 ], [ 117.867250353000031, -35.077444405999984 ], [ 117.867803241000047, -35.077440449999983 ], [ 117.867886448000036, -35.077265026999953 ], [ 117.867884595000078, -35.077090213999952 ], [ 117.867841325000086, -35.077020592999929 ], [ 117.867763165000042, -35.077021151999929 ], [ 117.867738242000087, -35.076838640999938 ], [ 117.867857661000016, -35.076700185999982 ], [ 117.868433773000106, -35.076736628999981 ] ] ] ] } },
{ "type": "Feature", "properties": { "id": 96996, "poly_area": 1.26700661, "capture_sc": "10000", "orthophoto": "ALBANY FEB 2016", "comments": "NATIVE VEGETATION", "st_area_sh": 1.252211398e-06, "st_perimet": 0.010498899452623001 }, "geometry": { "type": "MultiPolygon", "coordinates": [ [ [ [ 117.868323605000114, -35.078380787999947 ], [ 117.868365023000024, -35.07827559499998 ], [ 117.868449342000076, -35.078205060999949 ], [ 117.868445635000057, -35.077855433999957 ], [ 117.868402364000076, -35.077785813999981 ], [ 117.868231132, -35.077682143999937 ], [ 117.869601014000068, -35.077806261999967 ], [ 117.869447595000111, -35.077923914999928 ], [ 117.869026412000039, -35.077891145999956 ], [ 117.868694062000031, -35.078024751999976 ], [ 117.86876939800004, -35.078286662999972 ], [ 117.869293929000037, -35.078485705999981 ], [ 117.869629065000026, -35.078614526999957 ], [ 117.870047972000066, -35.078432577999934 ], [ 117.8700033, -35.078325532999941 ], [ 117.869596879000028, -35.078316518999941 ], [ 117.869420599000023, -35.078114980999942 ], [ 117.869795719000081, -35.077909488999978 ], [ 117.870213649000107, -35.077915076999943 ], [ 117.870207930000106, -35.078081241999939 ], [ 117.870195675000105, -35.078437295999947 ], [ 117.870209436000096, -35.078404329999955 ], [ 117.870210765000024, -35.078689510999936 ], [ 117.870118961000117, -35.078717425999969 ], [ 117.86782529300001, -35.078758739999955 ], [ 117.867902558000083, -35.078650757999981 ], [ 117.868091322000055, -35.078661335999982 ], [ 117.868206016000045, -35.078529289999949 ], [ 117.86815617700006, -35.078441199999929 ], [ 117.868323605000114, -35.078380787999947 ] ] ] ] } },
{ "type": "Feature", "properties": { "id": 97000, "poly_area": 7.8154561, "capture_sc": "10000", "orthophoto": "ALBANY FEB 2016", "comments": "NATIVE VEGETATION", "st_area_sh": 7.724385282e-06, "st_perimet": 0.023233073555381002 }, "geometry": { "type": "MultiPolygon", "coordinates": [ [ [ [ 117.875947346000089, -35.079339940999944 ], [ 117.875820500000032, -35.079410786999972 ], [ 117.875694028000112, -35.079516595999962 ], [ 117.875567182000054, -35.07958744299998 ], [ 117.875272079000069, -35.079834329999983 ], [ 117.87510270100006, -35.079905482999948 ], [ 117.874976602000061, -35.080046254999957 ], [ 117.874935190000087, -35.08015144999996 ], [ 117.874851248000027, -35.080256950999967 ], [ 117.874766560000012, -35.080292526999983 ], [ 117.874724775000118, -35.080362758999968 ], [ 117.873448842000016, -35.080371957999944 ], [ 117.873405565000098, -35.080302339999946 ], [ 117.873319757000104, -35.080233027999952 ], [ 117.873233578000054, -35.08012875299994 ], [ 117.873232460000054, -35.08002386499993 ], [ 117.873529431000065, -35.079951793999953 ], [ 117.873571216000073, -35.079881562999958 ], [ 117.873569725000038, -35.079741712999976 ], [ 117.873441014000036, -35.079637744999957 ], [ 117.873313422000024, -35.079638663999958 ], [ 117.872886997000023, -35.079536838999957 ], [ 117.872801563000053, -35.079502488999935 ], [ 117.872716501000014, -35.079503100999943 ], [ 117.87258853700007, -35.079469056999983 ], [ 117.872460945000057, -35.079469974999938 ], [ 117.872419903000036, -35.079610130999981 ], [ 117.872378118000029, -35.079680361999976 ], [ 117.872335959000111, -35.079715631999932 ], [ 117.872293429000024, -35.079715937999936 ], [ 117.872207622000019, -35.079646623999963 ], [ 117.87216434700008, -35.079577004999976 ], [ 117.871949832000041, -35.079403720999949 ], [ 117.871821496000052, -35.07933471299998 ], [ 117.871608843000104, -35.079336242999943 ], [ 117.871482367000112, -35.079442047999976 ], [ 117.871398422000084, -35.079547546999947 ], [ 117.871229786000072, -35.079688620999946 ], [ 117.871103309000091, -35.079794424999932 ], [ 117.870934301000034, -35.079900534999979 ], [ 117.870637328000043, -35.079972598999973 ], [ 117.870468319000111, -35.080078707999974 ], [ 117.87034109700005, -35.080114585999979 ], [ 117.870085911000047, -35.080116418999978 ], [ 117.869746405000114, -35.080188785999951 ], [ 117.869619555000099, -35.080259625999929 ], [ 117.869535606000113, -35.080365123999968 ], [ 117.869324064000011, -35.080471536999937 ], [ 117.869111408000094, -35.080473061999953 ], [ 117.869068505000087, -35.080438403999949 ], [ 117.868897639000011, -35.08036969799997 ], [ 117.868727143000115, -35.080335954999953 ], [ 117.868429425000045, -35.080338086999973 ], [ 117.868430166000053, -35.080408012999953 ], [ 117.868389119000085, -35.08054816799995 ], [ 117.868432762000111, -35.080652750999946 ], [ 117.868434245000117, -35.080792601999974 ], [ 117.86834955300003, -35.080828173999976 ], [ 117.868265602000065, -35.080933670999968 ], [ 117.868139119000034, -35.081039472999976 ], [ 117.867969734000098, -35.081110616999979 ], [ 117.867927573000088, -35.081145883999966 ], [ 117.867928314000096, -35.081215808999957 ], [ 117.867801090000057, -35.081251684999984 ], [ 117.867590285, -35.081428020999965 ], [ 117.867500215000064, -35.081522240999959 ], [ 117.867290641000068, -35.081377156999963 ], [ 117.867372441000043, -35.080940064999936 ], [ 117.867326948000027, -35.08066066799995 ], [ 117.867024787000105, -35.080243245999952 ], [ 117.86702256500007, -35.080033469999933 ], [ 117.867149418000054, -35.079962630999944 ], [ 117.867191209000111, -35.079892401999984 ], [ 117.867275530000029, -35.079821867999954 ], [ 117.867445283000052, -35.079785688999948 ], [ 117.867529975000025, -35.079750116999946 ], [ 117.868380592000108, -35.079744026999947 ], [ 117.868634665000059, -35.079637310999942 ], [ 117.868889107000086, -35.079565556999967 ], [ 117.870292623000068, -35.079555489999962 ], [ 117.870376941000018, -35.079484953999952 ], [ 117.870504161000099, -35.079449075999946 ], [ 117.870631753000112, -35.07944815999997 ], [ 117.870716444000095, -35.079412585999933 ], [ 117.870886194000036, -35.079376400999934 ], [ 117.870885823000094, -35.079341437999972 ], [ 117.870970512000099, -35.079305864999981 ], [ 117.87101192700004, -35.079200671999956 ], [ 117.871095502000117, -35.079060209999966 ], [ 117.871179819000076, -35.078989673999956 ], [ 117.871221605000073, -35.078919441999972 ], [ 117.874462017000042, -35.078995632999977 ], [ 117.876233605000039, -35.079026544999977 ], [ 117.875947346000089, -35.079339940999944 ] ] ] ] } },
{ "type": "Feature", "properties": { "id": 97001, "poly_area": 0.75230809, "capture_sc": "10000", "orthophoto": "ALBANY FEB 2016", "comments": "NATIVE VEGETATION", "st_area_sh": 7.43516719e-07, "st_perimet": 0.0035087350699019998 }, "geometry": { "type": "MultiPolygon", "coordinates": [ [ [ [ 117.858978980000074, -35.077714063999963 ], [ 117.858922582000105, -35.077857258999984 ], [ 117.858627714000022, -35.07776512099997 ], [ 117.858603984000069, -35.076923410999939 ], [ 117.858814437000092, -35.076747391999959 ], [ 117.85936338700003, -35.076760760999946 ], [ 117.859363121000115, -35.077754849999963 ], [ 117.858978980000074, -35.077714063999963 ] ] ] ] } },
{ "type": "Feature", "properties": { "id": 97002, "poly_area": 2.91811702, "capture_sc": "10000", "orthophoto": "ALBANY FEB 2016", "comments": "NATIVE VEGETATION", "st_area_sh": 2.883789757e-06, "st_perimet": 0.019646963025388001 }, "geometry": { "type": "MultiPolygon", "coordinates": [ [ [ [ 117.869405094000058, -35.069196439999985 ], [ 117.870130431, -35.069173691999936 ], [ 117.870085973000073, -35.071016263999979 ], [ 117.868501311000045, -35.071071759999938 ], [ 117.867946983000024, -35.070935866999946 ], [ 117.868372248000014, -35.070932821999975 ], [ 117.868584880000071, -35.070931299999984 ], [ 117.86862703700001, -35.070896031999951 ], [ 117.869094828000016, -35.070892679999929 ], [ 117.869138096000029, -35.070962300999952 ], [ 117.869520835000117, -35.070959556999981 ], [ 117.869562991000066, -35.070924289999937 ], [ 117.869562249000069, -35.070854363999956 ], [ 117.869389546000093, -35.070610844999976 ], [ 117.869387691000043, -35.070436031999975 ], [ 117.869812954000054, -35.070432982999932 ], [ 117.869811841000114, -35.070328094999979 ], [ 117.869853625000019, -35.070257863999984 ], [ 117.86985065600004, -35.069978162999973 ], [ 117.869807388000027, -35.069908540999961 ], [ 117.869807017000085, -35.069873578999932 ], [ 117.869594386000017, -35.069875102999958 ], [ 117.869509705000041, -35.069910676999939 ], [ 117.869468292000079, -35.070015869999963 ], [ 117.869341826000095, -35.070121671999971 ], [ 117.869130679000023, -35.070263046999969 ], [ 117.868918048000069, -35.070264570999939 ], [ 117.868833366000104, -35.07030014299994 ], [ 117.868620736000025, -35.070301665999978 ], [ 117.868323422000117, -35.07033876099996 ], [ 117.868281637000109, -35.070408990999965 ], [ 117.868112643000018, -35.070515096999941 ], [ 117.868115236000108, -35.070759835999979 ], [ 117.868073081000034, -35.070795102999966 ], [ 117.86798009600011, -35.070795767999982 ], [ 117.867878012, -35.070759019999969 ], [ 117.867696332000037, -35.070671158999971 ], [ 117.867477246000021, -35.070464683999944 ], [ 117.867341773000021, -35.070473082999968 ], [ 117.867196162000027, -35.070377532999942 ], [ 117.866969064000045, -35.070267706999971 ], [ 117.866600049000112, -35.070411514999932 ], [ 117.866620953000051, -35.070678848999933 ], [ 117.866740553000113, -35.070878605999951 ], [ 117.867047490000118, -35.070846691999975 ], [ 117.867063284000096, -35.07063110699994 ], [ 117.867217706000019, -35.070695008999962 ], [ 117.867190033000043, -35.070971983999982 ], [ 117.867103048000104, -35.070972605999941 ], [ 117.866551723000043, -35.070969116999947 ], [ 117.866517462000047, -35.070293223999954 ], [ 117.866642404000117, -35.070143729999984 ], [ 117.866776619, -35.07001645899993 ], [ 117.867055264000101, -35.069873294999979 ], [ 117.867234111000016, -35.069693693999966 ], [ 117.867450835000113, -35.069677283999965 ], [ 117.867505606, -35.069728901999952 ], [ 117.867831634000026, -35.069793440999945 ], [ 117.868101791000072, -35.069702345999929 ], [ 117.868182649000119, -35.069657186999962 ], [ 117.868256360000032, -35.069790400999977 ], [ 117.868240253000067, -35.069976268999937 ], [ 117.868088440000065, -35.070148247999953 ], [ 117.867945269000074, -35.070283013999983 ], [ 117.868036424000024, -35.070356661999938 ], [ 117.868189261000111, -35.070281266999984 ], [ 117.868376829000113, -35.070071881999979 ], [ 117.868549157000075, -35.070130087999985 ], [ 117.868892080000023, -35.070083050999983 ], [ 117.868963428000029, -35.069993378999982 ], [ 117.869005460000039, -35.069695873999933 ], [ 117.869293532000029, -35.069589787999973 ], [ 117.869298943000103, -35.069247964999931 ], [ 117.869398434000118, -35.06918440499993 ], [ 117.869405094000058, -35.069196439999985 ] ] ] ] } },
{ "type": "Feature", "properties": { "id": 97003, "poly_area": 2.2475181, "capture_sc": "10000", "orthophoto": "ALBANY FEB 2016", "comments": "NATIVE VEGETATION", "st_area_sh": 2.221068291e-06, "st_perimet": 0.0092542464580750005 }, "geometry": { "type": "MultiPolygon", "coordinates": [ [ [ [ 117.859045358000117, -35.069705533999979 ], [ 117.859216434000018, -35.069843780999975 ], [ 117.859687919000066, -35.069695412999977 ], [ 117.859670775000041, -35.069830725999964 ], [ 117.859659873000055, -35.070944276999967 ], [ 117.859602397000117, -35.071018577999951 ], [ 117.85892448300001, -35.071008522999932 ], [ 117.857611004000091, -35.071010709999939 ], [ 117.857619441000111, -35.069720300999961 ], [ 117.857844913, -35.069753051999953 ], [ 117.858896518000051, -35.069706587999974 ], [ 117.859045358000117, -35.069705533999979 ] ], [ [ 117.859029249000059, -35.070073848999982 ], [ 117.858877820000089, -35.06995147899994 ], [ 117.858580140000072, -35.069953588999965 ], [ 117.858495455000025, -35.069989152999938 ], [ 117.858369710000034, -35.070164870999974 ], [ 117.858371176000105, -35.070304721999946 ], [ 117.858458061000078, -35.070478933999937 ], [ 117.858500954000078, -35.070513595999955 ], [ 117.858628898, -35.070547655999974 ], [ 117.858756476000053, -35.070546750999938 ], [ 117.858842262000053, -35.070616074999975 ], [ 117.859013100000084, -35.070684794999977 ], [ 117.859059431000105, -35.070740876999935 ], [ 117.859029249000059, -35.070073848999982 ] ] ] ] } },
{ "type": "Feature", "properties": { "id": 97004, "poly_area": 0.73896643, "capture_sc": "10000", "orthophoto": "ALBANY FEB 2016", "comments": "NATIVE VEGETATION", "st_area_sh": 7.30272198e-07, "st_perimet": 0.0050467267078919999 }, "geometry": { "type": "MultiPolygon", "coordinates": [ [ [ [ 117.861418352000101, -35.068884489999959 ], [ 117.861429461000057, -35.069941166999968 ], [ 117.861209285000086, -35.069989251999971 ], [ 117.861242021000066, -35.070523986999945 ], [ 117.860500831000081, -35.070617199999958 ], [ 117.860580900000059, -35.070224370999938 ], [ 117.860620431000029, -35.070126198999958 ], [ 117.860948, -35.070065407999948 ], [ 117.860988968000015, -35.069663891999937 ], [ 117.860869582000078, -35.069507434999935 ], [ 117.860962079000046, -35.069277716999977 ], [ 117.861228898000036, -35.069275821999952 ], [ 117.861300488000097, -35.06920844299998 ], [ 117.861313024000083, -35.06888523799995 ], [ 117.861418352000101, -35.068884489999959 ] ] ] ] } },
{ "type": "Feature", "properties": { "id": 97005, "poly_area": 0.14266459, "capture_sc": "10000", "orthophoto": "ALBANY FEB 2016", "comments": "NATIVE VEGETATION", "st_area_sh": 1.40987419e-07, "st_perimet": 0.002023710754143 }, "geometry": { "type": "MultiPolygon", "coordinates": [ [ [ [ 117.861036908000074, -35.070785495999928 ], [ 117.861152746000016, -35.070628641999974 ], [ 117.861262204000013, -35.070724455999937 ], [ 117.861273116, -35.070902699999976 ], [ 117.861439214000029, -35.070868343999962 ], [ 117.861439981000103, -35.070941231999939 ], [ 117.860681159000023, -35.071072714999957 ], [ 117.860752622000064, -35.070902486999955 ], [ 117.861036908000074, -35.070785495999928 ] ] ] ] } },
{ "type": "Feature", "properties": { "id": 97080, "poly_area": 0.07266168, "capture_sc": "10000", "orthophoto": "ALBANY FEB 2016", "comments": "NATIVE VEGETATION", "st_area_sh": 7.1799177e-08, "st_perimet": 0.0011213688055909999 }, "geometry": { "type": "MultiPolygon", "coordinates": [ [ [ [ 117.865541244000042, -35.060603276999984 ], [ 117.865527590000056, -35.060782321999966 ], [ 117.865178951000075, -35.060784808999983 ], [ 117.865169784000045, -35.060565245999953 ], [ 117.865541244000042, -35.060603276999984 ] ] ] ] } },
{ "type": "Feature", "properties": { "id": 97081, "poly_area": 0.05069904, "capture_sc": "10000", "orthophoto": "ALBANY FEB 2016", "comments": "NATIVE VEGETATION", "st_area_sh": 5.0097133e-08, "st_perimet": 0.0012824587988730001 }, "geometry": { "type": "MultiPolygon", "coordinates": [ [ [ [ 117.866763037000055, -35.06018652299997 ], [ 117.866752901000041, -35.060082572999931 ], [ 117.867193331000067, -35.060091296999929 ], [ 117.86733193900011, -35.06018727999998 ], [ 117.866763037000055, -35.06018652299997 ] ] ] ] } },
{ "type": "Feature", "properties": { "id": 97082, "poly_area": 0.05521059, "capture_sc": "10000", "orthophoto": "ALBANY FEB 2016", "comments": "NATIVE VEGETATION", "st_area_sh": 5.4554941e-08, "st_perimet": 0.0018198721452180001 }, "geometry": { "type": "MultiPolygon", "coordinates": [ [ [ [ 117.865173227000014, -35.060242450999965 ], [ 117.866003725000041, -35.060162224999942 ], [ 117.865968132000035, -35.060214489999964 ], [ 117.865444689000014, -35.060277664999944 ], [ 117.865445086000022, -35.060315252999942 ], [ 117.865171128000043, -35.060325709999972 ], [ 117.865173227000014, -35.060242450999965 ] ] ] ] } },
{ "type": "Feature", "properties": { "id": 97011, "poly_area": 16.56759659, "capture_sc": "10000", "orthophoto": "ALBANY FEB 2016", "comments": "NATIVE VEGETATION", "st_area_sh": 1.6369052001000001e-05, "st_perimet": 0.047601268701136998 }, "geometry": { "type": "MultiPolygon", "coordinates": [ [ [ [ 117.832184264000034, -35.052413540999964 ], [ 117.831420383000022, -35.052653339999949 ], [ 117.831053906000079, -35.05220802499997 ], [ 117.830499764000024, -35.052071958999932 ], [ 117.829908415000091, -35.052460630999974 ], [ 117.829188092000095, -35.05271032099995 ], [ 117.827616349000095, -35.052860922999969 ], [ 117.82820842000001, -35.052542188999951 ], [ 117.829100936000032, -35.052501121999967 ], [ 117.829989558000079, -35.052075452999929 ], [ 117.830123664000098, -35.051755896999964 ], [ 117.829865096000049, -35.051575329999935 ], [ 117.829906529000027, -35.051056823999943 ], [ 117.829783425470794, -35.050944 ], [ 117.833862540701716, -35.050944 ], [ 117.833408532000021, -35.051157563999936 ], [ 117.833400861000086, -35.051551080999957 ], [ 117.833648451000045, -35.051798892999955 ], [ 117.83397431100002, -35.051710281999931 ], [ 117.833925292000117, -35.051480297999944 ], [ 117.834215655000094, -35.051343947999953 ], [ 117.83475214300006, -35.051311465999959 ], [ 117.835077120000051, -35.051136487999941 ], [ 117.835164254168447, -35.050944 ], [ 117.835844335810194, -35.050944 ], [ 117.835626350000098, -35.051209478999965 ], [ 117.835093186000108, -35.051568227999951 ], [ 117.834735837000039, -35.052002538999943 ], [ 117.834166973000038, -35.052294354999958 ], [ 117.833880314000112, -35.052795353999954 ], [ 117.833488822000049, -35.053316265999968 ], [ 117.833790442, -35.053319959999953 ], [ 117.833702771000048, -35.05344860799994 ], [ 117.833704548000014, -35.053623422999976 ], [ 117.833749265000051, -35.053613902999984 ], [ 117.833679533, -35.053708418999975 ], [ 117.833579093000026, -35.054160153999931 ], [ 117.833394331000022, -35.054353356999968 ], [ 117.83329067000011, -35.054488422999952 ], [ 117.832872026000018, -35.054635249999933 ], [ 117.832579890000034, -35.05457365999996 ], [ 117.832643729000097, -35.053840507999951 ], [ 117.832598726000015, -35.053596056999936 ], [ 117.832260001, -35.053738243999931 ], [ 117.832113856000092, -35.053851049999935 ], [ 117.831802400000015, -35.053884453999956 ], [ 117.831607132000045, -35.054192887999932 ], [ 117.831225246000031, -35.054512196999951 ], [ 117.830818170000043, -35.054649340999958 ], [ 117.830817100000104, -35.054543784999964 ], [ 117.831002162000118, -35.054379372999961 ], [ 117.831292248000068, -35.054214240999954 ], [ 117.831267644000036, -35.054089651999959 ], [ 117.83097658600002, -35.054158823999956 ], [ 117.831055938000077, -35.053927959999953 ], [ 117.831438601000059, -35.053685419999965 ], [ 117.831928428000083, -35.053653268999938 ], [ 117.832380811, -35.053381456999944 ], [ 117.832986744000095, -35.053290925999931 ], [ 117.83341022400009, -35.05247229899993 ], [ 117.833082313000091, -35.052359390999982 ], [ 117.832335914000055, -35.052615748999983 ], [ 117.832184264000034, -35.052413540999964 ] ] ] ] } },
{ "type": "Feature", "properties": { "id": 97012, "poly_area": 2.42706919, "capture_sc": "10000", "orthophoto": "ALBANY FEB 2016", "comments": "NATIVE VEGETATION", "st_area_sh": 2.398093589e-06, "st_perimet": 0.0079051268551160007 }, "geometry": { "type": "MultiPolygon", "coordinates": [ [ [ [ 117.83239436100007, -35.054716361999965 ], [ 117.832769241000051, -35.054856678999954 ], [ 117.832921044000045, -35.054865233999976 ], [ 117.832943018000037, -35.054730728999971 ], [ 117.833408536000093, -35.054602772999942 ], [ 117.833698618000085, -35.054437634999942 ], [ 117.833728886000017, -35.055118790999984 ], [ 117.833711808000089, -35.05526882199996 ], [ 117.832278811000037, -35.055591297999968 ], [ 117.832148992000043, -35.055632349999939 ], [ 117.832045502000028, -35.05562888399993 ], [ 117.830526688000077, -35.055578021999963 ], [ 117.830728216000011, -35.054985841999951 ], [ 117.831099798000082, -35.05480095799993 ], [ 117.831985923000047, -35.054719164999938 ], [ 117.83239436100007, -35.054716361999965 ] ] ] ] } },
{ "type": "Feature", "properties": { "id": 97021, "poly_area": 0.1051373, "capture_sc": "10000", "orthophoto": "ALBANY FEB 2016", "comments": "NATIVE VEGETATION", "st_area_sh": 1.03902155e-07, "st_perimet": 0.001834454921737 }, "geometry": { "type": "MultiPolygon", "coordinates": [ [ [ [ 117.861338661000104, -35.071254161999946 ], [ 117.861104296, -35.071290916999942 ], [ 117.860615700000039, -35.071504928999957 ], [ 117.860645232000024, -35.071224320999931 ], [ 117.861359444000072, -35.071190824999974 ], [ 117.861338661000104, -35.071254161999946 ] ] ] ] } },
{ "type": "Feature", "properties": { "id": 97029, "poly_area": 0.26330783, "capture_sc": "10000", "orthophoto": "ALBANY FEB 2016", "comments": "NATIVE VEGETATION", "st_area_sh": 2.6023019e-07, "st_perimet": 0.0022366943749049998 }, "geometry": { "type": "MultiPolygon", "coordinates": [ [ [ [ 117.864203518000068, -35.07741264699996 ], [ 117.863545769000098, -35.076964010999973 ], [ 117.863560792000044, -35.076767108999945 ], [ 117.864149234000024, -35.076760345999958 ], [ 117.864203518000068, -35.07741264699996 ] ] ] ] } },
{ "type": "Feature", "properties": { "id": 97083, "poly_area": 0.41818582, "capture_sc": "10000", "orthophoto": "ALBANY FEB 2016", "comments": "NATIVE VEGETATION", "st_area_sh": 4.13221597e-07, "st_perimet": 0.0041143989379489997 }, "geometry": { "type": "MultiPolygon", "coordinates": [ [ [ [ 117.86448069100004, -35.060552022999957 ], [ 117.864579536000065, -35.060499307999976 ], [ 117.864604605000068, -35.060305945999971 ], [ 117.864794276000111, -35.060297163999962 ], [ 117.864779653000028, -35.060624193999956 ], [ 117.864772969000114, -35.060847144999968 ], [ 117.864999412000088, -35.060897540999974 ], [ 117.865361078000092, -35.060917251999967 ], [ 117.86551828100005, -35.060904369999946 ], [ 117.865509776000067, -35.06101590399993 ], [ 117.864350561000037, -35.061065628999984 ], [ 117.864324276000048, -35.061133812999969 ], [ 117.864228610000055, -35.061137117999976 ], [ 117.864322733000108, -35.060616698999979 ], [ 117.864387870000087, -35.060433256999943 ], [ 117.86448069100004, -35.060552022999957 ] ] ] ] } },
{ "type": "Feature", "properties": { "id": 97030, "poly_area": 12.84559682, "capture_sc": "10000", "orthophoto": "ALBANY FEB 2016", "comments": "NATIVE VEGETATION", "st_area_sh": 1.2696468039e-05, "st_perimet": 0.030136903745763 }, "geometry": { "type": "MultiPolygon", "coordinates": [ [ [ [ 117.894810635000113, -35.081230177999942 ], [ 117.894895317000078, -35.08119458799996 ], [ 117.894980379000117, -35.08119395999995 ], [ 117.895022147000077, -35.081123720999983 ], [ 117.895106828000053, -35.081088130999944 ], [ 117.895148978000066, -35.08105285399995 ], [ 117.895145540000044, -35.080738192999945 ], [ 117.895187307000015, -35.080667953999978 ], [ 117.895440203000021, -35.080456294999976 ], [ 117.895439439000029, -35.080386369999928 ], [ 117.896883203000016, -35.080165905999934 ], [ 117.897268663000091, -35.08040781099993 ], [ 117.89790663000008, -35.080403086999979 ], [ 117.898154722000072, -35.080507582999928 ], [ 117.898063305000051, -35.080775419999952 ], [ 117.897806531000015, -35.08096170999994 ], [ 117.897569185000066, -35.081346426999971 ], [ 117.897447637000027, -35.081276407999951 ], [ 117.897549136000066, -35.081091268999955 ], [ 117.896892591000096, -35.081011025999942 ], [ 117.896982893000086, -35.081379132999984 ], [ 117.897381110000083, -35.081503838999936 ], [ 117.89704241600009, -35.082087875999946 ], [ 117.896298637000086, -35.083497561999934 ], [ 117.894919175000041, -35.08674162899996 ], [ 117.894683658000076, -35.087296529999946 ], [ 117.894701355000052, -35.08745793199995 ], [ 117.894104035000055, -35.087411085999975 ], [ 117.893593858000031, -35.086963395999931 ], [ 117.894042758000069, -35.085822428999961 ], [ 117.894276721000097, -35.084922946999939 ], [ 117.895296440000038, -35.082869956999957 ], [ 117.895253143000105, -35.082800345999942 ], [ 117.895168078000097, -35.082800973999952 ], [ 117.895041245000016, -35.082871840999928 ], [ 117.894744663000097, -35.082978925999953 ], [ 117.894491759000061, -35.083190583999965 ], [ 117.894066432000045, -35.08319372099993 ], [ 117.894063761000098, -35.082948983999984 ], [ 117.8941059120001, -35.082913707999978 ], [ 117.895376919000114, -35.082449779999934 ], [ 117.895757798000091, -35.08227213999993 ], [ 117.895752447000064, -35.081782665999981 ], [ 117.895709533000058, -35.081748018999974 ], [ 117.895624087000101, -35.081713684999954 ], [ 117.895411428000102, -35.081715254999949 ], [ 117.895244739000077, -35.082031173999951 ], [ 117.894394098000021, -35.082037451999952 ], [ 117.894267646000117, -35.082143279999968 ], [ 117.894225877000054, -35.082213518999936 ], [ 117.894141575000049, -35.082284070999947 ], [ 117.89405651200002, -35.082284698999956 ], [ 117.894014361000018, -35.082319974999962 ], [ 117.893972973000018, -35.082425174999969 ], [ 117.893888671000013, -35.08249572699998 ], [ 117.893463349000058, -35.082498862999955 ], [ 117.893462968000108, -35.082463899999937 ], [ 117.893377522000037, -35.082429564999984 ], [ 117.893375615000082, -35.082254752999972 ], [ 117.893543075000025, -35.08200876199993 ], [ 117.893627757000104, -35.081973171999948 ], [ 117.893711677000056, -35.081867657999965 ], [ 117.893795978000071, -35.081797105999954 ], [ 117.893793308000113, -35.08155236999994 ], [ 117.893707863000031, -35.081518033999942 ], [ 117.893367609000052, -35.081520541999964 ], [ 117.893240394000031, -35.081556444999933 ], [ 117.893241157000034, -35.081626369999981 ], [ 117.893199006000032, -35.08166164499994 ], [ 117.893199387000095, -35.081696607999959 ], [ 117.893114323000077, -35.081697233999932 ], [ 117.893071029000112, -35.081627622999974 ], [ 117.893068362, -35.081382885999972 ], [ 117.893153044000087, -35.081347296999979 ], [ 117.893195195000089, -35.081312021999963 ], [ 117.893733141000098, -35.081318232999934 ], [ 117.893748488000028, -35.081342908999943 ], [ 117.89383393300011, -35.081377243999952 ], [ 117.893966460000115, -35.08137626599995 ], [ 117.894086874000095, -35.081546570999933 ], [ 117.894528728000068, -35.081452295999952 ], [ 117.894695371000012, -35.08123102899998 ], [ 117.894810635000113, -35.081230177999942 ] ] ] ] } },
{ "type": "Feature", "properties": { "id": 97054, "poly_area": 0.43276992, "capture_sc": "10000", "orthophoto": "ALBANY FEB 2016", "comments": "NATIVE VEGETATION", "st_area_sh": 4.27628171e-07, "st_perimet": 0.003311976136214 }, "geometry": { "type": "MultiPolygon", "coordinates": [ [ [ [ 117.867919436000079, -35.059308931999965 ], [ 117.868371373000059, -35.059320557999968 ], [ 117.86865125700001, -35.06015072699995 ], [ 117.867801825000015, -35.06014937599997 ], [ 117.867792081000061, -35.060082574999967 ], [ 117.86801813000011, -35.060095817999979 ], [ 117.868096963000085, -35.060012953999944 ], [ 117.867919436000079, -35.059308931999965 ] ] ] ] } },
{ "type": "Feature", "properties": { "id": 97055, "poly_area": 6.34917434, "capture_sc": "10000", "orthophoto": "ALBANY FEB 2016", "comments": "NATIVE VEGETATION", "st_area_sh": 6.273673706e-06, "st_perimet": 0.024726734216594 }, "geometry": { "type": "MultiPolygon", "coordinates": [ [ [ [ 117.859258390000036, -35.058130884999969 ], [ 117.860978851000027, -35.059159343999966 ], [ 117.861223649000067, -35.059212378999973 ], [ 117.862177763000091, -35.059150830999954 ], [ 117.862911008000083, -35.059200388999955 ], [ 117.864065132000064, -35.059155660999977 ], [ 117.864995885000098, -35.058984712999973 ], [ 117.865683954000019, -35.058961548999946 ], [ 117.866701194000029, -35.058570885999984 ], [ 117.868071196000074, -35.05803222399993 ], [ 117.868248245000018, -35.058786471999952 ], [ 117.868361314000026, -35.059224038999957 ], [ 117.866887140000017, -35.059195046999946 ], [ 117.866039170000022, -35.059240637999949 ], [ 117.866040898000051, -35.059404086999962 ], [ 117.865616303000024, -35.05941454799995 ], [ 117.86558849000005, -35.059347874999958 ], [ 117.865164288000074, -35.059395481999957 ], [ 117.86515260300007, -35.059532296999976 ], [ 117.865062440000088, -35.05955772599998 ], [ 117.864795532000016, -35.059559628999978 ], [ 117.864876011000092, -35.059479267999961 ], [ 117.864893063000068, -35.059382555999946 ], [ 117.864667095000073, -35.059376735999933 ], [ 117.864650042000108, -35.059473448999938 ], [ 117.864559764000091, -35.059481521999942 ], [ 117.864558902000113, -35.059399796999969 ], [ 117.864260493000074, -35.059379632999935 ], [ 117.864257216000055, -35.059766939999975 ], [ 117.863873697000031, -35.059741023999948 ], [ 117.863954686000056, -35.059355825999944 ], [ 117.863317242000107, -35.059395328999983 ], [ 117.8631697080001, -35.059518758999957 ], [ 117.862542359000031, -35.059597978999932 ], [ 117.862510082000085, -35.059471001999952 ], [ 117.860980799000117, -35.059621725999932 ], [ 117.860896492000052, -35.059692255999948 ], [ 117.860813286000052, -35.059867673999975 ], [ 117.860771132000082, -35.059902938999983 ], [ 117.860643569000104, -35.059903843999962 ], [ 117.860430596000015, -35.059870387999979 ], [ 117.860345554000105, -35.059870991999958 ], [ 117.860328390000063, -35.059867592999979 ], [ 117.860334137000109, -35.059801335999964 ], [ 117.859760451000056, -35.059381885999983 ], [ 117.859724855000081, -35.059434149999959 ], [ 117.859570161000079, -35.059331224999937 ], [ 117.859149110000089, -35.059320024999977 ], [ 117.859106956, -35.059355288999939 ], [ 117.858979395, -35.059356192999928 ], [ 117.858810150000068, -35.059392260999971 ], [ 117.8585493060001, -35.059353318999968 ], [ 117.858625029000109, -35.057908359999942 ], [ 117.859258390000036, -35.058130884999969 ] ] ] ] } },
{ "type": "Feature", "properties": { "id": 97056, "poly_area": 0.25103158, "capture_sc": "10000", "orthophoto": "ALBANY FEB 2016", "comments": "NATIVE VEGETATION", "st_area_sh": 2.48055411e-07, "st_perimet": 0.00296128440962 }, "geometry": { "type": "MultiPolygon", "coordinates": [ [ [ [ 117.864047561, -35.061944540999946 ], [ 117.863655007000034, -35.061947335999946 ], [ 117.863565841000081, -35.062065675999975 ], [ 117.863514950000081, -35.062016338999968 ], [ 117.863553788000104, -35.061666405999972 ], [ 117.863005361000091, -35.061670308999965 ], [ 117.863000512000099, -35.061580487999947 ], [ 117.8639237430001, -35.061528080999949 ], [ 117.864047561, -35.061944540999946 ] ] ] ] } },
{ "type": "Feature", "properties": { "id": 97057, "poly_area": 0.38033008, "capture_sc": "10000", "orthophoto": "ALBANY FEB 2016", "comments": "NATIVE VEGETATION", "st_area_sh": 3.75811577e-07, "st_perimet": 0.0028795709268599999 }, "geometry": { "type": "MultiPolygon", "coordinates": [ [ [ [ 117.866329094000093, -35.05931286799995 ], [ 117.86664526200002, -35.059303180999962 ], [ 117.86672408000004, -35.059860556999979 ], [ 117.866810292000082, -35.059899135999956 ], [ 117.866815443000064, -35.060015254999939 ], [ 117.866607781000084, -35.060031598999956 ], [ 117.866618622000033, -35.060202414999935 ], [ 117.866176267000014, -35.060242723999977 ], [ 117.866236936000064, -35.060038863999978 ], [ 117.866258197000093, -35.060038711999937 ], [ 117.866298501000074, -35.05982862999997 ], [ 117.866295566000076, -35.059550871999932 ], [ 117.866329094000093, -35.05931286799995 ] ] ] ] } },
{ "type": "Feature", "properties": { "id": 97085, "poly_area": 0.1866726, "capture_sc": "10000", "orthophoto": "ALBANY FEB 2016", "comments": "NATIVE VEGETATION", "st_area_sh": 1.84454988e-07, "st_perimet": 0.001820187374177 }, "geometry": { "type": "MultiPolygon", "coordinates": [ [ [ [ 117.85886539, -35.060650727999985 ], [ 117.859333122000066, -35.06064741299997 ], [ 117.859353806000058, -35.060641579999981 ], [ 117.859431359000041, -35.060743933999959 ], [ 117.859465579000016, -35.061031095999965 ], [ 117.859337154000059, -35.061032005999948 ], [ 117.859251745000051, -35.060997645999976 ], [ 117.859049883000012, -35.060999076999963 ], [ 117.858953405000079, -35.060836481999957 ], [ 117.858835474000102, -35.060792736999929 ], [ 117.858842441000093, -35.06064149499997 ], [ 117.85886539, -35.060650727999985 ] ] ] ] } },
{ "type": "Feature", "properties": { "id": 97086, "poly_area": 0.20720332, "capture_sc": "10000", "orthophoto": "ALBANY FEB 2016", "comments": "NATIVE VEGETATION", "st_area_sh": 2.0474946e-07, "st_perimet": 0.0028786732632920002 }, "geometry": { "type": "MultiPolygon", "coordinates": [ [ [ [ 117.863306837000096, -35.062328536999985 ], [ 117.863494892000062, -35.062381766999977 ], [ 117.863470419, -35.06243903799998 ], [ 117.863481803000013, -35.062661860999981 ], [ 117.863321739000071, -35.062908193999931 ], [ 117.86331661600002, -35.06327973599997 ], [ 117.863524913000106, -35.063322833999962 ], [ 117.863543534000087, -35.063374712999973 ], [ 117.863149781000061, -35.063382822999984 ], [ 117.863220051000098, -35.062603376999959 ], [ 117.863306837000096, -35.062328536999985 ] ] ] ] } },
{ "type": "Feature", "properties": { "id": 97087, "poly_area": 1.96271035, "capture_sc": "10000", "orthophoto": "ALBANY FEB 2016", "comments": "NATIVE VEGETATION", "st_area_sh": 1.939406633e-06, "st_perimet": 0.011919528950396 }, "geometry": { "type": "MultiPolygon", "coordinates": [ [ [ [ 117.857373680000023, -35.05926504599995 ], [ 117.857456100000036, -35.059275742999944 ], [ 117.857491185000072, -35.05936672699994 ], [ 117.857420774000047, -35.060765848999949 ], [ 117.857421140000042, -35.060800811999968 ], [ 117.857676267000102, -35.060799007999947 ], [ 117.857760943000017, -35.060763442999985 ], [ 117.857888505, -35.060762540999974 ], [ 117.858226844000114, -35.060585318999983 ], [ 117.858277891000057, -35.060584956999946 ], [ 117.858275341000081, -35.060804133999966 ], [ 117.858068298000035, -35.060879900999964 ], [ 117.858087615000045, -35.060998645999973 ], [ 117.858395995000024, -35.06110791499998 ], [ 117.858577565000019, -35.06118835999996 ], [ 117.85882854800002, -35.061192955999957 ], [ 117.85887161900007, -35.061245098999962 ], [ 117.859000282000011, -35.061349083999971 ], [ 117.859595581, -35.061344864999967 ], [ 117.860061482000106, -35.061166732999936 ], [ 117.860442342000056, -35.060989203999952 ], [ 117.860572844000103, -35.061268002999952 ], [ 117.859937586000115, -35.061517266999942 ], [ 117.859217654000076, -35.061802095999951 ], [ 117.859218020000071, -35.06183705899997 ], [ 117.859175499000116, -35.06183735999997 ], [ 117.859090823000088, -35.061872925999978 ], [ 117.859091555000077, -35.061942851999959 ], [ 117.858879680000086, -35.062014283999929 ], [ 117.858496765000041, -35.062088697999968 ], [ 117.858396453000069, -35.062014387999966 ], [ 117.858358053000075, -35.061799185999973 ], [ 117.858193309000058, -35.061599737999984 ], [ 117.857875813000078, -35.061483102999944 ], [ 117.857578101000058, -35.061529789999952 ], [ 117.857478786000115, -35.061537923999936 ], [ 117.857347699000115, -35.061100471999964 ], [ 117.857445692000056, -35.060966036999957 ], [ 117.857353859000114, -35.06082551399993 ], [ 117.857375828000045, -35.059569652999983 ], [ 117.857376867000085, -35.059569658999976 ], [ 117.857376478000106, -35.059532510999929 ], [ 117.857373680000023, -35.05926504599995 ] ] ] ] } },
{ "type": "Feature", "properties": { "id": 97088, "poly_area": 0.21347763, "capture_sc": "10000", "orthophoto": "ALBANY FEB 2016", "comments": "NATIVE VEGETATION", "st_area_sh": 2.10951821e-07, "st_perimet": 0.002595052873561 }, "geometry": { "type": "MultiPolygon", "coordinates": [ [ [ [ 117.864127953000093, -35.063690317999942 ], [ 117.864079977000074, -35.064075741999943 ], [ 117.863642271000117, -35.064169031999938 ], [ 117.863364343000057, -35.064379053999971 ], [ 117.863370855000085, -35.064253373999975 ], [ 117.863748194000095, -35.063972747999969 ], [ 117.863830291000113, -35.063692438999965 ], [ 117.863758093000115, -35.063605044999974 ], [ 117.864050663000057, -35.063602961999948 ], [ 117.864127953000093, -35.063690317999942 ] ] ] ] } },
{ "type": "Feature", "properties": { "id": 97103, "poly_area": 1.73378303, "capture_sc": "10000", "orthophoto": "ALBANY FEB 2016", "comments": "NATIVE VEGETATION", "st_area_sh": 1.713293968e-06, "st_perimet": 0.011009418853362001 }, "geometry": { "type": "MultiPolygon", "coordinates": [ [ [ [ 117.861824112000022, -35.065719997999963 ], [ 117.862444567000011, -35.065425812999933 ], [ 117.862369228000034, -35.06513657499994 ], [ 117.862491471000112, -35.065133470999967 ], [ 117.862512956000046, -35.065563295999937 ], [ 117.862428293000107, -35.065596821999975 ], [ 117.861943382000049, -35.065890043999957 ], [ 117.861964502000092, -35.066179667999961 ], [ 117.862074907000078, -35.066225362999944 ], [ 117.861134905000085, -35.066194156999984 ], [ 117.861039650000066, -35.06476539099998 ], [ 117.861180564000051, -35.064676922999979 ], [ 117.861162471000057, -35.063815156999965 ], [ 117.861060577000103, -35.063578115999974 ], [ 117.860690020000106, -35.063573315999975 ], [ 117.860533839000027, -35.063610030999939 ], [ 117.860553818000085, -35.063505933999977 ], [ 117.861185673000023, -35.063501450999979 ], [ 117.861262493000027, -35.063873886999943 ], [ 117.861372331000098, -35.064006849999942 ], [ 117.861506702000042, -35.063894442999981 ], [ 117.861768826000116, -35.063900011999976 ], [ 117.861733776000051, -35.064004281999985 ], [ 117.861418761000095, -35.064125401999945 ], [ 117.861441910000053, -35.064608194999948 ], [ 117.86180265400003, -35.064538761999984 ], [ 117.861864256000104, -35.064889124999979 ], [ 117.861824112000022, -35.065719997999963 ] ] ] ] } },
{ "type": "Feature", "properties": { "id": 97104, "poly_area": 0.29420489, "capture_sc": "10000", "orthophoto": "ALBANY FEB 2016", "comments": "NATIVE VEGETATION", "st_area_sh": 2.90713774e-07, "st_perimet": 0.0022977146728800002 }, "geometry": { "type": "MultiPolygon", "coordinates": [ [ [ [ 117.857935861000101, -35.062039937999941 ], [ 117.857683869000084, -35.062138312999934 ], [ 117.85758385400004, -35.062079579999931 ], [ 117.857589469000118, -35.061752613999943 ], [ 117.857761148, -35.061751399999935 ], [ 117.857796203000021, -35.061647129999983 ], [ 117.857949810000036, -35.061646042999939 ], [ 117.858158100000082, -35.06168914899996 ], [ 117.858277509000118, -35.061874056999955 ], [ 117.85831397000004, -35.062124221999966 ], [ 117.858021103000056, -35.062181134999946 ], [ 117.857935861000101, -35.062039937999941 ] ] ] ] } },
{ "type": "Feature", "properties": { "id": 97105, "poly_area": 0.59629904, "capture_sc": "10000", "orthophoto": "ALBANY FEB 2016", "comments": "NATIVE VEGETATION", "st_area_sh": 5.89230546e-07, "st_perimet": 0.0054160575347210003 }, "geometry": { "type": "MultiPolygon", "coordinates": [ [ [ [ 117.85961893800004, -35.063120244999936 ], [ 117.859798019000095, -35.062962941999956 ], [ 117.859835332000102, -35.063074129999961 ], [ 117.860365879000028, -35.062825171999975 ], [ 117.860375606000048, -35.062896001999945 ], [ 117.860334963000014, -35.062913071999958 ], [ 117.860081663000074, -35.063089695999963 ], [ 117.859636661000081, -35.06340475199994 ], [ 117.858022305000077, -35.06339160999994 ], [ 117.858002988000067, -35.063272864999931 ], [ 117.858364425000104, -35.063270305999936 ], [ 117.858503788, -35.063030947999948 ], [ 117.858592650000105, -35.063030318999949 ], [ 117.858763106000083, -35.063064076999979 ], [ 117.859482579000087, -35.063058978999948 ], [ 117.85961893800004, -35.063120244999936 ] ] ] ] } },
{ "type": "Feature", "properties": { "id": 97106, "poly_area": 0.17753563, "capture_sc": "10000", "orthophoto": "ALBANY FEB 2016", "comments": "NATIVE VEGETATION", "st_area_sh": 1.75433004e-07, "st_perimet": 0.0017363292464399999 }, "geometry": { "type": "MultiPolygon", "coordinates": [ [ [ [ 117.860691331000112, -35.062837723999962 ], [ 117.861059308000108, -35.06259734899993 ], [ 117.861378222000099, -35.062847708999982 ], [ 117.861117817000036, -35.063005590999978 ], [ 117.860702162000052, -35.063008539999942 ], [ 117.860691331000112, -35.062837723999962 ] ] ] ] } },
{ "type": "Feature", "properties": { "id": 97107, "poly_area": 0.32426883, "capture_sc": "10000", "orthophoto": "ALBANY FEB 2016", "comments": "NATIVE VEGETATION", "st_area_sh": 3.20417804e-07, "st_perimet": 0.0026652646857189999 }, "geometry": { "type": "MultiPolygon", "coordinates": [ [ [ [ 117.859755764000056, -35.060399657999938 ], [ 117.86005414300007, -35.06046747399995 ], [ 117.860224229000096, -35.060466266999981 ], [ 117.860394681000116, -35.060500023999964 ], [ 117.860522245000084, -35.060499118999928 ], [ 117.86060765600007, -35.060533477999968 ], [ 117.860608390000039, -35.060603404999938 ], [ 117.860481193000055, -35.060639272999936 ], [ 117.860439406000069, -35.060709499999973 ], [ 117.860312208000096, -35.060745367999971 ], [ 117.860270054000011, -35.060780631999933 ], [ 117.859845941000117, -35.060888536999983 ], [ 117.859761265000088, -35.060924101999944 ], [ 117.859676956000044, -35.060994631999961 ], [ 117.859644594000088, -35.06100375799997 ], [ 117.859629754000025, -35.060705376999977 ], [ 117.85970928200004, -35.060533919999955 ], [ 117.859708893000061, -35.060496771999965 ], [ 117.859727493000037, -35.060399857999982 ], [ 117.859755764000056, -35.060399657999938 ] ] ] ] } },
{ "type": "Feature", "properties": { "id": 97108, "poly_area": 13.59242928, "capture_sc": "10000", "orthophoto": "ALBANY FEB 2016", "comments": "NATIVE VEGETATION", "st_area_sh": 1.3431097812e-05, "st_perimet": 0.01482497537691 }, "geometry": { "type": "MultiPolygon", "coordinates": [ [ [ [ 117.853933867000023, -35.05954937599995 ], [ 117.857295841000109, -35.059569182999951 ], [ 117.857283128000063, -35.060974616999943 ], [ 117.857230314000049, -35.06110873199998 ], [ 117.857353762000116, -35.061679979999951 ], [ 117.857382346, -35.061820949999969 ], [ 117.857426088000011, -35.063410688999966 ], [ 117.857449912000106, -35.063960348999956 ], [ 117.85711441400008, -35.06385126999993 ], [ 117.855388927000035, -35.063900607999983 ], [ 117.854699372000027, -35.063159749999954 ], [ 117.854222768000113, -35.062125597999966 ], [ 117.854051370000093, -35.061383909999961 ], [ 117.853712700000074, -35.059952841999973 ], [ 117.853660059000049, -35.059676989999957 ], [ 117.853933867000023, -35.05954937599995 ] ] ] ] } },
{ "type": "Feature", "properties": { "id": 97109, "poly_area": 0.28825282, "capture_sc": "10000", "orthophoto": "ALBANY FEB 2016", "comments": "NATIVE VEGETATION", "st_area_sh": 2.84857948e-07, "st_perimet": 0.0024813164936779999 }, "geometry": { "type": "MultiPolygon", "coordinates": [ [ [ [ 117.87630751100005, -35.069267332999971 ], [ 117.876176945000111, -35.06898855399993 ], [ 117.876047873000061, -35.068849624999984 ], [ 117.876004601000091, -35.06878000699993 ], [ 117.876001985000016, -35.068535267999948 ], [ 117.876213490000055, -35.068428843999982 ], [ 117.876297793000049, -35.068358303999958 ], [ 117.876340319000064, -35.068357995999975 ], [ 117.876406978000091, -35.068357513999956 ], [ 117.876461868000092, -35.069371211999965 ], [ 117.87630751100005, -35.069267332999971 ] ] ] ] } },
{ "type": "Feature", "properties": { "id": 97110, "poly_area": 0.12304847, "capture_sc": "10000", "orthophoto": "ALBANY FEB 2016", "comments": "NATIVE VEGETATION", "st_area_sh": 1.21596168e-07, "st_perimet": 0.0026265656259370001 }, "geometry": { "type": "MultiPolygon", "coordinates": [ [ [ [ 117.862808010000094, -35.066470874999936 ], [ 117.86220249500002, -35.066467750999948 ], [ 117.862204371000075, -35.066646059999982 ], [ 117.861988436000047, -35.066736755999955 ], [ 117.862048642000104, -35.066446553999981 ], [ 117.861860627000056, -35.066456175999974 ], [ 117.861860024000066, -35.066398799999945 ], [ 117.862816662000114, -35.066362067999933 ], [ 117.862808010000094, -35.066470874999936 ] ] ] ] } },
{ "type": "Feature", "properties": { "id": 97111, "poly_area": 0.223528, "capture_sc": "10000", "orthophoto": "ALBANY FEB 2016", "comments": "NATIVE VEGETATION", "st_area_sh": 2.20884459e-07, "st_perimet": 0.001936658892407 }, "geometry": { "type": "MultiPolygon", "coordinates": [ [ [ [ 117.863801288000104, -35.06468057799998 ], [ 117.863468515000022, -35.064831548999962 ], [ 117.863482752000095, -35.064467372999957 ], [ 117.863742373000036, -35.064235189999977 ], [ 117.864057665000018, -35.064254992999963 ], [ 117.864024521000033, -35.064521257999957 ], [ 117.863801288000104, -35.06468057799998 ] ] ] ] } },
{ "type": "Feature", "properties": { "id": 97112, "poly_area": 0.11215, "capture_sc": "10000", "orthophoto": "ALBANY FEB 2016", "comments": "NATIVE VEGETATION", "st_area_sh": 1.10826096e-07, "st_perimet": 0.0016939640125619999 }, "geometry": { "type": "MultiPolygon", "coordinates": [ [ [ [ 117.864108893000093, -35.066273396999975 ], [ 117.864122528000053, -35.066590356999939 ], [ 117.863937950000036, -35.066667885999948 ], [ 117.863965717000042, -35.066453749999937 ], [ 117.863859774000048, -35.066489469999965 ], [ 117.86373349500002, -35.066557659999944 ], [ 117.863659165000058, -35.066315197999984 ], [ 117.864108893000093, -35.066273396999975 ] ] ] ] } },
{ "type": "Feature", "properties": { "id": 97113, "poly_area": 0.23897439, "capture_sc": "10000", "orthophoto": "ALBANY FEB 2016", "comments": "NATIVE VEGETATION", "st_area_sh": 2.36145233e-07, "st_perimet": 0.0040961820708509998 }, "geometry": { "type": "MultiPolygon", "coordinates": [ [ [ [ 117.857661100000087, -35.06341645599997 ], [ 117.85771588800003, -35.063470679999966 ], [ 117.85772480300011, -35.064322480999977 ], [ 117.858041220000018, -35.064335101999973 ], [ 117.858039352000105, -35.064156791999949 ], [ 117.858247887000061, -35.064139118999947 ], [ 117.858395304000055, -35.064203044999942 ], [ 117.858387392000054, -35.064600135999967 ], [ 117.858304354000097, -35.064437260999966 ], [ 117.857662872000105, -35.064449231999959 ], [ 117.857598626000026, -35.063491198999941 ], [ 117.85761958, -35.063415043999953 ], [ 117.857661100000087, -35.06341645599997 ] ] ] ] } },
{ "type": "Feature", "properties": { "id": 97114, "poly_area": 0.16880276, "capture_sc": "10000", "orthophoto": "ALBANY FEB 2016", "comments": "NATIVE VEGETATION", "st_area_sh": 1.66808179e-07, "st_perimet": 0.001907160765431 }, "geometry": { "type": "MultiPolygon", "coordinates": [ [ [ [ 117.871620059000065, -35.065709439999978 ], [ 117.871690769000111, -35.065560329999983 ], [ 117.871917386000064, -35.065625571999931 ], [ 117.872114919000069, -35.06550526999996 ], [ 117.872338093000053, -35.065529238999943 ], [ 117.872347849000107, -35.065834304999953 ], [ 117.872069737000061, -35.065836304999948 ], [ 117.871620059000065, -35.065709439999978 ] ] ] ] } },
{ "type": "Feature", "properties": { "id": 97115, "poly_area": 1.14085184, "capture_sc": "10000", "orthophoto": "ALBANY FEB 2016", "comments": "NATIVE VEGETATION", "st_area_sh": 1.127399221e-06, "st_perimet": 0.0081941996118709993 }, "geometry": { "type": "MultiPolygon", "coordinates": [ [ [ [ 117.862955565000107, -35.066752168999983 ], [ 117.863298556000018, -35.066712577999965 ], [ 117.863301616000058, -35.066790867999941 ], [ 117.861956841000051, -35.067517007999982 ], [ 117.861494820000075, -35.067756203999977 ], [ 117.861366666000094, -35.067766530999961 ], [ 117.860772521000058, -35.067986221999945 ], [ 117.860737858000107, -35.068127639999943 ], [ 117.860837545000095, -35.068160562999935 ], [ 117.860667105000061, -35.068280044999938 ], [ 117.860169959000018, -35.06826541099997 ], [ 117.860027360000117, -35.068159281999954 ], [ 117.861486677000016, -35.067293073999963 ], [ 117.861572647000116, -35.067379876999951 ], [ 117.861657696000066, -35.067379271999982 ], [ 117.861784903000057, -35.067343402999938 ], [ 117.861868850000064, -35.06723790999996 ], [ 117.861864747000027, -35.066847815999949 ], [ 117.862261639000053, -35.066935427999965 ], [ 117.862784108000028, -35.066775678999932 ], [ 117.862846502000025, -35.066693504999932 ], [ 117.862957759000096, -35.066659676999961 ], [ 117.862955565000107, -35.066752168999983 ] ] ] ] } },
{ "type": "Feature", "properties": { "id": 97123, "poly_area": 0.87499439, "capture_sc": "10000", "orthophoto": "ALBANY FEB 2016", "comments": "NATIVE VEGETATION", "st_area_sh": 8.64649225e-07, "st_perimet": 0.0089361427730249993 }, "geometry": { "type": "MultiPolygon", "coordinates": [ [ [ [ 117.865614497000024, -35.06437787699997 ], [ 117.865711462000036, -35.064146851999965 ], [ 117.866144959000053, -35.06412146699995 ], [ 117.866129593000096, -35.064391168999975 ], [ 117.866056634000074, -35.064416319999964 ], [ 117.865867509000054, -35.06437607099997 ], [ 117.865290843000025, -35.064536218999933 ], [ 117.865211557000066, -35.064729966999948 ], [ 117.86554388400009, -35.064683506999984 ], [ 117.865691258000084, -35.064800845999969 ], [ 117.865628398000013, -35.064838444999964 ], [ 117.865430465000031, -35.064921588999937 ], [ 117.865440285000091, -35.064995818999932 ], [ 117.865613151000048, -35.065106037999954 ], [ 117.865839213000072, -35.06511928499998 ], [ 117.865904035000085, -35.065267423999956 ], [ 117.865678051000032, -35.065261606999968 ], [ 117.865506755000069, -35.065299979999963 ], [ 117.865460633000112, -35.065211147999946 ], [ 117.865198269000075, -35.065183298999955 ], [ 117.865123548000042, -35.064953497999966 ], [ 117.86491391200002, -35.06478409999994 ], [ 117.864554033000104, -35.064935268999932 ], [ 117.86418441100011, -35.065019633999952 ], [ 117.863407141000039, -35.065010308999945 ], [ 117.863406201000089, -35.064921153999933 ], [ 117.863955294000107, -35.064716631999943 ], [ 117.864041080000106, -35.064637302999984 ], [ 117.86447846100009, -35.064666855999974 ], [ 117.864565353000103, -35.06484106399995 ], [ 117.865306138000051, -35.064393085999939 ], [ 117.865614497000024, -35.06437787699997 ] ] ] ] } },
{ "type": "Feature", "properties": { "id": 97124, "poly_area": 0.21441234, "capture_sc": "10000", "orthophoto": "ALBANY FEB 2016", "comments": "NATIVE VEGETATION", "st_area_sh": 2.11876921e-07, "st_perimet": 0.0018247551903549999 }, "geometry": { "type": "MultiPolygon", "coordinates": [ [ [ [ 117.863209946000097, -35.064305851999961 ], [ 117.863287948000107, -35.064847694999969 ], [ 117.862984299000118, -35.064879013999985 ], [ 117.862882610000042, -35.064715351999951 ], [ 117.862830711000015, -35.064341124999942 ], [ 117.862880436000069, -35.064289520999978 ], [ 117.863209946000097, -35.064305851999961 ] ] ] ] } },
{ "type": "Feature", "properties": { "id": 97125, "poly_area": 0.07836378, "capture_sc": "10000", "orthophoto": "ALBANY FEB 2016", "comments": "NATIVE VEGETATION", "st_area_sh": 7.7437877e-08, "st_perimet": 0.0013493965718969999 }, "geometry": { "type": "MultiPolygon", "coordinates": [ [ [ [ 117.86322657300002, -35.065026454999952 ], [ 117.863256086000092, -35.065390437999952 ], [ 117.862914475000025, -35.065464320999979 ], [ 117.863126535000106, -35.065107930999943 ], [ 117.863085377000061, -35.065041690999976 ], [ 117.86322657300002, -35.065026454999952 ] ] ] ] } },
{ "type": "Feature", "properties": { "id": 97126, "poly_area": 0.10341045, "capture_sc": "10000", "orthophoto": "ALBANY FEB 2016", "comments": "NATIVE VEGETATION", "st_area_sh": 1.02188439e-07, "st_perimet": 0.0021740487953590001 }, "geometry": { "type": "MultiPolygon", "coordinates": [ [ [ [ 117.866169306000074, -35.06557016499994 ], [ 117.866097173000071, -35.065585539999972 ], [ 117.866075724000098, -35.065266197999961 ], [ 117.865999823000038, -35.064924954999981 ], [ 117.865853831000095, -35.064792255999976 ], [ 117.865895451000029, -35.064668423999933 ], [ 117.866084191000027, -35.064660326999956 ], [ 117.866169306000074, -35.06557016499994 ] ] ] ] } },
{ "type": "Feature", "properties": { "id": 97127, "poly_area": 1.364718, "capture_sc": "10000", "orthophoto": "ALBANY FEB 2016", "comments": "NATIVE VEGETATION", "st_area_sh": 1.348611887e-06, "st_perimet": 0.0075850947027390004 }, "geometry": { "type": "MultiPolygon", "coordinates": [ [ [ [ 117.857016462000047, -35.06665030399995 ], [ 117.85723221, -35.067130918999965 ], [ 117.856509296000013, -35.067136028999982 ], [ 117.856340295000109, -35.067242119999946 ], [ 117.856256342000052, -35.067347609999956 ], [ 117.856300694000083, -35.067522123999936 ], [ 117.856343583000012, -35.067556786999944 ], [ 117.857066502000066, -35.067551677999973 ], [ 117.857193709000057, -35.067515811999954 ], [ 117.857321283000033, -35.067514910999932 ], [ 117.857405600000106, -35.067444382999952 ], [ 117.857490649000056, -35.067443781999941 ], [ 117.857494674, -35.067828372999941 ], [ 117.857452881000086, -35.067898600999968 ], [ 117.857453631000112, -35.06797034899995 ], [ 117.857194547000063, -35.068056154999965 ], [ 117.856787208000014, -35.067992163999975 ], [ 117.856533022, -35.067882508999958 ], [ 117.85627042200008, -35.067832351999982 ], [ 117.856149572000049, -35.067842768999981 ], [ 117.856090994000056, -35.067803329999947 ], [ 117.856005578, -35.067768966999949 ], [ 117.855876909000017, -35.067664978999971 ], [ 117.855834385000094, -35.067665278999982 ], [ 117.855791130000057, -35.067595653999945 ], [ 117.855790034000051, -35.067490764999945 ], [ 117.85574714400002, -35.067456102999984 ], [ 117.855745683, -35.067316249999976 ], [ 117.855787477000035, -35.067246023999928 ], [ 117.855829637000056, -35.067210760999956 ], [ 117.855828906000056, -35.067140834999975 ], [ 117.855870700000082, -35.067070607999938 ], [ 117.855955019000021, -35.067000082999982 ], [ 117.856038971000089, -35.066894592999972 ], [ 117.856165814000065, -35.06682376599997 ], [ 117.856293021000056, -35.066787900999941 ], [ 117.856462387000079, -35.066716773999929 ], [ 117.856675007000035, -35.066715270999964 ], [ 117.856717166000067, -35.066680007999935 ], [ 117.856801849000021, -35.066644442999973 ], [ 117.856799190000061, -35.066390222999985 ], [ 117.857016462000047, -35.06665030399995 ] ] ] ] } },
{ "type": "Feature", "properties": { "id": 97128, "poly_area": 0.3695356, "capture_sc": "10000", "orthophoto": "ALBANY FEB 2016", "comments": "NATIVE VEGETATION", "st_area_sh": 3.65164235e-07, "st_perimet": 0.0024801562033990002 }, "geometry": { "type": "MultiPolygon", "coordinates": [ [ [ [ 117.857746064000025, -35.064626965999935 ], [ 117.858179484000061, -35.064594176999947 ], [ 117.85822629900008, -35.065348882999956 ], [ 117.857685866000111, -35.065372914999955 ], [ 117.857746064000025, -35.064626965999935 ] ] ] ] } },
{ "type": "Feature", "properties": { "id": 97129, "poly_area": 0.12915771, "capture_sc": "10000", "orthophoto": "ALBANY FEB 2016", "comments": "NATIVE VEGETATION", "st_area_sh": 1.27634063e-07, "st_perimet": 0.0020731052266989998 }, "geometry": { "type": "MultiPolygon", "coordinates": [ [ [ [ 117.86331321800003, -35.067087775999937 ], [ 117.863653416000034, -35.067085353999971 ], [ 117.863696677, -35.067154976999973 ], [ 117.863824620000059, -35.067189030999941 ], [ 117.863994719000061, -35.067187818999969 ], [ 117.864079400000037, -35.067152249999936 ], [ 117.864080379000029, -35.067152242999953 ], [ 117.86408171700009, -35.067279119999966 ], [ 117.863810937000039, -35.06731076899996 ], [ 117.863566014000071, -35.067223351999928 ], [ 117.863441225000088, -35.067387702999952 ], [ 117.863272535000078, -35.067262891999974 ], [ 117.863312589000088, -35.067088831999968 ], [ 117.86331321800003, -35.067087775999937 ] ] ] ] } },
{ "type": "Feature", "properties": { "id": 99127, "poly_area": 0.28283408, "capture_sc": "10000", "orthophoto": "ALBANY FEB 2016", "comments": "NATIVE VEGETATION", "st_area_sh": 2.7956753e-07, "st_perimet": 0.002572968517169 }, "geometry": { "type": "MultiPolygon", "coordinates": [ [ [ [ 117.935466165000093, -35.088298473999942 ], [ 117.935465319000059, -35.088224351999941 ], [ 117.935418962000085, -35.088113514999975 ], [ 117.935328361000074, -35.088077149999947 ], [ 117.935281158000066, -35.08789219099998 ], [ 117.93518971200001, -35.087781702999962 ], [ 117.93505360100005, -35.087708622999969 ], [ 117.934980005000057, -35.087679081999966 ], [ 117.93501048600001, -35.087481527999955 ], [ 117.935343889000023, -35.08758817599994 ], [ 117.935375205000014, -35.087546875999976 ], [ 117.935601751000036, -35.087714681999955 ], [ 117.93563240900005, -35.08785759899996 ], [ 117.935679622000066, -35.088179331999982 ], [ 117.935704232000035, -35.088296636999985 ], [ 117.935466165000093, -35.088298473999942 ] ] ] ] } },
{ "type": "Feature", "properties": { "id": 97130, "poly_area": 3.83516674, "capture_sc": "10000", "orthophoto": "ALBANY FEB 2016", "comments": "NATIVE VEGETATION", "st_area_sh": 3.789831703e-06, "st_perimet": 0.02022589411688 }, "geometry": { "type": "MultiPolygon", "coordinates": [ [ [ [ 117.855390013000033, -35.06400462299996 ], [ 117.856971237000039, -35.063986024999963 ], [ 117.857297389000109, -35.06406544999993 ], [ 117.857415789000015, -35.064153773999976 ], [ 117.857464934000063, -35.064532362999955 ], [ 117.857500810000033, -35.066233608999937 ], [ 117.857650134000096, -35.066428650999967 ], [ 117.858628552000027, -35.066456689999939 ], [ 117.858680236000055, -35.067330462999962 ], [ 117.858918651000067, -35.067472309999971 ], [ 117.858855257000073, -35.067802565999955 ], [ 117.85904693000009, -35.06806015799998 ], [ 117.859826073000022, -35.068220354999937 ], [ 117.859826883000096, -35.068297564999966 ], [ 117.858957279000037, -35.068103117999954 ], [ 117.858221279000077, -35.067721964999976 ], [ 117.857715266000014, -35.067215051999938 ], [ 117.857604659000117, -35.067056056999945 ], [ 117.858359091000011, -35.067074567999953 ], [ 117.858320611000067, -35.066851935999978 ], [ 117.857985099000075, -35.066742859999977 ], [ 117.85772398000006, -35.066833869999982 ], [ 117.857698271000118, -35.066967792999947 ], [ 117.857503492000092, -35.066910631999974 ], [ 117.856532161000018, -35.06551434499994 ], [ 117.856236101000036, -35.065179670999953 ], [ 117.856223833000058, -35.065162632999943 ], [ 117.856368590000102, -35.065119662999962 ], [ 117.856504986000118, -35.065200430999937 ], [ 117.856972535000068, -35.064974222999979 ], [ 117.857105434000118, -35.064720658999931 ], [ 117.85713940200003, -35.064512374999936 ], [ 117.857047488000035, -35.064364422999972 ], [ 117.856702720000044, -35.064233116999958 ], [ 117.856260342000041, -35.064273392999951 ], [ 117.856135779000056, -35.064460025999949 ], [ 117.85653453000009, -35.064568660999953 ], [ 117.856697878000091, -35.064634377999937 ], [ 117.856691327000021, -35.064872187999981 ], [ 117.856603219000021, -35.065088284999945 ], [ 117.856513168000106, -35.06511864099997 ], [ 117.856394533000071, -35.065008027999966 ], [ 117.856164840000019, -35.065080704999957 ], [ 117.855390013000033, -35.06400462299996 ] ] ] ] } },
{ "type": "Feature", "properties": { "id": 97131, "poly_area": 2.14631113, "capture_sc": "10000", "orthophoto": "ALBANY FEB 2016", "comments": "NATIVE VEGETATION", "st_area_sh": 2.120983498e-06, "st_perimet": 0.0096078330545069993 }, "geometry": { "type": "MultiPolygon", "coordinates": [ [ [ [ 117.87782495700003, -35.067997602999981 ], [ 117.877781309000056, -35.067893022999954 ], [ 117.877778689000024, -35.067648284999962 ], [ 117.877691394000067, -35.067439123999975 ], [ 117.877691019000054, -35.067404160999956 ], [ 117.877562322000017, -35.067300195999962 ], [ 117.877475402000073, -35.067125998999984 ], [ 117.877389605000076, -35.067056688999969 ], [ 117.87738661100002, -35.066776987999958 ], [ 117.877595865000103, -35.066460784999947 ], [ 117.87759324600006, -35.066216045999965 ], [ 117.877420156000085, -35.065937574999964 ], [ 117.877419033000024, -35.065832686999954 ], [ 117.87750333300005, -35.06576214599994 ], [ 117.877673428000094, -35.065760915999931 ], [ 117.877886422000074, -35.065794338999979 ], [ 117.877971844000058, -35.065828685999975 ], [ 117.878482131000055, -35.065824989999953 ], [ 117.878524280000079, -35.065789718999952 ], [ 117.878521283000055, -35.065510017999941 ], [ 117.878606330000025, -35.065509400999929 ], [ 117.878862597000079, -35.065612439999938 ], [ 117.878905121000116, -35.065612131999956 ], [ 117.878948465, -35.065673240999956 ], [ 117.878913586000067, -35.065775680999934 ], [ 117.878662004000034, -35.065911245999985 ], [ 117.878591386000039, -35.066067788999931 ], [ 117.878239050000047, -35.066077771999971 ], [ 117.878262057000029, -35.066538270999956 ], [ 117.878415834000066, -35.066552017999982 ], [ 117.878600980000101, -35.067806359999963 ], [ 117.87824704500008, -35.067667752999967 ], [ 117.878314598000088, -35.068068487999938 ], [ 117.87858489700011, -35.067992229999959 ], [ 117.878601856000046, -35.067888085999982 ], [ 117.878674309000075, -35.067884248999974 ], [ 117.878676207000012, -35.068061368999963 ], [ 117.87869722500011, -35.068095181999979 ], [ 117.877826396000046, -35.068131968999978 ], [ 117.87782495700003, -35.067997602999981 ] ] ] ] } },
{ "type": "Feature", "properties": { "id": 97132, "poly_area": 0.33033883, "capture_sc": "10000", "orthophoto": "ALBANY FEB 2016", "comments": "NATIVE VEGETATION", "st_area_sh": 3.26445335e-07, "st_perimet": 0.002272061805561 }, "geometry": { "type": "MultiPolygon", "coordinates": [ [ [ [ 117.862888432000091, -35.06820969499995 ], [ 117.862261874000069, -35.06821415099995 ], [ 117.86225709100006, -35.06775963299998 ], [ 117.862680869000087, -35.067616757999929 ], [ 117.862827498000115, -35.067615714999931 ], [ 117.862888432000091, -35.06820969499995 ] ] ] ] } },
{ "type": "Feature", "properties": { "id": 97149, "poly_area": 2.09264677, "capture_sc": "10000", "orthophoto": "ALBANY FEB 2016", "comments": "NATIVE VEGETATION", "st_area_sh": 2.068010314e-06, "st_perimet": 0.0087267255182860003 }, "geometry": { "type": "MultiPolygon", "coordinates": [ [ [ [ 117.878533067000035, -35.068215506999934 ], [ 117.878795495000077, -35.068304372999933 ], [ 117.878806781000094, -35.068340144999979 ], [ 117.878936231000012, -35.068514033999975 ], [ 117.879107832000045, -35.068652651999969 ], [ 117.879150357000071, -35.06865234299994 ], [ 117.879321959000094, -35.068790960999934 ], [ 117.879579737000086, -35.069033848999936 ], [ 117.879580862000012, -35.069138735999957 ], [ 117.879709940000112, -35.069277660999944 ], [ 117.879925570000069, -35.069555819999948 ], [ 117.880012498000042, -35.069730015999937 ], [ 117.880098676000102, -35.069834285999946 ], [ 117.880419405000112, -35.070512580999946 ], [ 117.880465662, -35.070996771999944 ], [ 117.880279126, -35.070914822999953 ], [ 117.879162768000015, -35.069630089999976 ], [ 117.878192374000037, -35.068645068999956 ], [ 117.877800120000074, -35.068419851999977 ], [ 117.877493867000112, -35.068223031999935 ], [ 117.877827468000078, -35.06823210899995 ], [ 117.878533067000035, -35.068215506999934 ] ] ] ] } },
{ "type": "Feature", "properties": { "id": 97161, "poly_area": 1.59211214, "capture_sc": "10000", "orthophoto": "ALBANY FEB 2016", "comments": "NATIVE VEGETATION", "st_area_sh": 1.573011889e-06, "st_perimet": 0.016727867665482 }, "geometry": { "type": "MultiPolygon", "coordinates": [ [ [ [ 117.839703840000084, -35.051743040999952 ], [ 117.837929679000013, -35.052777034999963 ], [ 117.837790529000017, -35.052864366999984 ], [ 117.837709236000023, -35.05290331499998 ], [ 117.837776627000039, -35.052651283999978 ], [ 117.837961008000093, -35.052515101999973 ], [ 117.838013413000112, -35.052336355999955 ], [ 117.838204838000024, -35.052295299999969 ], [ 117.838448814000117, -35.052188049999984 ], [ 117.838670040000011, -35.052138535999973 ], [ 117.838906698000073, -35.051942082999972 ], [ 117.839169461000097, -35.051904760999946 ], [ 117.839319687000057, -35.051759770999979 ], [ 117.839412254000081, -35.051682357999937 ], [ 117.839381730000014, -35.051608697999939 ], [ 117.839466585000082, -35.051590626999939 ], [ 117.839593419000039, -35.051519817999974 ], [ 117.839720254000099, -35.051449007999963 ], [ 117.839762054000062, -35.051378786999976 ], [ 117.839804213000093, -35.05134352999994 ], [ 117.839803497000048, -35.05127360399996 ], [ 117.839972489000047, -35.05116753599998 ], [ 117.840183281, -35.050991247999946 ], [ 117.840295811044285, -35.050944 ], [ 117.840428682852462, -35.050944 ], [ 117.839703840000084, -35.051743040999952 ] ] ] ] } },
{ "type": "Feature", "properties": { "id": 97150, "poly_area": 2.24624778, "capture_sc": "10000", "orthophoto": "ALBANY FEB 2016", "comments": "NATIVE VEGETATION", "st_area_sh": 2.219742976e-06, "st_perimet": 0.022023375725257002 }, "geometry": { "type": "MultiPolygon", "coordinates": [ [ [ [ 117.873428116000014, -35.066455908999956 ], [ 117.873425881000117, -35.066246131999947 ], [ 117.873340833000043, -35.066246744999944 ], [ 117.873212515000091, -35.066177737999965 ], [ 117.873074429000098, -35.066178731999969 ], [ 117.87313938300008, -35.066004807999946 ], [ 117.873976221000021, -35.066149138999947 ], [ 117.874414866000052, -35.066313134999973 ], [ 117.874404491000064, -35.066655309999931 ], [ 117.874024647000056, -35.066628327999979 ], [ 117.873976455000047, -35.066346331999966 ], [ 117.873848283000029, -35.066191222999976 ], [ 117.873658996000017, -35.06623716699994 ], [ 117.873698388000093, -35.066541516999962 ], [ 117.873709562000045, -35.06674204899997 ], [ 117.873883945000102, -35.066993415999946 ], [ 117.874173189000089, -35.066998761999969 ], [ 117.874161878000109, -35.067219860999955 ], [ 117.873970001000089, -35.067221243999938 ], [ 117.873903602000041, -35.067141875999937 ], [ 117.873704167000028, -35.067083871999955 ], [ 117.873479129000089, -35.067167223999945 ], [ 117.87334524500011, -35.067324219999932 ], [ 117.873220950000018, -35.067533157999947 ], [ 117.873277464000012, -35.067748222999967 ], [ 117.87350501100002, -35.06772114599994 ], [ 117.873527693000028, -35.067818841999951 ], [ 117.873596260000113, -35.067855714999951 ], [ 117.873452245000067, -35.068036738999979 ], [ 117.873410746000104, -35.068169338999951 ], [ 117.872043039000118, -35.068179180999948 ], [ 117.872253433000083, -35.067967875999955 ], [ 117.872378775000016, -35.067757180999934 ], [ 117.872378403000084, -35.067722217999972 ], [ 117.872354148000113, -35.06769286499997 ], [ 117.872535525000103, -35.067664401999934 ], [ 117.872512448000066, -35.068043502999956 ], [ 117.873153882000111, -35.068024026999979 ], [ 117.873094361000085, -35.067526638999936 ], [ 117.872832699000014, -35.067565672999933 ], [ 117.872786963000067, -35.067513991999931 ], [ 117.872876616000099, -35.06744647599993 ], [ 117.873128924000071, -35.067377788999977 ], [ 117.873235779000083, -35.067228416999967 ], [ 117.873305537000078, -35.06699015199996 ], [ 117.8731692, -35.066916832999937 ], [ 117.872980781000024, -35.067044500999941 ], [ 117.872585315000038, -35.067247958999928 ], [ 117.8722692770001, -35.067272521999939 ], [ 117.872033542000054, -35.067286337999974 ], [ 117.872031881000112, -35.067130297999938 ], [ 117.871629075000101, -35.06713319399995 ], [ 117.871598132000031, -35.067047014999957 ], [ 117.871887139000023, -35.06703007699997 ], [ 117.871931531000087, -35.066955456999949 ], [ 117.872211185000083, -35.066908865999949 ], [ 117.872199540000111, -35.066663755999969 ], [ 117.871748433000107, -35.06673386999995 ], [ 117.871713631000034, -35.066860432999931 ], [ 117.871416772000089, -35.066988876999972 ], [ 117.87092975500002, -35.067081535999932 ], [ 117.870329784000091, -35.067037754999944 ], [ 117.870328298000118, -35.066897777999941 ], [ 117.870966165000027, -35.066893198999935 ], [ 117.871050843000035, -35.066857624999955 ], [ 117.871049518000063, -35.06673292499994 ], [ 117.871466726000108, -35.066587292999941 ], [ 117.871546298000112, -35.066522617999965 ], [ 117.871899087000088, -35.066497315999982 ], [ 117.872242401000108, -35.066324579999957 ], [ 117.872406045000048, -35.066323402999956 ], [ 117.872411998000075, -35.066882806999956 ], [ 117.872497792000104, -35.066952120999929 ], [ 117.872498164000035, -35.066987083999948 ], [ 117.872654823000062, -35.066985956999929 ], [ 117.872710786000084, -35.066985553999984 ], [ 117.872795463000102, -35.066949978999958 ], [ 117.872795060000044, -35.066912095999953 ], [ 117.872996638000018, -35.066836343999967 ], [ 117.873003855000093, -35.066665399999977 ], [ 117.873130446000118, -35.066458051999973 ], [ 117.87333986200008, -35.066819011999939 ], [ 117.87355681400004, -35.066824879999956 ], [ 117.873536050000098, -35.066572406999967 ], [ 117.873380853000072, -35.066456248999941 ], [ 117.873428116000014, -35.066455908999956 ] ] ] ] } },
{ "type": "Feature", "properties": { "id": 97151, "poly_area": 0.44270765, "capture_sc": "10000", "orthophoto": "ALBANY FEB 2016", "comments": "NATIVE VEGETATION", "st_area_sh": 4.37479519e-07, "st_perimet": 0.0041124895036210004 }, "geometry": { "type": "MultiPolygon", "coordinates": [ [ [ [ 117.871046013000068, -35.066403108999964 ], [ 117.87091732600004, -35.066299135999941 ], [ 117.870492084000034, -35.066302188999941 ], [ 117.870449188000066, -35.066267531999983 ], [ 117.870444733000113, -35.065847977999965 ], [ 117.870486515000039, -35.06577774799996 ], [ 117.870486143000107, -35.065742784999941 ], [ 117.870811954000033, -35.06574044599995 ], [ 117.870854566000048, -35.065879002999964 ], [ 117.87065722300008, -35.065912929999968 ], [ 117.870609441000056, -35.066067694999958 ], [ 117.871074010000029, -35.066064359999984 ], [ 117.871038851000094, -35.065738816999954 ], [ 117.871181091000039, -35.065737795999951 ], [ 117.871368939000035, -35.065889565999953 ], [ 117.871329206000041, -35.066402528999959 ], [ 117.871047137, -35.066508811999938 ], [ 117.871046013000068, -35.066403108999964 ] ] ] ] } },
{ "type": "Feature", "properties": { "id": 97152, "poly_area": 0.87009317, "capture_sc": "10000", "orthophoto": "ALBANY FEB 2016", "comments": "NATIVE VEGETATION", "st_area_sh": 8.59807902e-07, "st_perimet": 0.0079673784693249997 }, "geometry": { "type": "MultiPolygon", "coordinates": [ [ [ [ 117.867559436000079, -35.064506680999955 ], [ 117.867539409000074, -35.064575070999979 ], [ 117.867540520000034, -35.064679958999932 ], [ 117.868150254000057, -35.064675596999962 ], [ 117.868258239000056, -35.064849368999944 ], [ 117.868379567000034, -35.065212575999965 ], [ 117.8684001580001, -35.065897599999971 ], [ 117.868242480000049, -35.065898728999969 ], [ 117.868233020000048, -35.065005581999969 ], [ 117.868232465, -35.064953195999976 ], [ 117.868201165000073, -35.064951665999956 ], [ 117.868149963000064, -35.064865003999955 ], [ 117.867176836000112, -35.064901600999974 ], [ 117.867136416000108, -35.06503250399993 ], [ 117.866922868000074, -35.065034030999982 ], [ 117.866912399000057, -35.064911006999978 ], [ 117.866713289000018, -35.064882707999971 ], [ 117.866693748000102, -35.06503566799995 ], [ 117.866694856000095, -35.06514055599996 ], [ 117.866653441000039, -35.065245748999985 ], [ 117.86665455800005, -35.065351259999943 ], [ 117.866474418000053, -35.065367371999969 ], [ 117.86631270700002, -35.06545768899997 ], [ 117.866279479000013, -35.064651947999948 ], [ 117.86719959200002, -35.064612465999971 ], [ 117.867284269000038, -35.064576895999949 ], [ 117.867283370000109, -35.064491937999946 ], [ 117.867559436000079, -35.064506680999955 ] ] ] ] } },
{ "type": "Feature", "properties": { "id": 97153, "poly_area": 0.5759948, "capture_sc": "10000", "orthophoto": "ALBANY FEB 2016", "comments": "NATIVE VEGETATION", "st_area_sh": 5.69200159e-07, "st_perimet": 0.0052638463887059997 }, "geometry": { "type": "MultiPolygon", "coordinates": [ [ [ [ 117.87092975500002, -35.067081535999932 ], [ 117.871416772000089, -35.066988876999972 ], [ 117.871713631000034, -35.066860432999931 ], [ 117.871748433000107, -35.06673386999995 ], [ 117.872199540000111, -35.066663755999969 ], [ 117.872211185000083, -35.066908865999949 ], [ 117.871931531000087, -35.066955456999949 ], [ 117.871887139000023, -35.06703007699997 ], [ 117.871598132000031, -35.067047014999957 ], [ 117.871629075000101, -35.06713319399995 ], [ 117.871564111000112, -35.067133660999957 ], [ 117.871522701000117, -35.067238853999982 ], [ 117.871527162, -35.067658407999943 ], [ 117.871485009000025, -35.067693675999976 ], [ 117.871229859000096, -35.067695508999975 ], [ 117.871143695000114, -35.067591231999984 ], [ 117.871142208000037, -35.067451380999955 ], [ 117.871055301000069, -35.067277177999983 ], [ 117.871012776000043, -35.067277483999931 ], [ 117.870969880000075, -35.067242825999983 ], [ 117.870841935000044, -35.067208778999941 ], [ 117.870374163000065, -35.067212136999956 ], [ 117.870330525000099, -35.067107553999961 ], [ 117.870329784000091, -35.067037754999944 ], [ 117.87092975500002, -35.067081535999932 ] ] ] ] } },
{ "type": "Feature", "properties": { "id": 97154, "poly_area": 0.05663768, "capture_sc": "10000", "orthophoto": "ALBANY FEB 2016", "comments": "NATIVE VEGETATION", "st_area_sh": 5.5967726e-08, "st_perimet": 0.001062040510451 }, "geometry": { "type": "MultiPolygon", "coordinates": [ [ [ [ 117.867278350000106, -35.064017489999969 ], [ 117.867320503000087, -35.063982222999982 ], [ 117.867405549000068, -35.063981614999932 ], [ 117.867490965000115, -35.064015968999968 ], [ 117.867534229000057, -35.06408559099998 ], [ 117.867619645000104, -35.064119945999948 ], [ 117.867662168000038, -35.06411964199998 ], [ 117.867662735000067, -35.064173228999948 ], [ 117.867280220000112, -35.064194206999957 ], [ 117.867278350000106, -35.064017489999969 ] ] ] ] } },
{ "type": "Feature", "properties": { "id": 97155, "poly_area": 1.27887626, "capture_sc": "10000", "orthophoto": "ALBANY FEB 2016", "comments": "NATIVE VEGETATION", "st_area_sh": 1.263734534e-06, "st_perimet": 0.0072915834126050004 }, "geometry": { "type": "MultiPolygon", "coordinates": [ [ [ [ 117.868245271000092, -35.062961608999956 ], [ 117.868167905000064, -35.063003288999937 ], [ 117.867598506000036, -35.063137734999941 ], [ 117.867428002000111, -35.063250405999952 ], [ 117.867420302000028, -35.063376772999959 ], [ 117.86803451500009, -35.063350088999982 ], [ 117.868107670000086, -35.063256514999978 ], [ 117.868200900000033, -35.063251586999968 ], [ 117.868189362000066, -35.06370359999994 ], [ 117.866426779000108, -35.063918678999983 ], [ 117.866363148, -35.064034674999959 ], [ 117.866215756000088, -35.063979788999973 ], [ 117.866280480000114, -35.063428236999982 ], [ 117.866284008000093, -35.063416966999966 ], [ 117.867065854000089, -35.063186123999969 ], [ 117.867325539000035, -35.062961363999932 ], [ 117.867677471000093, -35.06291426699994 ], [ 117.867885534000038, -35.062935067999945 ], [ 117.867973691000088, -35.06272639499997 ], [ 117.868135824000092, -35.062720688999946 ], [ 117.868245271000092, -35.062961608999956 ] ] ] ] } },
{ "type": "Feature", "properties": { "id": 97162, "poly_area": 0.3523096, "capture_sc": "10000", "orthophoto": "ALBANY FEB 2016", "comments": "NATIVE VEGETATION", "st_area_sh": 3.48159475e-07, "st_perimet": 0.0030933539012970002 }, "geometry": { "type": "MultiPolygon", "coordinates": [ [ [ [ 117.858995501000095, -35.069006575999936 ], [ 117.859165602000076, -35.069005369999957 ], [ 117.859336803000019, -35.069109053999966 ], [ 117.859423321, -35.069248301999949 ], [ 117.859425521000048, -35.069458079999947 ], [ 117.858893851000062, -35.069461847999946 ], [ 117.858156837000024, -35.069334756999979 ], [ 117.858290752000016, -35.069177775999947 ], [ 117.858563484000115, -35.069331876999968 ], [ 117.858643879000056, -35.069242145999965 ], [ 117.858765177, -35.069116958999984 ], [ 117.858995501000095, -35.069006575999936 ] ] ] ] } },
{ "type": "Feature", "properties": { "id": 97163, "poly_area": 3.71687104, "capture_sc": "10000", "orthophoto": "ALBANY FEB 2016", "comments": "NATIVE VEGETATION", "st_area_sh": 3.673121985e-06, "st_perimet": 0.019980833193640999 }, "geometry": { "type": "MultiPolygon", "coordinates": [ [ [ [ 117.869124240000019, -35.06847046799993 ], [ 117.869119447000116, -35.068513671999938 ], [ 117.868333502000041, -35.068541590999985 ], [ 117.868343955000114, -35.068675258999974 ], [ 117.868454993000114, -35.068919655999935 ], [ 117.86869144100001, -35.069059135999964 ], [ 117.869355974000086, -35.068660577999935 ], [ 117.869628411, -35.068784936999975 ], [ 117.869790361000014, -35.068716903999984 ], [ 117.86990907400002, -35.068806198999937 ], [ 117.869391891000078, -35.069010055999968 ], [ 117.869026111000039, -35.069086457999958 ], [ 117.868882785000096, -35.069206366999936 ], [ 117.868522579000114, -35.069327828999974 ], [ 117.868678722000027, -35.069564472999957 ], [ 117.868922161000114, -35.069510718999936 ], [ 117.868967974000043, -35.069569830999967 ], [ 117.868472059000055, -35.069677404999936 ], [ 117.868379961000073, -35.06951460199997 ], [ 117.868226652000089, -35.06954541999994 ], [ 117.868079862000059, -35.06933842799998 ], [ 117.867603043000031, -35.06954245299994 ], [ 117.8674488690001, -35.069491545999938 ], [ 117.867285186000117, -35.069396123999979 ], [ 117.867183974000113, -35.069225955999968 ], [ 117.866993026000046, -35.069115869999962 ], [ 117.866785577000087, -35.069154502999936 ], [ 117.866941478000058, -35.06936886099993 ], [ 117.866573254000059, -35.069586965999974 ], [ 117.866656784000043, -35.069794412999954 ], [ 117.866422458000102, -35.069855526999959 ], [ 117.866438803000051, -35.070546408999974 ], [ 117.866167306000079, -35.070511197999963 ], [ 117.865849998000044, -35.070416872999942 ], [ 117.865975178000099, -35.07028966699994 ], [ 117.86614475500005, -35.070087843999943 ], [ 117.865819589000012, -35.070105025999965 ], [ 117.865503774000103, -35.070151860999943 ], [ 117.865197309000109, -35.070228348999933 ], [ 117.864591691000101, -35.070217807999938 ], [ 117.864565636000066, -35.070103589999974 ], [ 117.864671217000023, -35.070046348999938 ], [ 117.86481737400004, -35.070193908999954 ], [ 117.864997403000075, -35.070125753999946 ], [ 117.865044581, -35.06996004299998 ], [ 117.865173154000104, -35.070046588999958 ], [ 117.865385785000058, -35.070045070999981 ], [ 117.865512993000038, -35.070009196999933 ], [ 117.865723777000085, -35.069832865999956 ], [ 117.865723263000064, -35.069784227999946 ], [ 117.866359561000081, -35.069779683999968 ], [ 117.866420239000036, -35.069463435999978 ], [ 117.866140051000116, -35.069202256999972 ], [ 117.865718066000113, -35.069292200999939 ], [ 117.865716390000102, -35.069133608999948 ], [ 117.865588444000082, -35.069099556999959 ], [ 117.865436312000043, -35.06903836999993 ], [ 117.865515106000089, -35.068627724999942 ], [ 117.866388328000085, -35.068463581999936 ], [ 117.869124240000019, -35.06847046799993 ] ] ] ] } },
{ "type": "Feature", "properties": { "id": 97164, "poly_area": 0.0513492, "capture_sc": "10000", "orthophoto": "ALBANY FEB 2016", "comments": "NATIVE VEGETATION", "st_area_sh": 5.0744286e-08, "st_perimet": 0.0016282853513169999 }, "geometry": { "type": "MultiPolygon", "coordinates": [ [ [ [ 117.870016288000102, -35.068472700999962 ], [ 117.870007671000053, -35.068614182999966 ], [ 117.86991505900005, -35.068545117999975 ], [ 117.869679793000046, -35.068517084999939 ], [ 117.869481462000067, -35.068563086999973 ], [ 117.86931848800009, -35.068534534999969 ], [ 117.86931494800001, -35.068470945999934 ], [ 117.870016288000102, -35.068472700999962 ] ] ] ] } },
{ "type": "Feature", "properties": { "id": 97165, "poly_area": 2.84388198, "capture_sc": "10000", "orthophoto": "ALBANY FEB 2016", "comments": "NATIVE VEGETATION", "st_area_sh": 2.810822032e-06, "st_perimet": 0.0079331170949909994 }, "geometry": { "type": "MultiPolygon", "coordinates": [ [ [ [ 117.875509393000016, -35.082140322999976 ], [ 117.875504536000108, -35.081685809999954 ], [ 117.875925746, -35.081298149999952 ], [ 117.877520494, -35.080906139999968 ], [ 117.87753473500004, -35.081051078999963 ], [ 117.877536361000011, -35.082486538999945 ], [ 117.87487563000002, -35.082505767999976 ], [ 117.874718208000104, -35.082485804999976 ], [ 117.875509393000016, -35.082140322999976 ] ] ] ] } },
{ "type": "Feature", "properties": { "id": 97166, "poly_area": 0.15481968, "capture_sc": "10000", "orthophoto": "ALBANY FEB 2016", "comments": "NATIVE VEGETATION", "st_area_sh": 1.52997102e-07, "st_perimet": 0.0022353816317110002 }, "geometry": { "type": "MultiPolygon", "coordinates": [ [ [ [ 117.862624027000038, -35.06873836799997 ], [ 117.862768144000029, -35.068692762999945 ], [ 117.862744006000071, -35.068975278999972 ], [ 117.862954743000046, -35.069248693999953 ], [ 117.863002588000086, -35.069500976999961 ], [ 117.86286695900003, -35.069494511999949 ], [ 117.862767756000039, -35.069156113999952 ], [ 117.862510949000011, -35.069087759999945 ], [ 117.862528671000064, -35.068739046999951 ], [ 117.862624027000038, -35.06873836799997 ] ] ] ] } },
{ "type": "Feature", "properties": { "id": 97167, "poly_area": 0.27579383, "capture_sc": "10000", "orthophoto": "ALBANY FEB 2016", "comments": "NATIVE VEGETATION", "st_area_sh": 2.72544618e-07, "st_perimet": 0.0026441096541649999 }, "geometry": { "type": "MultiPolygon", "coordinates": [ [ [ [ 117.857623369000066, -35.069120070999929 ], [ 117.858059578000052, -35.068978238999932 ], [ 117.858102103000078, -35.068977937999932 ], [ 117.858186421000028, -35.068907410999941 ], [ 117.85822784800007, -35.068802219999952 ], [ 117.858355424000024, -35.068801316999952 ], [ 117.858355790000019, -35.068836279999971 ], [ 117.858441206000066, -35.068870639999943 ], [ 117.858546232000094, -35.069018774999961 ], [ 117.858353230000034, -35.069103032999976 ], [ 117.858190338000099, -35.069081894999954 ], [ 117.857923208000102, -35.069462722999958 ], [ 117.857621134000055, -35.069461676999936 ], [ 117.857623369000066, -35.069120070999929 ] ] ] ] } },
{ "type": "Feature", "properties": { "id": 97168, "poly_area": 0.84205063, "capture_sc": "10000", "orthophoto": "ALBANY FEB 2016", "comments": "NATIVE VEGETATION", "st_area_sh": 8.32183091e-07, "st_perimet": 0.0070111867045879999 }, "geometry": { "type": "MultiPolygon", "coordinates": [ [ [ [ 117.874083238000026, -35.073839362999934 ], [ 117.874068173000069, -35.07463318899994 ], [ 117.87402527100005, -35.074598532999971 ], [ 117.873559641000043, -35.07460188899995 ], [ 117.873488793000092, -35.074494947999938 ], [ 117.873820994000084, -35.07434939999996 ], [ 117.873658206000073, -35.07405233399993 ], [ 117.873382139000114, -35.074018533999947 ], [ 117.873093594000011, -35.074175695999941 ], [ 117.872818670000015, -35.074249252999948 ], [ 117.872864487000015, -35.074463654999931 ], [ 117.873240854000073, -35.074377437999942 ], [ 117.87328629000001, -35.07455605399997 ], [ 117.872371786000031, -35.074526847999948 ], [ 117.872380327000087, -35.073966097999971 ], [ 117.872772491000092, -35.073898948999954 ], [ 117.874083238000026, -35.073839362999934 ] ] ] ] } },
{ "type": "Feature", "properties": { "id": 97169, "poly_area": 0.34600645, "capture_sc": "10000", "orthophoto": "ALBANY FEB 2016", "comments": "NATIVE VEGETATION", "st_area_sh": 3.41954409e-07, "st_perimet": 0.0027259027689760002 }, "geometry": { "type": "MultiPolygon", "coordinates": [ [ [ [ 117.872378517000016, -35.075159065999969 ], [ 117.872430969000106, -35.074633787999971 ], [ 117.873288555000045, -35.074662417999946 ], [ 117.873260880000089, -35.074708935999979 ], [ 117.873262742000065, -35.07488374899998 ], [ 117.873220587000105, -35.074919017999946 ], [ 117.873220960000026, -35.074953980999965 ], [ 117.873178803000087, -35.074989249999931 ], [ 117.872710991000076, -35.074992617999953 ], [ 117.872712737000029, -35.075156660999937 ], [ 117.872378517000016, -35.075159065999969 ] ] ] ] } },
{ "type": "Feature", "properties": { "id": 97170, "poly_area": 0.2387654, "capture_sc": "10000", "orthophoto": "ALBANY FEB 2016", "comments": "NATIVE VEGETATION", "st_area_sh": 2.35988325e-07, "st_perimet": 0.004141451362468 }, "geometry": { "type": "MultiPolygon", "coordinates": [ [ [ [ 117.872108690000118, -35.082339661999981 ], [ 117.872530659000063, -35.082021937999968 ], [ 117.872450436, -35.082477062999942 ], [ 117.872960822000096, -35.082473388999972 ], [ 117.873371285000076, -35.082508957999949 ], [ 117.871909756000036, -35.082541564999929 ], [ 117.871698996000077, -35.082528651999951 ], [ 117.871745021000038, -35.082342277999942 ], [ 117.872108690000118, -35.082339661999981 ] ] ] ] } },
{ "type": "Feature", "properties": { "id": 97182, "poly_area": 0.74169245, "capture_sc": "10000", "orthophoto": "ALBANY FEB 2016", "comments": "NATIVE VEGETATION", "st_area_sh": 7.32820989e-07, "st_perimet": 0.0076489252837849998 }, "geometry": { "type": "MultiPolygon", "coordinates": [ [ [ [ 117.83658506900008, -35.052554613999973 ], [ 117.836670103000074, -35.052554026999928 ], [ 117.836926277000089, -35.052657155999952 ], [ 117.83701274100008, -35.052796421999972 ], [ 117.83709813300004, -35.052830797999945 ], [ 117.83731072, -35.052829329999952 ], [ 117.837522951000096, -35.05279289899994 ], [ 117.837553813000113, -35.052991541999972 ], [ 117.836593676, -35.053371656999957 ], [ 117.836129442000015, -35.053624372999934 ], [ 117.83584122600007, -35.053971839999974 ], [ 117.835776451000015, -35.054082389999962 ], [ 117.835496359000103, -35.054205506999949 ], [ 117.835713939000016, -35.054693525999937 ], [ 117.83552837600007, -35.054752209999947 ], [ 117.835390417000099, -35.054397200999972 ], [ 117.835445929000116, -35.054118513999981 ], [ 117.835642356000108, -35.053925226999979 ], [ 117.836254381000117, -35.053287627999964 ], [ 117.836544355000115, -35.05311288799993 ], [ 117.83664714400004, -35.052999993999947 ], [ 117.83667154300008, -35.052996849999943 ], [ 117.836846486000013, -35.052986044999955 ], [ 117.836927583000033, -35.052927905999979 ], [ 117.83651460100009, -35.052593951999938 ], [ 117.83658506900008, -35.052554613999973 ] ] ] ] } },
{ "type": "Feature", "properties": { "id": 97183, "poly_area": 0.79473399, "capture_sc": "10000", "orthophoto": "ALBANY FEB 2016", "comments": "NATIVE VEGETATION", "st_area_sh": 7.85226626e-07, "st_perimet": 0.0067379902879199996 }, "geometry": { "type": "MultiPolygon", "coordinates": [ [ [ [ 117.835182351000071, -35.052599248999968 ], [ 117.835266317000105, -35.052493772999981 ], [ 117.835285549000105, -35.052493640999955 ], [ 117.835328781000044, -35.052929333999941 ], [ 117.835481461000086, -35.053024247999929 ], [ 117.83556851000003, -35.052940421999949 ], [ 117.835569638000038, -35.053051133999929 ], [ 117.835612513000115, -35.053085803999977 ], [ 117.835740065000095, -35.05308492599994 ], [ 117.835952298000052, -35.053048496999963 ], [ 117.836078781000083, -35.052942727999948 ], [ 117.83620562100009, -35.052871921999952 ], [ 117.836331747000031, -35.052731189999975 ], [ 117.836458229000073, -35.05262541999997 ], [ 117.83651460100009, -35.052593951999938 ], [ 117.836927583000033, -35.052927905999979 ], [ 117.836846486000013, -35.052986044999955 ], [ 117.83667154300008, -35.052996849999943 ], [ 117.836356861000013, -35.053037406999977 ], [ 117.836067670000034, -35.053288914999939 ], [ 117.835536939, -35.053887566999947 ], [ 117.835326692000081, -35.053869822999957 ], [ 117.835092715000087, -35.05381385499993 ], [ 117.835123629, -35.05354372599993 ], [ 117.835191965000035, -35.053543255999955 ], [ 117.835190980000107, -35.053446489999942 ], [ 117.83534592500007, -35.053466628999956 ], [ 117.835578923000071, -35.053426637999962 ], [ 117.835589028000072, -35.053273020999939 ], [ 117.835185893000016, -35.052947022999945 ], [ 117.835182351000071, -35.052599248999968 ] ] ] ] } },
{ "type": "Feature", "properties": { "id": 97184, "poly_area": 1.33803478, "capture_sc": "10000", "orthophoto": "ALBANY FEB 2016", "comments": "NATIVE VEGETATION", "st_area_sh": 1.322048164e-06, "st_perimet": 0.0068939177571000002 }, "geometry": { "type": "MultiPolygon", "coordinates": [ [ [ [ 117.833879615000114, -35.055021787999976 ], [ 117.834123605000059, -35.054914545999964 ], [ 117.834308757000031, -35.054759725999929 ], [ 117.834190987000056, -35.05465497299997 ], [ 117.833992408000086, -35.054637144999958 ], [ 117.833816192000086, -35.05452319699998 ], [ 117.833814045000054, -35.054312084999935 ], [ 117.833985576000032, -35.053965424999944 ], [ 117.834122682000043, -35.053676580999934 ], [ 117.834496301000058, -35.053693203999956 ], [ 117.835011811000072, -35.053891184999941 ], [ 117.835083684000097, -35.054073026999959 ], [ 117.835212049, -35.054072141999939 ], [ 117.835295593000069, -35.05425390299996 ], [ 117.83517968000001, -35.054331475999959 ], [ 117.835051216000011, -35.054322763999949 ], [ 117.834879006000051, -35.054602252999985 ], [ 117.834507922000057, -35.054835127999979 ], [ 117.834008665000056, -35.055088076999937 ], [ 117.834116035000079, -35.055317658999968 ], [ 117.834408285000109, -35.055457296999975 ], [ 117.834532318000015, -35.055575807999958 ], [ 117.834064610000041, -35.055579025999975 ], [ 117.833876321000048, -35.055407749999972 ], [ 117.833879615000114, -35.055021787999976 ] ] ] ] } },
{ "type": "Feature", "properties": { "id": 97186, "poly_area": 1.36646538, "capture_sc": "10000", "orthophoto": "ALBANY FEB 2016", "comments": "NATIVE VEGETATION", "st_area_sh": 1.350119952e-06, "st_perimet": 0.0073418299814860003 }, "geometry": { "type": "MultiPolygon", "coordinates": [ [ [ [ 117.832572663000064, -35.052737161999971 ], [ 117.832909418000099, -35.05257170699997 ], [ 117.833271167000021, -35.052569219999953 ], [ 117.833099150000066, -35.052867899999967 ], [ 117.832809559000111, -35.053081015999965 ], [ 117.832542137000019, -35.053178819999971 ], [ 117.832089560000099, -35.05343143999994 ], [ 117.831425666000086, -35.053560750999964 ], [ 117.831019277000109, -35.053765066999972 ], [ 117.830369722000114, -35.053668251999966 ], [ 117.830387179000013, -35.053577464999933 ], [ 117.831581838000034, -35.052849525999932 ], [ 117.83173616800002, -35.053107576999935 ], [ 117.831968485000061, -35.053000419999933 ], [ 117.831866196000078, -35.052702923999959 ], [ 117.832034607000082, -35.052616098999977 ], [ 117.832145329000014, -35.052802374999942 ], [ 117.832456360000037, -35.052776347999952 ], [ 117.832414498000048, -35.052720531999967 ], [ 117.832572663000064, -35.052737161999971 ] ] ] ] } },
{ "type": "Feature", "properties": { "id": 98253, "poly_area": 2.57695522, "capture_sc": "10000", "orthophoto": "ALBANY FEB 2016", "comments": "NATIVE VEGETATION", "st_area_sh": 2.547530192e-06, "st_perimet": 0.0095018251418469996 }, "geometry": { "type": "MultiPolygon", "coordinates": [ [ [ [ 117.960273602000029, -35.098516246999964 ], [ 117.960109802000034, -35.098453942999981 ], [ 117.960022532000039, -35.098460940999985 ], [ 117.959961425000074, -35.098417600999937 ], [ 117.959877217000098, -35.098468382999954 ], [ 117.95825947000003, -35.098210748999975 ], [ 117.958418544000097, -35.098071122999954 ], [ 117.958679227000061, -35.098113084999966 ], [ 117.959428388000106, -35.098044257999959 ], [ 117.959870732000013, -35.097887411999977 ], [ 117.960086835000084, -35.097578713999951 ], [ 117.960592145000078, -35.097574706999978 ], [ 117.960896759000093, -35.097319478999964 ], [ 117.960963470000024, -35.097126407999951 ], [ 117.960949191000054, -35.097004648999985 ], [ 117.961473269000066, -35.096877073999963 ], [ 117.961360189000061, -35.097022627999934 ], [ 117.961229745000082, -35.097103526999945 ], [ 117.961385285, -35.09720482299997 ], [ 117.96158537000008, -35.097208658999932 ], [ 117.961609125000109, -35.098108374999981 ], [ 117.961606968000069, -35.098712832999979 ], [ 117.961471032000077, -35.098658315999955 ], [ 117.961088198000084, -35.098654248999935 ], [ 117.960691673000042, -35.098567105999962 ], [ 117.960273602000029, -35.098516246999964 ] ] ] ] } },
{ "type": "Feature", "properties": { "id": 98759, "poly_area": 0.36893272, "capture_sc": "10000", "orthophoto": "ALBANY FEB 2016", "comments": "NATIVE VEGETATION", "st_area_sh": 3.64670887e-07, "st_perimet": 0.0032677895470320001 }, "geometry": { "type": "MultiPolygon", "coordinates": [ [ [ [ 117.923432692, -35.086864734999949 ], [ 117.923725772000012, -35.086982409999962 ], [ 117.92379156800007, -35.087273112999981 ], [ 117.923604026000021, -35.087274540999942 ], [ 117.923852558000021, -35.087612219999983 ], [ 117.924020993000113, -35.08772956699994 ], [ 117.924173024000083, -35.087835482999935 ], [ 117.923547110000072, -35.087771733999944 ], [ 117.923248818000047, -35.087191598999937 ], [ 117.923432692, -35.086864734999949 ] ] ] ] } },
{ "type": "Feature", "properties": { "id": 99118, "poly_area": 0.3630769, "capture_sc": "10000", "orthophoto": "ALBANY FEB 2016", "comments": "NATIVE VEGETATION", "st_area_sh": 3.58881582e-07, "st_perimet": 0.00336537323735 }, "geometry": { "type": "MultiPolygon", "coordinates": [ [ [ [ 117.919689115000097, -35.087180304999947 ], [ 117.919948857, -35.087047108999968 ], [ 117.921063332000017, -35.086776198999985 ], [ 117.921094502000074, -35.086966833999952 ], [ 117.920964027000082, -35.086979754999959 ], [ 117.920457581000051, -35.087114825999947 ], [ 117.92009826200001, -35.087427720999983 ], [ 117.919808424000053, -35.087465707999968 ], [ 117.919689115000097, -35.087180304999947 ] ] ] ] } },
{ "type": "Feature", "properties": { "id": 99119, "poly_area": 1.02590852, "capture_sc": "10000", "orthophoto": "ALBANY FEB 2016", "comments": "NATIVE VEGETATION", "st_area_sh": 1.014087572e-06, "st_perimet": 0.0047703464892969996 }, "geometry": { "type": "MultiPolygon", "coordinates": [ [ [ [ 117.931023648000064, -35.089706360999969 ], [ 117.931473127000118, -35.089667120999934 ], [ 117.931692034000093, -35.089772803999949 ], [ 117.932445324000014, -35.089647717999981 ], [ 117.932946488000084, -35.090323843999954 ], [ 117.931073962000028, -35.090302450999957 ], [ 117.931023648000064, -35.089706360999969 ] ] ] ] } },
{ "type": "Feature", "properties": { "id": 99126, "poly_area": 12.45680671, "capture_sc": "10000", "orthophoto": "ALBANY FEB 2016", "comments": "NATIVE VEGETATION", "st_area_sh": 1.2312917732e-05, "st_perimet": 0.016479748954555999 }, "geometry": { "type": "MultiPolygon", "coordinates": [ [ [ [ 117.918890959, -35.084597651999957 ], [ 117.918877851000047, -35.086017363999929 ], [ 117.918924596000011, -35.086303317999977 ], [ 117.919322168, -35.086813273999951 ], [ 117.919409771, -35.087202589999947 ], [ 117.919244061000086, -35.087613143999931 ], [ 117.918810038000061, -35.087735729999963 ], [ 117.918836988000066, -35.090139323999949 ], [ 117.91818292500011, -35.090054806999945 ], [ 117.91594787300005, -35.090059786999973 ], [ 117.915493461000096, -35.089952117999928 ], [ 117.915494654000099, -35.089921927999967 ], [ 117.915544226000065, -35.089239918999965 ], [ 117.915568397000015, -35.088907380999956 ], [ 117.915992975000108, -35.088096389999976 ], [ 117.91714067800001, -35.086606949999975 ], [ 117.918676453000103, -35.084464468999954 ], [ 117.918859864000069, -35.084275915999967 ], [ 117.918890959, -35.084597651999957 ] ] ] ] } },
{ "type": "Feature", "properties": { "id": 99128, "poly_area": 5.05228728, "capture_sc": "10000", "orthophoto": "ALBANY FEB 2016", "comments": "NATIVE VEGETATION", "st_area_sh": 4.993592591e-06, "st_perimet": 0.011774323178184999 }, "geometry": { "type": "MultiPolygon", "coordinates": [ [ [ [ 117.898941955000055, -35.081724093999981 ], [ 117.89894042100002, -35.081584243999941 ], [ 117.898854590000042, -35.081514949999985 ], [ 117.898769143000095, -35.081480617999944 ], [ 117.898725845000058, -35.081411008999964 ], [ 117.898724311000024, -35.081271159999972 ], [ 117.89880822300006, -35.081165640999984 ], [ 117.8991477080001, -35.081093193999948 ], [ 117.900172305000069, -35.081435241999941 ], [ 117.900979254000049, -35.081324352999957 ], [ 117.901208586000052, -35.081662656999981 ], [ 117.900908947000062, -35.081893410999953 ], [ 117.900041423000062, -35.08218616299996 ], [ 117.900087971000062, -35.082460195999943 ], [ 117.900656532000085, -35.082694562999961 ], [ 117.9007154950001, -35.082777631999932 ], [ 117.900399785000104, -35.083102073999953 ], [ 117.900386454000113, -35.083209538999938 ], [ 117.900533928000073, -35.08342317499995 ], [ 117.900825992000023, -35.083588017999944 ], [ 117.900741546000063, -35.083827234999944 ], [ 117.898085692000109, -35.083555461999936 ], [ 117.898193630000037, -35.083303073999957 ], [ 117.898749141000053, -35.082124172999954 ], [ 117.898820127000022, -35.081980491999957 ], [ 117.898796522000112, -35.081870211999956 ], [ 117.898941955000055, -35.081724093999981 ] ] ] ] } },
{ "type": "Feature", "properties": { "id": 99129, "poly_area": 2.17112674, "capture_sc": "10000", "orthophoto": "ALBANY FEB 2016", "comments": "NATIVE VEGETATION", "st_area_sh": 2.14599894e-06, "st_perimet": 0.011292209948729001 }, "geometry": { "type": "MultiPolygon", "coordinates": [ [ [ [ 117.919046669000068, -35.084230684999966 ], [ 117.919606657000031, -35.084855810999954 ], [ 117.91982246200007, -35.085133894999956 ], [ 117.919823247000068, -35.085203819999947 ], [ 117.91969839300009, -35.085449523999955 ], [ 117.919699962000095, -35.085589372999948 ], [ 117.919618426000056, -35.085904678999952 ], [ 117.919620387, -35.086079489999975 ], [ 117.919578638000075, -35.086149736999971 ], [ 117.919582561000084, -35.086499359999948 ], [ 117.919837373000064, -35.08646246099994 ], [ 117.919921263000106, -35.086356928999976 ], [ 117.919962619000103, -35.086251718999961 ], [ 117.919961442000044, -35.08614683199994 ], [ 117.920042977000094, -35.085831525999936 ], [ 117.920127260000072, -35.085760955999945 ], [ 117.920168616000069, -35.085655746999976 ], [ 117.920321526000066, -35.085338358999934 ], [ 117.920467983000094, -35.085456542999964 ], [ 117.920629756000039, -35.085646186999952 ], [ 117.920723911000096, -35.085861322999961 ], [ 117.9208530840001, -35.086000202999969 ], [ 117.920940509000047, -35.086209330999964 ], [ 117.921091016000105, -35.086656693999942 ], [ 117.920648270000015, -35.086701062999964 ], [ 117.920581892000087, -35.086553193999976 ], [ 117.920162519000087, -35.086687601999984 ], [ 117.919714087000102, -35.08684801499993 ], [ 117.919671945000118, -35.086883298999965 ], [ 117.919608328000095, -35.086883780999983 ], [ 117.919216572000096, -35.086456187999943 ], [ 117.91915237, -35.085907916999929 ], [ 117.919442203000017, -35.085869930999934 ], [ 117.919584911000015, -35.085654116999933 ], [ 117.919525125000064, -35.085499485999947 ], [ 117.919364827000095, -35.085441054999933 ], [ 117.919235293000042, -35.085537472999931 ], [ 117.919063025000014, -35.085705793999978 ], [ 117.918998406000014, -35.08421130399995 ], [ 117.919046669000068, -35.084230684999966 ] ] ] ] } },
{ "type": "Feature", "properties": { "id": 99130, "poly_area": 1256.7730402299999, "capture_sc": "10000", "orthophoto": "ALBANY FEB 2016,BREAKSEA FEB 2016", "comments": "NATIVE VEGETATION", "st_area_sh": 0.001242549261157, "st_perimet": 0.39699253455543299 }, "geometry": { "type": "MultiPolygon", "coordinates": [ [ [ [ 117.946335342000111, -35.127465104999942 ], [ 117.946108076000087, -35.127318622999951 ], [ 117.945925921000025, -35.127171788999931 ], [ 117.945653547, -35.12702565799998 ], [ 117.945470966000016, -35.12684176199997 ], [ 117.945198165000079, -35.126658568999972 ], [ 117.945016014000089, -35.126511732999973 ], [ 117.944787898000072, -35.126291126999945 ], [ 117.944510822000098, -35.125737323999942 ], [ 117.944464001000028, -35.125589432999959 ], [ 117.944458012000041, -35.125070581999978 ], [ 117.944544807000057, -35.124773391999952 ], [ 117.944813747000012, -35.12462304099995 ], [ 117.944947360000015, -35.124473741999964 ], [ 117.945260124000015, -35.124211854999942 ], [ 117.945393736000028, -35.124062555999956 ], [ 117.945572884000057, -35.123949965999941 ], [ 117.94579628300005, -35.123762901999953 ], [ 117.946020538000084, -35.123649960999956 ], [ 117.946019681000053, -35.123575838999955 ], [ 117.946063503000119, -35.12346430499997 ], [ 117.946240506000095, -35.123166409999953 ], [ 117.946329864000063, -35.123091583999951 ], [ 117.946464330000026, -35.123016405999977 ], [ 117.946689011000103, -35.122940522999954 ], [ 117.947049014000072, -35.122863581999979 ], [ 117.947093693000056, -35.12282616899995 ], [ 117.947317942000041, -35.122713224999984 ], [ 117.947452836000025, -35.122675106999964 ], [ 117.947586441000112, -35.122525805999942 ], [ 117.947765583000091, -35.122413211999969 ], [ 117.947899617000076, -35.122300971999948 ], [ 117.947943007000049, -35.122152375999974 ], [ 117.947939571, -35.121855889999949 ], [ 117.94771103100004, -35.121598227999982 ], [ 117.947392279000042, -35.121341270999949 ], [ 117.947120780000091, -35.121269264999967 ], [ 117.946622035000019, -35.121050775999947 ], [ 117.946350537000058, -35.12097876699994 ], [ 117.94612372000006, -35.120869345999949 ], [ 117.945491373000095, -35.120800150999969 ], [ 117.945219878000103, -35.120728139999983 ], [ 117.945038596000018, -35.120655425999985 ], [ 117.944537720000085, -35.120251623999934 ], [ 117.943947066000078, -35.119885582999984 ], [ 117.943810038000038, -35.119738393999967 ], [ 117.943309602000113, -35.119371647999969 ], [ 117.942901943000038, -35.119226561999938 ], [ 117.942676415000051, -35.119228316999966 ], [ 117.942268757000079, -35.119083229999944 ], [ 117.942086629000073, -35.118936388999941 ], [ 117.941905354000028, -35.118863669999939 ], [ 117.941677695000067, -35.11868011699994 ], [ 117.941493437000076, -35.118347970999935 ], [ 117.94147681100003, -35.116902596999978 ], [ 117.94151935800005, -35.116679880999982 ], [ 117.94151509400001, -35.116309272999956 ], [ 117.941558919000045, -35.116197739999961 ], [ 117.941547409, -35.115197095999974 ], [ 117.941454644000032, -35.114975431999937 ], [ 117.94131720200005, -35.114791178999951 ], [ 117.941090833000089, -35.114718807999964 ], [ 117.941000627000108, -35.11471950899994 ], [ 117.940864891000047, -35.114683497999977 ], [ 117.940819788000113, -35.11468384799997 ], [ 117.940685332000044, -35.114759018999962 ], [ 117.94064108200007, -35.114833490999956 ], [ 117.940646619000063, -35.115315281999983 ], [ 117.940602794000029, -35.115426813999932 ], [ 117.940468761000034, -35.11553904699997 ], [ 117.940335579000021, -35.115725400999963 ], [ 117.940067086000113, -35.115912804999937 ], [ 117.939888373000031, -35.116062445999944 ], [ 117.939755189000039, -35.116248799999937 ], [ 117.939665406000017, -35.116286559999935 ], [ 117.939352656000096, -35.116548433999981 ], [ 117.939219044000083, -35.116697725999984 ], [ 117.936842518000049, -35.117939233999948 ], [ 117.936482102000014, -35.117979081999977 ], [ 117.935534898000014, -35.117986396999981 ], [ 117.935309797000059, -35.118025196999952 ], [ 117.934317486000054, -35.118032850999953 ], [ 117.934047278000094, -35.118071997999948 ], [ 117.933777493000093, -35.118148204999954 ], [ 117.933236231000024, -35.118152374999966 ], [ 117.933101338000029, -35.118190477999974 ], [ 117.932830706000118, -35.118192560999944 ], [ 117.932695813, -35.118230662999963 ], [ 117.932697080000025, -35.118341845999964 ], [ 117.932970247000071, -35.118562127999951 ], [ 117.933105986000101, -35.118598146999943 ], [ 117.933378309000091, -35.11874430599994 ], [ 117.933469366000054, -35.118817732999958 ], [ 117.933470211000099, -35.118891854999958 ], [ 117.933425951000117, -35.118966323999985 ], [ 117.933246374000078, -35.119041834999962 ], [ 117.932439120000026, -35.119455751999965 ], [ 117.932171019000066, -35.119680198999959 ], [ 117.931587597000089, -35.119944131999944 ], [ 117.930234417000065, -35.119954521999944 ], [ 117.929560354000046, -35.120182075999935 ], [ 117.92947098500008, -35.120256888999961 ], [ 117.929336087000024, -35.120294986999966 ], [ 117.929246718000059, -35.120369799999935 ], [ 117.929021187000103, -35.120371528999954 ], [ 117.928796498000111, -35.120447376999948 ], [ 117.928570966000052, -35.120449104999977 ], [ 117.928434806000041, -35.120376019999981 ], [ 117.928298225000049, -35.120265873999983 ], [ 117.928069328000106, -35.119971114999942 ], [ 117.927888062000079, -35.119898375999981 ], [ 117.927751482000076, -35.119788229999983 ], [ 117.927210210000112, -35.11979237099996 ], [ 117.926894888000106, -35.119831845999954 ], [ 117.926805517000048, -35.119906655999955 ], [ 117.926625934000072, -35.119982156999981 ], [ 117.92626760600001, -35.120207276999963 ], [ 117.926088861000039, -35.120356897999955 ], [ 117.926000749000082, -35.120542888999978 ], [ 117.925776897000105, -35.120692853999969 ], [ 117.925642838000044, -35.120805068999971 ], [ 117.925373039000078, -35.120881254999972 ], [ 117.924335589000066, -35.120889167999962 ], [ 117.924019425000097, -35.120854513999973 ], [ 117.92374501200004, -35.120523031999937 ], [ 117.923698229000024, -35.120375133999971 ], [ 117.922748485000056, -35.12015998399994 ], [ 117.922247711000068, -35.119756095999946 ], [ 117.921884352, -35.11953647799993 ], [ 117.921702255000014, -35.119389608999938 ], [ 117.92147379700009, -35.119131900999946 ], [ 117.921195215000012, -35.118429811999931 ], [ 117.92110333200003, -35.118282256999976 ], [ 117.921098314, -35.117837532999943 ], [ 117.921232374000056, -35.117725322999945 ], [ 117.921275807000029, -35.117576738999958 ], [ 117.921365598000079, -35.117538992999982 ], [ 117.921452880000061, -35.117278884999962 ], [ 117.921542672000101, -35.11724113799994 ], [ 117.921631208, -35.117092210999942 ], [ 117.92171848800001, -35.116832101999933 ], [ 117.921716396000079, -35.116646799999955 ], [ 117.921670036000023, -35.116535962999933 ], [ 117.921351376000075, -35.116278941999951 ], [ 117.921034809000048, -35.116207220999968 ], [ 117.920762928000045, -35.116098097999952 ], [ 117.919316256000116, -35.115812571999982 ], [ 117.918863967000107, -35.115704810999944 ], [ 117.918682717000024, -35.11563205799996 ], [ 117.918321055000092, -35.115560670999969 ], [ 117.918049183000107, -35.115451539999981 ], [ 117.917552211000043, -35.115381174999982 ], [ 117.917146279, -35.115384247999941 ], [ 117.917010552000079, -35.115348209999979 ], [ 117.915882965000037, -35.115356734999978 ], [ 117.915748070000063, -35.115394816999981 ], [ 117.915522553000073, -35.11539652099998 ], [ 117.915297451000015, -35.115435283999943 ], [ 117.914575794000029, -35.115440729999932 ], [ 117.913940608000075, -35.115111948999981 ], [ 117.913441157000079, -35.114819202999968 ], [ 117.912899089, -35.114749157999938 ], [ 117.912672333000046, -35.114639671999953 ], [ 117.912174959000026, -35.114532222999969 ], [ 117.911226141000043, -35.114391100999967 ], [ 117.910954698000069, -35.114319012999943 ], [ 117.91063856400001, -35.114284323999982 ], [ 117.910457327000017, -35.114211556999976 ], [ 117.909779545000106, -35.114105452999979 ], [ 117.909643412000037, -35.114032345999931 ], [ 117.909507692000034, -35.11399629899995 ], [ 117.909372383000118, -35.11399731399996 ], [ 117.909010736000027, -35.113925897999934 ], [ 117.908334193000087, -35.113930969999956 ], [ 117.908154194000076, -35.113969381999937 ], [ 117.907974605000049, -35.114044855999964 ], [ 117.907658885000046, -35.114047219999975 ], [ 117.907523988000094, -35.114085294999938 ], [ 117.907343576000017, -35.114086644999929 ], [ 117.906938471000103, -35.114163804999976 ], [ 117.906714189000013, -35.114276675999974 ], [ 117.906129903000078, -35.114466365999931 ], [ 117.905949901000099, -35.114504774999943 ], [ 117.905590307000011, -35.114618654999958 ], [ 117.905003965000105, -35.114623033999976 ], [ 117.904688652000118, -35.114662451999948 ], [ 117.904553342000099, -35.114663461999953 ], [ 117.904462316000036, -35.11459001299994 ], [ 117.904190468000024, -35.114480847999971 ], [ 117.903604127000108, -35.114485221999985 ], [ 117.903335146000018, -35.114635483999962 ], [ 117.902887386000089, -35.114935334999984 ], [ 117.902753715000017, -35.115084584999977 ], [ 117.902663508000046, -35.115085255999929 ], [ 117.902439220000019, -35.115198116999977 ], [ 117.902215751000085, -35.115385097999933 ], [ 117.90185697000004, -35.115573084999937 ], [ 117.90163227000005, -35.115648883999938 ], [ 117.900820401000033, -35.11565492099993 ], [ 117.900595292000048, -35.115693656999952 ], [ 117.90046079800004, -35.115768782999965 ], [ 117.90037059000008, -35.115769452999984 ], [ 117.900280791000114, -35.115807182999959 ], [ 117.900236505000066, -35.115881638999952 ], [ 117.900244273000112, -35.116585786999963 ], [ 117.900200804000065, -35.116734362999978 ], [ 117.900111823000088, -35.116846213999963 ], [ 117.899932222000075, -35.116921673999968 ], [ 117.899843239, -35.117033524999954 ], [ 117.899666499000091, -35.117368407999948 ], [ 117.899578741000028, -35.117591438999966 ], [ 117.899536087000115, -35.117814135999936 ], [ 117.899359344000118, -35.11814901799994 ], [ 117.89936302000001, -35.11848256199994 ], [ 117.899727951000045, -35.118850485999928 ], [ 117.899865311000099, -35.11903478399995 ], [ 117.899957975, -35.119256475999975 ], [ 117.900051457000018, -35.119552288999955 ], [ 117.900190456000018, -35.119884826999964 ], [ 117.900206812000079, -35.121367239999984 ], [ 117.900073537000026, -35.121553547999952 ], [ 117.899850454000102, -35.121777583999972 ], [ 117.899715950000086, -35.121852708999938 ], [ 117.899670842000091, -35.121853043999977 ], [ 117.89948959700007, -35.121780261999959 ], [ 117.899171804000048, -35.121597303999977 ], [ 117.898716650000097, -35.121230045999937 ], [ 117.898172511000098, -35.120974635999971 ], [ 117.897718181000073, -35.120681494999928 ], [ 117.897536124000112, -35.120534589999977 ], [ 117.896402352000109, -35.119987029999947 ], [ 117.895994361000021, -35.119804729999942 ], [ 117.89477161700006, -35.119369002999974 ], [ 117.89459119300011, -35.119370334999928 ], [ 117.894364851000091, -35.119297877999941 ], [ 117.893101886000068, -35.119307190999962 ], [ 117.893054751000022, -35.11912222199993 ], [ 117.893187228000102, -35.118861801999969 ], [ 117.893500127000038, -35.11860005099993 ], [ 117.893677707000052, -35.118339298999956 ], [ 117.893719158000067, -35.118005422999943 ], [ 117.893698246000099, -35.117923361999942 ], [ 117.894306879000055, -35.117578001999959 ], [ 117.896456939000018, -35.11662611099996 ], [ 117.897940287000097, -35.115775951999979 ], [ 117.899501807000092, -35.114892915999974 ], [ 117.899728868000011, -35.11467812199993 ], [ 117.900395952000054, -35.114047076999952 ], [ 117.903362483000024, -35.112346602999935 ], [ 117.905086001000086, -35.111914144999957 ], [ 117.905293554000082, -35.111770713999931 ], [ 117.908438302000036, -35.109597410999982 ], [ 117.909009825000112, -35.109052583999983 ], [ 117.909837485000025, -35.108263564999959 ], [ 117.910164402000078, -35.107485531999941 ], [ 117.911061917000097, -35.10534944799997 ], [ 117.911319796000043, -35.104721710999968 ], [ 117.911366550000025, -35.104708511999945 ], [ 117.913132965000045, -35.10547171199994 ], [ 117.919271701000071, -35.107725013999982 ], [ 117.920238224000059, -35.108108619999939 ], [ 117.921656090000056, -35.109127143999956 ], [ 117.923495159000026, -35.110467481999933 ], [ 117.924863240000036, -35.110962665999978 ], [ 117.927082587000086, -35.11094570399996 ], [ 117.928537157000051, -35.111313778999943 ], [ 117.929487778000066, -35.11181210899997 ], [ 117.931914377000112, -35.112624126999947 ], [ 117.933213119000015, -35.112812764999944 ], [ 117.935539279000068, -35.11252395899993 ], [ 117.937841983000112, -35.112108895999938 ], [ 117.938956633000089, -35.111576591999949 ], [ 117.940284982000094, -35.110518944999967 ], [ 117.940976080000041, -35.109466229999953 ], [ 117.941853895, -35.10745499799998 ], [ 117.94275489000006, -35.105551925999976 ], [ 117.943993744000068, -35.103406116999963 ], [ 117.944262919000039, -35.102939865999929 ], [ 117.945559079000077, -35.101015634999953 ], [ 117.947000525000021, -35.09860223499993 ], [ 117.948267743000088, -35.098353737999958 ], [ 117.94975562400009, -35.098408161999942 ], [ 117.95428537500004, -35.099066299999947 ], [ 117.95657810900002, -35.099196869999957 ], [ 117.958955875000015, -35.099723149999932 ], [ 117.961355514000047, -35.100397864999934 ], [ 117.963494906000051, -35.101157188999935 ], [ 117.965334438000014, -35.102051007999933 ], [ 117.966326215000095, -35.102637733999984 ], [ 117.966532843000095, -35.103115094999964 ], [ 117.96704971600002, -35.10263195999994 ], [ 117.966766794000023, -35.102502077999929 ], [ 117.964360436000106, -35.101265922999971 ], [ 117.963027624, -35.100731448999966 ], [ 117.963003447, -35.100384771999984 ], [ 117.963294017000067, -35.099457471999983 ], [ 117.963136022000072, -35.098139858999957 ], [ 117.963228994000019, -35.097806537999929 ], [ 117.964049385000067, -35.097938376999934 ], [ 117.964843933000111, -35.097825129999933 ], [ 117.965655708000099, -35.097875264999971 ], [ 117.965823235000016, -35.097804746999941 ], [ 117.966515844000014, -35.098132561999932 ], [ 117.966893835000064, -35.098387412999955 ], [ 117.967324130000065, -35.098534923999978 ], [ 117.967455403000031, -35.098634506999929 ], [ 117.96746379800004, -35.098697333999951 ], [ 117.967295973000091, -35.098742699999946 ], [ 117.967336387000046, -35.098924770999929 ], [ 117.967573750000042, -35.098935454999946 ], [ 117.967693656000051, -35.098720655999955 ], [ 117.967645960000027, -35.098570089999953 ], [ 117.967368036000039, -35.098364758999935 ], [ 117.967007353000099, -35.098279586999979 ], [ 117.96614498800011, -35.097833627999933 ], [ 117.965967584000055, -35.097715543999982 ], [ 117.966521796000052, -35.097340045999943 ], [ 117.966816658000084, -35.097035800999947 ], [ 117.967304744000103, -35.096893536999971 ], [ 117.96761141200011, -35.096941403999949 ], [ 117.967658140000026, -35.097010213999965 ], [ 117.968124978000105, -35.09701277399995 ], [ 117.968091769000011, -35.09679290899993 ], [ 117.967693651000104, -35.096777220999968 ], [ 117.96759514200005, -35.09685976999998 ], [ 117.967158170000062, -35.09679407699997 ], [ 117.966800389000014, -35.096954167999968 ], [ 117.966382801, -35.097234234999974 ], [ 117.966094551000083, -35.097450374999937 ], [ 117.965615965000097, -35.097749793999981 ], [ 117.965264346000026, -35.097784042999933 ], [ 117.964774249000016, -35.097756500999935 ], [ 117.964055704000089, -35.097825116999957 ], [ 117.963327805000063, -35.097749145999956 ], [ 117.963166595000075, -35.097706402999961 ], [ 117.963056549000044, -35.097118903999956 ], [ 117.963022761000047, -35.096385058999942 ], [ 117.963011868000081, -35.095458535999967 ], [ 117.96305609, -35.095384054999954 ], [ 117.963055218000022, -35.095309933999943 ], [ 117.963099876000115, -35.09527251399993 ], [ 117.963144968000051, -35.095272155999965 ], [ 117.963234717000091, -35.09523437699994 ], [ 117.963324903000057, -35.095233659999963 ], [ 117.963369560000046, -35.09519624099994 ], [ 117.963595023000039, -35.095194446999983 ], [ 117.963818306, -35.095007347999967 ], [ 117.963817433000031, -35.094933225999966 ], [ 117.963906746000021, -35.094858385999942 ], [ 117.963950967000073, -35.094783904999929 ], [ 117.964310397000077, -35.094669850999935 ], [ 117.964444801000013, -35.094594651999955 ], [ 117.964714481000101, -35.09451837499995 ], [ 117.964894851000054, -35.094516938999959 ], [ 117.964939507000054, -35.094479517999957 ], [ 117.965119875000028, -35.094478080999977 ], [ 117.965165403000015, -35.094514782999966 ], [ 117.965392172000065, -35.094624168999928 ], [ 117.965527886000018, -35.09466015199996 ], [ 117.965619380000021, -35.094770615999948 ], [ 117.966027831000019, -35.094989745999953 ], [ 117.966119327000115, -35.095100208999952 ], [ 117.966438034000021, -35.095357117999981 ], [ 117.966575060000082, -35.095504281999979 ], [ 117.966711649000104, -35.095614385999966 ], [ 117.967164763000028, -35.095796090999954 ], [ 117.967391539000118, -35.095905473999949 ], [ 117.967889311000022, -35.096049755999957 ], [ 117.968025465000096, -35.096122795999975 ], [ 117.96834243, -35.096231455999941 ], [ 117.968568333, -35.096266713999967 ], [ 117.968750020000016, -35.096376454999984 ], [ 117.968975923000016, -35.096411711999963 ], [ 117.968983588000015, -35.096411650999983 ], [ 117.96926337900004, -35.096211201999949 ], [ 117.969894230000023, -35.095880766999983 ], [ 117.970006037000076, -35.095810438999933 ], [ 117.970634259, -35.095545955999967 ], [ 117.970769096000026, -35.095507810999948 ], [ 117.970859282000106, -35.095507088999966 ], [ 117.970993680000106, -35.095431882999947 ], [ 117.971757611000044, -35.095203369999979 ], [ 117.972253626000111, -35.095199390999937 ], [ 117.972570151000014, -35.095270978999963 ], [ 117.973068369000089, -35.095452299999977 ], [ 117.973204087000113, -35.09548827499998 ], [ 117.973567029000037, -35.095670679999955 ], [ 117.974065252000059, -35.095851996999954 ], [ 117.974200970000084, -35.095887970999968 ], [ 117.974337130000094, -35.095961003999946 ], [ 117.974970634000101, -35.096141228999954 ], [ 117.97528760900002, -35.096249870999941 ], [ 117.975467980000076, -35.096248418999949 ], [ 117.977455603000067, -35.096528912999929 ], [ 117.979439691000039, -35.09651288799995 ], [ 117.981194299000094, -35.096165108999969 ], [ 117.982532821000063, -35.094968199999983 ], [ 117.983333780000066, -35.094072156999971 ], [ 117.984086067000021, -35.092879988999982 ], [ 117.984990549000031, -35.093095024999968 ], [ 117.985306628000103, -35.093129518999945 ], [ 117.985666906, -35.093089523999936 ], [ 117.986208436000084, -35.093122180999956 ], [ 117.986795505000032, -35.093191529999956 ], [ 117.986976314000117, -35.093227120999984 ], [ 117.987156676000041, -35.093225651999944 ], [ 117.987608474000012, -35.093296098999929 ], [ 117.988465193000025, -35.093289110999933 ], [ 117.988644212000054, -35.093176457999959 ], [ 117.988733946000025, -35.093138660999955 ], [ 117.98922949200005, -35.093097551999961 ], [ 117.989274135000073, -35.09306012299993 ], [ 117.990852296000071, -35.093047225999953 ], [ 117.991212121000103, -35.092970154999932 ], [ 117.99134739200008, -35.092969047999929 ], [ 117.991751408000027, -35.092817483999966 ], [ 117.992291144000092, -35.092701871999964 ], [ 117.992470605000108, -35.09262627399994 ], [ 117.992918810000106, -35.09240021599993 ], [ 117.993097821000106, -35.092287555999974 ], [ 117.993277282, -35.092211955999971 ], [ 117.993321024000011, -35.09210040499994 ], [ 117.993500033000032, -35.091987743999937 ], [ 117.99358931300003, -35.091912883999953 ], [ 117.994083950000118, -35.091797634999978 ], [ 117.994308049000097, -35.091684602999976 ], [ 117.994397328000105, -35.091609740999957 ], [ 117.994441518000031, -35.091535249999936 ], [ 117.994620075000057, -35.091385527999932 ], [ 117.9947990820001, -35.091272864999951 ], [ 117.995022277000089, -35.091085711999938 ], [ 117.995111106000081, -35.090973789999964 ], [ 117.995335651000119, -35.090897816999984 ], [ 117.995559747000016, -35.090784783999936 ], [ 117.99573875100009, -35.090672120999955 ], [ 117.995737400000053, -35.090560938999943 ], [ 117.995870865000029, -35.090411585999959 ], [ 117.995869513000116, -35.090300403999947 ], [ 117.995958789000042, -35.090225541999985 ], [ 117.996181079000053, -35.089964264999935 ], [ 117.996179726000037, -35.089853083999969 ], [ 117.996267199000044, -35.089629978999938 ], [ 117.996256831000096, -35.088777587999971 ], [ 117.996300116000043, -35.088628975999939 ], [ 117.996479116000046, -35.088516311999967 ], [ 117.996612575000086, -35.088366956999948 ], [ 117.996837113000083, -35.088290981999933 ], [ 117.997240647000012, -35.088102340999967 ], [ 117.997555358000113, -35.088025621999975 ], [ 117.997824530000116, -35.087912213999971 ], [ 117.997913802000085, -35.087837350999962 ], [ 117.998093701000016, -35.087798804999977 ], [ 117.998182972000109, -35.087723940999979 ], [ 117.998273147000077, -35.087723198999981 ], [ 117.998453046, -35.08768465199995 ], [ 117.998542769000096, -35.087646848999952 ], [ 117.998812842, -35.087607559999981 ], [ 117.998857477000115, -35.087570126999935 ], [ 118.001336830000014, -35.087512602999936 ], [ 118.003509193000014, -35.088161788999969 ], [ 118.003599369000085, -35.088161042999957 ], [ 118.003690906000088, -35.088271476999978 ], [ 118.003737356000101, -35.088382284999966 ], [ 118.003741898000044, -35.088752887999931 ], [ 118.003832983000052, -35.088826261999941 ], [ 118.00424104700005, -35.089008201999945 ], [ 118.004421855000032, -35.089043767999954 ], [ 118.00455802700003, -35.08911676699995 ], [ 118.004875009000102, -35.089225331999955 ], [ 118.005329076000066, -35.089481014999933 ], [ 118.005420162000064, -35.089554386999964 ], [ 118.007330741000033, -35.090909891999956 ], [ 118.008011183, -35.091237810999928 ], [ 118.008917535000023, -35.091600907999975 ], [ 118.009143440000116, -35.091636090999941 ], [ 118.00946043700003, -35.09174464299997 ], [ 118.009551530000067, -35.091818011999976 ], [ 118.010005625000076, -35.092073676999973 ], [ 118.010323082000014, -35.092219286999978 ], [ 118.010505728000112, -35.092403083999955 ], [ 118.01077809700007, -35.092549068999972 ], [ 118.011004462000074, -35.092621308999981 ], [ 118.01113973300005, -35.092620180999972 ], [ 118.011230828000066, -35.092693547999943 ], [ 118.011865753000052, -35.092984761999958 ], [ 118.012274313000034, -35.093203733999928 ], [ 118.012365869000064, -35.093314161999956 ], [ 118.012638703000107, -35.09349720299997 ], [ 118.012685168000075, -35.093608006999943 ], [ 118.012959380000098, -35.093902227999934 ], [ 118.012960755000108, -35.094013407999967 ], [ 118.013052312000013, -35.094123835999937 ], [ 118.013191253000059, -35.094419185999982 ], [ 118.013192629000059, -35.094530365999958 ], [ 118.013240012000097, -35.094715290999943 ], [ 118.013649962000045, -35.095045438999932 ], [ 118.013695971000061, -35.095119182999952 ], [ 118.013877713000056, -35.095228854999959 ], [ 118.013922805000107, -35.095228477999967 ], [ 118.014198403000023, -35.095633875999965 ], [ 118.014470329, -35.095742792999943 ], [ 118.014605605000042, -35.095741659999931 ], [ 118.014607442000056, -35.095889901999954 ], [ 118.014473085000077, -35.095965153999941 ], [ 118.014293176000024, -35.096003723999956 ], [ 118.01415790100009, -35.096004855999979 ], [ 118.014023085000076, -35.096043047999956 ], [ 118.013980288000084, -35.096228725999936 ], [ 118.013981206000039, -35.096302845999958 ], [ 118.014345615000025, -35.096596309999939 ], [ 118.014437635000036, -35.096743796999931 ], [ 118.014778717000013, -35.097018468999977 ], [ 118.014938245000053, -35.097110245999943 ], [ 118.01526474800005, -35.097255767999968 ], [ 118.015300822000086, -35.097255464999932 ], [ 118.015346374000046, -35.097292147999951 ], [ 118.015485329000057, -35.09758749599996 ], [ 118.015489007000042, -35.09788397899996 ], [ 118.016463361000092, -35.099482661999957 ], [ 118.017326473000026, -35.099866512999938 ], [ 118.01794277700003, -35.100346679999973 ], [ 118.01714078200007, -35.100894743999959 ], [ 118.016268028000013, -35.100848786999961 ], [ 118.016248215000019, -35.100916864999931 ], [ 118.016249136000056, -35.100990984999953 ], [ 118.016295610000043, -35.101101786999948 ], [ 118.016297450000025, -35.101250027999981 ], [ 118.016209101000072, -35.101399024999978 ], [ 118.016074738000043, -35.101474278999945 ], [ 118.015894818000106, -35.101512850999939 ], [ 118.015804628000069, -35.101513605999969 ], [ 118.01548988400009, -35.101590370999929 ], [ 118.01540107400001, -35.101702306999982 ], [ 118.015222073000018, -35.101814997999952 ], [ 118.015085554000052, -35.101853670999958 ], [ 118.015148772000089, -35.102303306999943 ], [ 118.016076266000027, -35.103225821999956 ], [ 118.017693747000067, -35.104429415999959 ], [ 118.019778971000051, -35.105525928999953 ], [ 118.019574917000114, -35.10635128399997 ], [ 118.01971435400003, -35.10708972499998 ], [ 118.020263240000077, -35.107668170999943 ], [ 118.021072847000028, -35.108004695999966 ], [ 118.020306067000092, -35.108478428999945 ], [ 118.017742209000062, -35.108170690999941 ], [ 118.016898960000049, -35.107377981999946 ], [ 118.015212317000078, -35.106803155999955 ], [ 118.013794331000099, -35.10484979499995 ], [ 118.014082292000012, -35.104463245999966 ], [ 118.014082203000044, -35.104456074999973 ], [ 118.01417101800007, -35.104344140999956 ], [ 118.012224502000095, -35.103370199999972 ], [ 118.011753732000102, -35.103527638999935 ], [ 118.011612597000067, -35.103825 ], [ 118.011425520000103, -35.103867813999955 ], [ 118.01132197700008, -35.103723166999941 ], [ 118.011322158000098, -35.103737852999984 ], [ 118.011096220000013, -35.10370267299993 ], [ 118.010959558000081, -35.103592621999951 ], [ 118.010869367000055, -35.103593373999956 ], [ 118.01068989700002, -35.103668996999943 ], [ 118.010600621000094, -35.10374386999996 ], [ 118.010420236000073, -35.103745372999981 ], [ 118.010284491000107, -35.103709440999978 ], [ 118.010102276000111, -35.103562702999966 ], [ 118.009919149000098, -35.103341846999967 ], [ 118.009872680000058, -35.103231042999937 ], [ 118.009735564000039, -35.103083929999968 ], [ 118.009733735000054, -35.102935688999935 ], [ 118.009687267000118, -35.102824884999961 ], [ 118.009591591000117, -35.102380916999948 ], [ 118.009544667000114, -35.102233051999974 ], [ 118.009542381000074, -35.102047751999976 ], [ 118.009676296000066, -35.101935443999935 ], [ 118.009764657, -35.101786451999942 ], [ 118.009758255000065, -35.101267611999958 ], [ 118.009484030000067, -35.100973385999964 ], [ 118.009347375000061, -35.10086333299995 ], [ 118.008983877000105, -35.100643977999937 ], [ 118.008167155000024, -35.10024307499998 ], [ 118.008075140000074, -35.100095584999963 ], [ 118.007757200000015, -35.099912909999944 ], [ 118.007574998000109, -35.099766168999963 ], [ 118.007393254000021, -35.099656489999973 ], [ 118.007301698000106, -35.09954605799993 ], [ 118.007119498000066, -35.09939931699995 ], [ 118.006982394000033, -35.099252200999956 ], [ 118.006572448000043, -35.098922031999962 ], [ 118.006436256000029, -35.098849033999954 ], [ 118.006344703000082, -35.098738602999958 ], [ 118.006253605000097, -35.098665230999984 ], [ 118.006207601000028, -35.098591485999975 ], [ 118.006206235000036, -35.098480304999953 ], [ 118.00618277600006, -35.098406371999943 ], [ 118.004360154000096, -35.098245228999929 ], [ 118.002475661000062, -35.098016384999937 ], [ 118.002412491000086, -35.098029920999977 ], [ 118.002322304000018, -35.098030666999932 ], [ 118.001918280000041, -35.098182265999981 ], [ 118.00169281400008, -35.098184129999936 ], [ 118.001152147000084, -35.098225662999937 ], [ 117.99984444200004, -35.098236462999978 ], [ 117.9994832430001, -35.098202378999929 ], [ 117.999211779, -35.09813048999996 ], [ 117.998895674000096, -35.098096031999944 ], [ 117.998397841000042, -35.097951879999982 ], [ 117.996323554000014, -35.097968955999931 ], [ 117.996191483000075, -35.097926791999953 ], [ 117.995735891000095, -35.098015046999933 ], [ 117.995881187, -35.098676811999951 ], [ 117.995927182000059, -35.098750561999964 ], [ 117.995931238000026, -35.099084105999964 ], [ 117.995843305000108, -35.099270149999938 ], [ 117.995844207000118, -35.09934426999996 ], [ 117.995799113000089, -35.099344640999959 ], [ 117.995799563000105, -35.09938170099997 ], [ 117.995709826000052, -35.099419502999979 ], [ 117.995398222000063, -35.099755641999934 ], [ 117.995086166000078, -35.100054716999978 ], [ 117.995087068000089, -35.100128837999932 ], [ 117.994906691000097, -35.100130318999959 ], [ 117.994366464000109, -35.100208883999983 ], [ 117.994050806000018, -35.100211474999981 ], [ 117.993688254000062, -35.100066194999954 ], [ 117.993323905000011, -35.099772670999982 ], [ 117.993002405000084, -35.099293472999932 ], [ 117.992863529000033, -35.098998097999981 ], [ 117.992771993000019, -35.098887654999942 ], [ 117.992544729000088, -35.098741261999976 ], [ 117.992453195000053, -35.098630818999936 ], [ 117.992316568000092, -35.098520745999963 ], [ 117.992225035000047, -35.09841030299998 ], [ 117.992221441000083, -35.098113818999934 ], [ 117.992263389000072, -35.097854025999936 ], [ 117.992261144000054, -35.09766872299997 ], [ 117.992216051000014, -35.097669091999933 ], [ 117.992034783, -35.09759644899998 ], [ 117.992033885000069, -35.097522326999979 ], [ 117.991988792000029, -35.097522696999931 ], [ 117.991987445000063, -35.097411514999976 ], [ 117.992030741, -35.097262903999933 ], [ 117.99202265800011, -35.096595814999944 ], [ 117.991931575000081, -35.096522431999972 ], [ 117.991706115000056, -35.096524277999947 ], [ 117.991617277000046, -35.096636197999942 ], [ 117.991619073000038, -35.096784439999965 ], [ 117.991665961000081, -35.096932312999968 ], [ 117.991674490000037, -35.097636462999958 ], [ 117.991449026000055, -35.097638308999933 ], [ 117.991180265000025, -35.097788764999962 ], [ 117.991047230000049, -35.097975174999931 ], [ 117.99095749300011, -35.098012973999971 ], [ 117.990778915000078, -35.09816269199996 ], [ 117.990192707, -35.098167484999976 ], [ 117.989560508000068, -35.098098523999965 ], [ 117.988974300000109, -35.098103310999932 ], [ 117.988793480000027, -35.098067722999929 ], [ 117.985907529000087, -35.098091247999946 ], [ 117.985907083000029, -35.098054187999935 ], [ 117.980537458000072, -35.097801260999972 ], [ 117.978915425000082, -35.097925571999951 ], [ 117.978105952000078, -35.098117431999981 ], [ 117.977835832000096, -35.098156676999963 ], [ 117.977429986000061, -35.098159952999936 ], [ 117.9771134450001, -35.098088376999954 ], [ 117.976752251000107, -35.098054225999931 ], [ 117.976526781000075, -35.098056042999929 ], [ 117.976212009000051, -35.09813270899997 ], [ 117.975763720000032, -35.098358706999932 ], [ 117.975675300000034, -35.09850767599994 ], [ 117.97563153100009, -35.098619221999968 ], [ 117.975634624, -35.098878647999982 ], [ 117.975487933000068, -35.099315636999961 ], [ 117.975472634000084, -35.099875556999962 ], [ 117.975675533000071, -35.100307311999984 ], [ 117.975440094000078, -35.100832884999932 ], [ 117.974961252000071, -35.10121595399994 ], [ 117.975210674000095, -35.101864028999955 ], [ 117.975060318000033, -35.102154164999945 ], [ 117.973845034000078, -35.101586088999966 ], [ 117.97256599800005, -35.101199090999955 ], [ 117.97175650500003, -35.101494512999977 ], [ 117.970574568000075, -35.101883202999943 ], [ 117.969622697000091, -35.101521409999975 ], [ 117.969532066000056, -35.101485070999956 ], [ 117.969256664000113, -35.101079569999968 ], [ 117.969166033000079, -35.101043230999949 ], [ 117.968895460000113, -35.101045394999971 ], [ 117.968447572000059, -35.101308424999957 ], [ 117.968358256000101, -35.10138326699996 ], [ 117.968313161000083, -35.101383627999951 ], [ 117.967939320000028, -35.102012632999958 ], [ 117.967858267000111, -35.10259113099994 ], [ 117.967798758000072, -35.103133340999932 ], [ 117.967605924000054, -35.103550211999959 ], [ 117.96725756, -35.103651742999944 ], [ 117.967262392000066, -35.104060635999929 ], [ 117.96731099200008, -35.104356760999963 ], [ 117.967403816000115, -35.104578403999938 ], [ 117.967452418000107, -35.104874528999972 ], [ 117.967817215000082, -35.104940749999969 ], [ 117.967814077000071, -35.104945767999936 ], [ 117.967827663000094, -35.106094644999985 ], [ 117.967874951000113, -35.10627958699996 ], [ 117.967967779000105, -35.106501229999935 ], [ 117.96796865500005, -35.106575350999947 ], [ 117.968015508, -35.106723233999958 ], [ 117.968021206000117, -35.10720502099997 ], [ 117.967892045000099, -35.10772494899993 ], [ 117.967758939000078, -35.107911332999947 ], [ 117.967670931000043, -35.108097356999963 ], [ 117.967536947000099, -35.108209618999979 ], [ 117.967448939000064, -35.108395641999948 ], [ 117.967226944000117, -35.108693926999933 ], [ 117.96700626300003, -35.109103392999941 ], [ 117.966918691000046, -35.109326475999978 ], [ 117.966924821000021, -35.109845323999934 ], [ 117.966971235000074, -35.109956145999945 ], [ 117.967108289000066, -35.110103307999964 ], [ 117.967473036000115, -35.110433971999953 ], [ 117.967610091000097, -35.110581132999982 ], [ 117.967746270000021, -35.110654173999933 ], [ 117.967748024000116, -35.110802415999956 ], [ 117.967839979000019, -35.11094993699993 ], [ 117.968250712000099, -35.11135435999995 ], [ 117.968387331000031, -35.111464459999979 ], [ 117.968614154000079, -35.111573838999959 ], [ 117.968705672000056, -35.111684298999933 ], [ 117.96906823900008, -35.111829655999941 ], [ 117.969339726000044, -35.11190161199994 ], [ 117.969793377000087, -35.112120364999953 ], [ 117.970157265000012, -35.112376899999958 ], [ 117.970159022000075, -35.112525142999971 ], [ 117.970114799000044, -35.112599624999973 ], [ 117.969980811000028, -35.112711888999968 ], [ 117.969892365000078, -35.112860852999972 ], [ 117.969714592000059, -35.113084660999959 ], [ 117.969538575000115, -35.11345670999998 ], [ 117.969542966000063, -35.11382731499998 ], [ 117.969238223000048, -35.11475635499994 ], [ 117.968381266000051, -35.114763206999953 ], [ 117.968111524000051, -35.114839490999941 ], [ 117.96788600900004, -35.114841292999984 ], [ 117.967615828000021, -35.114880514999982 ], [ 117.967436293000105, -35.114956075999942 ], [ 117.967300983000086, -35.114957156999935 ], [ 117.967121009000039, -35.114995657999941 ], [ 117.967076343000031, -35.115033078999943 ], [ 117.966986575000078, -35.115070859999946 ], [ 117.966809663000049, -35.115368785999976 ], [ 117.966766310000025, -35.115517387999944 ], [ 117.966677416000039, -35.115629289999958 ], [ 117.966500502000031, -35.115927215999932 ], [ 117.966411607000055, -35.116039117999946 ], [ 117.966188274000046, -35.116226220999977 ], [ 117.96600917100011, -35.116338841999948 ], [ 117.965919838000104, -35.116413682999962 ], [ 117.965832253000031, -35.116636765999942 ], [ 117.965838812000015, -35.117192676999935 ], [ 117.965794144000029, -35.117230097999936 ], [ 117.96561503800001, -35.117342717999975 ], [ 117.96530236600006, -35.117604658999937 ], [ 117.965122821000023, -35.117680217999975 ], [ 117.964988381000012, -35.117755417999945 ], [ 117.964808399000049, -35.117793915999982 ], [ 117.964674395000088, -35.117906175999963 ], [ 117.964539953000099, -35.117981374999943 ], [ 117.964315302000045, -35.118057291999946 ], [ 117.964181733000032, -35.118206611999938 ], [ 117.963732428000071, -35.118358444999956 ], [ 117.963463542000113, -35.118508840999937 ], [ 117.963195091000102, -35.118696296999929 ], [ 117.962926203000052, -35.118846691999977 ], [ 117.962701112000104, -35.118885544999955 ], [ 117.962567104000073, -35.118997802999957 ], [ 117.962163333000035, -35.11918633199997 ], [ 117.961939982000104, -35.119373426999971 ], [ 117.961761737000074, -35.11956016299996 ], [ 117.961313727000061, -35.119823168999972 ], [ 117.96108950200005, -35.119936139999936 ], [ 117.960864843000081, -35.120012051999936 ], [ 117.96036867600003, -35.120015985999942 ], [ 117.960189122000088, -35.12009153799994 ], [ 117.960054673000059, -35.120166731999973 ], [ 117.95992065900009, -35.120278986999949 ], [ 117.959564589000024, -35.120689512999945 ], [ 117.959385902, -35.120839184999966 ], [ 117.959253189000037, -35.121062621999954 ], [ 117.959027655000114, -35.121064407999938 ], [ 117.958891902000119, -35.12102841799998 ], [ 117.958575721000102, -35.120993855999984 ], [ 117.957944228000088, -35.120998850999968 ], [ 117.957179584000073, -35.121190216999935 ], [ 117.957000024000081, -35.121265763999929 ], [ 117.956865136000033, -35.121303892999947 ], [ 117.956729816, -35.121304961999954 ], [ 117.95659622900007, -35.121454273999973 ], [ 117.956146460000014, -35.121569016999956 ], [ 117.955877117000114, -35.121682334999946 ], [ 117.955742661000045, -35.121757524999964 ], [ 117.955381805000115, -35.121760370999937 ], [ 117.955201810000062, -35.121798853999962 ], [ 117.954887358000065, -35.121912524999971 ], [ 117.954618445000051, -35.122062900999936 ], [ 117.954438448000019, -35.122101383999961 ], [ 117.954214208000053, -35.122214342999939 ], [ 117.953854646000082, -35.122328366999966 ], [ 117.953765728, -35.122440258999973 ], [ 117.953772208000032, -35.122996170999954 ], [ 117.954137824000099, -35.123400996999976 ], [ 117.954188551000016, -35.12388243099997 ], [ 117.953965603000029, -35.12410657199996 ], [ 117.953786898000089, -35.124256234999962 ], [ 117.953607760000068, -35.124368836999963 ], [ 117.953610352000055, -35.12459120099993 ], [ 117.953747406000048, -35.12473837899995 ], [ 117.953839783000035, -35.124922972999968 ], [ 117.953851883000084, -35.125960672999952 ], [ 117.953540438000118, -35.12633376499997 ], [ 117.95340640400002, -35.126446012999963 ], [ 117.953228557000102, -35.126669796999977 ], [ 117.953049846000113, -35.126819458999933 ], [ 117.952915380000036, -35.126894644999936 ], [ 117.95255795300011, -35.127193967999972 ], [ 117.952197505000072, -35.127233865999983 ], [ 117.951658773000077, -35.127460482999936 ], [ 117.95129875300006, -35.127537437999933 ], [ 117.946607289000099, -35.12757417399996 ], [ 117.946335342000111, -35.127465104999942 ] ] ] ] } },
{ "type": "Feature", "properties": { "id": 99131, "poly_area": 1.22452142, "capture_sc": "10000", "orthophoto": "ALBANY FEB 2016", "comments": "NATIVE VEGETATION", "st_area_sh": 1.210302705e-06, "st_perimet": 0.0062167429531790001 }, "geometry": { "type": "MultiPolygon", "coordinates": [ [ [ [ 117.901647535000052, -35.082141066999952 ], [ 117.901796975000025, -35.082192402999965 ], [ 117.902314674000081, -35.08285288999997 ], [ 117.902492327000118, -35.083016766999947 ], [ 117.902231237000024, -35.083362836999981 ], [ 117.902070429000105, -35.083256667999933 ], [ 117.902066227000091, -35.082874954999966 ], [ 117.901803842000049, -35.082769540999948 ], [ 117.901588535000087, -35.082985873999974 ], [ 117.901737586000081, -35.083342650999953 ], [ 117.901638633000061, -35.083581976999938 ], [ 117.901233755000021, -35.083716211999956 ], [ 117.9009422150001, -35.083599083999957 ], [ 117.900965203000055, -35.083050154999967 ], [ 117.901310721000073, -35.082797066999944 ], [ 117.901323264000098, -35.082618031999971 ], [ 117.90120481200006, -35.082404180999958 ], [ 117.901261676000104, -35.082296392999979 ], [ 117.901498096000068, -35.08208972999995 ], [ 117.901647535000052, -35.082141066999952 ] ] ] ] } },
{ "type": "Feature", "properties": { "id": 99132, "poly_area": 0.13404783, "capture_sc": "10000", "orthophoto": "ALBANY FEB 2016", "comments": "NATIVE VEGETATION", "st_area_sh": 1.32514055e-07, "st_perimet": 0.0024502786159559999 }, "geometry": { "type": "MultiPolygon", "coordinates": [ [ [ [ 117.959745538000107, -35.095720942999947 ], [ 117.959858842000017, -35.09559425599997 ], [ 117.960058599000035, -35.095661856999982 ], [ 117.960709296000118, -35.095681853999963 ], [ 117.960855786000025, -35.095775033999985 ], [ 117.96044965100009, -35.095727939999961 ], [ 117.960352242000113, -35.095904816999962 ], [ 117.960044990000029, -35.095806621999941 ], [ 117.959745538000107, -35.095720942999947 ] ] ] ] } },
{ "type": "Feature", "properties": { "id": 99133, "poly_area": 0.23012242, "capture_sc": "10000", "orthophoto": "ALBANY FEB 2016", "comments": "NATIVE VEGETATION", "st_area_sh": 2.27496066e-07, "st_perimet": 0.0023709561795350002 }, "geometry": { "type": "MultiPolygon", "coordinates": [ [ [ [ 117.962115277000066, -35.098110993999967 ], [ 117.962399214000015, -35.098177920999944 ], [ 117.962957812000013, -35.098173481999936 ], [ 117.962999768000032, -35.098487619999958 ], [ 117.962917592000053, -35.098658086999933 ], [ 117.96273364700005, -35.098634392999941 ], [ 117.962500760000012, -35.098353217999943 ], [ 117.962270090000061, -35.098260709999977 ], [ 117.962115277000066, -35.098110993999967 ] ] ] ] } },
{ "type": "Feature", "properties": { "id": 99134, "poly_area": 0.52815685, "capture_sc": "10000", "orthophoto": "ALBANY FEB 2016", "comments": "NATIVE VEGETATION", "st_area_sh": 5.22107768e-07, "st_perimet": 0.005818954258966 }, "geometry": { "type": "MultiPolygon", "coordinates": [ [ [ [ 117.962397311000018, -35.095410584999968 ], [ 117.961638310000012, -35.095290825999939 ], [ 117.961505795000107, -35.095084326999938 ], [ 117.96232696800007, -35.095285355999977 ], [ 117.962717060000045, -35.095269676999976 ], [ 117.962812541000062, -35.094929287999946 ], [ 117.963344315000086, -35.094598007999934 ], [ 117.963532205000092, -35.094307199999946 ], [ 117.963761754000075, -35.094305372999941 ], [ 117.963650234000056, -35.094582995999929 ], [ 117.963376401, -35.09472354199994 ], [ 117.963400318000026, -35.094805113999939 ], [ 117.963454842000033, -35.09488644299995 ], [ 117.963371633000065, -35.094968866999977 ], [ 117.963228321000088, -35.095146111999952 ], [ 117.962954485000068, -35.095286657999964 ], [ 117.962397311000018, -35.095410584999968 ] ] ] ] } },
{ "type": "Feature", "properties": { "id": 99135, "poly_area": 0.33598245, "capture_sc": "10000", "orthophoto": "ALBANY FEB 2016", "comments": "NATIVE VEGETATION", "st_area_sh": 3.32148555e-07, "st_perimet": 0.0034198616727089998 }, "geometry": { "type": "MultiPolygon", "coordinates": [ [ [ [ 117.961763211000061, -35.098107500999959 ], [ 117.962171944000033, -35.098374699999965 ], [ 117.962220515000013, -35.098600733999945 ], [ 117.962513067000032, -35.098749354999939 ], [ 117.962773459000118, -35.098766153999975 ], [ 117.962715495000111, -35.099043349999931 ], [ 117.962585558000114, -35.099056960999974 ], [ 117.961983523000072, -35.098621484999967 ], [ 117.961763534000056, -35.098786756999971 ], [ 117.961763211000061, -35.098107500999959 ] ] ] ] } },
{ "type": "Feature", "properties": { "id": 99136, "poly_area": 0.58725788, "capture_sc": "10000", "orthophoto": "ALBANY FEB 2016", "comments": "NATIVE VEGETATION", "st_area_sh": 5.80550812e-07, "st_perimet": 0.0057008007581059996 }, "geometry": { "type": "MultiPolygon", "coordinates": [ [ [ [ 117.961752974000092, -35.097887451999952 ], [ 117.961723520000078, -35.097334215999979 ], [ 117.962328171000081, -35.097341990999951 ], [ 117.962321776000067, -35.097448962999977 ], [ 117.962053809000054, -35.097438512999929 ], [ 117.961978471000066, -35.097539741999981 ], [ 117.962026082000079, -35.097684021999953 ], [ 117.962424206000037, -35.097699725999973 ], [ 117.962583050000035, -35.097541227999955 ], [ 117.962497032000101, -35.097384675999933 ], [ 117.962802518000103, -35.097331931999975 ], [ 117.962829725, -35.097042401999943 ], [ 117.962938257000019, -35.097161037999967 ], [ 117.962902843000052, -35.098054419999983 ], [ 117.962627371000053, -35.098056608999968 ], [ 117.962471966000066, -35.097856581999963 ], [ 117.96207361900008, -35.097822010999948 ], [ 117.962037575000068, -35.09801097999997 ], [ 117.96183751500007, -35.097918227999969 ], [ 117.961752974000092, -35.097887451999952 ] ] ] ] } },
{ "type": "Feature", "properties": { "id": 99137, "poly_area": 0.28839588, "capture_sc": "10000", "orthophoto": "ALBANY FEB 2016", "comments": "NATIVE VEGETATION", "st_area_sh": 2.85096981e-07, "st_perimet": 0.0023608553530649998 }, "geometry": { "type": "MultiPolygon", "coordinates": [ [ [ [ 117.961731044000089, -35.096019663999982 ], [ 117.961859501000049, -35.095880275999946 ], [ 117.962097224000104, -35.095922413999972 ], [ 117.962305227000115, -35.096040260999985 ], [ 117.962315168000032, -35.096235154999931 ], [ 117.962293321000061, -35.096329668999942 ], [ 117.961926328000118, -35.096357742999942 ], [ 117.961868584000058, -35.09665380399997 ], [ 117.961745711000049, -35.09661704399997 ], [ 117.961712962000092, -35.09643491099996 ], [ 117.961731044000089, -35.096019663999982 ] ] ] ] } },
{ "type": "Feature", "properties": { "id": 99141, "poly_area": 0.21878012, "capture_sc": "10000", "orthophoto": "ALBANY FEB 2016", "comments": "NATIVE VEGETATION", "st_area_sh": 2.16277772e-07, "st_perimet": 0.0018481879198410001 }, "geometry": { "type": "MultiPolygon", "coordinates": [ [ [ [ 117.959392459000014, -35.096283500999959 ], [ 117.959641876000092, -35.096017367999934 ], [ 117.959863484000039, -35.095990453999946 ], [ 117.960018511000044, -35.096159040999964 ], [ 117.960007482000037, -35.096523914999977 ], [ 117.959623635000071, -35.096420036999973 ], [ 117.959392459000014, -35.096283500999959 ] ] ] ] } },
{ "type": "Feature", "properties": { "id": 99142, "poly_area": 0.23175373, "capture_sc": "10000", "orthophoto": "ALBANY FEB 2016", "comments": "NATIVE VEGETATION", "st_area_sh": 2.29104182e-07, "st_perimet": 0.002734303101445 }, "geometry": { "type": "MultiPolygon", "coordinates": [ [ [ [ 117.957980618000079, -35.096615437999958 ], [ 117.958162424000079, -35.096456763999981 ], [ 117.958121443000095, -35.096224379999967 ], [ 117.958353500000044, -35.096436383999958 ], [ 117.958209218000093, -35.096531866999953 ], [ 117.958328999000059, -35.096958600999983 ], [ 117.957982013000105, -35.097389027999952 ], [ 117.957980618000079, -35.096615437999958 ] ] ] ] } },
{ "type": "Feature", "properties": { "id": 99143, "poly_area": 29.83517974, "capture_sc": "10000", "orthophoto": "ALBANY FEB 2016", "comments": "NATIVE VEGETATION", "st_area_sh": 2.9494192989e-05, "st_perimet": 0.027484838279662999 }, "geometry": { "type": "MultiPolygon", "coordinates": [ [ [ [ 117.956938108000031, -35.099045366999974 ], [ 117.955389140000079, -35.098925454999971 ], [ 117.953175648000069, -35.098695131999932 ], [ 117.951202749000117, -35.098413324999967 ], [ 117.949954286000093, -35.098208393999982 ], [ 117.948184490000017, -35.098106623999968 ], [ 117.947185377000096, -35.098292727999933 ], [ 117.947563706000096, -35.097659266999983 ], [ 117.949745399000108, -35.094427874999951 ], [ 117.950739670000075, -35.094907641999953 ], [ 117.952660035, -35.095669043999976 ], [ 117.954267179000112, -35.095945318999952 ], [ 117.956465826000112, -35.096072438999954 ], [ 117.957683454000062, -35.09611794999995 ], [ 117.957653624000045, -35.096168183999964 ], [ 117.957608530000016, -35.09616854099994 ], [ 117.957609831000013, -35.096279722999952 ], [ 117.957655790000103, -35.096353488999966 ], [ 117.957745977000059, -35.096352774999957 ], [ 117.957750176000104, -35.096424456999955 ], [ 117.957863560000078, -35.096421391999968 ], [ 117.957977013000118, -35.096307283999977 ], [ 117.958025205000013, -35.096501875999934 ], [ 117.957759282000097, -35.096579891999966 ], [ 117.957785582000042, -35.097028872999942 ], [ 117.957824863000042, -35.099253086999965 ], [ 117.956938108000031, -35.099045366999974 ] ] ] ] } },
{ "type": "Feature", "properties": { "id": 99144, "poly_area": 1.22767741, "capture_sc": "10000", "orthophoto": "ALBANY FEB 2016", "comments": "NATIVE VEGETATION", "st_area_sh": 1.213666459e-06, "st_perimet": 0.0078436753584989992 }, "geometry": { "type": "MultiPolygon", "coordinates": [ [ [ [ 117.960980888000108, -35.098871796999958 ], [ 117.961543428000027, -35.098982644999978 ], [ 117.961537220000082, -35.099065288999952 ], [ 117.95805477600004, -35.099029994999967 ], [ 117.957952313000078, -35.099013993999961 ], [ 117.957956330000115, -35.098464723999939 ], [ 117.960980888000108, -35.098871796999958 ] ] ] ] } },
{ "type": "Feature", "properties": { "id": 99145, "poly_area": 3.94273542, "capture_sc": "10000", "orthophoto": "ALBANY FEB 2016", "comments": "NATIVE VEGETATION", "st_area_sh": 3.897783251e-06, "st_perimet": 0.012390025218774 }, "geometry": { "type": "MultiPolygon", "coordinates": [ [ [ [ 117.961998098000095, -35.09907078699996 ], [ 117.962693573000024, -35.099131575999934 ], [ 117.962841407000042, -35.09910158699995 ], [ 117.962865062000105, -35.09874655699997 ], [ 117.963033482000014, -35.098751507999964 ], [ 117.963075809000088, -35.09909708999993 ], [ 117.963074510000069, -35.099591359999977 ], [ 117.962882089000118, -35.100319665999962 ], [ 117.962644231000013, -35.100602356999957 ], [ 117.961230861000104, -35.100051984999936 ], [ 117.957950441000094, -35.099269818999971 ], [ 117.957951220000041, -35.099163494999971 ], [ 117.961148070000036, -35.099162719999981 ], [ 117.961753030000068, -35.099136535999946 ], [ 117.961998098000095, -35.09907078699996 ] ] ] ] } },
{ "type": "Feature", "properties": { "id": 99146, "poly_area": 18.02504786, "capture_sc": "10000", "orthophoto": "ALBANY FEB 2016", "comments": "NATIVE VEGETATION", "st_area_sh": 1.781834479e-05, "st_perimet": 0.028167578067265001 }, "geometry": { "type": "MultiPolygon", "coordinates": [ [ [ [ 117.957079289000035, -35.095923127999981 ], [ 117.955540153000015, -35.095826933999945 ], [ 117.953384190000065, -35.095591113999944 ], [ 117.952128148000043, -35.095275950999962 ], [ 117.950471428000014, -35.094512471999963 ], [ 117.949940188000028, -35.09417353799995 ], [ 117.949882916000092, -35.094049430999974 ], [ 117.950007068000104, -35.094004543999972 ], [ 117.950095962000091, -35.093892653999944 ], [ 117.950089085000059, -35.093299676999948 ], [ 117.950535702000025, -35.092925526999977 ], [ 117.95071477800002, -35.092812928999933 ], [ 117.950803670000028, -35.092701037999973 ], [ 117.950799798000048, -35.092367487999979 ], [ 117.950168521000023, -35.092372441999942 ], [ 117.950167661000023, -35.092298319999941 ], [ 117.950076619000015, -35.092224905999956 ], [ 117.950069312000096, -35.091594866999969 ], [ 117.950022932000024, -35.091484037999976 ], [ 117.949976982000067, -35.091410268999937 ], [ 117.949931462000109, -35.091373561999944 ], [ 117.949930603000098, -35.091299439999943 ], [ 117.949885083000026, -35.091262731999961 ], [ 117.949838703000069, -35.091151901999979 ], [ 117.949746804000029, -35.091004363999957 ], [ 117.949655335000102, -35.090893886999936 ], [ 117.949643737000088, -35.089893236999956 ], [ 117.949687537000045, -35.089781700999936 ], [ 117.950047822000101, -35.089741814999968 ], [ 117.950318361000086, -35.089739691999966 ], [ 117.950454920000084, -35.089849812999944 ], [ 117.950545530000113, -35.089886166999975 ], [ 117.950637, -35.08999664199996 ], [ 117.950637860000029, -35.09007076499995 ], [ 117.950774420000016, -35.090180885999985 ], [ 117.951003742000012, -35.090512664999949 ], [ 117.95109478300003, -35.090586078999934 ], [ 117.95109564400002, -35.090660201999981 ], [ 117.951323678000108, -35.090880795999965 ], [ 117.951415580000116, -35.09102833299994 ], [ 117.951552143000072, -35.091138452999928 ], [ 117.951689567000017, -35.091322695999963 ], [ 117.951736380000057, -35.091470584999968 ], [ 117.951873806000094, -35.091654826999957 ], [ 117.95192018900002, -35.09176565599995 ], [ 117.951922342000103, -35.091950960999952 ], [ 117.9520138150001, -35.092061435999938 ], [ 117.952015969000058, -35.09224674099994 ], [ 117.952107875000024, -35.092394275999936 ], [ 117.952109598000106, -35.092542519999938 ], [ 117.952156412000022, -35.092690409999932 ], [ 117.952247026, -35.092726761999984 ], [ 117.952338501000099, -35.09283723599998 ], [ 117.952520159000073, -35.092947 ], [ 117.952701388000037, -35.093019703999971 ], [ 117.952883479000093, -35.093166528999973 ], [ 117.953109799000117, -35.093238876999976 ], [ 117.953472689000023, -35.093421342999932 ], [ 117.953836013000114, -35.093640867999966 ], [ 117.957393545000059, -35.095393395999963 ], [ 117.957866950000039, -35.095402475999947 ], [ 117.958774934000076, -35.095175160999929 ], [ 117.9589179620001, -35.094972765999955 ], [ 117.959113820000084, -35.095361160999971 ], [ 117.959031565000032, -35.095525337999959 ], [ 117.959015641000065, -35.09553032499997 ], [ 117.95883754700003, -35.095294163999938 ], [ 117.958364756000037, -35.095436273999951 ], [ 117.958446249000076, -35.095744406999984 ], [ 117.958191708000072, -35.095904477999966 ], [ 117.958056428000077, -35.095905547999962 ], [ 117.958009967000066, -35.095931537999945 ], [ 117.957079289000035, -35.095923127999981 ] ] ] ] } },
{ "type": "Feature", "properties": { "id": 99147, "poly_area": 0.58960574, "capture_sc": "10000", "orthophoto": "ALBANY FEB 2016", "comments": "NATIVE VEGETATION", "st_area_sh": 5.82776794e-07, "st_perimet": 0.005398145256651 }, "geometry": { "type": "MultiPolygon", "coordinates": [ [ [ [ 117.930009677000044, -35.084274016999984 ], [ 117.930580784000085, -35.084327530999929 ], [ 117.930779818000019, -35.084488108999949 ], [ 117.931174792000093, -35.085156661999974 ], [ 117.930078961000049, -35.085414022999942 ], [ 117.929960497000025, -35.084905452999976 ], [ 117.930343626000081, -35.085151462999931 ], [ 117.93077810200009, -35.084957073999931 ], [ 117.930635671000118, -35.084819218999939 ], [ 117.930612110000084, -35.084605187999955 ], [ 117.930266430000074, -35.084555734999981 ], [ 117.929968341000063, -35.08435538699996 ], [ 117.930009677000044, -35.084274016999984 ] ] ] ] } },
{ "type": "Feature", "properties": { "id": 99148, "poly_area": 365.43581151999996, "capture_sc": "10000", "orthophoto": "ALBANY FEB 2016", "comments": "NATIVE VEGETATION", "st_area_sh": 0.00036112410239500002, "st_perimet": 0.33099688712838199 }, "geometry": { "type": "MultiPolygon", "coordinates": [ [ [ [ 117.925871678000021, -35.086931782999955 ], [ 117.925121905000083, -35.086971765999976 ], [ 117.925380585000084, -35.087421443999972 ], [ 117.924388493000038, -35.087658980999947 ], [ 117.924355156000047, -35.087354464999976 ], [ 117.924331227000039, -35.08708057399997 ], [ 117.924117442000011, -35.086602573999983 ], [ 117.923717663000048, -35.086263027999962 ], [ 117.923408959000085, -35.086607970999978 ], [ 117.923113514000079, -35.08675158799997 ], [ 117.922917639000048, -35.086475789999952 ], [ 117.922744168, -35.086536756999976 ], [ 117.922151864000057, -35.086779854999975 ], [ 117.921919136000042, -35.086733906999939 ], [ 117.921602153000094, -35.086939117999975 ], [ 117.921622012000057, -35.087147697999967 ], [ 117.921565443000077, -35.08721886099994 ], [ 117.921430178000037, -35.087219888999982 ], [ 117.921384673000034, -35.087183170999936 ], [ 117.921382173000097, -35.086960801999965 ], [ 117.921515771000031, -35.086811527999942 ], [ 117.921650201000034, -35.086736376999966 ], [ 117.921649368000089, -35.086662253999975 ], [ 117.921603863000087, -35.086625534999939 ], [ 117.921422678000113, -35.086552783999934 ], [ 117.921332502000041, -35.086553468999966 ], [ 117.921330032000014, -35.086333798999931 ], [ 117.921131066000044, -35.086346220999928 ], [ 117.920802423000055, -35.085513650999928 ], [ 117.92046503600011, -35.085194114999979 ], [ 117.920316838000076, -35.084920860999944 ], [ 117.920650740000042, -35.08493025599995 ], [ 117.920864505000054, -35.085033568999961 ], [ 117.92086413100003, -35.085000312999966 ], [ 117.920954306000112, -35.084999627999935 ], [ 117.921000226000046, -35.08507340999995 ], [ 117.921090817000049, -35.085109785999975 ], [ 117.921136529000023, -35.085165035999978 ], [ 117.92118224, -35.085220284999934 ], [ 117.921272416000079, -35.085219599999959 ], [ 117.921451931000092, -35.085144106999962 ], [ 117.921677368000019, -35.085142392999956 ], [ 117.921723288000067, -35.085216172999935 ], [ 117.921813879000069, -35.085252548999961 ], [ 117.921905305000109, -35.08536304699993 ], [ 117.921906139000043, -35.085437170999967 ], [ 117.921951226000033, -35.085436827999956 ], [ 117.921952476000115, -35.085548011999947 ], [ 117.9221336600001, -35.085620762999952 ], [ 117.922359098000015, -35.085619047999955 ], [ 117.922448856000074, -35.085581300999934 ], [ 117.922944818000019, -35.085577526999941 ], [ 117.922990323000022, -35.085614244999931 ], [ 117.923621548000028, -35.085609438999938 ], [ 117.923711305000097, -35.085571690999984 ], [ 117.923702115000083, -35.084756338999966 ], [ 117.923746366000046, -35.084681872999965 ], [ 117.923971801000107, -35.084680155999934 ], [ 117.924106645000052, -35.084642063999979 ], [ 117.924240651000105, -35.084529848999978 ], [ 117.924375075000057, -35.084454694999977 ], [ 117.924373403000118, -35.084306449999929 ], [ 117.924461904000054, -35.084157516999937 ], [ 117.924505737000118, -35.084045988999947 ], [ 117.924504901000091, -35.083971865999956 ], [ 117.924008948000051, -35.083975645999942 ], [ 117.923874107000074, -35.084013738999943 ], [ 117.923783934000085, -35.084014425999953 ], [ 117.923694179000108, -35.084052173999964 ], [ 117.923378572000047, -35.08405457799995 ], [ 117.923199061000105, -35.084130073999972 ], [ 117.923154808000049, -35.084204539999973 ], [ 117.923159818000045, -35.084649275999936 ], [ 117.923116402, -35.084797864999985 ], [ 117.923072150000053, -35.084872330999929 ], [ 117.923076741000045, -35.085280006999938 ], [ 117.922761130000026, -35.085282408999944 ], [ 117.922534025000118, -35.08513587799996 ], [ 117.922532773000057, -35.085024693999969 ], [ 117.922442181000065, -35.084988318999933 ], [ 117.922351173000038, -35.084914880999975 ], [ 117.922260999000059, -35.084915566999939 ], [ 117.922215077000033, -35.084841787999949 ], [ 117.922169990000043, -35.084842130999959 ], [ 117.922160078000047, -35.084814582999968 ], [ 117.921667627000033, -35.085017966999942 ], [ 117.921492817000058, -35.084959647999938 ], [ 117.922057381000059, -35.08449418899994 ], [ 117.92198505600004, -35.084435827999982 ], [ 117.921892797000055, -35.084251205999976 ], [ 117.921385193000106, -35.084143002999951 ], [ 117.92061999200007, -35.084183781999968 ], [ 117.920447897000031, -35.084010261999936 ], [ 117.920446326000047, -35.083870413999932 ], [ 117.920403793000105, -35.083870736999984 ], [ 117.920190344000048, -35.083802426999966 ], [ 117.920020213000043, -35.083803716999967 ], [ 117.919935933000033, -35.083874287999947 ], [ 117.919937896000079, -35.084049098999969 ], [ 117.919735398000057, -35.084050635999972 ], [ 117.919671367000092, -35.084305425999958 ], [ 117.920035626000072, -35.084433886999932 ], [ 117.920572554000046, -35.08442981099995 ], [ 117.920847201000015, -35.084332288999974 ], [ 117.921109347000083, -35.08441380499994 ], [ 117.920924182000022, -35.084725377999973 ], [ 117.920242271, -35.084742484999936 ], [ 117.920144439000069, -35.085077253999941 ], [ 117.919910244000107, -35.084900087999983 ], [ 117.919600550000041, -35.084461046999934 ], [ 117.919420658000035, -35.083949442999938 ], [ 117.919199375000062, -35.083629023999947 ], [ 117.919462191000093, -35.083353404999968 ], [ 117.919724298, -35.083244312999966 ], [ 117.920673295000029, -35.082667559999948 ], [ 117.921958789000087, -35.08210096199997 ], [ 117.922718151000026, -35.081465088999948 ], [ 117.92363763100002, -35.081140348999952 ], [ 117.924874392000106, -35.080480059999957 ], [ 117.925572546000012, -35.078271925999957 ], [ 117.926793656000086, -35.077178676999949 ], [ 117.932908360000056, -35.080033895999975 ], [ 117.933884971000111, -35.079886516999977 ], [ 117.934181490000014, -35.07977933799998 ], [ 117.934223223000117, -35.07970908599998 ], [ 117.934307885000067, -35.079673467999953 ], [ 117.934307487000069, -35.079638505999981 ], [ 117.934392149000018, -35.079602887999954 ], [ 117.934391750000032, -35.079567925999982 ], [ 117.934476413000084, -35.079532308999944 ], [ 117.9344756160001, -35.079462384999943 ], [ 117.934560676000046, -35.079461727999956 ], [ 117.934602808000022, -35.079426438999974 ], [ 117.934687470000085, -35.079390820999947 ], [ 117.934857591000082, -35.079389509999942 ], [ 117.934899722000068, -35.079354219999971 ], [ 117.934984784000108, -35.079353563999973 ], [ 117.935069045000091, -35.079282983999974 ], [ 117.935066653000035, -35.079073210999979 ], [ 117.934727209000016, -35.079145757999981 ], [ 117.933967642000084, -35.079676089999964 ], [ 117.933668734000094, -35.079573495999966 ], [ 117.933118227000023, -35.079787524999972 ], [ 117.926834209000049, -35.077003540999954 ], [ 117.92729926100003, -35.076755228999957 ], [ 117.927425661000029, -35.076649366999959 ], [ 117.927794722000044, -35.075652402999935 ], [ 117.929035158000033, -35.072301358999937 ], [ 117.92949542100007, -35.071633492999979 ], [ 117.929450231000033, -35.067647800999964 ], [ 117.930832886000076, -35.065819001999955 ], [ 117.932631153000102, -35.063147825999977 ], [ 117.933772072000011, -35.062509672999965 ], [ 117.934236222000095, -35.062191411999947 ], [ 117.934444445000054, -35.061805189999973 ], [ 117.935422028000062, -35.061762688999977 ], [ 117.935885767000059, -35.061409459999936 ], [ 117.935797133000051, -35.061095455999975 ], [ 117.934941539000079, -35.060647504999963 ], [ 117.931660712000053, -35.060078340999951 ], [ 117.930721697000081, -35.059770862999983 ], [ 117.930033446000039, -35.059076835999974 ], [ 117.929221612000106, -35.058733405999931 ], [ 117.927346010000065, -35.058328176999964 ], [ 117.926239324000107, -35.058231736999971 ], [ 117.926445997000087, -35.057705677999934 ], [ 117.926699531000054, -35.057563878999929 ], [ 117.926653061000025, -35.057214580999982 ], [ 117.926228270000024, -35.057252790999939 ], [ 117.926111767000066, -35.05823271099996 ], [ 117.925513736000084, -35.057992517999935 ], [ 117.924270438, -35.05709289899994 ], [ 117.923243694, -35.056541271999947 ], [ 117.922435845000109, -35.05654741799998 ], [ 117.921802785000068, -35.05697181499994 ], [ 117.92154649500003, -35.056868865999945 ], [ 117.921541782000077, -35.056449317999977 ], [ 117.920862665000072, -35.056559370999935 ], [ 117.920698478000077, -35.057085097999959 ], [ 117.919635509000045, -35.057093162999934 ], [ 117.91874418000009, -35.057239783999933 ], [ 117.917761160000055, -35.056792679999944 ], [ 117.916773460000059, -35.05592601799998 ], [ 117.914967795000052, -35.054156427999942 ], [ 117.914450955, -35.053565917999947 ], [ 117.914831658000026, -35.053388219999931 ], [ 117.914915131000043, -35.053247727999974 ], [ 117.914912399000059, -35.053002991999961 ], [ 117.914826975000096, -35.052968671999963 ], [ 117.914784068000017, -35.05293402999996 ], [ 117.914316383000028, -35.05293755799994 ], [ 117.91414514600001, -35.052833953999937 ], [ 117.914101460000097, -35.052729386999943 ], [ 117.91409990000011, -35.05258953699996 ], [ 117.913927105000084, -35.052346082999975 ], [ 117.913399544000072, -35.052350058999934 ], [ 117.913328365000098, -35.052247747999957 ], [ 117.912624027000106, -35.052777501999969 ], [ 117.912455280000017, -35.053243625999983 ], [ 117.912531331000082, -35.05356487499995 ], [ 117.912794341000108, -35.053753602999961 ], [ 117.912998048000077, -35.053823584999975 ], [ 117.91313875000003, -35.053785601999948 ], [ 117.913220297000066, -35.053784985999982 ], [ 117.913774191000016, -35.053885708999928 ], [ 117.914029293000112, -35.053883784999982 ], [ 117.914113938000014, -35.053848181999967 ], [ 117.914112379000017, -35.053708332999975 ], [ 117.914153726000109, -35.053603124999938 ], [ 117.914150996000103, -35.053358388999982 ], [ 117.914841024000111, -35.054227314999935 ], [ 117.917118688000073, -35.056377956999938 ], [ 117.918660708000061, -35.057380277999982 ], [ 117.920955160000062, -35.057223010999962 ], [ 117.921889393000015, -35.057111017999944 ], [ 117.92269331500006, -35.056755251999959 ], [ 117.92341770400003, -35.056889600999966 ], [ 117.926029097000082, -35.058443132999969 ], [ 117.928754293000111, -35.058771950999983 ], [ 117.929822830000035, -35.059253277999971 ], [ 117.930853226000067, -35.060119506999968 ], [ 117.935071891, -35.06089125799997 ], [ 117.935671567000099, -35.061271250999937 ], [ 117.935207030000015, -35.06155455499993 ], [ 117.934356215000093, -35.061526147999984 ], [ 117.933853531000068, -35.062194358999932 ], [ 117.932924031000084, -35.062725990999979 ], [ 117.932248059000017, -35.063115806999974 ], [ 117.931914244000041, -35.063677815999938 ], [ 117.929319487000043, -35.067369080999981 ], [ 117.929113208000103, -35.067930105999949 ], [ 117.929194566000092, -35.071356075999972 ], [ 117.927681085000017, -35.074827868999932 ], [ 117.927463399000089, -35.074740460999976 ], [ 117.927738195000074, -35.074199410999938 ], [ 117.928893058000085, -35.067267451999953 ], [ 117.928826371000014, -35.065135081999983 ], [ 117.928285617000029, -35.062446894999937 ], [ 117.92828522100001, -35.062411932999964 ], [ 117.928242304000037, -35.062377295999966 ], [ 117.927986383000075, -35.062309323999955 ], [ 117.927518649000035, -35.062312901999974 ], [ 117.927178082000069, -35.06228054099995 ], [ 117.927050123000072, -35.062246552999966 ], [ 117.926965080000059, -35.06224720299997 ], [ 117.926708766000047, -35.062144265999962 ], [ 117.92645166300008, -35.061971403999962 ], [ 117.926195352000036, -35.061868464999975 ], [ 117.926024872000085, -35.061834801999964 ], [ 117.925939829000072, -35.061835450999979 ], [ 117.925896519000048, -35.061765850999961 ], [ 117.92581068800007, -35.061696575999974 ], [ 117.925724461000073, -35.061592338999958 ], [ 117.925679572000035, -35.061382888999958 ], [ 117.925506332000054, -35.061104487999955 ], [ 117.925418529000012, -35.060860400999957 ], [ 117.925416950000113, -35.060720551999964 ], [ 117.925117729000021, -35.060582973999942 ], [ 117.924649215000045, -35.060516615999973 ], [ 117.924178732000087, -35.060275443999956 ], [ 117.924093691000053, -35.060276091999981 ], [ 117.923750379000012, -35.059998983999947 ], [ 117.923621243000071, -35.059860106999963 ], [ 117.923364547, -35.059722198999964 ], [ 117.923235413000043, -35.059583320999934 ], [ 117.923064152000052, -35.059479728999975 ], [ 117.922892499000113, -35.05934117299995 ], [ 117.92263541300008, -35.059168302999979 ], [ 117.92233580900006, -35.058995753999966 ], [ 117.922164158000101, -35.058857197999941 ], [ 117.921993294000117, -35.058788565999976 ], [ 117.921908255000062, -35.058789211999965 ], [ 117.921907468000086, -35.058719287999963 ], [ 117.921821251000097, -35.058615046999932 ], [ 117.921732283000097, -35.058266068999956 ], [ 117.921604332000015, -35.058232075999967 ], [ 117.921518509000066, -35.058162796999966 ], [ 117.921390950000045, -35.05816376599995 ], [ 117.921049619000087, -35.058061462999945 ], [ 117.920281135000096, -35.057787572999985 ], [ 117.9184102910001, -35.057801758999972 ], [ 117.916485598, -35.056802329999982 ], [ 117.915327058000116, -35.055867017999958 ], [ 117.915325889000087, -35.055762130999938 ], [ 117.915239292000024, -35.05562292299993 ], [ 117.914808262000065, -35.055101694999962 ], [ 117.914722446000042, -35.055032411999946 ], [ 117.914722056000073, -35.054997449999973 ], [ 117.914636241000039, -35.054928165999968 ], [ 117.914336667000043, -35.054755599999964 ], [ 117.914294149000057, -35.05475592099998 ], [ 117.913995355000111, -35.054653276999943 ], [ 117.913313124000069, -35.054483592999929 ], [ 117.913228089000086, -35.054484233999972 ], [ 117.912929298000108, -35.054381588999945 ], [ 117.91262972800007, -35.054209017999938 ], [ 117.912415973000066, -35.054105730999936 ], [ 117.912286864000066, -35.053966840999976 ], [ 117.912243179000029, -35.053862273999982 ], [ 117.912236563000079, -35.053267913999946 ], [ 117.912278302000118, -35.053197668999928 ], [ 117.912320430000022, -35.053162386999929 ], [ 117.912319262000096, -35.053057499999966 ], [ 117.912361390000115, -35.053022216999977 ], [ 117.912360611000054, -35.052952291999929 ], [ 117.912402739000072, -35.052917009999931 ], [ 117.912401961000114, -35.052847084999939 ], [ 117.912444088000029, -35.05281180299994 ], [ 117.912569302000065, -35.052601067999944 ], [ 117.912821676000021, -35.052354411999943 ], [ 117.912947278000047, -35.052178639999966 ], [ 117.912989406000065, -35.052143355999931 ], [ 117.912988626000015, -35.052073431999929 ], [ 117.913029974000096, -35.051968224999939 ], [ 117.913028806000057, -35.051863337999976 ], [ 117.913110333000077, -35.051548035999929 ], [ 117.913151291000077, -35.051407866999966 ], [ 117.913193028000023, -35.051337620999959 ], [ 117.913192248000087, -35.051267695999968 ], [ 117.913233596000055, -35.051162488999978 ], [ 117.913284207320416, -35.050944 ], [ 117.914349599234072, -35.050944 ], [ 117.914388379000115, -35.051119341999936 ], [ 117.915209191972963, -35.050944 ], [ 117.918571718922166, -35.050944 ], [ 117.918631932000039, -35.051016809999965 ], [ 117.918803563000097, -35.051155369999947 ], [ 117.919101173000058, -35.051153114999977 ], [ 117.919229112000039, -35.051187108999954 ], [ 117.919356660000062, -35.051186142999939 ], [ 117.919399567000028, -35.051220782999962 ], [ 117.91969796300009, -35.051288449999959 ], [ 117.920552204000046, -35.051631621999945 ], [ 117.920808870000087, -35.051769534999949 ], [ 117.92102302, -35.051907770999946 ], [ 117.921495020000066, -35.052288803999943 ], [ 117.921624141000052, -35.052427683999952 ], [ 117.921752869000102, -35.052531600999941 ], [ 117.921839080000041, -35.052635841999972 ], [ 117.922052842000085, -35.052739112999973 ], [ 117.922224875000097, -35.05291263099997 ], [ 117.922439031000067, -35.053050863999943 ], [ 117.922825616000068, -35.053397576999942 ], [ 117.922953953000047, -35.05346653099997 ], [ 117.923083078000104, -35.053605408999942 ], [ 117.923468880000087, -35.053882194999971 ], [ 117.923555490000012, -35.054021395999939 ], [ 117.92356139900005, -35.054545828999949 ], [ 117.923520063000069, -35.054651039999953 ], [ 117.923435816000051, -35.05472161199998 ], [ 117.923352357000113, -35.054862107999952 ], [ 117.923268110000095, -35.054932679999979 ], [ 117.92322677300001, -35.055037889999937 ], [ 117.923227954000026, -35.055142776999958 ], [ 117.923271652000039, -35.055247339999937 ], [ 117.923659823000094, -35.05573389999995 ], [ 117.923788558000069, -35.05583781699994 ], [ 117.924175947000094, -35.056254449999983 ], [ 117.924347595000086, -35.056393003999972 ], [ 117.924647194000045, -35.056565546999934 ], [ 117.924733413000013, -35.056669785999929 ], [ 117.925117656000111, -35.056806716999972 ], [ 117.925373161000039, -35.056839732999947 ], [ 117.925585753000064, -35.056838110999934 ], [ 117.926222347000021, -35.05672835699994 ], [ 117.926732567000045, -35.056724459999941 ], [ 117.926818, -35.056758771999966 ], [ 117.926990839000041, -35.057002208999961 ], [ 117.927204618000019, -35.057105470999943 ], [ 117.9273325690001, -35.057139457999938 ], [ 117.927545162000115, -35.057137831999967 ], [ 117.927799483000058, -35.057065956999963 ], [ 117.928010098000073, -35.056889518999981 ], [ 117.928136862000088, -35.056818617999966 ], [ 117.928264022, -35.056782679999969 ], [ 117.928601794000087, -35.056570301999955 ], [ 117.928984458000059, -35.056567371999961 ], [ 117.929112410000016, -35.056601357999966 ], [ 117.930132849000074, -35.056593537999959 ], [ 117.930174971000042, -35.056558248999977 ], [ 117.93025762700006, -35.056347823999943 ], [ 117.930424923000032, -35.056101782999974 ], [ 117.930594202000066, -35.05603055399996 ], [ 117.930933155000048, -35.055923057999962 ], [ 117.931145348000086, -35.055886463999968 ], [ 117.931528010000079, -35.055883525999946 ], [ 117.931655960000057, -35.055917507999936 ], [ 117.931998090000093, -35.056089705999966 ], [ 117.932253199000115, -35.056087745999946 ], [ 117.932931895000024, -35.055942666999954 ], [ 117.933229521000044, -35.055940377999946 ], [ 117.933442508000098, -35.055973703999939 ], [ 117.933742124000105, -35.056146224999964 ], [ 117.933871271000044, -35.056285091999939 ], [ 117.934044132000054, -35.056528517999936 ], [ 117.934088641000017, -35.056703001999949 ], [ 117.934175669000069, -35.056877156999974 ], [ 117.934261901000013, -35.056981389999976 ], [ 117.934602048000102, -35.056978769999944 ], [ 117.935322470000074, -35.056763423999939 ], [ 117.935534662, -35.056726822999963 ], [ 117.93583229, -35.056724527999961 ], [ 117.935960244000057, -35.056758505999937 ], [ 117.936046877000081, -35.056897697999943 ], [ 117.936054461000026, -35.057561979999946 ], [ 117.936141095000039, -35.057701172999941 ], [ 117.936269849000041, -35.05780507399993 ], [ 117.936482043000069, -35.057768471999964 ], [ 117.9366938390001, -35.057696906999979 ], [ 117.936991471000056, -35.057694607999963 ], [ 117.93711982700006, -35.057763546999979 ], [ 117.9372056630001, -35.057832813999937 ], [ 117.937291899000115, -35.057937043999971 ], [ 117.937549412000067, -35.058144844999958 ], [ 117.937848645000031, -35.058282392999956 ], [ 117.937935283000115, -35.058421583999973 ], [ 117.938064040000086, -35.058525484999961 ], [ 117.938453516000095, -35.059116881999955 ], [ 117.938798475000112, -35.059533795999982 ], [ 117.938602687000071, -35.061003850999953 ], [ 117.937887439000065, -35.061673722999956 ], [ 117.935611663000032, -35.063474523999957 ], [ 117.934613861000116, -35.065475233999962 ], [ 117.934237646000042, -35.069778854999981 ], [ 117.934209862000102, -35.071072782999977 ], [ 117.93451523400006, -35.075476046999938 ], [ 117.935361170000078, -35.078791217999935 ], [ 117.936758089000023, -35.08192730199994 ], [ 117.937961012000073, -35.085647619999975 ], [ 117.937422934000097, -35.085911232999933 ], [ 117.937377846000118, -35.085911581999937 ], [ 117.937377422000054, -35.085874519999948 ], [ 117.937016723000056, -35.085877307999965 ], [ 117.936926126000117, -35.085840942999937 ], [ 117.936790864000045, -35.08584198799997 ], [ 117.936699841000063, -35.085768561999942 ], [ 117.93665348400009, -35.085657726999955 ], [ 117.936652213000116, -35.085546542999964 ], [ 117.936741540000071, -35.085471723999945 ], [ 117.93709969400004, -35.085246569999981 ], [ 117.937188173000095, -35.085097627999971 ], [ 117.937186901000018, -35.084986443999981 ], [ 117.93696146700006, -35.084988185999975 ], [ 117.936781544000041, -35.085026640999956 ], [ 117.936646283000073, -35.085027685999933 ], [ 117.936602044000097, -35.085102155999948 ], [ 117.936602466000068, -35.085139216999949 ], [ 117.936513140000102, -35.085214036999957 ], [ 117.936513987000012, -35.085288158999958 ], [ 117.936379996000028, -35.085400386999936 ], [ 117.936380420000091, -35.085437447999936 ], [ 117.936290669000073, -35.085475205999956 ], [ 117.935569275000034, -35.085480773999961 ], [ 117.935479524000016, -35.085518529999945 ], [ 117.935390195000082, -35.085593347999975 ], [ 117.935390618000042, -35.085630409999965 ], [ 117.935572660000048, -35.085777263999944 ], [ 117.935617748000027, -35.085776915999929 ], [ 117.935708344000091, -35.085813281999947 ], [ 117.935843607000038, -35.08581223799996 ], [ 117.935889117000102, -35.085848950999946 ], [ 117.936024803, -35.085884967999959 ], [ 117.936160065000081, -35.085883923999972 ], [ 117.936295750000113, -35.085919940999929 ], [ 117.93647609900006, -35.085918548999985 ], [ 117.936838916000056, -35.086101068999938 ], [ 117.936841034000054, -35.086286374999929 ], [ 117.936572204000072, -35.08643670999993 ], [ 117.936573475000046, -35.086547892999931 ], [ 117.936769664000053, -35.08654637799998 ], [ 117.936797931000115, -35.086977746999935 ], [ 117.936361211000076, -35.086861824999971 ], [ 117.936341792, -35.086432513999966 ], [ 117.936050194000018, -35.086315469999931 ], [ 117.936148234000029, -35.08600454599997 ], [ 117.935290545000043, -35.085879939999984 ], [ 117.935182345000044, -35.086572683999975 ], [ 117.934818325000037, -35.086468125999943 ], [ 117.934596974000101, -35.08614773599993 ], [ 117.934333178000088, -35.085923108999964 ], [ 117.934053919, -35.085615092999944 ], [ 117.933900204000111, -35.085419510999941 ], [ 117.932998037000061, -35.085389391999968 ], [ 117.931371105000039, -35.085068318999959 ], [ 117.930820799000116, -35.084257124999965 ], [ 117.930460106000055, -35.084259893999956 ], [ 117.930007978000049, -35.084152168999935 ], [ 117.929804036000064, -35.084115126999961 ], [ 117.929491817000098, -35.083943871999963 ], [ 117.929108855000095, -35.083909070999937 ], [ 117.928235536000102, -35.083815128999959 ], [ 117.92805191900004, -35.083816533999936 ], [ 117.927881610000099, -35.083641731999933 ], [ 117.927562275000014, -35.08382028099993 ], [ 117.927487049000092, -35.083934065999983 ], [ 117.92534627200007, -35.084076211999957 ], [ 117.925378579000039, -35.084226911999963 ], [ 117.926311969000039, -35.084219785999949 ], [ 117.92735175700011, -35.084148942999946 ], [ 117.927962390000062, -35.084018481999976 ], [ 117.928482495000026, -35.084001920999981 ], [ 117.928834464000033, -35.08404977899994 ], [ 117.928836147000084, -35.084198215999947 ], [ 117.928881234000073, -35.084197869999969 ], [ 117.928927161000047, -35.08427164699998 ], [ 117.929738720000046, -35.084265427999981 ], [ 117.929784227000027, -35.084302142999945 ], [ 117.929785909000088, -35.084450388999983 ], [ 117.929651069000101, -35.084488486999931 ], [ 117.929607244000067, -35.084600015999968 ], [ 117.929472823000083, -35.084675174999973 ], [ 117.929339665000043, -35.084861518999958 ], [ 117.929340506000017, -35.084935641999948 ], [ 117.929251592000014, -35.085047516999964 ], [ 117.929117592000011, -35.085159736999969 ], [ 117.929073344000017, -35.085234204999949 ], [ 117.929029938000099, -35.085382795999976 ], [ 117.92903531200011, -35.085856932999945 ], [ 117.928770505000102, -35.086176691999981 ], [ 117.926137874, -35.086174577999941 ], [ 117.926135645000045, -35.086080941999967 ], [ 117.926130569000065, -35.085867768999947 ], [ 117.92618785500008, -35.085404831999938 ], [ 117.926706272000047, -35.085178184999961 ], [ 117.92749828500007, -35.085189258999947 ], [ 117.927914062000013, -35.085100428999965 ], [ 117.92853355200009, -35.084598928999981 ], [ 117.92807300100003, -35.084414027999969 ], [ 117.928097329000025, -35.084722174999968 ], [ 117.927579308000077, -35.084983082999941 ], [ 117.926849809000032, -35.08497153199994 ], [ 117.926454094000064, -35.084991685999967 ], [ 117.926101796000012, -35.085165673999938 ], [ 117.925999931000092, -35.085372007999979 ], [ 117.925879165000083, -35.085749780999947 ], [ 117.925877795000019, -35.085966074999931 ], [ 117.925712911, -35.08596536999994 ], [ 117.925378196000111, -35.085884418999967 ], [ 117.925637387000052, -35.08570349699994 ], [ 117.92559196600007, -35.085536829999967 ], [ 117.9252889710001, -35.085694226999976 ], [ 117.925315031000082, -35.08543157899993 ], [ 117.925096144, -35.085325883999928 ], [ 117.925104866000083, -35.084812847999956 ], [ 117.924612683000078, -35.084923966999952 ], [ 117.924190635000059, -35.084819818999961 ], [ 117.924076425000067, -35.084987702999967 ], [ 117.924396892000118, -35.085092625999948 ], [ 117.92515701800005, -35.085575938999966 ], [ 117.925100856000086, -35.085743380999929 ], [ 117.92510328100002, -35.085958093999977 ], [ 117.925685234000071, -35.086084876999962 ], [ 117.925877052000033, -35.086083200999951 ], [ 117.92587599400008, -35.086250478999943 ], [ 117.925743425000064, -35.08631563299997 ], [ 117.925875595000093, -35.086313344999951 ], [ 117.925871678000021, -35.086931782999955 ] ], [ [ 117.934888318000048, -35.085078314999976 ], [ 117.934977223000033, -35.084966435999945 ], [ 117.935019350000061, -35.084706659999938 ], [ 117.934880707000048, -35.084411212999953 ], [ 117.934833506000018, -35.08422625399993 ], [ 117.934742065000023, -35.084115765999968 ], [ 117.934740373000068, -35.083967519999931 ], [ 117.934647242000096, -35.083708786999978 ], [ 117.934509870000056, -35.083524522999937 ], [ 117.934419275000096, -35.083488156999977 ], [ 117.934373766000022, -35.083451442999944 ], [ 117.933517130000041, -35.083458041999961 ], [ 117.933427379000022, -35.083495796999955 ], [ 117.933294653000075, -35.083719204999966 ], [ 117.933299296000087, -35.084126879999928 ], [ 117.933437511000079, -35.084385266999959 ], [ 117.933755229000099, -35.084568143999945 ], [ 117.933980663000057, -35.084566406999954 ], [ 117.934026594000102, -35.08464018199993 ], [ 117.93429965100006, -35.084860464999963 ], [ 117.934528889000035, -35.085192279999944 ], [ 117.934573976000024, -35.085191932999976 ], [ 117.934619486000088, -35.085228645999962 ], [ 117.934664573000077, -35.085228298999937 ], [ 117.934888318000048, -35.085078314999976 ] ] ] ] } },
{ "type": "Feature", "properties": { "id": 99152, "poly_area": 40.25812792, "capture_sc": "10000", "orthophoto": "ALBANY FEB 2016", "comments": "NATIVE VEGETATION", "st_area_sh": 3.9795037207000001e-05, "st_perimet": 0.031662147181790001 }, "geometry": { "type": "MultiPolygon", "coordinates": [ [ [ [ 117.903394846000083, -35.090149008999958 ], [ 117.904198272000031, -35.09018933599998 ], [ 117.908988481000051, -35.090234564999946 ], [ 117.915340098000115, -35.090196201999959 ], [ 117.915226974, -35.092616268999961 ], [ 117.914640822000024, -35.093459856999971 ], [ 117.913540302000115, -35.093957666999984 ], [ 117.910137274000022, -35.093983261999938 ], [ 117.907166202000099, -35.094599935999952 ], [ 117.906789450000019, -35.094196967999949 ], [ 117.906408783000074, -35.093549725999935 ], [ 117.905875538000032, -35.093011970999953 ], [ 117.905451944000106, -35.092455336999933 ], [ 117.904521684000088, -35.091776076999963 ], [ 117.902704148000112, -35.090326925999932 ], [ 117.902011463, -35.089704311999981 ], [ 117.903394846000083, -35.090149008999958 ] ] ] ] } },
{ "type": "Feature", "properties": { "id": 99153, "poly_area": 98.59141173, "capture_sc": "10000", "orthophoto": "ALBANY FEB 2016", "comments": "NATIVE VEGETATION", "st_area_sh": 9.7449636268000006e-05, "st_perimet": 0.12866337525455801 }, "geometry": { "type": "MultiPolygon", "coordinates": [ [ [ [ 117.902373586000067, -35.088202122999974 ], [ 117.902370505000022, -35.087922424999931 ], [ 117.902411884000117, -35.087817220999966 ], [ 117.902452110000013, -35.087607129999981 ], [ 117.902450184000031, -35.087432318999959 ], [ 117.902577018000102, -35.087361444999942 ], [ 117.902789306000045, -35.087324897999963 ], [ 117.903080112000112, -35.08669335899998 ], [ 117.901675710000063, -35.086633882999934 ], [ 117.901374123000096, -35.086286473999962 ], [ 117.900566742000024, -35.086362405999978 ], [ 117.900081209000064, -35.087808565999978 ], [ 117.901177438000104, -35.087832309999953 ], [ 117.901831537000021, -35.08792288199993 ], [ 117.901833900000042, -35.088137594999978 ], [ 117.901646817000028, -35.088282139999933 ], [ 117.901458157000093, -35.088283542999932 ], [ 117.90091910600006, -35.088096677999943 ], [ 117.900440989000117, -35.08817180799997 ], [ 117.900239128000067, -35.088292601999967 ], [ 117.899712468000075, -35.087983563999956 ], [ 117.898301792000098, -35.087560633999942 ], [ 117.897489392000011, -35.087602766999964 ], [ 117.895577234000029, -35.08752661699998 ], [ 117.894986479000067, -35.087480290999963 ], [ 117.894942318000062, -35.087280436999947 ], [ 117.895297526000036, -35.086625365999964 ], [ 117.896371472000055, -35.087000388999968 ], [ 117.896629509000036, -35.086927561999971 ], [ 117.896710125000027, -35.086679234999963 ], [ 117.896783492000054, -35.086600241999975 ], [ 117.897991654000066, -35.083775347999961 ], [ 117.900365297, -35.083925466999972 ], [ 117.900789146000079, -35.084196696999982 ], [ 117.902429476000066, -35.084232215999975 ], [ 117.903477463000058, -35.084510717999933 ], [ 117.903618977000065, -35.084526260999951 ], [ 117.903839989000062, -35.084484155999974 ], [ 117.904218561000107, -35.084459089999939 ], [ 117.904118009000058, -35.084377922999977 ], [ 117.903485661000104, -35.083938040999954 ], [ 117.902919582000095, -35.083930328999941 ], [ 117.902641629000072, -35.083729596999945 ], [ 117.902580561000036, -35.083455672999946 ], [ 117.902848357000039, -35.083345185999974 ], [ 117.902929191000112, -35.083419750999951 ], [ 117.903217104000078, -35.083685333999938 ], [ 117.90432488600004, -35.083851901999935 ], [ 117.9055115540001, -35.083458425999936 ], [ 117.90636259200005, -35.083487029999958 ], [ 117.907210146000011, -35.083200967999971 ], [ 117.907887953000113, -35.082951136999952 ], [ 117.907935908000013, -35.083440289999942 ], [ 117.908534852000116, -35.083750489999943 ], [ 117.908839560000047, -35.084377578999977 ], [ 117.909605154000019, -35.084371835999946 ], [ 117.910838220000073, -35.084327610999935 ], [ 117.911935128000096, -35.083515163999948 ], [ 117.913720322000017, -35.083396824999966 ], [ 117.91453272900003, -35.083775314999968 ], [ 117.915295192000031, -35.083489837999934 ], [ 117.916568427000016, -35.083235460999958 ], [ 117.917588028000068, -35.083122849999938 ], [ 117.91826345100003, -35.08266318799997 ], [ 117.919072343000039, -35.082726987999933 ], [ 117.919830464000029, -35.082056898999951 ], [ 117.919999412000038, -35.081950721999931 ], [ 117.920346059000053, -35.082118134999973 ], [ 117.920605660000092, -35.081935772999941 ], [ 117.921557015000076, -35.081294749999984 ], [ 117.921946437000088, -35.081096765999973 ], [ 117.922789191000106, -35.080391051999982 ], [ 117.923085726000068, -35.080283898999937 ], [ 117.923378323000065, -35.079827122999973 ], [ 117.923625628000082, -35.079125936999958 ], [ 117.923624839000013, -35.079056011999967 ], [ 117.923538597000061, -35.078951772999972 ], [ 117.923408644, -35.07874297199993 ], [ 117.923406280000108, -35.078533197999946 ], [ 117.923447234000037, -35.078393025999958 ], [ 117.923488977000034, -35.078322777999972 ], [ 117.923530719000041, -35.078252529999929 ], [ 117.923783534000108, -35.078040811999983 ], [ 117.924037135000049, -35.077899018999972 ], [ 117.924163542000088, -35.077793159999942 ], [ 117.924290737000092, -35.07775722599996 ], [ 117.92433247800011, -35.077686975999939 ], [ 117.924416748000112, -35.077616403999968 ], [ 117.924500625000064, -35.07751086899998 ], [ 117.924624269000105, -35.077160273999937 ], [ 117.924749096000028, -35.076914565999971 ], [ 117.924958980000042, -35.076668207999944 ], [ 117.925295265000045, -35.076315989999955 ], [ 117.926309241000013, -35.075713840999981 ], [ 117.926867200000061, -35.07512251299994 ], [ 117.926906866000081, -35.075275734999934 ], [ 117.927340522, -35.074929825999959 ], [ 117.92748636400006, -35.074928709999938 ], [ 117.927492955000048, -35.075511201999973 ], [ 117.927083452000034, -35.076477157999932 ], [ 117.926875156000051, -35.076863367999977 ], [ 117.926705435000031, -35.076899629999957 ], [ 117.926579034000042, -35.077005490999966 ], [ 117.926409708000051, -35.077076715999965 ], [ 117.926282514000036, -35.077112651999983 ], [ 117.925150009000049, -35.078519906999929 ], [ 117.924787357000014, -35.080305897999949 ], [ 117.923102991000064, -35.081108251999979 ], [ 117.922976458000107, -35.081100655999933 ], [ 117.922528057000022, -35.081292031999965 ], [ 117.921896755000034, -35.081857444999969 ], [ 117.920602371000086, -35.082520562999946 ], [ 117.920094553000013, -35.082813261999945 ], [ 117.91954372500004, -35.083038099999953 ], [ 117.919458660000032, -35.083038744999953 ], [ 117.919288924000057, -35.083074997999972 ], [ 117.919118796000021, -35.083076287999972 ], [ 117.918949058000067, -35.083112539999945 ], [ 117.918693865000023, -35.083114473999956 ], [ 117.918609193000066, -35.083150080999928 ], [ 117.918609585000013, -35.083185042999958 ], [ 117.918950627000072, -35.083252387999948 ], [ 117.919292061000078, -35.083354695999958 ], [ 117.919292454000015, -35.08338965799993 ], [ 117.919164857000055, -35.083390624999936 ], [ 117.918995511000048, -35.083461839999984 ], [ 117.918743453000047, -35.083743471999981 ], [ 117.918691095000099, -35.083809336999934 ], [ 117.918537312000012, -35.083736203999933 ], [ 117.918098729, -35.083565840999938 ], [ 117.917506769000056, -35.083535584999936 ], [ 117.916971538000098, -35.083539635999955 ], [ 117.916720986000087, -35.083807848999982 ], [ 117.91624442300008, -35.084019875999957 ], [ 117.915457597000113, -35.084199506999937 ], [ 117.913670719000038, -35.084386673999973 ], [ 117.913517589000094, -35.084549935999974 ], [ 117.913491613000019, -35.084746975999963 ], [ 117.913056389000076, -35.084877623999944 ], [ 117.913059131000068, -35.09018081399995 ], [ 117.909282491000113, -35.090070252999965 ], [ 117.909169621000046, -35.084976314999949 ], [ 117.909013142000049, -35.084838539999964 ], [ 117.908726207000086, -35.084759740999971 ], [ 117.908718512000064, -35.084686272999932 ], [ 117.908527481000078, -35.084472972999947 ], [ 117.908105589000115, -35.084380698999951 ], [ 117.907719196000016, -35.084872702999974 ], [ 117.908200062000105, -35.085048042999972 ], [ 117.9086838180001, -35.08486093099998 ], [ 117.909042726000052, -35.084965686999965 ], [ 117.908989704000078, -35.09011574799996 ], [ 117.906197107000025, -35.090047039999945 ], [ 117.906833143000085, -35.087691737999933 ], [ 117.90702099400005, -35.087443277999967 ], [ 117.907081504000075, -35.087573543999952 ], [ 117.907531511000116, -35.087582104999967 ], [ 117.907847472000071, -35.08728150099995 ], [ 117.908017915000073, -35.086946198999954 ], [ 117.907855112000107, -35.086661109999966 ], [ 117.907577932000095, -35.086531960999935 ], [ 117.907403922000071, -35.086545193999939 ], [ 117.907249706000016, -35.087035456999956 ], [ 117.907192319000046, -35.087095533999957 ], [ 117.907046803000071, -35.087060833999942 ], [ 117.906812103000107, -35.086835930999939 ], [ 117.907011177000072, -35.086464626999941 ], [ 117.906951413000115, -35.086309989999961 ], [ 117.906545873000027, -35.086384600999963 ], [ 117.906228723000027, -35.086577843999976 ], [ 117.906057614000019, -35.08685350199994 ], [ 117.906049301000053, -35.087414249999938 ], [ 117.906227403000116, -35.087770803999945 ], [ 117.906300096000109, -35.087782189999984 ], [ 117.906328197000107, -35.087698472999932 ], [ 117.906452075000061, -35.087089142999957 ], [ 117.906567511000048, -35.087028630999953 ], [ 117.906727143000012, -35.08702743799995 ], [ 117.906888227000081, -35.087157456999932 ], [ 117.906906453000033, -35.087196693999942 ], [ 117.905915126000082, -35.090025989999958 ], [ 117.903970976000096, -35.090017344999978 ], [ 117.903828453000074, -35.089867879999929 ], [ 117.904384999000058, -35.089238460999979 ], [ 117.904860473000099, -35.088922278999974 ], [ 117.904900558, -35.088725135999937 ], [ 117.90456236600005, -35.088716079999983 ], [ 117.904338524000082, -35.088856699999951 ], [ 117.904229414000042, -35.089181725999936 ], [ 117.903589626000098, -35.089927555999964 ], [ 117.901792923000016, -35.089323594999939 ], [ 117.902373586000067, -35.088202122999974 ] ] ] ] } },
{ "type": "Feature", "properties": { "id": 99154, "poly_area": 24.05578428, "capture_sc": "10000", "orthophoto": "ALBANY FEB 2016", "comments": "NATIVE VEGETATION", "st_area_sh": 2.3779281047000001e-05, "st_perimet": 0.044431348458701003 }, "geometry": { "type": "MultiPolygon", "coordinates": [ [ [ [ 117.940947852000022, -35.090516997999941 ], [ 117.941173728000081, -35.090552309999964 ], [ 117.941441712000028, -35.090327842999955 ], [ 117.941436602000067, -35.089883107999981 ], [ 117.941297502000111, -35.089550607999968 ], [ 117.941068650000034, -35.089255867999952 ], [ 117.941291541000055, -35.089031750999936 ], [ 117.94070453300003, -35.088962176999985 ], [ 117.940524177000043, -35.088963576999959 ], [ 117.939941845000021, -35.08930167099993 ], [ 117.939220844000033, -35.089344321999931 ], [ 117.939149759000088, -35.089275535999946 ], [ 117.938992849000101, -35.089123699999959 ], [ 117.938991575000045, -35.089012515999968 ], [ 117.93867595100005, -35.089014959999929 ], [ 117.938631287000021, -35.089052369999933 ], [ 117.938492619000044, -35.089219318999938 ], [ 117.938566956000045, -35.089373825999928 ], [ 117.938442929000075, -35.089407774999984 ], [ 117.938409661000037, -35.089387665999936 ], [ 117.938362875000053, -35.089239769999949 ], [ 117.938271848000113, -35.089166344999967 ], [ 117.938268453000092, -35.088869855999974 ], [ 117.938222515, -35.088796081999931 ], [ 117.938131488000067, -35.088722656999948 ], [ 117.938040038000054, -35.088612170999966 ], [ 117.937946891000024, -35.088353439999935 ], [ 117.93789968100009, -35.088168482999947 ], [ 117.937895439000044, -35.087797869999974 ], [ 117.937849078000113, -35.087687034999931 ], [ 117.937757205000025, -35.087539487999948 ], [ 117.937751284000115, -35.087533519999965 ], [ 117.937978173000033, -35.087386156999969 ], [ 117.938256496, -35.087610663999953 ], [ 117.938545369000053, -35.087489132999963 ], [ 117.938427361000095, -35.087323033999951 ], [ 117.9382970260001, -35.087347901999976 ], [ 117.938186475000066, -35.087239650999948 ], [ 117.938204693000102, -35.087239509999961 ], [ 117.9382038440001, -35.08716538799996 ], [ 117.93806603500002, -35.086944066999934 ], [ 117.938063490000104, -35.086721698999952 ], [ 117.938287655000067, -35.086608771999977 ], [ 117.938513093000097, -35.086607026999957 ], [ 117.938513518000036, -35.086644087999957 ], [ 117.938559455000018, -35.086717860999954 ], [ 117.93860496700006, -35.08675457399994 ], [ 117.938788715000101, -35.087049667999963 ], [ 117.938790413000106, -35.087197911999965 ], [ 117.938835926000024, -35.087234624999951 ], [ 117.93883720000008, -35.087345807999952 ], [ 117.93906688800007, -35.087714674999972 ], [ 117.939074958000106, -35.088418838999928 ], [ 117.939259135000043, -35.088750991999973 ], [ 117.939847416000021, -35.088931757999944 ], [ 117.939981408000108, -35.088819526999941 ], [ 117.939980558000116, -35.088745404999941 ], [ 117.940069885000071, -35.088670582999953 ], [ 117.940114548000111, -35.088633171999959 ], [ 117.940204726000047, -35.088632472999961 ], [ 117.940338716000042, -35.088520240999969 ], [ 117.940654338000058, -35.088517792999937 ], [ 117.940654763000111, -35.088554853999938 ], [ 117.940790881000112, -35.088627926999948 ], [ 117.941377035000073, -35.088623377999966 ], [ 117.941467639000052, -35.088659738999979 ], [ 117.941695212000013, -35.088843293999957 ], [ 117.941700749, -35.089325089999932 ], [ 117.941746691000048, -35.089398861999939 ], [ 117.941837722000059, -35.089472283999953 ], [ 117.941838147000112, -35.089509344999954 ], [ 117.94197469300002, -35.089619477999975 ], [ 117.94197852800005, -35.089953028999957 ], [ 117.941891332000068, -35.090213157999983 ], [ 117.942030009000064, -35.09050859599995 ], [ 117.944259486000078, -35.092233284999963 ], [ 117.945618626000055, -35.092778658999976 ], [ 117.947559684000112, -35.09294882599994 ], [ 117.947919555000112, -35.092871884999965 ], [ 117.948008879000099, -35.092797057999974 ], [ 117.948367891000089, -35.092645991999973 ], [ 117.948548255000105, -35.092644580999945 ], [ 117.948592917000042, -35.092607166999983 ], [ 117.94868309900005, -35.092606461999935 ], [ 117.948727760000111, -35.092569047999973 ], [ 117.949584487000038, -35.092562340999962 ], [ 117.949630008000099, -35.092599049999933 ], [ 117.949630438000099, -35.092636110999933 ], [ 117.949541115000102, -35.092710938999971 ], [ 117.949362040000096, -35.092823533999933 ], [ 117.949228055000049, -35.09293577699998 ], [ 117.949048120000043, -35.092974249999941 ], [ 117.948823953000101, -35.093087196999932 ], [ 117.948554692000016, -35.093200496999941 ], [ 117.948285003000024, -35.09327673599995 ], [ 117.947971079000013, -35.093427447999943 ], [ 117.947836234000079, -35.093465566999953 ], [ 117.947655868000084, -35.093466976999935 ], [ 117.947611206000033, -35.093504389999964 ], [ 117.947566972000118, -35.093578863999937 ], [ 117.947567829000036, -35.093652986999984 ], [ 117.947614207000015, -35.093763817999957 ], [ 117.947750340000084, -35.093836881999948 ], [ 117.948112359000106, -35.093945245999976 ], [ 117.94824763400004, -35.093944187999966 ], [ 117.94860579200008, -35.093718998999975 ], [ 117.948740638000118, -35.093680879999965 ], [ 117.949146461000055, -35.093677703999958 ], [ 117.949192412000116, -35.093751472999941 ], [ 117.949194129000034, -35.093899716999942 ], [ 117.949285601000042, -35.094010194999953 ], [ 117.949286460000053, -35.094084316999954 ], [ 117.949377503000051, -35.094157731999928 ], [ 117.949512778000098, -35.094156672999929 ], [ 117.949692715000083, -35.094118198999979 ], [ 117.949091348000024, -35.094866387999957 ], [ 117.948020925000037, -35.096424707999972 ], [ 117.943889228000103, -35.09436119999998 ], [ 117.944041102000028, -35.094259386999965 ], [ 117.943763180000019, -35.094047708999938 ], [ 117.943147867000107, -35.09377576199995 ], [ 117.940741359000071, -35.090788098999951 ], [ 117.940226652000092, -35.090505159999964 ], [ 117.940947852000022, -35.090516997999941 ] ] ] ] } },
{ "type": "Feature", "properties": { "id": 99155, "poly_area": 16.26131649, "capture_sc": "10000", "orthophoto": "ALBANY FEB 2016", "comments": "NATIVE VEGETATION", "st_area_sh": 1.6073388426e-05, "st_perimet": 0.032725384689656002 }, "geometry": { "type": "MultiPolygon", "coordinates": [ [ [ [ 117.924414789000025, -35.087975528999948 ], [ 117.924780099000031, -35.088380452999957 ], [ 117.925727805000065, -35.088447349999967 ], [ 117.925587097000061, -35.087966584999947 ], [ 117.924957109000047, -35.088082585999985 ], [ 117.924774663000107, -35.087898654999947 ], [ 117.925493152000058, -35.087633720999975 ], [ 117.926349834, -35.087627177999934 ], [ 117.926617229000044, -35.087670525999954 ], [ 117.92765992000011, -35.087839549999956 ], [ 117.928386376000049, -35.088278763999938 ], [ 117.92857471100001, -35.088981547999936 ], [ 117.928575131000116, -35.089018608999936 ], [ 117.928259505000028, -35.089021025999955 ], [ 117.92798855, -35.088986035999937 ], [ 117.927627836000056, -35.088988796999956 ], [ 117.92763035400003, -35.089211164999938 ], [ 117.927586942000062, -35.089359754999975 ], [ 117.927000778000092, -35.089364237999973 ], [ 117.926865930000076, -35.089402333999942 ], [ 117.92677784600005, -35.08958832999997 ], [ 117.926779103000058, -35.08969951399996 ], [ 117.926869283000087, -35.089698823999981 ], [ 117.926914791000058, -35.089735540999982 ], [ 117.927140240000085, -35.089733816999967 ], [ 117.927411617000075, -35.089805869999964 ], [ 117.927546886000073, -35.089804835999985 ], [ 117.927636227000107, -35.089730023999948 ], [ 117.927679638000086, -35.089581432999978 ], [ 117.927768979, -35.089506619999952 ], [ 117.927858738000054, -35.089468868999973 ], [ 117.927903407000031, -35.089431461999936 ], [ 117.92808376500011, -35.089430081999978 ], [ 117.9282194540001, -35.089466106999964 ], [ 117.928580170000032, -35.089463344999956 ], [ 117.928937526000027, -35.089164091999976 ], [ 117.929435190000049, -35.089308535999976 ], [ 117.930337399000109, -35.089338680999958 ], [ 117.930655129000115, -35.089521564999984 ], [ 117.930877729000031, -35.090281941999933 ], [ 117.930651062000038, -35.090350231999935 ], [ 117.930084437, -35.090316842999982 ], [ 117.920381167000073, -35.090265101999933 ], [ 117.920577982000054, -35.090074923999964 ], [ 117.92056027700005, -35.089861215999974 ], [ 117.921156715000052, -35.088550576999978 ], [ 117.921521649000056, -35.088712749999956 ], [ 117.92152175800004, -35.088722410999935 ], [ 117.921543025, -35.088722249999933 ], [ 117.921564293000074, -35.08872208799994 ], [ 117.921942827000066, -35.088698576999946 ], [ 117.922288406, -35.088618277999956 ], [ 117.922371490000046, -35.088859849999949 ], [ 117.923068607000118, -35.089693895999972 ], [ 117.923859504, -35.089602223999975 ], [ 117.924006691000045, -35.089078909999955 ], [ 117.924039158000028, -35.088210231999938 ], [ 117.924007604000053, -35.087957724999967 ], [ 117.924414789000025, -35.087975528999948 ] ] ] ] } },
{ "type": "Feature", "properties": { "id": 99156, "poly_area": 1.07898053, "capture_sc": "10000", "orthophoto": "ALBANY FEB 2016", "comments": "NATIVE VEGETATION", "st_area_sh": 1.06652987e-06, "st_perimet": 0.0040157786438009997 }, "geometry": { "type": "MultiPolygon", "coordinates": [ [ [ [ 117.922579294000116, -35.088806879999936 ], [ 117.922497013000111, -35.088498032999951 ], [ 117.922748174000048, -35.088136481999982 ], [ 117.923106379000046, -35.087911367999936 ], [ 117.923399665000034, -35.087927666999974 ], [ 117.923662985000078, -35.087942300999941 ], [ 117.923726919000046, -35.088004187999957 ], [ 117.923884343000054, -35.088222990999952 ], [ 117.923848743, -35.088813794999965 ], [ 117.923736708000092, -35.088872542999979 ], [ 117.923299128000053, -35.088794822999944 ], [ 117.922989497000117, -35.088820337999948 ], [ 117.922673934000045, -35.088883243999931 ], [ 117.922579294000116, -35.088806879999936 ] ] ] ] } },
{ "type": "Feature", "properties": { "id": 99157, "poly_area": 2.36404656, "capture_sc": "10000", "orthophoto": "ALBANY FEB 2016", "comments": "NATIVE VEGETATION", "st_area_sh": 2.336777179e-06, "st_perimet": 0.0098882181290169992 }, "geometry": { "type": "MultiPolygon", "coordinates": [ [ [ [ 117.919051933000105, -35.089893138999969 ], [ 117.919061762000069, -35.089475530999948 ], [ 117.920225163000055, -35.089681436999967 ], [ 117.920206230000076, -35.089287905999981 ], [ 117.919465833000118, -35.089269664999961 ], [ 117.919103695000103, -35.089332058999958 ], [ 117.918991139000013, -35.088354691999939 ], [ 117.919125363000035, -35.08827845999997 ], [ 117.919134686, -35.088285982999935 ], [ 117.919900314000074, -35.088280175999955 ], [ 117.919943240000066, -35.088314814999933 ], [ 117.919943633000116, -35.088349777999952 ], [ 117.920030273000066, -35.088488979999966 ], [ 117.920032628000058, -35.08869875399995 ], [ 117.920160234000036, -35.088697785999955 ], [ 117.920159842000089, -35.088662823999982 ], [ 117.920923513000048, -35.08848219999993 ], [ 117.920925331000035, -35.088447751999979 ], [ 117.920975634000115, -35.088470106999978 ], [ 117.920314448000113, -35.089775029999942 ], [ 117.920072996000044, -35.090078756999958 ], [ 117.920105862000014, -35.090279770999985 ], [ 117.919309988, -35.09027322999998 ], [ 117.919140389000063, -35.090225215999965 ], [ 117.919051933000105, -35.089893138999969 ] ] ] ] } },
{ "type": "Feature", "properties": { "id": 99158, "poly_area": 638.13412654000001, "capture_sc": "10000", "orthophoto": "ALBANY FEB 2016", "comments": "NATIVE VEGETATION", "st_area_sh": 0.00063085700039300005, "st_perimet": 0.10418447602792399 }, "geometry": { "type": "MultiPolygon", "coordinates": [ [ [ [ 117.932966932000113, -35.090578668999967 ], [ 117.939414372000101, -35.090491823999969 ], [ 117.939861596000014, -35.090499165999972 ], [ 117.94041986000002, -35.090778013999966 ], [ 117.941738507000082, -35.092327563999959 ], [ 117.943198410000036, -35.094177892999937 ], [ 117.94466077300001, -35.094908662999956 ], [ 117.947892416000059, -35.096611787999962 ], [ 117.947233113000038, -35.097571560999938 ], [ 117.943955112000026, -35.102924204999965 ], [ 117.943286701000034, -35.104030932999933 ], [ 117.94242655700009, -35.105662825999957 ], [ 117.940990989000056, -35.108852149999962 ], [ 117.940063174000102, -35.11034008699994 ], [ 117.938866458, -35.111378654999953 ], [ 117.93669955200005, -35.112135785999953 ], [ 117.934944331000111, -35.112384086999953 ], [ 117.932815111000082, -35.112599135999972 ], [ 117.931185529000118, -35.112304689999974 ], [ 117.930125023000073, -35.111807217999967 ], [ 117.9291526290001, -35.111327118999952 ], [ 117.927652675000104, -35.110832992999974 ], [ 117.9267067830001, -35.110749942999973 ], [ 117.925146856000083, -35.110779922999939 ], [ 117.92397857900005, -35.110463795999976 ], [ 117.923380399000052, -35.110034967999979 ], [ 117.922005628000079, -35.108943905999979 ], [ 117.921030471000108, -35.108210946999975 ], [ 117.919661044, -35.107589320999978 ], [ 117.91637438500004, -35.10647655799994 ], [ 117.91335046800009, -35.105271436999942 ], [ 117.911075688000096, -35.104241191999961 ], [ 117.910299243000054, -35.10357887999993 ], [ 117.909697176, -35.102788847999932 ], [ 117.909071546000064, -35.101854526999944 ], [ 117.908865582000089, -35.101115694999976 ], [ 117.908900097000014, -35.10026671299994 ], [ 117.909066039000095, -35.09938062699996 ], [ 117.909121930000083, -35.098477306999939 ], [ 117.908914179000021, -35.09757596399993 ], [ 117.908666901000061, -35.097072192999974 ], [ 117.907882345000075, -35.095669545999954 ], [ 117.907218563000015, -35.09473750199993 ], [ 117.909034781000059, -35.094306220999954 ], [ 117.910353071000031, -35.09426136299993 ], [ 117.913669476000109, -35.094096553999975 ], [ 117.914897609000036, -35.093597779999982 ], [ 117.915395170000011, -35.092440172999943 ], [ 117.915483854000058, -35.090195328999982 ], [ 117.916371269000024, -35.090283246999945 ], [ 117.918766232000053, -35.090300907999961 ], [ 117.918838221000101, -35.090249235999977 ], [ 117.918838661000109, -35.090288428999941 ], [ 117.918999234000012, -35.090370718999964 ], [ 117.919188298000108, -35.090405073999932 ], [ 117.930544944000076, -35.090439097999933 ], [ 117.930667936000077, -35.090488470999958 ], [ 117.931020826, -35.090487046999954 ], [ 117.932966932000113, -35.090578668999967 ] ] ] ] } },
{ "type": "Feature", "properties": { "id": 99159, "poly_area": 13.16508399, "capture_sc": "10000", "orthophoto": "ALBANY FEB 2016", "comments": "NATIVE VEGETATION", "st_area_sh": 1.3013027337e-05, "st_perimet": 0.037118230167620003 }, "geometry": { "type": "MultiPolygon", "coordinates": [ [ [ [ 117.931161878000012, -35.086543979999931 ], [ 117.931597098000111, -35.086528707999946 ], [ 117.931650671000057, -35.086134621999975 ], [ 117.931315680000012, -35.086029829999973 ], [ 117.931311613000048, -35.085671975999958 ], [ 117.931225315, -35.085333754999965 ], [ 117.932639026000061, -35.085540411999943 ], [ 117.933721966, -35.085606206999955 ], [ 117.934040534000019, -35.085863204999953 ], [ 117.934438977000013, -35.086292107999952 ], [ 117.934699849000026, -35.086587957999939 ], [ 117.934357317000035, -35.086521796999932 ], [ 117.934043299000109, -35.086712421999948 ], [ 117.933859529000074, -35.086502343999939 ], [ 117.933755258000019, -35.086005245999957 ], [ 117.933522715000095, -35.085995458999946 ], [ 117.933607253000105, -35.08660783199997 ], [ 117.933391351000068, -35.086609494999948 ], [ 117.933331057000032, -35.086483254999962 ], [ 117.932782247000091, -35.086533793999934 ], [ 117.932589062000034, -35.086268960999973 ], [ 117.932461766000074, -35.086223623999956 ], [ 117.932202632000099, -35.086352986999941 ], [ 117.93217044700009, -35.086619552999935 ], [ 117.932728541000074, -35.08676578799998 ], [ 117.932829644000094, -35.086985011999957 ], [ 117.932926426000108, -35.087020782999957 ], [ 117.933287130000053, -35.087018006999983 ], [ 117.933288305000019, -35.087121097999955 ], [ 117.9330358630001, -35.087157111999943 ], [ 117.932515641, -35.087249615999951 ], [ 117.932538721000014, -35.087415675999978 ], [ 117.932498044000113, -35.087554937999982 ], [ 117.93236502000002, -35.08762543499995 ], [ 117.932415703000061, -35.087746624999966 ], [ 117.932661875, -35.087715783999954 ], [ 117.932691639000041, -35.087602514999958 ], [ 117.932707733000029, -35.087615497999934 ], [ 117.933068442000035, -35.08761272299995 ], [ 117.93320286200003, -35.087537558999941 ], [ 117.933261021000021, -35.087537110999961 ], [ 117.933485892000022, -35.087709442999937 ], [ 117.933961196000041, -35.088006837999956 ], [ 117.93425246400011, -35.088224595999975 ], [ 117.934385484000018, -35.088433850999934 ], [ 117.934385726000073, -35.088455062999969 ], [ 117.934250882000015, -35.088493166999967 ], [ 117.934146426000098, -35.088555716999963 ], [ 117.933941981000089, -35.088174881999976 ], [ 117.933676526000113, -35.088367980999976 ], [ 117.933727806000093, -35.088541272999976 ], [ 117.933848064000017, -35.088586661999955 ], [ 117.933921578000081, -35.088694130999954 ], [ 117.933803371000067, -35.088793130999932 ], [ 117.933805482000025, -35.088978435999934 ], [ 117.933672326000078, -35.08916478499998 ], [ 117.933357545000035, -35.089241337999965 ], [ 117.933043607000059, -35.089392011999962 ], [ 117.932916357000067, -35.090097217999983 ], [ 117.932458710000105, -35.08950770499996 ], [ 117.932313208000096, -35.089516544999981 ], [ 117.93231172600008, -35.08938629599993 ], [ 117.93248492500004, -35.089301456999976 ], [ 117.932382116000099, -35.089194882999948 ], [ 117.932076, -35.08907794199996 ], [ 117.931627339000102, -35.089188754999952 ], [ 117.931942405000086, -35.088816519999966 ], [ 117.931666671000016, -35.088818638999953 ], [ 117.931173796000053, -35.088870142999951 ], [ 117.931002359000104, -35.089110048999942 ], [ 117.931078580000076, -35.089431560999969 ], [ 117.93145495300007, -35.089345162999962 ], [ 117.931492026000114, -35.089566433999948 ], [ 117.931061778000071, -35.089592569999979 ], [ 117.930559900000048, -35.089077518999943 ], [ 117.929452400000059, -35.088997991999975 ], [ 117.929483003000087, -35.088759152999955 ], [ 117.929652297000075, -35.088781012999959 ], [ 117.929734317000111, -35.088560381999969 ], [ 117.929542580000088, -35.08842290299998 ], [ 117.929580652000027, -35.087432601999978 ], [ 117.929931416000045, -35.087308331999964 ], [ 117.930269037000016, -35.087263234999966 ], [ 117.930641233000074, -35.087169725999956 ], [ 117.930829614000118, -35.087011961999963 ], [ 117.930833567000036, -35.086739823999949 ], [ 117.930754780000029, -35.086624638999979 ], [ 117.930536323000069, -35.086614736999934 ], [ 117.930354130000069, -35.08669718799996 ], [ 117.930243284000085, -35.086860144999946 ], [ 117.930158442000106, -35.086831848999964 ], [ 117.930107500000076, -35.086687500999972 ], [ 117.930008179000083, -35.086624577999942 ], [ 117.929931167000063, -35.086665694999965 ], [ 117.93006708300004, -35.086849917999984 ], [ 117.930209648000073, -35.086999352999953 ], [ 117.930013368000118, -35.087081910999984 ], [ 117.929715796000096, -35.086927876999937 ], [ 117.929475158000059, -35.086825508999937 ], [ 117.929353592000098, -35.086664334999966 ], [ 117.929351292000092, -35.08660346399995 ], [ 117.929404506000083, -35.086603055999944 ], [ 117.929672510000046, -35.086378613999955 ], [ 117.929844158000037, -35.086446359999968 ], [ 117.929860623000081, -35.086035177999975 ], [ 117.929937149000011, -35.085857680999936 ], [ 117.930193287000066, -35.085557883999968 ], [ 117.930919619000065, -35.085444423999945 ], [ 117.930962248000014, -35.085579222999968 ], [ 117.930644611000048, -35.085606525999935 ], [ 117.930629833000012, -35.085701069999971 ], [ 117.930782728000054, -35.085943301999976 ], [ 117.930628808000051, -35.086075599999958 ], [ 117.930289835000053, -35.085997147999933 ], [ 117.930177875000027, -35.086061690999941 ], [ 117.930250996000041, -35.086298500999931 ], [ 117.930542182000067, -35.086510478999969 ], [ 117.930849368000054, -35.086270750999972 ], [ 117.93097732800004, -35.086251602999937 ], [ 117.931161878000012, -35.086543979999931 ] ] ] ] } },
{ "type": "Feature", "properties": { "id": 99160, "poly_area": 1.1608805, "capture_sc": "10000", "orthophoto": "ALBANY FEB 2016", "comments": "NATIVE VEGETATION", "st_area_sh": 1.147463344e-06, "st_perimet": 0.0090512315079880005 }, "geometry": { "type": "MultiPolygon", "coordinates": [ [ [ [ 117.927539136000064, -35.086284539999951 ], [ 117.927755317000106, -35.087657247999971 ], [ 117.926978559000077, -35.087399983999944 ], [ 117.92702280900005, -35.087325516999954 ], [ 117.927022390000047, -35.087288454999964 ], [ 117.927518361000011, -35.087284661999945 ], [ 117.92760811900007, -35.087246910999966 ], [ 117.927605182000093, -35.086987480999937 ], [ 117.927423571000077, -35.086877675999972 ], [ 117.926964566000038, -35.08688118799995 ], [ 117.926939219000019, -35.086798606999935 ], [ 117.92699274600011, -35.086549247999983 ], [ 117.926872102000061, -35.086469116999979 ], [ 117.926724859000046, -35.086528136999959 ], [ 117.926649744000088, -35.086737134999964 ], [ 117.92648104400007, -35.086767370999951 ], [ 117.926369995000073, -35.086912957999971 ], [ 117.926414019000049, -35.087068939999938 ], [ 117.926668543, -35.087153837999949 ], [ 117.926815181000052, -35.087159535999945 ], [ 117.92688586700001, -35.087178304999952 ], [ 117.926753117000089, -35.08740170699997 ], [ 117.926166758000022, -35.08738765499993 ], [ 117.926141069000096, -35.086308749999944 ], [ 117.927539136000064, -35.086284539999951 ] ] ] ] } },
{ "type": "Feature", "properties": { "id": 99161, "poly_area": 2.53843182, "capture_sc": "10000", "orthophoto": "ALBANY FEB 2016", "comments": "NATIVE VEGETATION", "st_area_sh": 2.509107224e-06, "st_perimet": 0.012281419962493 }, "geometry": { "type": "MultiPolygon", "coordinates": [ [ [ [ 117.927665906000016, -35.086283570999967 ], [ 117.928419876000021, -35.08631253599998 ], [ 117.928199424000013, -35.086748438999962 ], [ 117.927909489000058, -35.086646446999964 ], [ 117.927819572000089, -35.086791873999971 ], [ 117.92798627600007, -35.087207444999933 ], [ 117.92835974400009, -35.087221952999982 ], [ 117.928428205000046, -35.08704774399996 ], [ 117.928382210000109, -35.086718091999956 ], [ 117.92857020100007, -35.08652559799998 ], [ 117.928532102000077, -35.086271149999959 ], [ 117.928842114000076, -35.086280354999928 ], [ 117.929149482000071, -35.086677477999956 ], [ 117.929173566000031, -35.086649000999955 ], [ 117.929356087000087, -35.086884317999932 ], [ 117.929492526000104, -35.087114851999956 ], [ 117.929418995000105, -35.087462788999972 ], [ 117.929403167000032, -35.08855134199996 ], [ 117.929224204000093, -35.088297973999943 ], [ 117.929017202000068, -35.088056399999971 ], [ 117.928686972000037, -35.088128403999974 ], [ 117.928810836000025, -35.088492195999947 ], [ 117.92909557400003, -35.088756332999935 ], [ 117.929347873000097, -35.088644397999929 ], [ 117.929323488000023, -35.08898873399994 ], [ 117.929160871000022, -35.088977055999976 ], [ 117.928842305000103, -35.088720044999945 ], [ 117.928291161000061, -35.087834715999975 ], [ 117.927892281000027, -35.087702609999951 ], [ 117.927665906000016, -35.086283570999967 ] ] ] ] } },
{ "type": "Feature", "properties": { "id": 99162, "poly_area": 19.48397403, "capture_sc": "10000", "orthophoto": "ALBANY FEB 2016", "comments": "NATIVE VEGETATION", "st_area_sh": 1.9258542617e-05, "st_perimet": 0.020066488202088999 }, "geometry": { "type": "MultiPolygon", "coordinates": [ [ [ [ 117.913296918000015, -35.090028494999956 ], [ 117.913324396, -35.084910341999944 ], [ 117.913619929000106, -35.084884956999929 ], [ 117.913701084000081, -35.084583289999955 ], [ 117.914052052000102, -35.084476431999974 ], [ 117.916401172000064, -35.084180797999977 ], [ 117.916849047000028, -35.083922670999982 ], [ 117.917198194000093, -35.083653711999943 ], [ 117.917437381000013, -35.083628743999952 ], [ 117.917649175000065, -35.083673455999929 ], [ 117.917986957000039, -35.083647739999947 ], [ 117.91843949500003, -35.083806418999984 ], [ 117.918616048000104, -35.08395601899997 ], [ 117.918576066000014, -35.083989495999958 ], [ 117.918578025000102, -35.08416430699998 ], [ 117.91769746500006, -35.085320612999965 ], [ 117.915859152000053, -35.087916820999965 ], [ 117.915398647000075, -35.088943626999935 ], [ 117.915347136000037, -35.090045644999975 ], [ 117.913296918000015, -35.090028494999956 ] ] ] ] } },
{ "type": "Feature", "properties": { "id": 98238, "poly_area": 10.33470371, "capture_sc": "10000", "orthophoto": "ALBANY FEB 2016", "comments": "NATIVE VEGETATION", "st_area_sh": 1.0212163736e-05, "st_perimet": 0.015922832395099999 }, "geometry": { "type": "MultiPolygon", "coordinates": [ [ [ [ 117.940135590000068, -35.062601169999937 ], [ 117.940597620000062, -35.061929070999952 ], [ 117.944068083000047, -35.061901300999978 ], [ 117.946097384000041, -35.061381093999955 ], [ 117.947046292000095, -35.061334301999977 ], [ 117.94711918400003, -35.061855915999956 ], [ 117.943311122000068, -35.063943933999951 ], [ 117.941319066, -35.06386065099997 ], [ 117.940135590000068, -35.062601169999937 ] ] ] ] } }
]
}
