{
"type": "FeatureCollection",
"name": "granite",
"crs": { "type": "name", "properties": { "name": "urn:ogc:def:crs:OGC:1.3:CRS84" } },
"features": [
{ "type": "Feature", "properties": { "CODE": "P_gp", "JNCODE": "si5011; P_gp", "fme_featur": "geology_surface_si5011" }, "geometry": { "type": "Polygon", "coordinates": [ [ [ 117.588047046767485, -35.104924029580815 ], [ 117.586434011112786, -35.104913808708915 ], [ 117.586602846905819, -35.103975210924069 ], [ 117.586817117520113, -35.103252803905903 ], [ 117.587639530039866, -35.101652788902214 ], [ 117.588519924087649, -35.102018220671781 ], [ 117.589049357793925, -35.102403385945017 ], [ 117.589293852532791, -35.102835019823736 ], [ 117.589319625236286, -35.103366904932564 ], [ 117.588581311451321, -35.104452546518296 ], [ 117.588047046767485, -35.104924029580815 ] ] ] } },
{ "type": "Feature", "properties": { "CODE": "P_gp", "JNCODE": "si5011; P_gp", "fme_featur": "geology_surface_si5011" }, "geometry": { "type": "Polygon", "coordinates": [ [ [ 117.585000950801216, -35.102450039584831 ], [ 117.584332923817925, -35.104166515402099 ], [ 117.583526694124018, -35.10343099419832 ], [ 117.582244392947132, -35.102093607046257 ], [ 117.58380101462167, -35.100354832209568 ], [ 117.584281253544248, -35.100000850630678 ], [ 117.584555476633938, -35.099990511655463 ], [ 117.584863580128214, -35.100115265608181 ], [ 117.585348775907605, -35.100455575051043 ], [ 117.585746460890888, -35.100832373859419 ], [ 117.58534805276399, -35.101889302244956 ], [ 117.585000950801216, -35.102450039584831 ] ] ] } },
{ "type": "Feature", "properties": { "CODE": "P_gp", "JNCODE": "si5011; P_gp", "fme_featur": "geology_surface_si5011" }, "geometry": { "type": "Polygon", "coordinates": [ [ [ 117.526626151585418, -35.0662070756484 ], [ 117.5263602209955, -35.065784420961997 ], [ 117.526347806888779, -35.065559044497462 ], [ 117.526423418037851, -35.06537837208883 ], [ 117.526590319163489, -35.064043099831473 ], [ 117.526858869258021, -35.063167263683809 ], [ 117.52715131763749, -35.062597908389677 ], [ 117.527412138267891, -35.062227068677437 ], [ 117.527837279910557, -35.061828461800211 ], [ 117.529594907521314, -35.060585441768559 ], [ 117.530906079766112, -35.059840298185264 ], [ 117.532500590867755, -35.058823380358881 ], [ 117.533944004546782, -35.058185830036464 ], [ 117.535355204168553, -35.057656611397391 ], [ 117.536721459913394, -35.056965265263301 ], [ 117.537421973071545, -35.056763784953723 ], [ 117.538101556845675, -35.056715686204328 ], [ 117.538650616248574, -35.056830473268853 ], [ 117.539025172146637, -35.057090308888228 ], [ 117.539191378785461, -35.057351069598162 ], [ 117.539259130439603, -35.057648336657927 ], [ 117.53918942317253, -35.058721695466176 ], [ 117.539247692101952, -35.059244435025803 ], [ 117.539403056349116, -35.05952327796134 ], [ 117.540009757752571, -35.06006161150404 ], [ 117.540330511397741, -35.060474975013427 ], [ 117.540509300096346, -35.060979142437347 ], [ 117.54050279098125, -35.061655462397667 ], [ 117.540331189610825, -35.062242345696212 ], [ 117.540005697075742, -35.062775810649654 ], [ 117.538579910180545, -35.064432299236323 ], [ 117.53792621898387, -35.065093456279065 ], [ 117.537391381369218, -35.065483567011313 ], [ 117.536855889228633, -35.065774488993121 ], [ 117.536155946541371, -35.06607515286273 ], [ 117.53572893865794, -35.066185246132683 ], [ 117.534742020497845, -35.0662076355908 ], [ 117.53192243027371, -35.066057723767912 ], [ 117.530661277395168, -35.066072265138601 ], [ 117.529751827198893, -35.066202481571587 ], [ 117.528416865571813, -35.06667719973089 ], [ 117.527858237922985, -35.066787838681286 ], [ 117.527121757161254, -35.06652954245552 ], [ 117.526626151585418, -35.0662070756484 ] ] ] } },
{ "type": "Feature", "properties": { "CODE": "P_gp", "JNCODE": "si5011; P_gp", "fme_featur": "geology_surface_si5011" }, "geometry": { "type": "Polygon", "coordinates": [ [ [ 117.542205322680658, -35.055425985032549 ], [ 117.542572010166921, -35.054495571748909 ], [ 117.5428327353508, -35.054124699250202 ], [ 117.543303233864094, -35.053969300207903 ], [ 117.543654366199789, -35.054003796005404 ], [ 117.544017122046455, -35.054137428097782 ], [ 117.544534592578998, -35.054450709135928 ], [ 117.545185630988442, -35.055060955983038 ], [ 117.546353565617096, -35.05589430275873 ], [ 117.546772845600842, -35.056280153998976 ], [ 117.547016316407479, -35.056612693364258 ], [ 117.547149890529226, -35.056909659086919 ], [ 117.547229478673202, -35.057333109208358 ], [ 117.547209532200029, -35.057630767282532 ], [ 117.547079565340923, -35.057874818290216 ], [ 117.54676311621408, -35.058110692624176 ], [ 117.546478541883047, -35.058193129898179 ], [ 117.546160348468788, -35.058167511304198 ], [ 117.545390511839287, -35.057837338007886 ], [ 117.543211135514369, -35.056620775399743 ], [ 117.54254865627766, -35.055938431512828 ], [ 117.542205322680658, -35.055425985032549 ] ] ] } },
{ "type": "Feature", "properties": { "CODE": "P_gp", "JNCODE": "si5011; P_gp", "fme_featur": "geology_surface_si5011" }, "geometry": { "type": "Polygon", "coordinates": [ [ [ 117.485108587569485, -35.078174758314269 ], [ 117.485493669072056, -35.078371596062297 ], [ 117.485802879430892, -35.078722029153866 ], [ 117.486014762928491, -35.079307299040437 ], [ 117.486095610049475, -35.079992283118408 ], [ 117.486045203912312, -35.080740913656591 ], [ 117.485819289798712, -35.081490247315195 ], [ 117.485887297055015, -35.081859680423221 ], [ 117.486396057066628, -35.082560983143793 ], [ 117.488305144024579, -35.084464958449018 ], [ 117.488571263821811, -35.084941798336395 ], [ 117.488751780538493, -35.085779670718459 ], [ 117.488929233895988, -35.086103574611492 ], [ 117.48928172166066, -35.086345617296864 ], [ 117.489809298206552, -35.086514814236175 ], [ 117.490479053555177, -35.086611296269652 ], [ 117.491082450649529, -35.086617871356246 ], [ 117.491674228585211, -35.086516284162045 ], [ 117.492112156388032, -35.086370232546926 ], [ 117.492953687320707, -35.085843816935444 ], [ 117.493542306940071, -35.085219235889575 ], [ 117.494433278167747, -35.083799905839669 ], [ 117.494782287291969, -35.083464845863169 ], [ 117.495066675691788, -35.083328427158698 ], [ 117.495527009905175, -35.08326342657724 ], [ 117.498860998114282, -35.083132533643152 ], [ 117.499463380424984, -35.082976761695093 ], [ 117.500415017511585, -35.082530995625739 ], [ 117.500874846712804, -35.082384822045938 ], [ 117.50326543167499, -35.082257701045613 ], [ 117.503835279272977, -35.082165162834976 ], [ 117.504415484240695, -35.081973389670694 ], [ 117.505257057048354, -35.081473940249296 ], [ 117.507079421441105, -35.079933409769936 ], [ 117.508018503130259, -35.079244172177731 ], [ 117.508137930585008, -35.079045293379011 ], [ 117.508158470487714, -35.078819777247304 ], [ 117.507954102081911, -35.077702500146593 ], [ 117.508040062674127, -35.077413589522656 ], [ 117.508203697282894, -35.077268628645221 ], [ 117.509726480993379, -35.076964670149501 ], [ 117.510468804300814, -35.076393463973226 ], [ 117.51111470710056, -35.076192365067094 ], [ 117.511728320709892, -35.076090588233271 ], [ 117.512605513086683, -35.076041797746257 ], [ 117.513812774230033, -35.076153912654789 ], [ 117.513671710375291, -35.076397974720315 ], [ 117.513420904191619, -35.076633484051598 ], [ 117.511870810491445, -35.077830307256122 ], [ 117.511588270676697, -35.078255307965335 ], [ 117.511448941049281, -35.078778893338288 ], [ 117.511429985794976, -35.07925688492989 ], [ 117.511553907722572, -35.079779359876937 ], [ 117.512901012897871, -35.082947723277854 ], [ 117.512946357870206, -35.083181978533965 ], [ 117.51281585397598, -35.083362874362024 ], [ 117.512487279474328, -35.083445418147271 ], [ 117.5109407043864, -35.083469978687077 ], [ 117.509537291363941, -35.083584090003988 ], [ 117.509066165748266, -35.083676240617578 ], [ 117.508365855126186, -35.083958711499612 ], [ 117.50797145660205, -35.084041518997246 ], [ 117.507466580308886, -35.083998546850559 ], [ 117.506257762847312, -35.083651928760311 ], [ 117.505423973208835, -35.083637372369907 ], [ 117.504953231433944, -35.083792625803611 ], [ 117.504090637084957, -35.084445452765898 ], [ 117.503389970022525, -35.084673793279912 ], [ 117.502359491549768, -35.084786272946197 ], [ 117.498981783981606, -35.084953510997821 ], [ 117.498192573056301, -35.085055945074771 ], [ 117.49739288307471, -35.08523957179105 ], [ 117.496769360772703, -35.085530678063115 ], [ 117.496486279016793, -35.085883508136455 ], [ 117.496402017287352, -35.086460953741692 ], [ 117.49650850543442, -35.087740959621293 ], [ 117.496444488447352, -35.088038789160656 ], [ 117.496281357789087, -35.088273903978013 ], [ 117.495462200338466, -35.088872388626513 ], [ 117.494314141019487, -35.089508277740869 ], [ 117.493744774603044, -35.089690941334737 ], [ 117.492944052525473, -35.089712233517993 ], [ 117.491857236215196, -35.089590406127208 ], [ 117.4902640104428, -35.089173050069419 ], [ 117.489275829109445, -35.089032766254853 ], [ 117.488112772827293, -35.089001384801577 ], [ 117.485568487889026, -35.089146857821746 ], [ 117.484383437224025, -35.089106511471009 ], [ 117.483537719135938, -35.088938560074254 ], [ 117.483097209706841, -35.088651765480869 ], [ 117.482908856697719, -35.088336913723488 ], [ 117.482840697695664, -35.087940428305025 ], [ 117.482849063743771, -35.087498552119342 ], [ 117.482976823402339, -35.086839787561338 ], [ 117.483397680830819, -35.085656856939515 ], [ 117.483755423772152, -35.084934053954576 ], [ 117.484309440073773, -35.0840120876043 ], [ 117.484384147954216, -35.083660118159926 ], [ 117.484217847193946, -35.083363214479164 ], [ 117.483799410924817, -35.083094368336809 ], [ 117.482459071661083, -35.082748037101886 ], [ 117.482326006178113, -35.082505101773521 ], [ 117.482323405520205, -35.082063268838546 ], [ 117.482441784849982, -35.081675057906544 ], [ 117.482692058735154, -35.081331407985779 ], [ 117.483226570918774, -35.080824315463069 ], [ 117.484319271967863, -35.08010759675679 ], [ 117.48443886505946, -35.079926774840331 ], [ 117.484426456940383, -35.079683359668678 ], [ 117.484260377399124, -35.079422523788722 ], [ 117.483985249062243, -35.07927032947584 ], [ 117.48265647168212, -35.079014125953449 ], [ 117.481920019656016, -35.078755555484477 ], [ 117.481182778111133, -35.078361725405642 ], [ 117.4806978773738, -35.077975908068318 ], [ 117.480200586064697, -35.077346672928826 ], [ 117.479654942748411, -35.075951163215926 ], [ 117.479210826790222, -35.075033162313225 ], [ 117.478867383972613, -35.074448399405512 ], [ 117.478436305854117, -35.07388201563591 ], [ 117.4790179887531, -35.073942840159638 ], [ 117.479479391450511, -35.074067258033224 ], [ 117.4799744394209, -35.074317782113141 ], [ 117.480470018957661, -35.074658474263153 ], [ 117.482432405043994, -35.076354938633898 ], [ 117.483912034935713, -35.078017228835421 ], [ 117.484427725326768, -35.078042221677173 ], [ 117.485108587569485, -35.078174758314269 ] ] ] } },
{ "type": "Feature", "properties": { "CODE": "P_gp", "JNCODE": "si5011; P_gp", "fme_featur": "geology_surface_si5011" }, "geometry": { "type": "Polygon", "coordinates": [ [ [ 117.523520347844965, -35.076193551174292 ], [ 117.522123052648553, -35.077245569958365 ], [ 117.520888647530285, -35.078044391561946 ], [ 117.519357318233091, -35.078727248985352 ], [ 117.518525232008926, -35.078974273900535 ], [ 117.51833853420689, -35.078939003225059 ], [ 117.518173147020633, -35.078804452030056 ], [ 117.518082888684958, -35.078408080920035 ], [ 117.518177958531581, -35.077830574004885 ], [ 117.518523821074851, -35.077017547734691 ], [ 117.518728057362424, -35.076358418672271 ], [ 117.518693211832215, -35.076051982853272 ], [ 117.518527487688203, -35.075863330282687 ], [ 117.51821968868046, -35.075756439465962 ], [ 117.517813858810499, -35.075758172891511 ], [ 117.516138025146347, -35.076135021848913 ], [ 117.51530499140334, -35.076228736278438 ], [ 117.513812774230033, -35.076153912654789 ], [ 117.514006530469203, -35.075566973332144 ], [ 117.514310249651089, -35.075024653412726 ], [ 117.514658686934709, -35.074617401037401 ], [ 117.515029963620037, -35.074354325961451 ], [ 117.515445904372783, -35.074217300820308 ], [ 117.517034867306876, -35.073985107132216 ], [ 117.519060660926456, -35.073453456114301 ], [ 117.519532230538132, -35.073442419770643 ], [ 117.519982435875406, -35.073521645243147 ], [ 117.521709932392341, -35.07437987800683 ], [ 117.522984485329317, -35.074726059454157 ], [ 117.523396470665261, -35.075689122669473 ], [ 117.523520347844965, -35.076193551174292 ] ] ] } },
{ "type": "Feature", "properties": { "CODE": "P_gp", "JNCODE": "si5011; P_gp", "fme_featur": "geology_surface_si5011" }, "geometry": { "type": "Polygon", "coordinates": [ [ [ 117.517734401089456, -35.045803291034382 ], [ 117.519469853819984, -35.046282804054563 ], [ 117.520161298865034, -35.046388048454887 ], [ 117.521071175833058, -35.046357092285497 ], [ 117.522802235347967, -35.046142248568863 ], [ 117.523778240094273, -35.04616509059845 ], [ 117.52467858992047, -35.046359579592604 ], [ 117.526579371297274, -35.046964516896914 ], [ 117.527921450532205, -35.047643994597536 ], [ 117.528626496186249, -35.048154907172247 ], [ 117.529112372262517, -35.048684806109087 ], [ 117.530804444272434, -35.050913688822988 ], [ 117.531245731394094, -35.051326549907699 ], [ 117.531862699017779, -35.051774708178414 ], [ 117.533467069173255, -35.052299680310433 ], [ 117.535281918059994, -35.053148322744185 ], [ 117.535888014822035, -35.053605525437263 ], [ 117.535988352926381, -35.053857564491565 ], [ 117.535934939738112, -35.05407421389701 ], [ 117.532964651142478, -35.054294696091461 ], [ 117.532034222970438, -35.054551262620215 ], [ 117.530174572818623, -35.055253730810946 ], [ 117.5290464523558, -35.055466052179902 ], [ 117.528038251742089, -35.055569634412457 ], [ 117.52703979745624, -35.055483804143265 ], [ 117.524436902725412, -35.05486387869675 ], [ 117.522768354456915, -35.054591546386163 ], [ 117.521013639324011, -35.054563026449735 ], [ 117.518261972893569, -35.054683020135265 ], [ 117.517910904298517, -35.054657467763406 ], [ 117.517339614993816, -35.054488577979278 ], [ 117.517162745254126, -35.054263901261962 ], [ 117.517039908157813, -35.053912752699837 ], [ 117.516876449035607, -35.052335432858818 ], [ 117.516923491217952, -35.051099870720385 ], [ 117.517040413234099, -35.050513251863784 ], [ 117.517267153403239, -35.04995321638129 ], [ 117.517232780592437, -35.049718914659692 ], [ 117.516913037487015, -35.049440742952449 ], [ 117.516550799776184, -35.049379165140664 ], [ 117.51501843751322, -35.049818507632551 ], [ 117.514262367268216, -35.049902870137267 ], [ 117.513680548786994, -35.04979712814356 ], [ 117.513218330338873, -35.049528567073601 ], [ 117.512114750937343, -35.048397057707248 ], [ 117.510689412975381, -35.046653719878293 ], [ 117.510301842262876, -35.046042177695263 ], [ 117.510101343692327, -35.045538054811402 ], [ 117.510077228976471, -35.045186483394296 ], [ 117.510207174686187, -35.044924436701216 ], [ 117.510577715477567, -35.044562187821384 ], [ 117.512630783732092, -35.044995375769354 ], [ 117.51453082502465, -35.045501315915999 ], [ 117.51566168138757, -35.045739980432707 ], [ 117.517734401089456, -35.045803291034382 ] ] ] } },
{ "type": "Feature", "properties": { "CODE": "P_gp", "JNCODE": "si5011; P_gp", "fme_featur": "geology_surface_si5011" }, "geometry": { "type": "Polygon", "coordinates": [ [ [ 117.509310326291185, -35.038219365428631 ], [ 117.508948087723496, -35.038148747300497 ], [ 117.5083652981764, -35.037871655289315 ], [ 117.507924700519922, -35.037539861720312 ], [ 117.507637591770219, -35.037207424462395 ], [ 117.507460451783771, -35.036928630223002 ], [ 117.507381758544341, -35.036613355022915 ], [ 117.507456995535406, -35.036369574216046 ], [ 117.507707306967092, -35.036070957333251 ], [ 117.508034804371036, -35.035844154913505 ], [ 117.508428524916752, -35.035689212275166 ], [ 117.509556653863214, -35.035513151952337 ], [ 117.511344185771179, -35.035595804817348 ], [ 117.511695733035424, -35.035711547272449 ], [ 117.511960251768116, -35.035935863103305 ], [ 117.512204083623942, -35.036358645473499 ], [ 117.512261712875642, -35.036809265354357 ], [ 117.512142918270598, -35.037098319232584 ], [ 117.511783380993933, -35.037460526746401 ], [ 117.511117597685015, -35.037941248015755 ], [ 117.510570833368277, -35.038168981536636 ], [ 117.509935462498689, -35.038252808828503 ], [ 117.509310326291185, -35.038219365428631 ] ] ] } },
{ "type": "Feature", "properties": { "CODE": "P_gp", "JNCODE": "si5011; P_gp", "fme_featur": "geology_surface_si5011" }, "geometry": { "type": "Polygon", "coordinates": [ [ [ 117.495785335725628, -35.037094121063916 ], [ 117.495546104141653, -35.037419720060861 ], [ 117.495120330852146, -35.037719028106785 ], [ 117.494474689521837, -35.037920040908816 ], [ 117.493685870166289, -35.038013425684667 ], [ 117.493202940036028, -35.037925216946199 ], [ 117.492762835770023, -35.037665504219831 ], [ 117.492156446656509, -35.037099877216995 ], [ 117.491758798419227, -35.036605539474643 ], [ 117.491481425370083, -35.036056609611364 ], [ 117.491368771537893, -35.03555209849867 ], [ 117.491366126730043, -35.035110262731465 ], [ 117.491462580201414, -35.034740163805914 ], [ 117.491743997508252, -35.034134866159313 ], [ 117.491828350890643, -35.03357545310822 ], [ 117.496103060904503, -35.035244281739821 ], [ 117.495947060280542, -35.036642596615238 ], [ 117.495785335725628, -35.037094121063916 ] ] ] } },
{ "type": "Feature", "properties": { "CODE": "P_gp", "JNCODE": "si5011; P_gp", "fme_featur": "geology_surface_si5011" }, "geometry": { "type": "Polygon", "coordinates": [ [ [ 117.503679315365162, -35.035348328446418 ], [ 117.503151875522164, -35.035152136762918 ], [ 117.502809648404323, -35.034765812749001 ], [ 117.502709159849303, -35.034468659174856 ], [ 117.502707558487273, -35.034207164944611 ], [ 117.502804511991869, -35.033927227817664 ], [ 117.502967683446869, -35.033719154322156 ], [ 117.503448386811129, -35.033446642678989 ], [ 117.504051060858217, -35.03339905433868 ], [ 117.504983558975184, -35.033503384464829 ], [ 117.505401753308192, -35.033763144228487 ], [ 117.505545768792871, -35.034006010608238 ], [ 117.505591563798802, -35.034321424256653 ], [ 117.505505804381372, -35.034637385997144 ], [ 117.505299007917017, -35.034881713607263 ], [ 117.504916802778382, -35.035126770892987 ], [ 117.504479337028229, -35.035299918586759 ], [ 117.50410698299423, -35.035364586988962 ], [ 117.503679315365162, -35.035348328446418 ] ] ] } },
{ "type": "Feature", "properties": { "CODE": "P_gp", "JNCODE": "si5011; P_gp", "fme_featur": "geology_surface_si5011" }, "geometry": { "type": "Polygon", "coordinates": [ [ [ 117.484139288112857, -35.032903027013482 ], [ 117.485082080496312, -35.032899261780102 ], [ 117.487634514593083, -35.03257342653162 ], [ 117.48827056297317, -35.032606937957702 ], [ 117.488753778784812, -35.032749269089777 ], [ 117.489095018449134, -35.032982343424187 ], [ 117.489393000403382, -35.033314781322844 ], [ 117.489658688029536, -35.033746538845271 ], [ 117.489759343744964, -35.034079771904473 ], [ 117.489750317541109, -35.034404430322347 ], [ 117.48962075274612, -35.034738592442814 ], [ 117.489403106721625, -35.03500998876725 ], [ 117.489032245681756, -35.03532708866981 ], [ 117.488341146298794, -35.035257733804279 ], [ 117.485750940392478, -35.034772180319429 ], [ 117.484028906234656, -35.034634785268743 ], [ 117.483051294781106, -35.034314058933369 ], [ 117.48242572093433, -35.034199323032112 ], [ 117.481494140576601, -35.034248109603091 ], [ 117.479358430688222, -35.034608239481251 ], [ 117.479128051083507, -35.034582097532422 ], [ 117.478995969704314, -35.03449244617844 ], [ 117.478971728921707, -35.034095781447178 ], [ 117.479174286437512, -35.033112097857 ], [ 117.479423269891981, -35.03257007733577 ], [ 117.479717206951136, -35.032217241548715 ], [ 117.480121452740747, -35.031981193344457 ], [ 117.480635955219327, -35.031852914551877 ], [ 117.481206378723357, -35.031913774817767 ], [ 117.481810537500792, -35.032118775002736 ], [ 117.483206184477183, -35.032690331558932 ], [ 117.484139288112857, -35.032903027013482 ] ] ] } },
{ "type": "Feature", "properties": { "CODE": "P_gp", "JNCODE": "si5011; P_gp", "fme_featur": "geology_surface_si5011" }, "geometry": { "type": "Polygon", "coordinates": [ [ [ 117.509018971493717, -35.031899483809909 ], [ 117.508545962971567, -35.031639966175831 ], [ 117.507553931110422, -35.030769444096435 ], [ 117.50728866111848, -35.030418879638532 ], [ 117.507110534755554, -35.029977777675171 ], [ 117.507075476029144, -35.02962625042332 ], [ 117.507205463061652, -35.02937322344669 ], [ 117.507434888925829, -35.02924602242183 ], [ 117.50769775811932, -35.029208853813358 ], [ 117.508443911578638, -35.02932295436365 ], [ 117.51068614184959, -35.030269369898463 ], [ 117.511126598872821, -35.030583120003961 ], [ 117.511248588448311, -35.030808037920998 ], [ 117.511272366250935, -35.031105507718536 ], [ 117.511175108058993, -35.031331349255069 ], [ 117.510935673819745, -35.031611893063847 ], [ 117.510356679967785, -35.031938951357056 ], [ 117.509567825432725, -35.032014404758463 ], [ 117.509018971493717, -35.031899483809909 ] ] ] } },
{ "type": "Feature", "properties": { "CODE": "P_gp", "JNCODE": "si5011; P_gp", "fme_featur": "geology_surface_si5011" }, "geometry": { "type": "Polygon", "coordinates": [ [ [ 117.497965385230685, -35.024163433071983 ], [ 117.497562923344617, -35.024679069264529 ], [ 117.497082906115679, -35.025059762487437 ], [ 117.496438077548035, -35.025378007116807 ], [ 117.495256282706237, -35.025725492771613 ], [ 117.492276854432944, -35.026098306996872 ], [ 117.491181970667739, -35.026319158421551 ], [ 117.490646188785774, -35.026546758043288 ], [ 117.489455271306639, -35.027209829279769 ], [ 117.487014823980616, -35.027904961827808 ], [ 117.48567156088113, -35.028766987626 ], [ 117.48508114973086, -35.029030850492475 ], [ 117.484829232459063, -35.029067926391136 ], [ 117.484532774409033, -35.028987954883938 ], [ 117.484312147920676, -35.028754386131176 ], [ 117.483913099642024, -35.02800754312419 ], [ 117.483637136359462, -35.027684020843587 ], [ 117.483251980163033, -35.027433071113585 ], [ 117.482615019647184, -35.027237225567148 ], [ 117.482307184666396, -35.02708515547635 ], [ 117.481965671195795, -35.026797958980211 ], [ 117.481821738027804, -35.026555063649681 ], [ 117.481820415287658, -35.026329636587043 ], [ 117.481994057922904, -35.026031376370263 ], [ 117.482201114053893, -35.025823156066018 ], [ 117.482452598819663, -35.025713949013252 ], [ 117.487120481843533, -35.025388713881028 ], [ 117.488423850739267, -35.025203129321696 ], [ 117.488959791250835, -35.025002590708404 ], [ 117.490828087391407, -35.023967077474545 ], [ 117.492009444104468, -35.023547498312986 ], [ 117.493367687550332, -35.023379672866014 ], [ 117.495275680633469, -35.023489125915084 ], [ 117.495757820144121, -35.023460105418224 ], [ 117.496798391585983, -35.023329608068764 ], [ 117.497730056211239, -35.023316773287959 ], [ 117.498059609154765, -35.023432645998817 ], [ 117.498137815841233, -35.023675791819855 ], [ 117.497965385230685, -35.024163433071983 ] ] ] } },
{ "type": "Feature", "properties": { "CODE": "P_gp", "JNCODE": "si5011; P_gp", "fme_featur": "geology_surface_si5011" }, "geometry": { "type": "Polygon", "coordinates": [ [ [ 117.483385570359445, -35.022193491080643 ], [ 117.483753772341274, -35.023292134201448 ], [ 117.483656394076036, -35.023508937437441 ], [ 117.483066173057452, -35.023799841726778 ], [ 117.482638621952191, -35.023792525553112 ], [ 117.481242655268886, -35.02313980657992 ], [ 117.480673137201833, -35.023223219326034 ], [ 117.480430456271264, -35.022962678640354 ], [ 117.479725978114331, -35.022460496708057 ], [ 117.477818761205882, -35.022477038113387 ], [ 117.476904730157059, -35.02175023200877 ], [ 117.476638154553015, -35.021147120008905 ], [ 117.476712841384867, -35.020795151843188 ], [ 117.476996677832389, -35.020595655925163 ], [ 117.477610392938388, -35.020575207654481 ], [ 117.478937102644423, -35.020642117686833 ], [ 117.480047333308164, -35.021178769357441 ], [ 117.481242097931741, -35.021174037569601 ], [ 117.482613353219136, -35.021357955602269 ], [ 117.483385570359445, -35.022193491080643 ] ] ] } },
{ "type": "Feature", "properties": { "CODE": "P_gp", "JNCODE": "si5011; P_gp", "fme_featur": "geology_surface_si5011" }, "geometry": { "type": "Polygon", "coordinates": [ [ [ 117.49194134043266, -35.010346444343476 ], [ 117.492305657277399, -35.010786815480714 ], [ 117.492451484717463, -35.011345297162904 ], [ 117.492388589966708, -35.011823469737081 ], [ 117.492117617686034, -35.012329538003776 ], [ 117.490809750428255, -35.013561187676629 ], [ 117.48978455326052, -35.014412955938205 ], [ 117.489020504300214, -35.014948057874022 ], [ 117.48697605957102, -35.015821939434232 ], [ 117.486233206227226, -35.016239713812176 ], [ 117.485840602340929, -35.016574926347495 ], [ 117.485089757808723, -35.017497694778228 ], [ 117.48419502445627, -35.0181865827401 ], [ 117.483319757035005, -35.018460590615611 ], [ 117.48183311127589, -35.019151816935413 ], [ 117.480936326095033, -35.019498031505933 ], [ 117.4803997684417, -35.019590329600291 ], [ 117.479567685217319, -35.019755931879239 ], [ 117.478986491616539, -35.019713140549193 ], [ 117.478635005529682, -35.019588284992906 ], [ 117.478240201855925, -35.019553772158446 ], [ 117.47684947223668, -35.01978467703816 ], [ 117.476160029257059, -35.019976747366911 ], [ 117.475121238823036, -35.020413649165967 ], [ 117.47428471023602, -35.019812761736688 ], [ 117.474347039068689, -35.019217375932989 ], [ 117.473871923060742, -35.018560968532171 ], [ 117.472795687921177, -35.018204473575061 ], [ 117.472141798701358, -35.016953613015801 ], [ 117.471085703219046, -35.01628141840888 ], [ 117.470559237360433, -35.016220339517339 ], [ 117.469170137991028, -35.016730686755089 ], [ 117.468317938248759, -35.017211895653048 ], [ 117.467922430831266, -35.01705110951373 ], [ 117.467603289784776, -35.016826906685537 ], [ 117.467437444300373, -35.01657506075891 ], [ 117.467358873556378, -35.016250740039077 ], [ 117.467443684190243, -35.015745443816996 ], [ 117.467747187824756, -35.015149131725536 ], [ 117.468084903780209, -35.014787137115491 ], [ 117.468544156794891, -35.01459600144338 ], [ 117.468905897639956, -35.014603621754141 ], [ 117.469322955112744, -35.014701200255715 ], [ 117.470663469262448, -35.015282134761776 ], [ 117.473076672042879, -35.01560639318425 ], [ 117.473756061543497, -35.015576691221568 ], [ 117.473963476863361, -35.015431604423313 ], [ 117.474060767412084, -35.015196774329176 ], [ 117.473970587336368, -35.014764295501593 ], [ 117.473507500167742, -35.014288185391699 ], [ 117.472176491612004, -35.013454760394808 ], [ 117.47009620432415, -35.011920874051874 ], [ 117.469315474160581, -35.011473029357447 ], [ 117.46830454510598, -35.011017050636802 ], [ 117.469013586770927, -35.010428186998276 ], [ 117.470433756299016, -35.009620149398877 ], [ 117.47114551094549, -35.009509180873998 ], [ 117.471649807886621, -35.009534274318867 ], [ 117.472001136801836, -35.009641116498486 ], [ 117.472397186474453, -35.009901078078187 ], [ 117.472694964604457, -35.010224542336573 ], [ 117.472982823519914, -35.010728390889732 ], [ 117.473573254194008, -35.012385275240263 ], [ 117.473882006063874, -35.012708693581573 ], [ 117.4742552715051, -35.012815443464532 ], [ 117.474485171908412, -35.012769458359571 ], [ 117.474725354724512, -35.012606207493185 ], [ 117.475629501972577, -35.01164683223741 ], [ 117.476176241674992, -35.011428272918259 ], [ 117.478192171389807, -35.011303122301342 ], [ 117.480425181711496, -35.010816386541912 ], [ 117.480951936420041, -35.010931525553332 ], [ 117.481546776702601, -35.011443154036563 ], [ 117.481898126338095, -35.011549967365134 ], [ 117.483224640092175, -35.011607814678605 ], [ 117.484583237388847, -35.011530259699967 ], [ 117.486104789040866, -35.011208569560388 ], [ 117.486793921046868, -35.010980374857006 ], [ 117.487733945623987, -35.010552787449072 ], [ 117.489474015168071, -35.010121969122928 ], [ 117.49054493874749, -35.009594641601105 ], [ 117.491347145057773, -35.009952089405239 ], [ 117.49194134043266, -35.010346444343476 ] ] ] } },
{ "type": "Feature", "properties": { "CODE": "P_gp", "JNCODE": "si5011; P_gp", "fme_featur": "geology_surface_si5011" }, "geometry": { "type": "Polygon", "coordinates": [ [ [ 117.496624165701462, -35.014457301029822 ], [ 117.496293942735306, -35.014224201877177 ], [ 117.495818953869389, -35.013612966478419 ], [ 117.495540926280952, -35.012946821305796 ], [ 117.495448134563375, -35.01209957327292 ], [ 117.495553545755158, -35.011404810232257 ], [ 117.495792049854728, -35.010971005420956 ], [ 117.496239657102251, -35.010680622353796 ], [ 117.496951166060782, -35.010533434390183 ], [ 117.497291189525683, -35.010577128315084 ], [ 117.497686667313914, -35.010728801620004 ], [ 117.498005920260127, -35.010961942170127 ], [ 117.498215631867723, -35.011204548856 ], [ 117.49847230233722, -35.011960948799576 ], [ 117.49861093515895, -35.013132629066888 ], [ 117.498493657536898, -35.0136741490414 ], [ 117.498058150348655, -35.014153854032642 ], [ 117.497402996461759, -35.014562319375067 ], [ 117.496898825702672, -35.014564384513868 ], [ 117.496624165701462, -35.014457301029822 ] ] ] } },
{ "type": "Feature", "properties": { "CODE": "P_gp", "JNCODE": "si5011; P_gp", "fme_featur": "geology_surface_si5011" }, "geometry": { "type": "Polygon", "coordinates": [ [ [ 117.516699633750477, -35.012056051632854 ], [ 117.516680889644647, -35.012561100057717 ], [ 117.516518418121606, -35.012868379657704 ], [ 117.51628984529772, -35.013121836449756 ], [ 117.516082398134913, -35.013248960840592 ], [ 117.515830600602939, -35.013295117709383 ], [ 117.514163828791553, -35.013166930517514 ], [ 117.513550462262586, -35.01323264840066 ], [ 117.513167593460736, -35.013351492642094 ], [ 117.512982004643277, -35.013469502036003 ], [ 117.51280805079432, -35.013695669551183 ], [ 117.512508537439373, -35.014878200436996 ], [ 117.512139149400554, -35.015402762789051 ], [ 117.51170259010496, -35.015702174854653 ], [ 117.511112020948858, -35.01591206107318 ], [ 117.510553545398707, -35.015995567300301 ], [ 117.510136714107873, -35.015943216265882 ], [ 117.509883561576359, -35.015772951441626 ], [ 117.509772279140037, -35.015502900034626 ], [ 117.509718982359274, -35.013979200721032 ], [ 117.509605633410757, -35.013375517698819 ], [ 117.509339237864722, -35.01283559795025 ], [ 117.508686959910676, -35.011927586069191 ], [ 117.508540630582871, -35.011306005414944 ], [ 117.50835662646837, -35.009909094163604 ], [ 117.508374528723024, -35.009259773220677 ], [ 117.508493241816055, -35.008961704867758 ], [ 117.508885660519027, -35.008617402658018 ], [ 117.509574202712713, -35.008307925593257 ], [ 117.510767934067744, -35.008167648680619 ], [ 117.511480516784232, -35.008200717284602 ], [ 117.51258848086799, -35.008367372234986 ], [ 117.513859994489536, -35.008398065214891 ], [ 117.514496485572337, -35.008530628544015 ], [ 117.515079255551996, -35.008834745259215 ], [ 117.515454704787359, -35.00928401656936 ], [ 117.515677460032776, -35.009851160399336 ], [ 117.515891636683108, -35.010797066811534 ], [ 117.516421556246286, -35.011407989649982 ], [ 117.516699633750477, -35.012056051632854 ] ] ] } },
{ "type": "Feature", "properties": { "CODE": "P_gp", "JNCODE": "si5011; P_gp", "fme_featur": "geology_surface_si5011" }, "geometry": { "type": "Polygon", "coordinates": [ [ [ 117.549080097221022, -35.014321500656706 ], [ 117.548673067526209, -35.014097909414701 ], [ 117.548385818131635, -35.013756551028976 ], [ 117.548295489898265, -35.013360198832864 ], [ 117.548369681900084, -35.012981137901683 ], [ 117.548674090985713, -35.012610053700087 ], [ 117.549110316662265, -35.012283458848458 ], [ 117.549536905961276, -35.012155286235227 ], [ 117.54996500291864, -35.012252537305791 ], [ 117.550449652108753, -35.012611031511312 ], [ 117.550703965723258, -35.012943517218822 ], [ 117.550783465995778, -35.01335795129016 ], [ 117.550698445694621, -35.013755097309293 ], [ 117.550415780572195, -35.014099036057686 ], [ 117.550011706529929, -35.014317282504415 ], [ 117.549540904394973, -35.014391553321133 ], [ 117.549080097221022, -35.014321500656706 ] ] ] } },
{ "type": "Feature", "properties": { "CODE": "P_gp", "JNCODE": "si5011; P_gp", "fme_featur": "geology_surface_si5011" }, "geometry": { "type": "Polygon", "coordinates": [ [ [ 117.555368856177637, -35.010704011262881 ], [ 117.554763824540174, -35.010373138757132 ], [ 117.554587193227491, -35.010184583039987 ], [ 117.554564300360227, -35.010040411141532 ], [ 117.554988981186327, -35.009632692412744 ], [ 117.556134294062403, -35.008824912135125 ], [ 117.556648651123425, -35.008714346990281 ], [ 117.557164290766949, -35.008793136699452 ], [ 117.55750525446831, -35.008971916732051 ], [ 117.557857852469127, -35.009249832410703 ], [ 117.558255454695285, -35.009698868377811 ], [ 117.558521485552816, -35.01013949121014 ], [ 117.5585890818396, -35.010409698505171 ], [ 117.558525163295585, -35.010680510996835 ], [ 117.558286380207818, -35.011024266106432 ], [ 117.558057084917976, -35.01115156245428 ], [ 117.555368856177637, -35.010704011262881 ] ] ] } },
{ "type": "Feature", "properties": { "CODE": "P_gp", "JNCODE": "si5011; P_gp", "fme_featur": "geology_surface_si5011" }, "geometry": { "type": "Polygon", "coordinates": [ [ [ 117.53552867407808, -35.010297219134827 ], [ 117.535510868814669, -35.010928508000347 ], [ 117.535415228492482, -35.011388811683361 ], [ 117.535263201959509, -35.01160589714484 ], [ 117.534946425316576, -35.011769604907926 ], [ 117.533786268578808, -35.012018179415961 ], [ 117.532320864298356, -35.012520566080362 ], [ 117.53184999715414, -35.012585751312564 ], [ 117.531432937270893, -35.012497405220927 ], [ 117.531124661043691, -35.01228233965373 ], [ 117.53091467539673, -35.012012739646266 ], [ 117.530803154563628, -35.011715656814744 ], [ 117.530821403899566, -35.011147487654178 ], [ 117.531263814114624, -35.010072494251119 ], [ 117.531338082071002, -35.009693442843201 ], [ 117.531269409772435, -35.009242878741382 ], [ 117.53097094035077, -35.008847423789483 ], [ 117.530266395539044, -35.008363569778432 ], [ 117.529552584944412, -35.008141253637589 ], [ 117.528576509173945, -35.008037300504938 ], [ 117.527503075593614, -35.008132143204904 ], [ 117.526779702349955, -35.008126267421837 ], [ 117.525935199433121, -35.008030739247076 ], [ 117.525386311278083, -35.007888839511537 ], [ 117.525077952887656, -35.007655724028602 ], [ 117.52494419513387, -35.007304627867967 ], [ 117.524985093989599, -35.006844568652994 ], [ 117.525158193069117, -35.006492145125854 ], [ 117.52555076025692, -35.006183857823956 ], [ 117.526261424961376, -35.005919277065253 ], [ 117.528232195358214, -35.005622163165235 ], [ 117.530970834563533, -35.005438885785111 ], [ 117.53349086752209, -35.005346680628143 ], [ 117.534280321636643, -35.005406329477211 ], [ 117.534730987998799, -35.005611742871714 ], [ 117.534930127825319, -35.005899418968305 ], [ 117.53506433671906, -35.006313623108532 ], [ 117.535371746027153, -35.008079657510635 ], [ 117.53552867407808, -35.010297219134827 ] ] ] } },
{ "type": "Feature", "properties": { "CODE": "P_gp", "JNCODE": "si5011; P_gp", "fme_featur": "geology_surface_si5011" }, "geometry": { "type": "Polygon", "coordinates": [ [ [ 117.572245567608107, -35.00732529509547 ], [ 117.571948666793119, -35.007182418037026 ], [ 117.571375030860935, -35.006644083037123 ], [ 117.571241704529101, -35.006383209515043 ], [ 117.571229303865636, -35.006175870484071 ], [ 117.571304261471369, -35.005923033924191 ], [ 117.571467140765279, -35.005705852527093 ], [ 117.571815692903499, -35.00539762359783 ], [ 117.572164933014292, -35.005188580490774 ], [ 117.57310519301565, -35.004868540044662 ], [ 117.57394858006478, -35.004801434220369 ], [ 117.574343663804186, -35.004880720999914 ], [ 117.574640623378102, -35.00503260927357 ], [ 117.574806330203643, -35.005221187527418 ], [ 117.574862827521812, -35.005464386460744 ], [ 117.574820694965439, -35.00570805246393 ], [ 117.574690638363165, -35.005916065646559 ], [ 117.573328885991771, -35.007085733867328 ], [ 117.572979640895554, -35.007294780307554 ], [ 117.572596762544606, -35.00739577710474 ], [ 117.572245567608107, -35.00732529509547 ] ] ] } },
{ "type": "Feature", "properties": { "CODE": "P_gp", "JNCODE": "si5011; P_gp", "fme_featur": "geology_surface_si5011" }, "geometry": { "type": "Polygon", "coordinates": [ [ [ 117.547483266525177, -34.996735978505825 ], [ 117.54876478350991, -34.996649036597567 ], [ 117.54916955778836, -34.996548015851388 ], [ 117.550305842704176, -34.996046918622284 ], [ 117.550765762821527, -34.995999746399747 ], [ 117.551072940087266, -34.996052456225684 ], [ 117.551677669363443, -34.996356297944686 ], [ 117.552206910271963, -34.996840826053372 ], [ 117.552605027077576, -34.997380052545267 ], [ 117.5532819524649, -34.998639391197464 ], [ 117.55357994420946, -34.998953638113669 ], [ 117.553899003745201, -34.999141545980208 ], [ 117.554261289111935, -34.999239082670826 ], [ 117.554743445031448, -34.999236880286126 ], [ 117.556087446542875, -34.998662641375162 ], [ 117.557182513888748, -34.99854941258085 ], [ 117.558278251741058, -34.998535361094518 ], [ 117.558826886751277, -34.998641044313395 ], [ 117.559212011746865, -34.998873720505266 ], [ 117.559554166031404, -34.999232835655803 ], [ 117.559611473414165, -34.999602280548835 ], [ 117.559514384760988, -34.999828160422169 ], [ 117.559296939575503, -35.000081646674168 ], [ 117.558697119647334, -35.000508221548174 ], [ 117.558117985508147, -35.000754352497346 ], [ 117.556848962484764, -35.001075785667503 ], [ 117.556335874069632, -35.00136669161656 ], [ 117.556129983533438, -35.001710292168973 ], [ 117.556067710434078, -35.002224563104953 ], [ 117.556126224742457, -35.002774349822602 ], [ 117.556461147789449, -35.003683561263223 ], [ 117.55644161147265, -35.004035325100666 ], [ 117.556301101248295, -35.004324522367043 ], [ 117.555581968026061, -35.004940991572923 ], [ 117.554599444542831, -35.005504556483345 ], [ 117.554336734474759, -35.005550842946555 ], [ 117.553086687897547, -35.005448337738891 ], [ 117.552791221643446, -35.005512804686546 ], [ 117.552561872328198, -35.005631073691767 ], [ 117.552399367155743, -35.005911349278833 ], [ 117.552379328148291, -35.006190976404511 ], [ 117.552491828330531, -35.006623294202164 ], [ 117.552958784062739, -35.007613069378358 ], [ 117.552961089874728, -35.007955715715468 ], [ 117.552820682162206, -35.008262942960314 ], [ 117.552373896905621, -35.008643702952533 ], [ 117.55117151378623, -35.009118067589291 ], [ 117.549491120811524, -35.010225795157503 ], [ 117.548998542926, -35.010318196958089 ], [ 117.54649921894395, -35.010248320289662 ], [ 117.542916688705859, -35.010453760703101 ], [ 117.541174289197485, -35.010488593763597 ], [ 117.538784383211279, -35.010391018448274 ], [ 117.538400324318928, -35.010320584335751 ], [ 117.538026517106331, -35.010141896088655 ], [ 117.537728366133948, -35.009800560307738 ], [ 117.537571452050329, -35.009269235216074 ], [ 117.537632724786619, -35.008583649675607 ], [ 117.537837352446232, -35.008032688306592 ], [ 117.538281780713703, -35.007282282911852 ], [ 117.539574793174594, -35.005581290708406 ], [ 117.540028492293658, -35.004578353238834 ], [ 117.540597862441629, -35.00283548040332 ], [ 117.54089125203744, -35.00245544689227 ], [ 117.542121359370071, -35.001205572143739 ], [ 117.542240652228401, -35.00101567602043 ], [ 117.542271921008251, -35.000772069215593 ], [ 117.542099577127701, -34.999564520483126 ], [ 117.541987736211198, -34.999222362343602 ], [ 117.541843854208921, -34.999006589354046 ], [ 117.541668049535815, -34.998935235495871 ], [ 117.541405412145082, -34.998990510935421 ], [ 117.540380332026544, -34.999752531892895 ], [ 117.540084638807173, -34.999780899715091 ], [ 117.539777098955938, -34.999674059934719 ], [ 117.539402745810065, -34.999405204784928 ], [ 117.538828252881189, -34.998695388994911 ], [ 117.537671641894065, -34.997780751910511 ], [ 117.53730761381324, -34.997412654018603 ], [ 117.537152612640327, -34.997169872618258 ], [ 117.537096409450527, -34.996953705866424 ], [ 117.537258006876911, -34.996529177253137 ], [ 117.537628093862622, -34.996148811817676 ], [ 117.538108108138033, -34.995822061903475 ], [ 117.538403374492418, -34.995730579660126 ], [ 117.538951020547287, -34.995692080393034 ], [ 117.540420293153403, -34.995829825658184 ], [ 117.543032623359551, -34.996485449306114 ], [ 117.543954088022105, -34.996634618178746 ], [ 117.545620445494436, -34.996744365198388 ], [ 117.547483266525177, -34.996735978505825 ] ] ] } },
{ "type": "Feature", "properties": { "CODE": "P_gp", "JNCODE": "si5011; P_gp", "fme_featur": "geology_surface_si5011" }, "geometry": { "type": "Polygon", "coordinates": [ [ [ 117.579923311356168, -35.001977680772598 ], [ 117.579903684950452, -35.002302396583488 ], [ 117.579719299393673, -35.002573795660446 ], [ 117.579392451833371, -35.00284587451339 ], [ 117.57885764350911, -35.003155013470618 ], [ 117.57639772057432, -35.003987291475703 ], [ 117.5759053381678, -35.004097835871406 ], [ 117.575083751341296, -35.004146817419439 ], [ 117.574612337875749, -35.004121998049825 ], [ 117.573931953704573, -35.003989957714694 ], [ 117.572513446189461, -35.003302325682803 ], [ 117.571403994669694, -35.002928827376344 ], [ 117.57094116730137, -35.0025612965253 ], [ 117.570664825596197, -35.002219939172996 ], [ 117.570530444792865, -35.001805775752622 ], [ 117.570583108433894, -35.001498940534489 ], [ 117.570702899056059, -35.001390169989712 ], [ 117.570921690148225, -35.001335037462233 ], [ 117.571655773281464, -35.001313548151629 ], [ 117.5721932337851, -35.001383154217756 ], [ 117.573027702204996, -35.001613667335427 ], [ 117.573488205425406, -35.001647561771065 ], [ 117.575720807777344, -35.001222198677937 ], [ 117.577002677052093, -35.001180043253051 ], [ 117.578362458470622, -35.00130883145799 ], [ 117.579141515706027, -35.001449393651875 ], [ 117.579680191299289, -35.001690289052675 ], [ 117.579923311356168, -35.001977680772598 ] ] ] } },
{ "type": "Feature", "properties": { "CODE": "P_gp", "JNCODE": "si5011; P_gp", "fme_featur": "geology_surface_si5011" }, "geometry": { "type": "Polygon", "coordinates": [ [ [ 117.586107448834781, -35.00245294675085 ], [ 117.585742606551818, -35.002003843998303 ], [ 117.585662813587049, -35.001571399726366 ], [ 117.585846084554845, -35.001146703352418 ], [ 117.586336312643496, -35.000738558982661 ], [ 117.58705743032705, -35.000437503590646 ], [ 117.587637827384611, -35.000380591707405 ], [ 117.588154087669437, -35.000549419744857 ], [ 117.588297770516448, -35.000720051760752 ], [ 117.588343281579725, -35.000954280379119 ], [ 117.588257680719281, -35.001243248063048 ], [ 117.588030008047397, -35.001587007626988 ], [ 117.587180668881317, -35.002348570102569 ], [ 117.586754899018928, -35.002576060755921 ], [ 117.586492217402906, -35.002622416567718 ], [ 117.586107448834781, -35.00245294675085 ] ] ] } },
{ "type": "Feature", "properties": { "CODE": "P_gp", "JNCODE": "si5011; P_gp", "fme_featur": "geology_surface_si5011" }, "geometry": { "type": "Polygon", "coordinates": [ [ [ 117.5021713814469, -35.007482133446146 ], [ 117.502245506086041, -35.007058013126105 ], [ 117.502155187368814, -35.006625555824364 ], [ 117.501933966163364, -35.006292830227856 ], [ 117.501614830589929, -35.006077733943428 ], [ 117.500165650427647, -35.005659900177115 ], [ 117.501221087780976, -35.004411157174886 ], [ 117.501886330001113, -35.003876386832502 ], [ 117.5035591034558, -35.003229229649492 ], [ 117.504074052255945, -35.003209057752265 ], [ 117.504425339681291, -35.003306788980851 ], [ 117.504745080844813, -35.003621065942298 ], [ 117.504969685786335, -35.004503828656517 ], [ 117.505125105343922, -35.004827805309993 ], [ 117.506226718620383, -35.005751999343026 ], [ 117.506491958704743, -35.006111585342332 ], [ 117.506675643834569, -35.007463415252168 ], [ 117.507179496986865, -35.009192634050166 ], [ 117.507172767517773, -35.009877977401864 ], [ 117.506891322728706, -35.010447243284723 ], [ 117.506389845545598, -35.010882167104462 ], [ 117.504424180376105, -35.012044566957158 ], [ 117.503277976898389, -35.012797761233486 ], [ 117.502873395612184, -35.012952732304342 ], [ 117.502621370554621, -35.012962793529887 ], [ 117.50237942321057, -35.012828535671687 ], [ 117.502037349132934, -35.012451224318824 ], [ 117.501737796172108, -35.011857320886705 ], [ 117.501723146963442, -35.011253221985889 ], [ 117.50198039717155, -35.010305341174991 ], [ 117.502020324111058, -35.0096649472111 ], [ 117.501885449471374, -35.009115449159836 ], [ 117.501443217487292, -35.008486065245172 ], [ 117.501911167637743, -35.007943092555905 ], [ 117.5021713814469, -35.007482133446146 ] ] ] } },
{ "type": "Feature", "properties": { "CODE": "P_gp", "JNCODE": "si5011; P_gp", "fme_featur": "geology_surface_si5011" }, "geometry": { "type": "Polygon", "coordinates": [ [ [ 117.485526550088068, -35.007946615664579 ], [ 117.485200005228748, -35.008326648763529 ], [ 117.484664748689909, -35.008626358666575 ], [ 117.484018990218985, -35.008773212502554 ], [ 117.483306358578545, -35.008730965523114 ], [ 117.4828010569273, -35.008534595447429 ], [ 117.482437171400235, -35.008157314882851 ], [ 117.482380204053413, -35.007787831184764 ], [ 117.482509439526851, -35.007399572760193 ], [ 117.482813439018344, -35.006911428633195 ], [ 117.483162597050466, -35.006648537012843 ], [ 117.483633258911453, -35.006547472119678 ], [ 117.484279850896002, -35.006544894162687 ], [ 117.485761153026615, -35.006845564117803 ], [ 117.48570982129786, -35.007431895286487 ], [ 117.485526550088068, -35.007946615664579 ] ] ] } },
{ "type": "Feature", "properties": { "CODE": "P_gp", "JNCODE": "si5011; P_gp", "fme_featur": "geology_surface_si5011" }, "geometry": { "type": "Polygon", "coordinates": [ [ [ 117.508062509161533, -35.00665507775738 ], [ 117.508083145178858, -35.006447593259139 ], [ 117.508268056130717, -35.006221386377995 ], [ 117.508660797731096, -35.005931187304085 ], [ 117.509808534402268, -35.005448454861032 ], [ 117.510452986797247, -35.005103088704892 ], [ 117.511120697523097, -35.004974036656371 ], [ 117.511756259342718, -35.004962341517462 ], [ 117.512874970329719, -35.005101896894224 ], [ 117.514312567105492, -35.005411420094696 ], [ 117.515377907020081, -35.005776611154836 ], [ 117.515939138697163, -35.006143936542585 ], [ 117.516060877730126, -35.006332782465243 ], [ 117.516072969407077, -35.006513077176749 ], [ 117.515844412625768, -35.006766533252836 ], [ 117.515297359195941, -35.006913133735942 ], [ 117.514300242773729, -35.006944414538097 ], [ 117.51212936759687, -35.006800298916417 ], [ 117.511406118236437, -35.006812365541087 ], [ 117.509009688679825, -35.007408563461858 ], [ 117.508195468977121, -35.006888971209356 ], [ 117.508062509161533, -35.00665507775738 ] ] ] } },
{ "type": "Feature", "properties": { "CODE": "P_gp", "JNCODE": "si5011; P_gp", "fme_featur": "geology_surface_si5011" }, "geometry": { "type": "Polygon", "coordinates": [ [ [ 117.478933113058901, -35.001155711682394 ], [ 117.478959706659708, -35.001958149187757 ], [ 117.478603639404938, -35.002915390492646 ], [ 117.478163198520335, -35.004441054637496 ], [ 117.477968035807933, -35.004802516320574 ], [ 117.477575713981679, -35.005182788181202 ], [ 117.476920109285999, -35.005519006853085 ], [ 117.476132258492242, -35.005729498234601 ], [ 117.47369975579943, -35.00581115394148 ], [ 117.473470238032661, -35.005920257328022 ], [ 117.473373008404735, -35.006164104356728 ], [ 117.473506856330445, -35.006569361976311 ], [ 117.473858954833361, -35.00681145574945 ], [ 117.475822850972406, -35.007182500787138 ], [ 117.476273122338142, -35.007343046704833 ], [ 117.476789883886269, -35.007629572304438 ], [ 117.477637946297804, -35.008347623892178 ], [ 117.478366886102094, -35.00930960656769 ], [ 117.477108054527847, -35.009576063467719 ], [ 117.47577077414644, -35.009545243293104 ], [ 117.474684992301178, -35.00941423456203 ], [ 117.473521093776981, -35.009040053180115 ], [ 117.470773821461862, -35.007761262218267 ], [ 117.470257750603821, -35.007591933487312 ], [ 117.469632449336387, -35.007486146495751 ], [ 117.469248872618181, -35.007487629957808 ], [ 117.468832880889124, -35.007570393350449 ], [ 117.467773058013165, -35.008142573789065 ], [ 117.467433931371346, -35.008252088132792 ], [ 117.466908031937052, -35.008281164184154 ], [ 117.466096368037554, -35.008167058386142 ], [ 117.46521833721107, -35.007944993603395 ], [ 117.464679949671165, -35.007703588026935 ], [ 117.462984991919342, -35.006429604077795 ], [ 117.462303593551212, -35.006089542577151 ], [ 117.46136004262992, -35.005903768526331 ], [ 117.460121862041433, -35.005944537612621 ], [ 117.459355982046887, -35.006172871656368 ], [ 117.458078181720666, -35.006971225768432 ], [ 117.45700908644946, -35.007858954130285 ], [ 117.456039504616996, -35.008908611137535 ], [ 117.455648211198309, -35.009496207065752 ], [ 117.455508135556514, -35.00992956460712 ], [ 117.455456486153963, -35.010497850105338 ], [ 117.455463734207029, -35.011805335304459 ], [ 117.455113465905271, -35.011887805113666 ], [ 117.454884255648679, -35.012059993539616 ], [ 117.4547106428859, -35.01237625046668 ], [ 117.454679858801185, -35.012755093444817 ], [ 117.454757777125366, -35.012971217322828 ], [ 117.454922927424803, -35.01310585830079 ], [ 117.4556798749405, -35.013229261356926 ], [ 117.454696458280793, -35.013773988881624 ], [ 117.454283461195203, -35.014406747989014 ], [ 117.45402166030938, -35.014633160662591 ], [ 117.453693199536389, -35.014697510164254 ], [ 117.453330961578658, -35.014599673136665 ], [ 117.453077631194716, -35.014375186001239 ], [ 117.452933805258951, -35.014132255081108 ], [ 117.452267304736935, -35.012520639291864 ], [ 117.451261868694033, -35.011054557156768 ], [ 117.451084035979505, -35.010604351718882 ], [ 117.451038612859151, -35.010315965965376 ], [ 117.451113647775685, -35.010009097887909 ], [ 117.451407924847146, -35.009710431921981 ], [ 117.452949359353937, -35.00900133777877 ], [ 117.453942594549801, -35.00825820614665 ], [ 117.45453041514709, -35.007534619826231 ], [ 117.45524618985182, -35.006170320089055 ], [ 117.45550746081247, -35.005853733221187 ], [ 117.455900238917437, -35.005536651939494 ], [ 117.456370378341788, -35.005336503912211 ], [ 117.457848194516373, -35.005033366784552 ], [ 117.458460592003405, -35.004796604680926 ], [ 117.459673559966632, -35.004169821306725 ], [ 117.460407200532529, -35.004058832904356 ], [ 117.461141901599021, -35.004137200078262 ], [ 117.46158101730083, -35.004270791138744 ], [ 117.461922010827109, -35.004494927371034 ], [ 117.462748450751292, -35.005294322291789 ], [ 117.46306727948469, -35.00547345307465 ], [ 117.463484487214629, -35.005607120752174 ], [ 117.465009076586412, -35.005826723131953 ], [ 117.466204132124844, -35.005912312465057 ], [ 117.467464278029524, -35.005880414087791 ], [ 117.468449828036739, -35.005741354713834 ], [ 117.468843429742023, -35.005577523164419 ], [ 117.469586019383783, -35.005114768897691 ], [ 117.47044785867601, -35.004426114728517 ], [ 117.471859575740993, -35.002166302453105 ], [ 117.473382772309932, -35.000248697313154 ], [ 117.474925574112333, -34.997943250535336 ], [ 117.475230783555517, -34.99766251864726 ], [ 117.475558689358451, -34.997516957154033 ], [ 117.475821472471736, -34.997479858101514 ], [ 117.47615057778998, -34.997541689085352 ], [ 117.476370521575234, -34.997676086279753 ], [ 117.476525136058115, -34.997882878224665 ], [ 117.47662532695945, -34.998153005008668 ], [ 117.476653883700934, -34.999298094544756 ], [ 117.476743327736642, -34.999604332695071 ], [ 117.477050944354815, -34.999738384241624 ], [ 117.477719137937811, -34.999690669891308 ], [ 117.478796883857456, -35.000344689202542 ], [ 117.478933113058901, -35.001155711682394 ] ] ] } },
{ "type": "Feature", "properties": { "CODE": "P_gp", "JNCODE": "si5011; P_gp", "fme_featur": "geology_surface_si5011" }, "geometry": { "type": "Polygon", "coordinates": [ [ [ 117.497629524597485, -35.004912869173126 ], [ 117.497444587057942, -35.005139060118623 ], [ 117.495647423377818, -35.00516444630496 ], [ 117.495230547303038, -35.005094009250691 ], [ 117.49485701910632, -35.004942238186956 ], [ 117.49463518063007, -35.004501293737583 ], [ 117.494545338964102, -35.004140967021428 ], [ 117.494575122410694, -35.003626858435545 ], [ 117.49471438407501, -35.003094269035167 ], [ 117.494931277554002, -35.002714657409058 ], [ 117.495225422619527, -35.002424903467471 ], [ 117.49603412901142, -35.002051891365028 ], [ 117.496954812125978, -35.002075177683437 ], [ 117.498227591121463, -35.002331462746511 ], [ 117.497791287054085, -35.004479374680201 ], [ 117.497629524597485, -35.004912869173126 ] ] ] } },
{ "type": "Feature", "properties": { "CODE": "P_gp", "JNCODE": "si5011; P_gp", "fme_featur": "geology_surface_si5011" }, "geometry": { "type": "Polygon", "coordinates": [ [ [ 117.51597135523734, -34.999056192625794 ], [ 117.515644591035681, -34.999373187138445 ], [ 117.515088040741389, -34.999745259889664 ], [ 117.514683320324977, -34.999864201603202 ], [ 117.514540580918933, -34.999819720121536 ], [ 117.513529155447827, -34.999300998536974 ], [ 117.5128042847291, -34.99904256052519 ], [ 117.511093076900607, -34.998770240150243 ], [ 117.510347813790602, -34.99875534089248 ], [ 117.510063350719861, -34.998828675006294 ], [ 117.509845139245513, -34.998982886104834 ], [ 117.509128995528783, -35.000131091286434 ], [ 117.508704077766765, -35.000529634682309 ], [ 117.508135247329619, -35.000694328800819 ], [ 117.507345577023202, -35.00058942387701 ], [ 117.506839713448343, -35.000302982799475 ], [ 117.506353547991182, -34.999655764605635 ], [ 117.506000719745145, -34.999305560270322 ], [ 117.504934286098134, -34.99874190942036 ], [ 117.504548870363152, -34.998436922925819 ], [ 117.503402272982356, -34.997305500108993 ], [ 117.503192306172963, -34.997017816172423 ], [ 117.503147039671688, -34.996783553309008 ], [ 117.503440692784736, -34.996421642819293 ], [ 117.504335913441835, -34.995876887439387 ], [ 117.507026064134067, -34.994981983840361 ], [ 117.507715390889274, -34.994816791059321 ], [ 117.508459893010524, -34.994714484585479 ], [ 117.509358301771513, -34.994692683852335 ], [ 117.510027272515856, -34.994780048507685 ], [ 117.510928427403272, -34.995200073559865 ], [ 117.512409168320374, -34.995428283103912 ], [ 117.513035048965278, -34.995633038205646 ], [ 117.513431552920579, -34.995955985566312 ], [ 117.513720285501648, -34.996567942001292 ], [ 117.513930062260769, -34.996819539111669 ], [ 117.514194009239219, -34.996971715883298 ], [ 117.51502872727194, -34.997274766369216 ], [ 117.51578872611168, -34.997893734723512 ], [ 117.51600992343964, -34.998217418162945 ], [ 117.516110470574219, -34.998523579539992 ], [ 117.516090196260564, -34.998785167939779 ], [ 117.51597135523734, -34.999056192625794 ] ] ] } },
{ "type": "Feature", "properties": { "CODE": "P_gp", "JNCODE": "si5011; P_gp", "fme_featur": "geology_surface_si5011" }, "geometry": { "type": "Polygon", "coordinates": [ [ [ 117.497905286068857, -34.994352451093015 ], [ 117.498355201011137, -34.994458813018234 ], [ 117.498794925458171, -34.994691457782295 ], [ 117.499114501866032, -34.99498771627222 ], [ 117.49930280773205, -34.995320583184409 ], [ 117.499326475662258, -34.99560904040667 ], [ 117.499273056235708, -34.995834693358567 ], [ 117.499099101128635, -34.996060841886553 ], [ 117.498738753160154, -34.996269721393574 ], [ 117.498344983260679, -34.996388563741199 ], [ 117.497381350732766, -34.996500723593329 ], [ 117.495803314943799, -34.996489144010155 ], [ 117.494705632999214, -34.996178015476062 ], [ 117.492205205533921, -34.995845520368988 ], [ 117.491305376925411, -34.995632749296796 ], [ 117.490997699090087, -34.995489716729324 ], [ 117.490788426127565, -34.995310216254168 ], [ 117.490688515329282, -34.995094204091103 ], [ 117.490686685438519, -34.994787622095579 ], [ 117.490848734539497, -34.994399221584729 ], [ 117.491088346452784, -34.994154784492082 ], [ 117.491405198340772, -34.994000207663632 ], [ 117.491941576321125, -34.993907862011788 ], [ 117.493355633208651, -34.993992297182139 ], [ 117.496108956961038, -34.994477030387841 ], [ 117.497455808762211, -34.994318224362999 ], [ 117.497905286068857, -34.994352451093015 ] ] ] } },
{ "type": "Feature", "properties": { "CODE": "P_gp", "JNCODE": "si5011; P_gp", "fme_featur": "geology_surface_si5011" }, "geometry": { "type": "Polygon", "coordinates": [ [ [ 117.48992027952346, -34.983861696801874 ], [ 117.488822436576356, -34.981647852540732 ], [ 117.489182102939438, -34.981330796610301 ], [ 117.489827475825635, -34.981156865082568 ], [ 117.490715110146468, -34.981189350480832 ], [ 117.491647700147524, -34.981411011815752 ], [ 117.492218859900888, -34.981652166366025 ], [ 117.492768975567898, -34.982037681263293 ], [ 117.493452461303207, -34.982738259000804 ], [ 117.493916457851697, -34.983376604357041 ], [ 117.494194206816772, -34.984015706046762 ], [ 117.494275777301539, -34.984826935414816 ], [ 117.494158509144995, -34.985368453622598 ], [ 117.493842995125817, -34.985739448586166 ], [ 117.49324169124688, -34.985958309161695 ], [ 117.492551490319656, -34.985970128444194 ], [ 117.49188190761258, -34.985765443926823 ], [ 117.490926009041289, -34.985318445283824 ], [ 117.490473357119328, -34.98474316427459 ], [ 117.48992027952346, -34.983861696801874 ] ] ] } },
{ "type": "Feature", "properties": { "CODE": "P_gp", "JNCODE": "si5011; P_gp", "fme_featur": "geology_surface_si5011" }, "geometry": { "type": "Polygon", "coordinates": [ [ [ 117.620407646510046, -35.128432598849827 ], [ 117.620099519632021, -35.128325970912059 ], [ 117.619933319618369, -35.128119428522915 ], [ 117.619787636157767, -35.127723422476677 ], [ 117.619782717531876, -35.127074218438523 ], [ 117.620043316875709, -35.126703185537558 ], [ 117.620677062355654, -35.126330241728198 ], [ 117.621466779549024, -35.126263075438629 ], [ 117.622368165391762, -35.126447808659734 ], [ 117.623073310205754, -35.126804868511208 ], [ 117.623316409347126, -35.127020028220649 ], [ 117.623483234047924, -35.127307716391464 ], [ 117.623485708045649, -35.127632318178634 ], [ 117.623334048791449, -35.127894593286122 ], [ 117.623017485961441, -35.128121647722161 ], [ 117.62259075740009, -35.128295164889238 ], [ 117.621900347074259, -35.128433965601666 ], [ 117.621154373394347, -35.128482876477541 ], [ 117.620407646510046, -35.128432598849827 ] ] ] } },
{ "type": "Feature", "properties": { "CODE": "P_gp", "JNCODE": "si5011; P_gp", "fme_featur": "geology_surface_si5011" }, "geometry": { "type": "Polygon", "coordinates": [ [ [ 117.623517346117907, -35.133222736004782 ], [ 117.622963950906893, -35.132621438776113 ], [ 117.622345738698783, -35.132155727740106 ], [ 117.621486616838666, -35.131763385644739 ], [ 117.620574130051111, -35.131569686103596 ], [ 117.619465042118975, -35.131503223658065 ], [ 117.617797151385901, -35.131565839857792 ], [ 117.617357512316261, -35.131486926580173 ], [ 117.617036973642868, -35.131190995746046 ], [ 117.616722857871778, -35.130290887719347 ], [ 117.616433417907359, -35.129751336038183 ], [ 117.616067969258978, -35.129320374849783 ], [ 117.61573646848278, -35.129024496124323 ], [ 117.614865825476542, -35.128551011423511 ], [ 117.612742533277085, -35.127885484241482 ], [ 117.612103206584464, -35.127519014686101 ], [ 117.611826872595316, -35.127258914747053 ], [ 117.612404772732347, -35.126751039754687 ], [ 117.613126083517685, -35.126341624458135 ], [ 117.614079078542105, -35.126093338638888 ], [ 117.614924216357039, -35.126098070772308 ], [ 117.615331781001387, -35.126294377949144 ], [ 117.61563075124181, -35.126644525674976 ], [ 117.615776616268406, -35.127067587206227 ], [ 117.615882180241812, -35.127968758239895 ], [ 117.616137258122421, -35.128319127613423 ], [ 117.61678731220205, -35.128649452831098 ], [ 117.617810804663591, -35.129013939735799 ], [ 117.618657336357089, -35.129198979972351 ], [ 117.619327241890318, -35.129249660939543 ], [ 117.621543850760162, -35.129184211097517 ], [ 117.623356223738739, -35.129364261353587 ], [ 117.62405830252942, -35.129315562925406 ], [ 117.624386530572551, -35.129178616377104 ], [ 117.625597758149482, -35.128252629421709 ], [ 117.626755809963214, -35.127552332064667 ], [ 117.627478161191448, -35.127287099442668 ], [ 117.628223704128402, -35.127184049535586 ], [ 117.628893459611078, -35.127216644336649 ], [ 117.62988239483208, -35.127364798906662 ], [ 117.631440159091653, -35.127266522373056 ], [ 117.632274890615335, -35.127343324168905 ], [ 117.632946741618383, -35.127646397546314 ], [ 117.634116532997069, -35.128469852539027 ], [ 117.634677877900373, -35.128674306633833 ], [ 117.635764076101168, -35.128623528299329 ], [ 117.636509058668949, -35.128448293886358 ], [ 117.636628803502376, -35.128321426093891 ], [ 117.636659904482457, -35.128086819135795 ], [ 117.636569998253151, -35.127816779544695 ], [ 117.636403828207463, -35.127619276848272 ], [ 117.634849202167985, -35.126707689633172 ], [ 117.634032441654881, -35.126116838810191 ], [ 117.633192138180249, -35.125318712815329 ], [ 117.632737080930298, -35.124662843342449 ], [ 117.632467135782861, -35.123816647771662 ], [ 117.632333383867348, -35.122131153317596 ], [ 117.632041781734145, -35.121321137658974 ], [ 117.631274818839799, -35.120062744052731 ], [ 117.629732072308713, -35.117816499367841 ], [ 117.628535129406288, -35.116289807899541 ], [ 117.628290249239328, -35.115840223232652 ], [ 117.628188511398861, -35.115453015887006 ], [ 117.62820782831659, -35.115110266547354 ], [ 117.628391953608215, -35.114793714189133 ], [ 117.628718731020655, -35.114476421736278 ], [ 117.629103629890736, -35.114582629807252 ], [ 117.62947838856843, -35.114797094327528 ], [ 117.629997400015128, -35.115218200974837 ], [ 117.630539405844203, -35.115774441978033 ], [ 117.631049610725242, -35.116475119335149 ], [ 117.631397236308487, -35.117438136718114 ], [ 117.631552956236703, -35.117707837868686 ], [ 117.632914237093871, -35.119188555389016 ], [ 117.633335504985382, -35.119736396592856 ], [ 117.633647316681987, -35.120320876805792 ], [ 117.633905449405773, -35.121058927128814 ], [ 117.634131782025221, -35.121941416313362 ], [ 117.63433896703107, -35.123184687934902 ], [ 117.634616686669034, -35.123616053465888 ], [ 117.635057488787751, -35.123848188437357 ], [ 117.635683951207483, -35.123962126300206 ], [ 117.639175001286702, -35.124088039359464 ], [ 117.639834958958772, -35.124273915593868 ], [ 117.640221329168469, -35.124560421380245 ], [ 117.64047777022553, -35.125073039157186 ], [ 117.640593095240916, -35.125784777635459 ], [ 117.640596837266997, -35.126262662135062 ], [ 117.640460375502997, -35.127056884686574 ], [ 117.640566422873533, -35.127985081391138 ], [ 117.640482787046437, -35.128517529862748 ], [ 117.640213417296167, -35.129159164202079 ], [ 117.639430244601286, -35.130065004485559 ], [ 117.63923515338557, -35.130381630619986 ], [ 117.639215175453145, -35.1306342135615 ], [ 117.639361733305961, -35.131129378526886 ], [ 117.639364059218224, -35.131426929066279 ], [ 117.63863039098797, -35.133053867090574 ], [ 117.638589867006644, -35.133486899145637 ], [ 117.638696606839829, -35.134505263438818 ], [ 117.638678105172005, -35.134947196405676 ], [ 117.638538373069906, -35.13532664882441 ], [ 117.638287329689945, -35.135508312313362 ], [ 117.637716288642736, -35.1354752504392 ], [ 117.635647726670214, -35.134836890438223 ], [ 117.635426734164838, -35.134648691285406 ], [ 117.635293270630143, -35.134423964693532 ], [ 117.63482282968873, -35.133209127668103 ], [ 117.633086918663608, -35.131577104015712 ], [ 117.632447124781351, -35.131165659791073 ], [ 117.630927069592559, -35.130470251970088 ], [ 117.629835497139794, -35.129826701226278 ], [ 117.629329171671614, -35.129639973156337 ], [ 117.628757758741685, -35.129552768342819 ], [ 117.627386113848388, -35.129595944888742 ], [ 117.626915001794899, -35.129706587531885 ], [ 117.626598096757576, -35.129888567686869 ], [ 117.626414483835021, -35.130277250621447 ], [ 117.62619683843684, -35.131955549060969 ], [ 117.625852032645213, -35.132795916872766 ], [ 117.625373991971713, -35.133438595916402 ], [ 117.624905473014906, -35.133891865700853 ], [ 117.624337407502807, -35.13424645890035 ], [ 117.62404167444646, -35.134329135630118 ], [ 117.623862068818497, -35.1338070708765 ], [ 117.623517346117907, -35.133222736004782 ] ] ] } },
{ "type": "Feature", "properties": { "CODE": "P_gp", "JNCODE": "si5011; P_gp", "fme_featur": "geology_surface_si5011" }, "geometry": { "type": "Polygon", "coordinates": [ [ [ 117.608453155711715, -35.122262400835986 ], [ 117.608145134333512, -35.12216475875033 ], [ 117.607946589788995, -35.122030498467815 ], [ 117.607691633708001, -35.121689127686956 ], [ 117.607278823389564, -35.120780470743888 ], [ 117.606769194291829, -35.120133792541971 ], [ 117.608182715149454, -35.119838161431623 ], [ 117.608565870152219, -35.119709999057292 ], [ 117.608785821563529, -35.119772014167843 ], [ 117.608995604471218, -35.119942285039237 ], [ 117.609407019164578, -35.120661584354281 ], [ 117.609243382051233, -35.122267448437277 ], [ 117.608453155711715, -35.122262400835986 ] ] ] } },
{ "type": "Feature", "properties": { "CODE": "P_gp", "JNCODE": "si5011; P_gp", "fme_featur": "geology_surface_si5011" }, "geometry": { "type": "Polygon", "coordinates": [ [ [ 117.605622773656577, -35.117966406733018 ], [ 117.604851204227216, -35.117510387464307 ], [ 117.60505297330964, -35.116598653803742 ], [ 117.605063587840633, -35.115065694230545 ], [ 117.605204709467785, -35.114857596460453 ], [ 117.605511098772737, -35.114738844077522 ], [ 117.605807247927714, -35.114719330187206 ], [ 117.606159065428528, -35.114807742396145 ], [ 117.606478698308166, -35.114995502688508 ], [ 117.606766214372641, -35.115291628062941 ], [ 117.607144999254118, -35.116056184635227 ], [ 117.60733837586443, -35.116974959618489 ], [ 117.606596038760486, -35.117501668268048 ], [ 117.605622773656577, -35.117966406733018 ] ] ] } },
{ "type": "Feature", "properties": { "CODE": "P_gp", "JNCODE": "si5011; P_gp", "fme_featur": "geology_surface_si5011" }, "geometry": { "type": "Polygon", "coordinates": [ [ [ 117.631911545377463, -35.105875549570513 ], [ 117.632791093330482, -35.104680704962931 ], [ 117.633246269600221, -35.103947943300305 ], [ 117.634225152123719, -35.102833723135141 ], [ 117.634583377251559, -35.102335908109517 ], [ 117.634798757007758, -35.101811788729947 ], [ 117.634761857894588, -35.101298007151549 ], [ 117.634551511476332, -35.101055646519328 ], [ 117.634254651393363, -35.100976045976452 ], [ 117.632874886908056, -35.101325906235296 ], [ 117.631393584681618, -35.101315595537947 ], [ 117.631367804915101, -35.0993950864002 ], [ 117.63123267388238, -35.09894493467899 ], [ 117.630932837409702, -35.098477605773311 ], [ 117.630557317242719, -35.098154943452968 ], [ 117.630028690000117, -35.097896195406733 ], [ 117.629401880646384, -35.097710091633353 ], [ 117.62831421968832, -35.097517356608193 ], [ 117.627874132284617, -35.097357328442477 ], [ 117.627597506542216, -35.097052178853765 ], [ 117.627572593446502, -35.096664571970393 ], [ 117.627766407704442, -35.096185661627658 ], [ 117.628081037207863, -35.095724159390301 ], [ 117.628646468408334, -35.095062979697381 ], [ 117.629202028145471, -35.094546122413021 ], [ 117.629540455785488, -35.094327954954849 ], [ 117.629846732482065, -35.094209141838135 ], [ 117.630263338865561, -35.094170908530323 ], [ 117.630680639133999, -35.09422284132981 ], [ 117.631164736492096, -35.09440066459031 ], [ 117.63168334740331, -35.094785699701838 ], [ 117.632890023283252, -35.096186076468186 ], [ 117.633911139690269, -35.097704633403652 ], [ 117.634253547920679, -35.098000407199969 ], [ 117.634539006844577, -35.098025964872654 ], [ 117.634658641126549, -35.097890082092476 ], [ 117.634722580935701, -35.097646285488757 ], [ 117.634662904059411, -35.097024417463381 ], [ 117.634460606282261, -35.096403295740991 ], [ 117.633925557576688, -35.095315024062373 ], [ 117.63362334778563, -35.094541132141643 ], [ 117.633418275094428, -35.09355933830733 ], [ 117.633423179183524, -35.092774823726941 ], [ 117.633716590395494, -35.092412605963013 ], [ 117.634016363163894, -35.091455224547076 ], [ 117.634319759788099, -35.090966713432934 ], [ 117.634983489333422, -35.090259904261558 ], [ 117.63610591676688, -35.089289189545433 ], [ 117.636478153578324, -35.090603735371282 ], [ 117.636519331532355, -35.091667538860911 ], [ 117.63639308227242, -35.092362519355888 ], [ 117.636221758490436, -35.092904445251897 ], [ 117.635550686293698, -35.094080189279332 ], [ 117.635488710439873, -35.094576455258277 ], [ 117.63553707091863, -35.095153296867267 ], [ 117.635788226660779, -35.096414375425134 ], [ 117.636102485547866, -35.097323454952971 ], [ 117.636469575094608, -35.097970760110243 ], [ 117.637322701649069, -35.099039313997885 ], [ 117.637489516709024, -35.09932698429764 ], [ 117.637683260907849, -35.100254726954134 ], [ 117.637655402032365, -35.100904104756516 ], [ 117.637407619518299, -35.101491519238586 ], [ 117.637038513799624, -35.101998416837667 ], [ 117.636429076805442, -35.102641831636973 ], [ 117.634707982134643, -35.104255897878673 ], [ 117.63418586748206, -35.104844741567952 ], [ 117.634046442978175, -35.105260257283497 ], [ 117.634155528506056, -35.106594216814571 ], [ 117.634026724188416, -35.106964591381619 ], [ 117.633753811948736, -35.107146360276481 ], [ 117.632461860215443, -35.107513791146204 ], [ 117.631827617860509, -35.107796628313025 ], [ 117.631695162757552, -35.106273429509564 ], [ 117.631911545377463, -35.105875549570513 ] ] ] } },
{ "type": "Feature", "properties": { "CODE": "P_gp", "JNCODE": "si5011; P_gp", "fme_featur": "geology_surface_si5011" }, "geometry": { "type": "Polygon", "coordinates": [ [ [ 117.613291141736482, -35.072193000012867 ], [ 117.613913234833674, -35.073244859919015 ], [ 117.614543878336733, -35.073972055513906 ], [ 117.614995729258311, -35.074258313974326 ], [ 117.615489898152518, -35.074336961454897 ], [ 117.616944366214526, -35.073761490720095 ], [ 117.617448686722383, -35.073731872760462 ], [ 117.617932226586021, -35.073855650172824 ], [ 117.618175425100134, -35.074106891055415 ], [ 117.618499143234629, -35.07485366410711 ], [ 117.618885884883923, -35.075230411458307 ], [ 117.619447302928862, -35.075498059680044 ], [ 117.620688546959215, -35.075735176416302 ], [ 117.621051521596286, -35.075868575396747 ], [ 117.622693386054223, -35.076861059529051 ], [ 117.624851701028589, -35.07796808403495 ], [ 117.627000623032572, -35.079273495232627 ], [ 117.62942805808045, -35.081127467680318 ], [ 117.629704982326615, -35.08147769825738 ], [ 117.629916926888626, -35.081936471318336 ], [ 117.630313534131076, -35.083584545605333 ], [ 117.630447662178781, -35.08390846504075 ], [ 117.630768477514735, -35.084258464758967 ], [ 117.632070783794219, -35.08527963620778 ], [ 117.632259351514278, -35.085549166962323 ], [ 117.632372108298455, -35.085945332541044 ], [ 117.632447948393633, -35.087243402977734 ], [ 117.632217564249714, -35.090084997745578 ], [ 117.631947555524079, -35.090636449548256 ], [ 117.631272826277879, -35.091343299481437 ], [ 117.630607528611648, -35.091851719994267 ], [ 117.62891474509253, -35.092852395012166 ], [ 117.62854313358747, -35.093034664306771 ], [ 117.628203532911812, -35.093099544091395 ], [ 117.627686261759166, -35.092885812157462 ], [ 117.626559688046896, -35.091899755764437 ], [ 117.62610756130249, -35.091595509134329 ], [ 117.624227244052619, -35.091028108024112 ], [ 117.623917811660149, -35.090732135548265 ], [ 117.623793637933716, -35.090272901096874 ], [ 117.624579744553117, -35.088339189593874 ], [ 117.624739272883119, -35.087680117495538 ], [ 117.624789308234028, -35.087048660727241 ], [ 117.624686112276237, -35.086463079008873 ], [ 117.62441706931466, -35.08570702577375 ], [ 117.624105527458383, -35.085131533198428 ], [ 117.623840064305497, -35.084844350945545 ], [ 117.623300575020323, -35.084585628307075 ], [ 117.622587566872511, -35.084589291114767 ], [ 117.620253209109805, -35.084880784830084 ], [ 117.619716867813821, -35.085036818289488 ], [ 117.619028587196937, -35.085410036337322 ], [ 117.618315503251139, -35.085404657313561 ], [ 117.61750179126652, -35.085147306770935 ], [ 117.616453249300022, -35.084296013693105 ], [ 117.615858397807997, -35.083965402093149 ], [ 117.615363560918297, -35.083805605685768 ], [ 117.614001344535652, -35.08354199647642 ], [ 117.613418152485806, -35.083301485155708 ], [ 117.613076218156138, -35.083050734388905 ], [ 117.612788524722077, -35.082718554278713 ], [ 117.612263071968243, -35.081395688327191 ], [ 117.611170756984365, -35.080544569501292 ], [ 117.610849636079109, -35.080140415855261 ], [ 117.610657993088267, -35.079447060670809 ], [ 117.61037795540588, -35.077194183013304 ], [ 117.610211079832723, -35.076879422473205 ], [ 117.609104260063461, -35.075541430627965 ], [ 117.60718677985443, -35.074333729701308 ], [ 117.606746924503298, -35.074182639366533 ], [ 117.606087977886617, -35.074068711153046 ], [ 117.605715866029385, -35.074178776095849 ], [ 117.604045536469968, -35.075242114438318 ], [ 117.60370625453713, -35.075342992557118 ], [ 117.603278164505056, -35.075300036994044 ], [ 117.60274937231587, -35.074987065681142 ], [ 117.60229610176863, -35.074502390953448 ], [ 117.602115843970793, -35.073854050451089 ], [ 117.602088013439825, -35.07305166122427 ], [ 117.602204155354073, -35.072437917529982 ], [ 117.602442663114815, -35.07205801216945 ], [ 117.603217788269745, -35.071567232612246 ], [ 117.603983597377294, -35.071301923602164 ], [ 117.6051454990032, -35.071205960223523 ], [ 117.60768008370863, -35.071337562022215 ], [ 117.60960837178925, -35.071057370364528 ], [ 117.610518881699349, -35.071079841942804 ], [ 117.611793004297951, -35.071325902040982 ], [ 117.612750488324195, -35.071762909170175 ], [ 117.613291141736482, -35.072193000012867 ] ] ] } },
{ "type": "Feature", "properties": { "CODE": "P_gp", "JNCODE": "si5011; P_gp", "fme_featur": "geology_surface_si5011" }, "geometry": { "type": "Polygon", "coordinates": [ [ [ 117.572787240870113, -35.055132147625457 ], [ 117.571155638956085, -35.055464460040227 ], [ 117.570652477627831, -35.055647172140823 ], [ 117.570238041939618, -35.055973740397256 ], [ 117.569388919290816, -35.056870432233652 ], [ 117.568984875228566, -35.057115792584703 ], [ 117.568743940499587, -35.057162008471018 ], [ 117.568194713723599, -35.05702932421984 ], [ 117.567455514906285, -35.056383545567563 ], [ 117.566971902438141, -35.056223497156523 ], [ 117.566478945313278, -35.056297937818016 ], [ 117.565550343753557, -35.056807234218958 ], [ 117.565331215118732, -35.056835307255128 ], [ 117.565133458701126, -35.056782125471464 ], [ 117.564891156446109, -35.056629961533993 ], [ 117.564702938688029, -35.056369338855809 ], [ 117.56448931572298, -35.055603870425671 ], [ 117.564367019076897, -35.055360974812139 ], [ 117.564179550171872, -35.05520855427585 ], [ 117.563805977962403, -35.055102084584369 ], [ 117.563466170423467, -35.055121697848151 ], [ 117.563083181451859, -35.055240699915565 ], [ 117.561586704057916, -35.056095254693922 ], [ 117.560821265192544, -35.056414398179257 ], [ 117.559418638029584, -35.056565149999756 ], [ 117.558979762879986, -35.056531104283629 ], [ 117.558693978294556, -35.056433231522846 ], [ 117.558473374662512, -35.056244885912818 ], [ 117.558394404937715, -35.055920629843875 ], [ 117.558490026015235, -35.055469329063989 ], [ 117.558867739488676, -35.054574885486154 ], [ 117.558942285853604, -35.054249922350145 ], [ 117.55890631772094, -35.053799227370789 ], [ 117.558635473235711, -35.052673322998871 ], [ 117.558666526657447, -35.052402663507408 ], [ 117.558884233015405, -35.052167213108135 ], [ 117.559310152341837, -35.051912768106043 ], [ 117.559649640185413, -35.051848081924867 ], [ 117.559946128757559, -35.051909834306791 ], [ 117.560188407911966, -35.052062008458016 ], [ 117.560387320129621, -35.052286520178036 ], [ 117.560624058840659, -35.053232233938033 ], [ 117.56084632368264, -35.053664032833467 ], [ 117.561044809929854, -35.053825424866822 ], [ 117.561374696451509, -35.053959156934873 ], [ 117.561977792368552, -35.053956364561337 ], [ 117.562775976111055, -35.053619027453877 ], [ 117.5634516151067, -35.053002720748992 ], [ 117.563746375530627, -35.052811989858824 ], [ 117.564882971065032, -35.052256652707669 ], [ 117.566663500593862, -35.051265472540315 ], [ 117.567353610283561, -35.0511630577098 ], [ 117.572175564526432, -35.050761688138707 ], [ 117.573599114277243, -35.050484449376938 ], [ 117.575197017118668, -35.050053074820781 ], [ 117.575721367504912, -35.049771054044335 ], [ 117.576659206077352, -35.049036205695842 ], [ 117.578171415997147, -35.047342789606958 ], [ 117.578541918924856, -35.047016403664912 ], [ 117.578815393337607, -35.046924927105295 ], [ 117.579100658846698, -35.046950617426667 ], [ 117.579651427372667, -35.047308675718384 ], [ 117.579806586457877, -35.047542381816548 ], [ 117.579830363368714, -35.047803767331999 ], [ 117.579686925852002, -35.049229172114948 ], [ 117.57949567519556, -35.050095737907725 ], [ 117.579041389194614, -35.050981593475612 ], [ 117.578257950747712, -35.051841965039287 ], [ 117.577233135008711, -35.052685445862394 ], [ 117.576207348132272, -35.053393664544778 ], [ 117.573519912929271, -35.054840135379287 ], [ 117.572787240870113, -35.055132147625457 ] ] ] } },
{ "type": "Feature", "properties": { "CODE": "P_gp", "JNCODE": "si5011; P_gp", "fme_featur": "geology_surface_si5011" }, "geometry": { "type": "Polygon", "coordinates": [ [ [ 117.545036434606772, -35.049110258530675 ], [ 117.544662076275245, -35.048877491852728 ], [ 117.544595330239076, -35.04873351582593 ], [ 117.544582929109026, -35.048517157987988 ], [ 117.544810493106553, -35.048110360936676 ], [ 117.545508392528674, -35.047530122146355 ], [ 117.54621880725081, -35.047184270988033 ], [ 117.546734198980005, -35.047190966698579 ], [ 117.547185607750905, -35.047468465712349 ], [ 117.547362423919964, -35.047675064378943 ], [ 117.547429835684156, -35.047918225404999 ], [ 117.547365491805863, -35.048134929217774 ], [ 117.547137158772017, -35.048424510501881 ], [ 117.546449927937871, -35.048959624366205 ], [ 117.546078147012295, -35.049114591270978 ], [ 117.545607081974524, -35.049179831313204 ], [ 117.545036434606772, -35.049110258530675 ] ] ] } },
{ "type": "Feature", "properties": { "CODE": "P_gp", "JNCODE": "si5011; P_gp", "fme_featur": "geology_surface_si5011" }, "geometry": { "type": "Polygon", "coordinates": [ [ [ 117.539897484880001, -35.053001627912778 ], [ 117.53938958333184, -35.052471870918502 ], [ 117.539123218008285, -35.051986124703696 ], [ 117.538552984801882, -35.050311452951348 ], [ 117.538185877503068, -35.049510548535054 ], [ 117.537742615392446, -35.048800152774476 ], [ 117.536604165682803, -35.047416539512234 ], [ 117.536448716473927, -35.047119658193637 ], [ 117.536358701584916, -35.046768383973799 ], [ 117.536388647699212, -35.046317389747323 ], [ 117.536745518444633, -35.045558363495594 ], [ 117.537560988861202, -35.044508753410881 ], [ 117.538060078234878, -35.043704006742828 ], [ 117.538670691379409, -35.043187314570098 ], [ 117.539272288309206, -35.042968228333415 ], [ 117.539798676649028, -35.042983922002207 ], [ 117.540413608122719, -35.043125460388644 ], [ 117.540996303601332, -35.043366329018866 ], [ 117.542195669332941, -35.044010216257462 ], [ 117.543864839759209, -35.044399503792292 ], [ 117.544151342339276, -35.044614632807068 ], [ 117.544372838914811, -35.044947276879128 ], [ 117.544597090171038, -35.045694700920016 ], [ 117.544546636996486, -35.046353185411377 ], [ 117.544341663360811, -35.046859070266862 ], [ 117.543852207078487, -35.047456402661773 ], [ 117.542849255721109, -35.048335565950318 ], [ 117.542697539715334, -35.048606761633117 ], [ 117.542623589683757, -35.049030902227265 ], [ 117.542659167771887, -35.049436518417906 ], [ 117.542803798313813, -35.049751474404374 ], [ 117.543952273602486, -35.050972673297494 ], [ 117.544250901217552, -35.05135907465813 ], [ 117.544318127473872, -35.051575186452581 ], [ 117.544253952080936, -35.051818939455806 ], [ 117.543502017949493, -35.05252565406952 ], [ 117.542802988193884, -35.052943576135874 ], [ 117.541937684130389, -35.053091720372748 ], [ 117.540403076336176, -35.053179721237292 ], [ 117.539897484880001, -35.053001627912778 ] ] ] } },
{ "type": "Feature", "properties": { "CODE": "P_gm", "JNCODE": "si5011; P_gm", "fme_featur": "geology_surface_si5011" }, "geometry": { "type": "Polygon", "coordinates": [ [ [ 117.546124403592245, -35.037942027494168 ], [ 117.545135193993985, -35.037567751553816 ], [ 117.544562474231967, -35.037173564482167 ], [ 117.544484834830882, -35.037038654209283 ], [ 117.544483638553743, -35.036858314643879 ], [ 117.544799474555688, -35.036541293318528 ], [ 117.54537830129253, -35.036205054889535 ], [ 117.54590296794639, -35.035968247103973 ], [ 117.54681115540221, -35.035702657585844 ], [ 117.549066571019324, -35.035250627539398 ], [ 117.550852374384334, -35.035071205869272 ], [ 117.552332605227846, -35.035100545928024 ], [ 117.553386743472771, -35.035348225800625 ], [ 117.553760881452561, -35.035553915519813 ], [ 117.5539816006698, -35.035769321857202 ], [ 117.554170101702397, -35.03608406460274 ], [ 117.554293313027202, -35.036471243244854 ], [ 117.554328577083794, -35.036822754585025 ], [ 117.554177285247576, -35.037148066366576 ], [ 117.55391563009384, -35.037365674929511 ], [ 117.553467234211425, -35.037530031433569 ], [ 117.552393750685042, -35.037670181953239 ], [ 117.549840527469996, -35.037862123779817 ], [ 117.547946111800684, -35.038204331687858 ], [ 117.547222533886298, -35.038207597197399 ], [ 117.546124403592245, -35.037942027494168 ] ] ] } },
{ "type": "Feature", "properties": { "CODE": "P_gp", "JNCODE": "si5011; P_gp", "fme_featur": "geology_surface_si5011" }, "geometry": { "type": "Polygon", "coordinates": [ [ [ 117.582659400181754, -35.041640472797766 ], [ 117.581423952259414, -35.042133329373932 ], [ 117.580592492437461, -35.042389793157859 ], [ 117.580143295405279, -35.042437027973875 ], [ 117.579485084998907, -35.042386070176825 ], [ 117.578672110595647, -35.04215550263217 ], [ 117.57829762678692, -35.041913823170269 ], [ 117.577966301475371, -35.041572747506187 ], [ 117.577722180317878, -35.041159117923328 ], [ 117.577565453036456, -35.040699985704514 ], [ 117.577413854738026, -35.039411244132161 ], [ 117.577267271543462, -35.038834839152827 ], [ 117.577112136463555, -35.038601129242338 ], [ 117.576803199682388, -35.038323064228969 ], [ 117.576066572597554, -35.038028995269769 ], [ 117.575539705511744, -35.037941323271461 ], [ 117.574958591977236, -35.037935061105571 ], [ 117.573874746723675, -35.038156605695065 ], [ 117.572793223796111, -35.038711767146957 ], [ 117.570917065853394, -35.040091228454756 ], [ 117.570501518007276, -35.040246475953388 ], [ 117.570008472194203, -35.040293879400494 ], [ 117.569206883052999, -35.040117298001235 ], [ 117.567579356038138, -35.039412561155608 ], [ 117.566327534342548, -35.039129859148346 ], [ 117.564309092150012, -35.038967936092973 ], [ 117.56027401528371, -35.038905480600654 ], [ 117.558814597376497, -35.038722848916379 ], [ 117.558122128115684, -35.038464536296054 ], [ 117.557439401659465, -35.038025830166937 ], [ 117.556843531676662, -35.037460480199883 ], [ 117.556466504213631, -35.036831003086398 ], [ 117.556318728169074, -35.03605619796771 ], [ 117.556371831870891, -35.03580347170648 ], [ 117.556524396366058, -35.035667513424471 ], [ 117.556863758317746, -35.035593818514243 ], [ 117.558234063745346, -35.03557850474327 ], [ 117.558869177012312, -35.035467374265231 ], [ 117.559404946481777, -35.035257508856283 ], [ 117.560387481827362, -35.034648819965341 ], [ 117.561120448661811, -35.034420001634849 ], [ 117.562084925434249, -35.034379468757614 ], [ 117.563214894206126, -35.034491453272125 ], [ 117.565453598192775, -35.034814679258844 ], [ 117.567013245065255, -35.035231211316656 ], [ 117.567253991980266, -35.035166965414561 ], [ 117.56751473169453, -35.034823091166523 ], [ 117.567479225200316, -35.034444533231166 ], [ 117.565809367059373, -35.03235131417744 ], [ 117.565465430881872, -35.031757779390276 ], [ 117.565319690887705, -35.031289561776575 ], [ 117.565305251634726, -35.03078466335392 ], [ 117.565423601100846, -35.030459491128816 ], [ 117.56575066619807, -35.030196466586908 ], [ 117.566221107907708, -35.030059013670908 ], [ 117.567536382199492, -35.030025817561885 ], [ 117.568381530559975, -35.030175155035202 ], [ 117.569019649822152, -35.030505802451522 ], [ 117.569968286092333, -35.031348971136865 ], [ 117.570507696672934, -35.03167105695254 ], [ 117.572846522249463, -35.032210089876308 ], [ 117.575681789705683, -35.033188567847844 ], [ 117.576604229564879, -35.033409618895988 ], [ 117.577701695714637, -35.033575726326781 ], [ 117.578666978793848, -35.033652281913881 ], [ 117.579192867144542, -35.033604686688655 ], [ 117.579400138801091, -35.033459421420815 ], [ 117.579508109903813, -35.033224457747444 ], [ 117.579495174152271, -35.032944985278164 ], [ 117.579373122576143, -35.032738171712026 ], [ 117.57852430694355, -35.032074946157451 ], [ 117.577170476758241, -35.031305910802296 ], [ 117.576850351882342, -35.030991829703872 ], [ 117.57669497977389, -35.030722051052628 ], [ 117.576581811110046, -35.030217623435966 ], [ 117.576677684027118, -35.029820409301692 ], [ 117.577101847835479, -35.029340479074037 ], [ 117.577527402049569, -35.029058920034103 ], [ 117.578228717508665, -35.02901951130719 ], [ 117.579007847299494, -35.029133020347466 ], [ 117.581392673119254, -35.029978255419174 ], [ 117.582855758404747, -35.030692615596813 ], [ 117.584506705030236, -35.031613449521473 ], [ 117.585134772358046, -35.032061284167831 ], [ 117.585576741828078, -35.032546082634632 ], [ 117.58575503658281, -35.032950997476227 ], [ 117.585802489931552, -35.03345573328366 ], [ 117.585697238645864, -35.034069412959276 ], [ 117.585469916356701, -35.034476285299355 ], [ 117.585175915213966, -35.034757237590753 ], [ 117.584652142642724, -35.035102417095935 ], [ 117.582587657267638, -35.036167362632767 ], [ 117.582250107986169, -35.036493603057288 ], [ 117.582121237691126, -35.036872944924781 ], [ 117.582199897808152, -35.037143084316554 ], [ 117.58256366382858, -35.03742087233514 ], [ 117.583091303302524, -35.037616716808053 ], [ 117.584782391384039, -35.037996318918616 ], [ 117.585365627565352, -35.038300092145782 ], [ 117.585751786362536, -35.038640882994279 ], [ 117.586095640398625, -35.039198290249139 ], [ 117.586309483891441, -35.039972738053116 ], [ 117.586281682135279, -35.040685232727121 ], [ 117.58605576150569, -35.041290477830856 ], [ 117.583469367213098, -35.041447218782118 ], [ 117.582659400181754, -35.041640472797766 ] ] ] } },
{ "type": "Feature", "properties": { "CODE": "P_gp", "JNCODE": "si5011; P_gp", "fme_featur": "geology_surface_si5011" }, "geometry": { "type": "Polygon", "coordinates": [ [ [ 117.547220701871012, -35.031354496626449 ], [ 117.546996259216812, -35.032221164857305 ], [ 117.546845006492305, -35.032555484913765 ], [ 117.546475341009781, -35.033017030122927 ], [ 117.545852810425586, -35.03337150494476 ], [ 117.545326662649416, -35.033382887909767 ], [ 117.544775956508175, -35.032997619762327 ], [ 117.544577014492774, -35.032755046940721 ], [ 117.544443549943679, -35.032467093745012 ], [ 117.544449190331562, -35.031664532840495 ], [ 117.54482132679351, -35.02992253224155 ], [ 117.544598853008765, -35.029436598995758 ], [ 117.544025117618844, -35.028880102486823 ], [ 117.543508050288565, -35.028602884434086 ], [ 117.54308023301688, -35.028559713517566 ], [ 117.541364189332128, -35.029324831106607 ], [ 117.540488762397089, -35.029563182192085 ], [ 117.540203508905677, -35.02952838334739 ], [ 117.539972591993731, -35.02942120397676 ], [ 117.539443150748568, -35.028927609376453 ], [ 117.539331753070741, -35.028657586690379 ], [ 117.539285713603149, -35.028324152614523 ], [ 117.539356169109425, -35.027368009636056 ], [ 117.539579850497603, -35.026375116213273 ], [ 117.540428084040457, -35.023675179049697 ], [ 117.540511442651493, -35.023016547186415 ], [ 117.540397795082953, -35.022403878958208 ], [ 117.539954604161139, -35.021684469949058 ], [ 117.539148938068024, -35.020849445493539 ], [ 117.538234388583788, -35.020123105734982 ], [ 117.536792439927282, -35.019200712674419 ], [ 117.535491072285453, -35.017980111789321 ], [ 117.535126023280242, -35.017467736962793 ], [ 117.535146769480789, -35.017287299881019 ], [ 117.535320903934391, -35.017097169048661 ], [ 117.535944476086243, -35.016914071411996 ], [ 117.536832805280909, -35.016991300922072 ], [ 117.537217365936897, -35.017133875796347 ], [ 117.538009416321771, -35.017572213957571 ], [ 117.539678857964745, -35.018087804032618 ], [ 117.540360611818969, -35.018418409774021 ], [ 117.540923228435531, -35.018965957301354 ], [ 117.542152370066731, -35.020854100096386 ], [ 117.542538804425178, -35.021276184921113 ], [ 117.544202227884313, -35.022522137636663 ], [ 117.54639280774488, -35.023909970993834 ], [ 117.546944420738626, -35.024439504762974 ], [ 117.547067099297848, -35.02475455601973 ], [ 117.547181220621781, -35.025430336218001 ], [ 117.547349528808653, -35.027656840563111 ], [ 117.547373414776757, -35.029595443179169 ], [ 117.547220701871012, -35.031354496626449 ] ] ] } },
{ "type": "Feature", "properties": { "CODE": "P_gp", "JNCODE": "si5011; P_gp", "fme_featur": "geology_surface_si5011" }, "geometry": { "type": "Polygon", "coordinates": [ [ [ 117.55086498094451, -35.025512860248817 ], [ 117.550160478275231, -35.02507421038095 ], [ 117.549961660766584, -35.024849680016871 ], [ 117.549806207319733, -35.0245528147613 ], [ 117.549793676246523, -35.024318422710955 ], [ 117.549901660405425, -35.024074467356314 ], [ 117.550108900354971, -35.023920234644187 ], [ 117.55043719808539, -35.023837590661103 ], [ 117.551456727224434, -35.023850996625796 ], [ 117.551972760456451, -35.023974892289679 ], [ 117.55249049382769, -35.024351261325442 ], [ 117.552866400318479, -35.024827464182898 ], [ 117.552900741906242, -35.025043721966405 ], [ 117.552847330469504, -35.025251362275149 ], [ 117.552498441175175, -35.025532486234788 ], [ 117.551677108586887, -35.025653447179707 ], [ 117.55086498094451, -35.025512860248817 ] ] ] } },
{ "type": "Feature", "properties": { "CODE": "P_ng", "JNCODE": "si5011; P_ng", "fme_featur": "geology_surface_si5011" }, "geometry": { "type": "Polygon", "coordinates": [ [ [ 117.638489576283163, -35.020656015560292 ], [ 117.638271902349189, -35.020855539370494 ], [ 117.637856442167077, -35.02099298197389 ], [ 117.637253876631078, -35.021032216385812 ], [ 117.636343708377595, -35.02098288891105 ], [ 117.635673981283105, -35.020842123232825 ], [ 117.635343482932058, -35.020627440629774 ], [ 117.635176979193631, -35.020357795582562 ], [ 117.635097255823737, -35.019970472313801 ], [ 117.635148154471764, -35.019465241539791 ], [ 117.635309216084664, -35.019031571855827 ], [ 117.635590771861871, -35.018588253735011 ], [ 117.635982348009094, -35.018198461796942 ], [ 117.636364357195333, -35.017989063224029 ], [ 117.637442117641967, -35.018452302845823 ], [ 117.638366652731762, -35.018943390515595 ], [ 117.638948122978746, -35.019012468359712 ], [ 117.638640783514631, -35.020366668963952 ], [ 117.638489576283163, -35.020656015560292 ] ] ] } },
{ "type": "Feature", "properties": { "CODE": "P_gp", "JNCODE": "si5011; P_gp", "fme_featur": "geology_surface_si5011" }, "geometry": { "type": "Polygon", "coordinates": [ [ [ 117.649230665373253, -35.010833382132169 ], [ 117.64860327207272, -35.010494081802698 ], [ 117.648216847486026, -35.01013545705662 ], [ 117.64802627146868, -35.009595440999732 ], [ 117.648110176121506, -35.009117079876759 ], [ 117.648359249795348, -35.008737026030097 ], [ 117.648773135080447, -35.008410194230144 ], [ 117.649396023425609, -35.008181432532332 ], [ 117.649900426818249, -35.008214801768823 ], [ 117.650307768692713, -35.008447068006632 ], [ 117.650706010302912, -35.008913829572897 ], [ 117.65096300069132, -35.00953464026238 ], [ 117.650999807823126, -35.010030390310668 ], [ 117.650805825242557, -35.010446222971389 ], [ 117.650348028921002, -35.0107642796725 ], [ 117.64968071557378, -35.010921146251754 ], [ 117.649230665373253, -35.010833382132169 ] ] ] } },
{ "type": "Feature", "properties": { "CODE": "P_gp", "JNCODE": "si5011; P_gp", "fme_featur": "geology_surface_si5011" }, "geometry": { "type": "Polygon", "coordinates": [ [ [ 117.655917720178337, -35.011022859637116 ], [ 117.655565075040357, -35.010781299852148 ], [ 117.655210634308929, -35.010314318141148 ], [ 117.654997805961656, -35.00973836453192 ], [ 117.654826733536652, -35.008900685682995 ], [ 117.654798204407172, -35.008071254797834 ], [ 117.654882355596555, -35.007628956683526 ], [ 117.65507702985262, -35.00730328601351 ], [ 117.655348990298819, -35.00704933559301 ], [ 117.655807106299932, -35.006776344473273 ], [ 117.656539046438354, -35.006483836398175 ], [ 117.657370404032108, -35.006289975053349 ], [ 117.659877221649253, -35.005933718331939 ], [ 117.661684183588051, -35.005770588761656 ], [ 117.662681574389978, -35.005783182106711 ], [ 117.663329159059728, -35.005905886067893 ], [ 117.66374726689034, -35.006110996628941 ], [ 117.664067986256029, -35.006469931369601 ], [ 117.664146884361926, -35.006740016387475 ], [ 117.664138476171971, -35.007055665181888 ], [ 117.663815827677837, -35.007814876780522 ], [ 117.662590329156458, -35.009417620876974 ], [ 117.662199139856014, -35.009834547836263 ], [ 117.66188299129999, -35.010043668300753 ], [ 117.660430693567079, -35.01070983626736 ], [ 117.659610113636589, -35.010885625639695 ], [ 117.656335115856692, -35.011137827157498 ], [ 117.655917720178337, -35.011022859637116 ] ] ] } },
{ "type": "Feature", "properties": { "CODE": "P_gp", "JNCODE": "si5011; P_gp", "fme_featur": "geology_surface_si5011" }, "geometry": { "type": "Polygon", "coordinates": [ [ [ 117.641790775166356, -35.005462609124791 ], [ 117.640342183075461, -35.005208759683931 ], [ 117.639353373254167, -35.004889351318489 ], [ 117.638903950315139, -35.003466993429306 ], [ 117.638901566974809, -35.003160419699128 ], [ 117.63898783238065, -35.002979620749983 ], [ 117.639510749258392, -35.002580108237552 ], [ 117.640503603488938, -35.002015804372327 ], [ 117.640984572609639, -35.001859972449211 ], [ 117.641652463581877, -35.001784305913077 ], [ 117.643450816908739, -35.001928079763829 ], [ 117.643879319640376, -35.002070083499362 ], [ 117.644231963855873, -35.002320695230736 ], [ 117.644641665218472, -35.00285955462531 ], [ 117.644887773363138, -35.00349847142386 ], [ 117.644969365466835, -35.004120227410553 ], [ 117.644931404515532, -35.004868859857901 ], [ 117.643901785057011, -35.004937446671207 ], [ 117.641790775166356, -35.005462609124791 ] ] ] } },
{ "type": "Feature", "properties": { "CODE": "P_gp", "JNCODE": "si5011; P_gp", "fme_featur": "geology_surface_si5011" }, "geometry": { "type": "Polygon", "coordinates": [ [ [ 117.630062771979041, -34.979509243812437 ], [ 117.631155812146119, -34.979178944930609 ], [ 117.631713838105668, -34.979085870218412 ], [ 117.632239828709658, -34.979101167151939 ], [ 117.632975287594192, -34.97928669840541 ], [ 117.633788826334239, -34.979652163281479 ], [ 117.634988733701562, -34.980394328458964 ], [ 117.635749675403858, -34.981039590696952 ], [ 117.636545310188794, -34.981919115344589 ], [ 117.637120939344555, -34.982682564629059 ], [ 117.637332521754288, -34.98312330064492 ], [ 117.637189969058866, -34.984521726157325 ], [ 117.637407357366271, -34.985710864880652 ], [ 117.637377983288474, -34.986161882579296 ], [ 117.637183077580772, -34.986460475504025 ], [ 117.636812311674277, -34.986687852480173 ], [ 117.635313812631779, -34.987020324640433 ], [ 117.634876883289962, -34.987193938308415 ], [ 117.634669896199753, -34.987348314077643 ], [ 117.634485655938136, -34.987610777853369 ], [ 117.634443917479416, -34.987881514037319 ], [ 117.634511117089403, -34.988070525499197 ], [ 117.634864647080576, -34.988447402625425 ], [ 117.635689799491558, -34.988884931075695 ], [ 117.636524521217495, -34.989142058357402 ], [ 117.637434825956561, -34.989254506808749 ], [ 117.638299906740286, -34.989186840903137 ], [ 117.638857361318969, -34.989012580803148 ], [ 117.640012790787495, -34.988240027916696 ], [ 117.640526058328732, -34.988020906782396 ], [ 117.641084414026921, -34.987963856179221 ], [ 117.641369773063261, -34.988025469907051 ], [ 117.641622966801947, -34.988177425591751 ], [ 117.641911142535221, -34.988599713690192 ], [ 117.642170535949504, -34.989545154498209 ], [ 117.642393294252102, -34.991410548885902 ], [ 117.642414537343384, -34.992726956113373 ], [ 117.642319305334496, -34.993160288319082 ], [ 117.642092656845719, -34.993603332813962 ], [ 117.640735731141774, -34.995242625227426 ], [ 117.640671813896375, -34.995477411165261 ], [ 117.640739666775644, -34.99574757066523 ], [ 117.640939080260267, -34.996026052841714 ], [ 117.641214564775936, -34.99622297762 ], [ 117.642038350078693, -34.9964711066851 ], [ 117.642805660179775, -34.996503115155441 ], [ 117.644140785027759, -34.996279624224982 ], [ 117.645849873595765, -34.996234474679476 ], [ 117.646486259781994, -34.99633929434269 ], [ 117.647157081820851, -34.99664230655128 ], [ 117.647488152261019, -34.9969381103624 ], [ 117.647743090064495, -34.997306457469797 ], [ 117.647910723988502, -34.997720356227596 ], [ 117.647980024169456, -34.998170848624561 ], [ 117.647929073448125, -34.998658051812697 ], [ 117.647779643291315, -34.999163814980562 ], [ 117.647433820368576, -34.999778832456499 ], [ 117.647140652789588, -35.000123050932665 ], [ 117.646693431313636, -35.000386934308295 ], [ 117.645915976077774, -35.000463211548187 ], [ 117.64192315252383, -34.999961391255312 ], [ 117.641451043250242, -34.999846662656459 ], [ 117.641109657407625, -34.999632052169801 ], [ 117.640701401133853, -34.999273517691577 ], [ 117.639870923208321, -34.998168776353701 ], [ 117.639462118479472, -34.997738102433033 ], [ 117.638458732834707, -34.996940848262788 ], [ 117.637291003975164, -34.996144448437143 ], [ 117.6344509516572, -34.994473097187594 ], [ 117.628290674764415, -34.99134007514234 ], [ 117.627992497121298, -34.991035030788943 ], [ 117.627835865154154, -34.990612029281422 ], [ 117.627875216727531, -34.990025703282562 ], [ 117.628080363756524, -34.989627882294094 ], [ 117.628330782214519, -34.989419189332864 ], [ 117.628647628407919, -34.989300324614973 ], [ 117.629840725405984, -34.989140847356282 ], [ 117.630310753013489, -34.988994131733918 ], [ 117.630604713411429, -34.98874913896119 ], [ 117.630646188310024, -34.988442336352279 ], [ 117.630513189248376, -34.988244647176572 ], [ 117.630194345848565, -34.988102026261558 ], [ 117.628637632822915, -34.987992872061916 ], [ 117.628033788782943, -34.987833686236286 ], [ 117.627845670751014, -34.987591192820332 ], [ 117.627574321997329, -34.98649248828935 ], [ 117.62744112710341, -34.986267744814121 ], [ 117.627198439847504, -34.986052584122987 ], [ 117.626770529980519, -34.985973638387534 ], [ 117.62640973159273, -34.986074690434826 ], [ 117.625092736667597, -34.987226672159778 ], [ 117.623304370073285, -34.988354008641977 ], [ 117.622997861242681, -34.988391650936762 ], [ 117.622701557521111, -34.988330050092934 ], [ 117.622316578680355, -34.988133643948878 ], [ 117.62206294264368, -34.987918529133943 ], [ 117.621951673183986, -34.987693667279515 ], [ 117.621883547983828, -34.98737841155976 ], [ 117.621964379109215, -34.986476269747236 ], [ 117.622125039355694, -34.985988513582107 ], [ 117.622901796317819, -34.984388472489805 ], [ 117.623189886861624, -34.98336804136013 ], [ 117.623186265743911, -34.982890143976043 ], [ 117.622732163361917, -34.98224322942049 ], [ 117.622573937745841, -34.981603813616324 ], [ 117.622614415629783, -34.98116175907937 ], [ 117.622720967366647, -34.980764452082909 ], [ 117.623121538948766, -34.980131187003536 ], [ 117.623535588770238, -34.979831490988914 ], [ 117.624617910418479, -34.979528357721698 ], [ 117.626658587133065, -34.978471837823804 ], [ 117.627500209922431, -34.978215007363026 ], [ 117.627850912142691, -34.978231229074936 ], [ 117.628224351130811, -34.978355539579319 ], [ 117.628697835040683, -34.97866869397123 ], [ 117.629481243434157, -34.979395035266663 ], [ 117.629821893222868, -34.979528528056292 ], [ 117.630062771979041, -34.979509243812437 ] ] ] } },
{ "type": "Feature", "properties": { "CODE": "P_gp", "JNCODE": "si5011; P_gp", "fme_featur": "geology_surface_si5011" }, "geometry": { "type": "Polygon", "coordinates": [ [ [ 117.681891927373769, -34.999040111593011 ], [ 117.681496624234583, -34.998943142012124 ], [ 117.681166470876548, -34.998773667793486 ], [ 117.680989727273925, -34.998603332165139 ], [ 117.680922337525161, -34.998405331257061 ], [ 117.680964226215835, -34.998170648451428 ], [ 117.681322391884535, -34.997753846440368 ], [ 117.681759051754156, -34.997553015968862 ], [ 117.682994263696244, -34.997185383692717 ], [ 117.683715061960328, -34.996892775013301 ], [ 117.684122665967237, -34.997151978158925 ], [ 117.684476010228252, -34.997474606425058 ], [ 117.685263018945264, -34.998552233030452 ], [ 117.682352454316785, -34.999073592714176 ], [ 117.681891927373769, -34.999040111593011 ] ] ] } },
{ "type": "Feature", "properties": { "CODE": "P_gp", "JNCODE": "si5011; P_gp", "fme_featur": "geology_surface_si5011" }, "geometry": { "type": "Polygon", "coordinates": [ [ [ 117.269753535759392, -35.018320629571193 ], [ 117.269390284038181, -35.017852532612608 ], [ 117.269212839862604, -35.017221709648908 ], [ 117.269222057076902, -35.016689663657125 ], [ 117.269800817982969, -35.01603010952784 ], [ 117.270326101740139, -35.015776453983285 ], [ 117.270512552197133, -35.015812108101251 ], [ 117.270908505023854, -35.016226024581087 ], [ 117.271402960096665, -35.01659463259503 ], [ 117.271666496328265, -35.016738321113053 ], [ 117.271755555096462, -35.017152921287177 ], [ 117.271692295199145, -35.017910522889331 ], [ 117.271375976186789, -35.018380134331203 ], [ 117.270784496521358, -35.018507698739953 ], [ 117.270280584864352, -35.018598995771079 ], [ 117.269753535759392, -35.018320629571193 ] ] ] } },
{ "type": "Feature", "properties": { "CODE": "P_gp", "JNCODE": "si5011; P_gp", "fme_featur": "geology_surface_si5011" }, "geometry": { "type": "Polygon", "coordinates": [ [ [ 117.258590661313605, -35.016902145518792 ], [ 117.258151490597271, -35.016668628405107 ], [ 117.257996085025738, -35.016046759226242 ], [ 117.257949184088048, -35.015072981114102 ], [ 117.257761269385711, -35.014568406598706 ], [ 117.257957568048027, -35.014252380954929 ], [ 117.258494064819558, -35.01407089176881 ], [ 117.259513644853513, -35.014149872562093 ], [ 117.260380208641266, -35.014364433966939 ], [ 117.261050031703832, -35.014750742839951 ], [ 117.261533760350417, -35.015209588209622 ], [ 117.261667183474941, -35.015804448125117 ], [ 117.261340514064614, -35.016481455856365 ], [ 117.260607800396201, -35.017006039661446 ], [ 117.259577707465326, -35.017080386199517 ], [ 117.258590661313605, -35.016902145518792 ] ] ] } },
{ "type": "Feature", "properties": { "CODE": "P_gp", "JNCODE": "si5011; P_gp", "fme_featur": "geology_surface_si5011" }, "geometry": { "type": "Polygon", "coordinates": [ [ [ 117.323683750875418, -35.013166107200313 ], [ 117.322727938943785, -35.012591540509931 ], [ 117.322233173322672, -35.012196090576751 ], [ 117.321913632831468, -35.01176410448717 ], [ 117.321999405272734, -35.011276938699815 ], [ 117.322348357519488, -35.010825143675419 ], [ 117.323016136056921, -35.010624986127745 ], [ 117.323716897656823, -35.010451789077479 ], [ 117.32433168560884, -35.010711651800378 ], [ 117.325014306263199, -35.011494337518528 ], [ 117.325126832924667, -35.012233460819402 ], [ 117.325217262671799, -35.012927556267783 ], [ 117.325130901021893, -35.013261430406288 ], [ 117.324473710537021, -35.013371397524189 ], [ 117.323683750875418, -35.013166107200313 ] ] ] } },
{ "type": "Feature", "properties": { "CODE": "P_gp", "JNCODE": "si5011; P_gp", "fme_featur": "geology_surface_si5011" }, "geometry": { "type": "Polygon", "coordinates": [ [ [ 117.326035141353245, -35.009120029839416 ], [ 117.325181994244048, -35.009555152554647 ], [ 117.324295709354573, -35.009927236167826 ], [ 117.323813404725115, -35.009910489043847 ], [ 117.323285877201585, -35.009542182726953 ], [ 117.323075229990948, -35.008929561843345 ], [ 117.323017950017942, -35.008298497727345 ], [ 117.323147657125247, -35.007838266096783 ], [ 117.323639097791002, -35.007395105130627 ], [ 117.324240127723854, -35.006951649474672 ], [ 117.324579479076178, -35.006851551337114 ], [ 117.325313797396191, -35.006858602954708 ], [ 117.326114516602701, -35.007027784611644 ], [ 117.326500534173277, -35.007639928774623 ], [ 117.326557338677418, -35.008144749215546 ], [ 117.326470736563508, -35.008415503537179 ], [ 117.326405981616688, -35.0086681642832 ], [ 117.326035141353245, -35.009120029839416 ] ] ] } },
{ "type": "Feature", "properties": { "CODE": "P_gp", "JNCODE": "si5011; P_gp", "fme_featur": "geology_surface_si5011" }, "geometry": { "type": "Polygon", "coordinates": [ [ [ 117.254744257060509, -34.992437045300726 ], [ 117.255227426653519, -34.992769675131655 ], [ 117.255864821436575, -34.993363483280852 ], [ 117.256217098078722, -34.993885750704756 ], [ 117.256396865863451, -34.995310123315093 ], [ 117.256848227422722, -34.995976458074352 ], [ 117.258779371847496, -34.996774906992705 ], [ 117.26148859064233, -34.997571651564002 ], [ 117.264977708125684, -34.998925715107518 ], [ 117.266502305882, -34.999346195991087 ], [ 117.267468472986181, -34.99990315043901 ], [ 117.269211594699286, -35.000115715129532 ], [ 117.27036224757633, -35.00011315794633 ], [ 117.271140248519771, -35.000093387942215 ], [ 117.273024138209948, -34.999791591200051 ], [ 117.274732888671423, -34.999553283570116 ], [ 117.276146658752936, -34.999586145455119 ], [ 117.276705998721269, -34.999720132896506 ], [ 117.278155028099789, -35.000456248586858 ], [ 117.27931967723336, -35.00134629735026 ], [ 117.279999857229669, -35.00156114804868 ], [ 117.280888134885629, -35.001739443979965 ], [ 117.281359363498808, -35.001738352703036 ], [ 117.282038004847038, -35.001502325442075 ], [ 117.284249805513937, -35.000956122440854 ], [ 117.286155519913692, -35.00063603611472 ], [ 117.287918441488102, -35.000226084622845 ], [ 117.289910743153726, -34.999608159717624 ], [ 117.290501387397441, -34.999291138655714 ], [ 117.290927459179969, -34.998920404803947 ], [ 117.291091005224089, -34.998685560271845 ], [ 117.291612529351013, -34.997421872028909 ], [ 117.291896450451347, -34.997141650128562 ], [ 117.292312348312578, -34.996996370935861 ], [ 117.292979446388458, -34.996616031797736 ], [ 117.293570991127638, -34.996560498333373 ], [ 117.294284558987115, -34.996919466910626 ], [ 117.294473108650507, -34.997550228032487 ], [ 117.294299907617628, -34.998145796687105 ], [ 117.294488040312103, -34.998659332429582 ], [ 117.29492708733595, -34.998856649441173 ], [ 117.295420928625475, -34.99905383152317 ], [ 117.296625347447701, -34.998771355136491 ], [ 117.297336436195579, -34.998435971696502 ], [ 117.29855186306763, -34.998171484049514 ], [ 117.299396080041291, -34.998286631178942 ], [ 117.300054468348421, -34.998528475494034 ], [ 117.301096866577453, -34.998895607989787 ], [ 117.302335033743319, -34.998856461100495 ], [ 117.303320590919171, -34.998664637213857 ], [ 117.304611607113998, -34.998102325848841 ], [ 117.305377816900986, -34.9978659484552 ], [ 117.306418246958884, -34.997701013596085 ], [ 117.30809404665716, -34.997480354610829 ], [ 117.310428962435083, -34.997690824073203 ], [ 117.312183238906186, -34.997938812713244 ], [ 117.314716945890936, -34.998545453731772 ], [ 117.317150602825933, -34.99877357251524 ], [ 117.319375047226856, -34.998740688591617 ], [ 117.322301107380738, -34.998778042357003 ], [ 117.323725979268843, -34.998846390215014 ], [ 117.324691028685933, -34.999024160780372 ], [ 117.325283602931094, -34.999229974457087 ], [ 117.326567386578191, -34.999641327788353 ], [ 117.326733233361793, -35.000010594575762 ], [ 117.326757695568077, -35.000650763465451 ], [ 117.326354697323424, -35.001274047441861 ], [ 117.325368485923505, -35.001294729548434 ], [ 117.3213037585964, -35.001549025647506 ], [ 117.318564772333076, -35.00173659212745 ], [ 117.316867275708375, -35.00202959142883 ], [ 117.314239471283599, -35.002640587494248 ], [ 117.312172247711771, -35.003700955919939 ], [ 117.311265414031752, -35.004433693157885 ], [ 117.310600689733704, -35.005436325963181 ], [ 117.310029986364853, -35.008124965959517 ], [ 117.309654181181969, -35.010190905863169 ], [ 117.309056304605221, -35.011499949786817 ], [ 117.308248405003084, -35.01234062043828 ], [ 117.307132487904298, -35.01288449198632 ], [ 117.305106847748448, -35.013430643491468 ], [ 117.303584226595447, -35.013668913256446 ], [ 117.301755566209849, -35.014142377000702 ], [ 117.300585141659411, -35.014785515016619 ], [ 117.300070095728216, -35.014813841586033 ], [ 117.297646870690372, -35.01455830436646 ], [ 117.29648408144719, -35.014290628972688 ], [ 117.295627185825523, -35.013742658969392 ], [ 117.294889408640927, -35.012788611337562 ], [ 117.293648159044707, -35.012025143164522 ], [ 117.292682315331774, -35.011648745879576 ], [ 117.291289964944681, -35.011534869315106 ], [ 117.2897326764094, -35.011268075043667 ], [ 117.288546898939842, -35.010675752251707 ], [ 117.288051960671382, -35.010180971546937 ], [ 117.287477848553948, -35.008983019994616 ], [ 117.2865441930754, -35.008390079916218 ], [ 117.285556035031561, -35.007878417317229 ], [ 117.2847777770113, -35.007844176112947 ], [ 117.28403361403285, -35.008161528412479 ], [ 117.282970216549359, -35.008073838158289 ], [ 117.281204787282249, -35.00780741913195 ], [ 117.280174306784815, -35.007728645490886 ], [ 117.280076100627156, -35.007855115628196 ], [ 117.278472970450252, -35.006966082041252 ], [ 117.277187362538456, -35.005977111058478 ], [ 117.275846868273177, -35.004952181369518 ], [ 117.275109339181526, -35.003979976004267 ], [ 117.274274641217829, -35.00344082080499 ], [ 117.272991744747486, -35.003236312419766 ], [ 117.271414063765718, -35.003366093784159 ], [ 117.270012433471905, -35.003711880828007 ], [ 117.269039053239609, -35.004318207942895 ], [ 117.268403480836469, -35.004337649721009 ], [ 117.267251537047343, -35.003961460444991 ], [ 117.266385211664428, -35.003792034009429 ], [ 117.265629005124637, -35.003784673712936 ], [ 117.264600563330816, -35.004318946565093 ], [ 117.262664134272569, -35.005369170692475 ], [ 117.261275369939824, -35.006337029684957 ], [ 117.260041519188164, -35.007782463053346 ], [ 117.259299195181242, -35.008712843015559 ], [ 117.259004930362664, -35.009236480271284 ], [ 117.258841498794595, -35.009543420355186 ], [ 117.258185238534381, -35.009968635625718 ], [ 117.257299094259565, -35.010484508802513 ], [ 117.256159423622137, -35.010541023675636 ], [ 117.255019667385213, -35.010570475845221 ], [ 117.253199611485485, -35.010348851252495 ], [ 117.252224367145985, -35.010414003471318 ], [ 117.251797452666224, -35.010586220361191 ], [ 117.250886119663747, -35.010047063671493 ], [ 117.250522764527929, -35.009497752917319 ], [ 117.250179631651548, -35.008389320590652 ], [ 117.249662333029264, -35.007668993661923 ], [ 117.248006477179061, -35.007356779071962 ], [ 117.246142429467398, -35.007053981598368 ], [ 117.245341090420609, -35.006622768547864 ], [ 117.24471433193645, -35.005929693606845 ], [ 117.243167696200175, -35.00547291408359 ], [ 117.242640263595689, -35.005005064395966 ], [ 117.242418471389499, -35.004121801637758 ], [ 117.24351353199566, -35.00383105278906 ], [ 117.24412627824583, -35.003505195362074 ], [ 117.244694217008814, -35.002854798446272 ], [ 117.245174045225028, -35.002060298249098 ], [ 117.24614487563548, -35.000552425965445 ], [ 117.246921343473446, -35.000018821761515 ], [ 117.247478223301059, -34.999350399211238 ], [ 117.248329500565433, -34.998194431797693 ], [ 117.248887858239968, -34.998021957467522 ], [ 117.251558215411549, -34.996880259080356 ], [ 117.25298042044578, -34.99611082334885 ], [ 117.253339702850383, -34.9953526110571 ], [ 117.25342378090761, -34.994189188524935 ], [ 117.253169390713353, -34.993423238536685 ], [ 117.252597566772451, -34.992766157837053 ], [ 117.252223679390951, -34.992334098880839 ], [ 117.252112887017219, -34.991937562378283 ], [ 117.252144598158793, -34.991558764723983 ], [ 117.253459578320559, -34.991583078895545 ], [ 117.253788302593591, -34.991582392188384 ], [ 117.254216145974368, -34.99174381070948 ], [ 117.254546601705059, -34.992302198536997 ], [ 117.254744257060509, -34.992437045300726 ] ] ] } },
{ "type": "Feature", "properties": { "CODE": "P_gp", "JNCODE": "si5011; P_gp", "fme_featur": "geology_surface_si5011" }, "geometry": { "type": "Polygon", "coordinates": [ [ [ 117.257301772317675, -35.028834873655683 ], [ 117.256402598633187, -35.028755620526738 ], [ 117.255833057892559, -35.02891913518301 ], [ 117.255286336989897, -35.029371154918856 ], [ 117.254510206582509, -35.030085157159739 ], [ 117.253710688290909, -35.03033030026311 ], [ 117.251824809044123, -35.030235037459079 ], [ 117.251287115632024, -35.030064822115115 ], [ 117.251395002319498, -35.029496504508479 ], [ 117.251503743786529, -35.029207723408241 ], [ 117.253561768968041, -35.028256616955801 ], [ 117.255325139776005, -35.027747946979957 ], [ 117.256485819486684, -35.027321683016055 ], [ 117.257076989973569, -35.02706794576121 ], [ 117.257756108913171, -35.026895175187413 ], [ 117.258381010030703, -35.02691188103762 ], [ 117.259017954442498, -35.027271218010533 ], [ 117.259294031938637, -35.027910861625017 ], [ 117.259131390021196, -35.028479303212684 ], [ 117.258649925299167, -35.028759868749646 ], [ 117.257301772317675, -35.028834873655683 ] ] ] } },
{ "type": "Feature", "properties": { "CODE": "P_gp", "JNCODE": "si5011; P_gp", "fme_featur": "geology_surface_si5011" }, "geometry": { "type": "Polygon", "coordinates": [ [ [ 117.27810424720748, -35.024307352583932 ], [ 117.276974936519466, -35.024237796290485 ], [ 117.275417966171574, -35.024124113938548 ], [ 117.2748161838431, -35.024459120842906 ], [ 117.27422433469556, -35.024487511750273 ], [ 117.273882652907275, -35.023929206390342 ], [ 117.27270776694013, -35.023336705667518 ], [ 117.270818222161012, -35.022087522068198 ], [ 117.269042011202458, -35.021956212043825 ], [ 117.267211673045722, -35.022032394825423 ], [ 117.266191695875349, -35.021863306158856 ], [ 117.264797462538397, -35.021208087724148 ], [ 117.264292744053506, -35.021055892484277 ], [ 117.263602031302767, -35.021012307789796 ], [ 117.263131269225326, -35.021193676921357 ], [ 117.262868974465945, -35.021437714511613 ], [ 117.2624217447528, -35.022124003001487 ], [ 117.261963661010768, -35.022846382712927 ], [ 117.261112322958056, -35.024002441325386 ], [ 117.260861547953084, -35.024426797177199 ], [ 117.260226589276826, -35.024689664185495 ], [ 117.25870356881093, -35.024909337371845 ], [ 117.258320270478734, -35.025027379707382 ], [ 117.257620206073753, -35.025506788586874 ], [ 117.257247695903217, -35.025570700397068 ], [ 117.256622326137247, -35.025400694340625 ], [ 117.256325986664123, -35.025284094771621 ], [ 117.255799699809145, -35.025249135738989 ], [ 117.255525875169596, -35.025321851588593 ], [ 117.255164942573941, -35.025584114836434 ], [ 117.254717877677535, -35.026351530660676 ], [ 117.254159591411565, -35.026605187591386 ], [ 117.252122791482208, -35.027312791229456 ], [ 117.25025066617998, -35.028110194903206 ], [ 117.247852388002883, -35.028935697546565 ], [ 117.246252219837544, -35.029056181031798 ], [ 117.245308314971481, -35.028679363223176 ], [ 117.244782333331045, -35.028752564296994 ], [ 117.2442571823143, -35.029105299901417 ], [ 117.244006331364631, -35.029538638310861 ], [ 117.243404219968056, -35.029819385966249 ], [ 117.242176383806225, -35.02981282517144 ], [ 117.241025100564144, -35.029742978338973 ], [ 117.240059866494278, -35.02956454422916 ], [ 117.239566051681436, -35.029394190059968 ], [ 117.239291620479818, -35.02926848832589 ], [ 117.237720926247476, -35.028216542851716 ], [ 117.237466731422757, -35.027504668022523 ], [ 117.237399602080629, -35.027035895892212 ], [ 117.237068678890921, -35.026324170151305 ], [ 117.236465839998161, -35.026352398427349 ], [ 117.235886220106238, -35.026831447367968 ], [ 117.235646552779272, -35.027354920744521 ], [ 117.235219437851498, -35.027500027362109 ], [ 117.234440163246205, -35.027167892444531 ], [ 117.233748515469969, -35.026808531613128 ], [ 117.23256212161246, -35.025936125433944 ], [ 117.231903174761129, -35.025504552278306 ], [ 117.231858333749798, -35.025152960193616 ], [ 117.23200925373574, -35.024250933816113 ], [ 117.233456294795403, -35.024275210936011 ], [ 117.234530710803085, -35.024327243621762 ], [ 117.234815719123731, -35.024326692497965 ], [ 117.234882728252288, -35.024759397019231 ], [ 117.235421309769407, -35.025263326609107 ], [ 117.236145293297682, -35.025433250169073 ], [ 117.23674763162424, -35.025233694298876 ], [ 117.237592277856876, -35.025430425901099 ], [ 117.238329113610604, -35.026249562341981 ], [ 117.238713075880923, -35.026347998808824 ], [ 117.239162391684118, -35.026302027273097 ], [ 117.239666280670932, -35.026174789930501 ], [ 117.240269064296655, -35.0261285111185 ], [ 117.240861837317155, -35.026406874689002 ], [ 117.243001267242889, -35.027015791011998 ], [ 117.244602797472595, -35.027364251079284 ], [ 117.245480074447414, -35.027461670757184 ], [ 117.247332914901662, -35.027530047586147 ], [ 117.248790569626252, -35.02741885951184 ], [ 117.250807322252669, -35.027315517086613 ], [ 117.252001210556799, -35.026988418397423 ], [ 117.252668572874356, -35.026554196901806 ], [ 117.252896583916893, -35.025841349533302 ], [ 117.253451195269975, -35.024397412677423 ], [ 117.253624691185408, -35.023783868689293 ], [ 117.254139001430602, -35.023494236732972 ], [ 117.254643269021841, -35.023502197079758 ], [ 117.255192532466594, -35.023879773123397 ], [ 117.25577477070803, -35.024284329277485 ], [ 117.25638885869445, -35.024355172473562 ], [ 117.257572539838264, -35.024289544376437 ], [ 117.258470047953082, -35.023854802218956 ], [ 117.259630741772114, -35.023455560155213 ], [ 117.260308767898138, -35.02294913472663 ], [ 117.260875078874278, -35.021784677187114 ], [ 117.261856841142176, -35.020285678132453 ], [ 117.263850116791303, -35.019758353096869 ], [ 117.264748762753172, -35.019702291831571 ], [ 117.265714049836319, -35.019916599396176 ], [ 117.267272629685635, -35.02055341090152 ], [ 117.26813933991906, -35.020785950910764 ], [ 117.269553532516809, -35.020836922443017 ], [ 117.269915079692382, -35.020782014639089 ], [ 117.271230859161918, -35.020905324462042 ], [ 117.272546492871953, -35.020983533458754 ], [ 117.273732245257648, -35.021557976797681 ], [ 117.27510411856737, -35.022059847716669 ], [ 117.276409419618574, -35.022318385640041 ], [ 117.276684521743178, -35.022633366785691 ], [ 117.278132460119366, -35.022927630327111 ], [ 117.278101376796116, -35.023459726423503 ], [ 117.27810424720748, -35.024307352583932 ] ] ] } },
{ "type": "Feature", "properties": { "CODE": "P_gp", "JNCODE": "si5011; P_gp", "fme_featur": "geology_surface_si5011" }, "geometry": { "type": "Polygon", "coordinates": [ [ [ 117.225409697986038, -35.02407400611078 ], [ 117.224807068747211, -35.024174315122387 ], [ 117.223568527404836, -35.024230707380305 ], [ 117.223502044582617, -35.023969325753811 ], [ 117.223588609813888, -35.023554366697276 ], [ 117.223542529169038, -35.022733869678298 ], [ 117.222839270573644, -35.022103946074921 ], [ 117.221028257285553, -35.021232571376693 ], [ 117.220216916097172, -35.021161907185501 ], [ 117.219505145010871, -35.021433718235087 ], [ 117.218989931214509, -35.021425631600479 ], [ 117.218528493236846, -35.021029698298619 ], [ 117.218418207483808, -35.020777409965397 ], [ 117.218559025971075, -35.020145939250639 ], [ 117.219719598332816, -35.019647887295896 ], [ 117.220782717889435, -35.01960087103636 ], [ 117.221747939779249, -35.019833563436229 ], [ 117.222735554313118, -35.020237537422304 ], [ 117.223537276908203, -35.020804158825641 ], [ 117.224240406550038, -35.021388991838514 ], [ 117.225009315517198, -35.021973698763254 ], [ 117.225393390523479, -35.022126281612969 ], [ 117.226314833429555, -35.022368036194649 ], [ 117.227662885604303, -35.022284358416229 ], [ 117.228277035465027, -35.022391413385634 ], [ 117.229373749976347, -35.022587727986853 ], [ 117.229539157342188, -35.022939093186096 ], [ 117.229682617463567, -35.023281482293214 ], [ 117.229574184980024, -35.023705504403914 ], [ 117.228719693535965, -35.023896482831688 ], [ 117.225409697986038, -35.02407400611078 ] ] ] } },
{ "type": "Feature", "properties": { "CODE": "P_gp", "JNCODE": "si5011; P_gp", "fme_featur": "geology_surface_si5011" }, "geometry": { "type": "Polygon", "coordinates": [ [ [ 117.245054004792124, -35.016930231763702 ], [ 117.245352075835626, -35.017642003183347 ], [ 117.245452853131795, -35.018354172940796 ], [ 117.245312325375906, -35.019012726194624 ], [ 117.244623653381268, -35.019645333136488 ], [ 117.243660162241909, -35.020016984057683 ], [ 117.24149067775376, -35.020309876536047 ], [ 117.240397106120838, -35.021186733779558 ], [ 117.238314485627498, -35.021208875928679 ], [ 117.237480112541306, -35.020759642279593 ], [ 117.236787283872573, -35.019976483515585 ], [ 117.236619591596451, -35.018840619897581 ], [ 117.236387072409471, -35.018029508095786 ], [ 117.236046736718748, -35.017840805322464 ], [ 117.235443365227326, -35.017661629521669 ], [ 117.234806469115739, -35.017257080830007 ], [ 117.234432408328729, -35.016770864846812 ], [ 117.234310707253798, -35.016374334651388 ], [ 117.23456169842305, -35.01598610200859 ], [ 117.235373258620967, -35.01614684393023 ], [ 117.235789612433692, -35.016091931441089 ], [ 117.236347573351864, -35.015730150540222 ], [ 117.236818649908386, -35.015648075773647 ], [ 117.237730371114154, -35.016331615146015 ], [ 117.239279755968568, -35.017672161470415 ], [ 117.240806132364114, -35.018624985660338 ], [ 117.241529988696698, -35.01876782547474 ], [ 117.24223072860319, -35.018504924729179 ], [ 117.243061822428004, -35.017844993926104 ], [ 117.243695579979629, -35.017176436387352 ], [ 117.244714701573869, -35.017093229348156 ], [ 117.245054004792124, -35.016930231763702 ] ] ] } },
{ "type": "Feature", "properties": { "CODE": "P_gp", "JNCODE": "si5011; P_gp", "fme_featur": "geology_surface_si5011" }, "geometry": { "type": "Polygon", "coordinates": [ [ [ 117.235159961449909, -35.010556472096333 ], [ 117.234696652743125, -35.009511350343487 ], [ 117.234473852679272, -35.008249344593231 ], [ 117.234701894696954, -35.007509476758536 ], [ 117.235359368241063, -35.00747213411023 ], [ 117.236337911538115, -35.008561338613923 ], [ 117.236866657080668, -35.009489100344965 ], [ 117.237000438433924, -35.010273353040041 ], [ 117.236192173397399, -35.011239790241156 ], [ 117.235928742331325, -35.011105041587335 ], [ 117.235159961449909, -35.010556472096333 ] ] ] } },
{ "type": "Feature", "properties": { "CODE": "P_gp", "JNCODE": "si5011; P_gp", "fme_featur": "geology_surface_si5011" }, "geometry": { "type": "Polygon", "coordinates": [ [ [ 117.324987633083211, -34.96870681600825 ], [ 117.326036514446841, -34.970778014950568 ], [ 117.326751859963395, -34.971605696231265 ], [ 117.327807107748953, -34.972504595545757 ], [ 117.328861189213313, -34.973105913457289 ], [ 117.330308399726903, -34.97339054340825 ], [ 117.331645779199732, -34.973603316642922 ], [ 117.333913318372538, -34.973561033027401 ], [ 117.334942170228757, -34.973332763929115 ], [ 117.335521864036991, -34.973105727948585 ], [ 117.335860767611166, -34.972933459969454 ], [ 117.336274953536304, -34.972418320308634 ], [ 117.33645901032169, -34.971885782164271 ], [ 117.336435773461773, -34.971561219063545 ], [ 117.336237003918754, -34.971174020060111 ], [ 117.335786905450718, -34.970940812230587 ], [ 117.337660334565811, -34.970980704816178 ], [ 117.340967516687328, -34.970700941353456 ], [ 117.342828860490457, -34.970470265257191 ], [ 117.345368050546483, -34.96992202477233 ], [ 117.346254719850052, -34.969766203627437 ], [ 117.34707748461112, -34.970043395276406 ], [ 117.347564625001496, -34.971259354829961 ], [ 117.347505675756096, -34.972864625335582 ], [ 117.345867597545791, -34.974095671543623 ], [ 117.345716386551402, -34.974610095238788 ], [ 117.346323359351501, -34.975663404043203 ], [ 117.347568580247938, -34.977382173387092 ], [ 117.347922740794147, -34.978228796376229 ], [ 117.348592484509595, -34.978569537361942 ], [ 117.350190550000619, -34.978222277370563 ], [ 117.351274653576837, -34.978101919659444 ], [ 117.352227943495109, -34.978135227858921 ], [ 117.353664714351808, -34.978500765718451 ], [ 117.35421284534435, -34.978580324752592 ], [ 117.354705654771735, -34.978533799128734 ], [ 117.355657898219846, -34.978323613265303 ], [ 117.35608508874806, -34.978304326466173 ], [ 117.35720142458996, -34.978039542721348 ], [ 117.3581021361382, -34.978577934584052 ], [ 117.35857641231685, -34.97930694534319 ], [ 117.358993871392897, -34.979567216780602 ], [ 117.359255707097333, -34.979313954880936 ], [ 117.359339138180047, -34.978348844942332 ], [ 117.359539136677199, -34.976481648252417 ], [ 117.360007888811225, -34.97594823192938 ], [ 117.360280941627707, -34.975758056371291 ], [ 117.360882966583858, -34.975639042306362 ], [ 117.361486376504246, -34.975835630689986 ], [ 117.361777875295729, -34.977349688199531 ], [ 117.362547221909594, -34.977906473213729 ], [ 117.363034637983148, -34.979122367464406 ], [ 117.363113039497676, -34.979509881663041 ], [ 117.363027025085231, -34.979879852631477 ], [ 117.36292323591735, -34.981187687061329 ], [ 117.362052393849055, -34.9824707585136 ], [ 117.360964614541857, -34.984259443255631 ], [ 117.359994784867524, -34.985470654528029 ], [ 117.358871178556456, -34.986601155916411 ], [ 117.356304674488754, -34.988529420852998 ], [ 117.355693424768106, -34.989072257020979 ], [ 117.353753352253534, -34.991467535386548 ], [ 117.352958148871579, -34.99256095453724 ], [ 117.352397654181061, -34.992174834787711 ], [ 117.352439280790662, -34.991660722451549 ], [ 117.35289565949526, -34.990766674584187 ], [ 117.3534078604916, -34.990115932150587 ], [ 117.353438716537127, -34.989646937660339 ], [ 117.35342512393045, -34.989033794145506 ], [ 117.353259916163111, -34.988835892169021 ], [ 117.353990386811105, -34.987986129051961 ], [ 117.354293411407369, -34.987110557320086 ], [ 117.354093238575416, -34.98642581872452 ], [ 117.353750633382404, -34.98574149477421 ], [ 117.352991880251963, -34.985103467342441 ], [ 117.352080945597692, -34.984745416023308 ], [ 117.35082986980423, -34.984271114822889 ], [ 117.349984077859972, -34.983768580904105 ], [ 117.349213420383165, -34.98289611118512 ], [ 117.348331423395024, -34.981600137532396 ], [ 117.347681700310375, -34.980817484810125 ], [ 117.347002127248246, -34.980747289461327 ], [ 117.346445387302452, -34.981226802099009 ], [ 117.346481559968439, -34.982011213733628 ], [ 117.346713842855749, -34.982533560527038 ], [ 117.347869237474228, -34.983711536490603 ], [ 117.348244730901399, -34.984413817931546 ], [ 117.34826920214519, -34.985017914002078 ], [ 117.348118215727268, -34.985586443569545 ], [ 117.347924735857731, -34.986470703838009 ], [ 117.347741446106795, -34.987174586432126 ], [ 117.345377997402963, -34.987947811827752 ], [ 117.344722133246407, -34.988319389272512 ], [ 117.344165744185247, -34.988898081479704 ], [ 117.343862529691592, -34.989755593758275 ], [ 117.34352327267105, -34.989855745543963 ], [ 117.34273390638856, -34.989749767619408 ], [ 117.342613528107705, -34.989786176983188 ], [ 117.342208864193253, -34.989967666266764 ], [ 117.341957786741915, -34.99019380871971 ], [ 117.341772451308302, -34.99041976560131 ], [ 117.341600544645459, -34.99124083279915 ], [ 117.34143756998175, -34.991574935011137 ], [ 117.341251668648709, -34.991665631670088 ], [ 117.339936445053013, -34.991588164758497 ], [ 117.339378250841918, -34.991743022179399 ], [ 117.338953625444333, -34.992402478540754 ], [ 117.338289150693981, -34.993360176043325 ], [ 117.336356696449741, -34.995087868084887 ], [ 117.335548575041472, -34.995766408994186 ], [ 117.335437707753371, -34.995451106554768 ], [ 117.33498824968467, -34.995407260610115 ], [ 117.334069947521272, -34.995941817344132 ], [ 117.332602490444273, -34.996171281464214 ], [ 117.331231976107517, -34.995985663214149 ], [ 117.330420215218126, -34.995771457802853 ], [ 117.329266631801005, -34.995026148075098 ], [ 117.328562157341935, -34.99423452562452 ], [ 117.32837137352233, -34.993107866806426 ], [ 117.328445194967401, -34.992386275011377 ], [ 117.328803511257703, -34.99156472150856 ], [ 117.329624231720302, -34.991291973935851 ], [ 117.33196717745551, -34.990807667897307 ], [ 117.332765198840391, -34.990345595701029 ], [ 117.333418903263691, -34.989424027038034 ], [ 117.33365805702897, -34.98895446498409 ], [ 117.333984314593508, -34.98834940176593 ], [ 117.334057350210585, -34.987447460163111 ], [ 117.334094546847027, -34.985815206857524 ], [ 117.334469924147555, -34.983821325508877 ], [ 117.334873437069547, -34.983360325245627 ], [ 117.336305651943562, -34.982607921507793 ], [ 117.339076045464367, -34.982230502728832 ], [ 117.339546638528091, -34.982102943883312 ], [ 117.34347747723146, -34.981514773641436 ], [ 117.343958600479212, -34.981287976379591 ], [ 117.344242739796314, -34.981115840309108 ], [ 117.344405682669318, -34.980781733942571 ], [ 117.344458649841414, -34.980348747811746 ], [ 117.34438970548301, -34.979582463083055 ], [ 117.34424418588705, -34.978843447578285 ], [ 117.344066971365223, -34.978384061565642 ], [ 117.34370294909516, -34.977789942875525 ], [ 117.343273575562407, -34.977286181976552 ], [ 117.342855801586865, -34.976935682896318 ], [ 117.342383704567908, -34.97669354457684 ], [ 117.34192297794695, -34.976550564020364 ], [ 117.341374310639807, -34.976335689590947 ], [ 117.339686589709075, -34.976196143709629 ], [ 117.335764613528895, -34.976216068914525 ], [ 117.334317041748221, -34.97585936591976 ], [ 117.333254158237253, -34.975808182957081 ], [ 117.332661624216058, -34.975575354579597 ], [ 117.330677452301558, -34.975265164028457 ], [ 117.327915440791827, -34.974948026509992 ], [ 117.326873336512151, -34.974608173817458 ], [ 117.326423352761353, -34.974401983369511 ], [ 117.326049306450642, -34.974006221350749 ], [ 117.325356712597184, -34.973394893689587 ], [ 117.32313884759121, -34.972138375065477 ], [ 117.322972047680608, -34.971507598411591 ], [ 117.322454206811585, -34.970751509966163 ], [ 117.321200485760428, -34.969501408679371 ], [ 117.319521965780993, -34.968865598398764 ], [ 117.31890768140812, -34.968650794496064 ], [ 117.317964944493468, -34.968481935072475 ], [ 117.317833457616075, -34.968473261820449 ], [ 117.318236989625703, -34.968012315576715 ], [ 117.319176958777476, -34.967468802339965 ], [ 117.320774444310544, -34.966995686438409 ], [ 117.322143217099779, -34.966865819215997 ], [ 117.323326970274948, -34.967043022296593 ], [ 117.324337842932152, -34.967824844123669 ], [ 117.324987633083211, -34.96870681600825 ] ] ] } },
{ "type": "Feature", "properties": { "CODE": "P_gp", "JNCODE": "si5011; P_gp", "fme_featur": "geology_surface_si5011" }, "geometry": { "type": "Polygon", "coordinates": [ [ [ 117.330142847607249, -34.984004498845287 ], [ 117.329079247737326, -34.9837999856057 ], [ 117.327552721608868, -34.982902371725046 ], [ 117.326343813359131, -34.98196781551988 ], [ 117.325575385519045, -34.981591146784574 ], [ 117.324281359854538, -34.981288017324246 ], [ 117.323590739342933, -34.98119066814715 ], [ 117.322931997206737, -34.98084074248473 ], [ 117.322469265505177, -34.980183700492852 ], [ 117.322477994274166, -34.979615579712309 ], [ 117.323000828322989, -34.978838691692182 ], [ 117.323328684461885, -34.978630418400549 ], [ 117.323941563505201, -34.978466471304067 ], [ 117.324741184284164, -34.978428265783073 ], [ 117.326099935537442, -34.978487746380246 ], [ 117.327329265854345, -34.979061553783687 ], [ 117.328338741174903, -34.979446577487593 ], [ 117.32988531499204, -34.979893256711563 ], [ 117.331605963917511, -34.980032848647291 ], [ 117.332592064227256, -34.980048186509514 ], [ 117.333152127919135, -34.980371278237676 ], [ 117.333471640420456, -34.980812254648889 ], [ 117.333484680249271, -34.981326211608412 ], [ 117.33322330634067, -34.981714678084771 ], [ 117.332523137739784, -34.981969085198529 ], [ 117.331901222500036, -34.982611023269754 ], [ 117.331629607966036, -34.983179862551331 ], [ 117.330723645103191, -34.98402997049854 ], [ 117.330142847607249, -34.984004498845287 ] ] ] } },
{ "type": "Feature", "properties": { "CODE": "P_gp", "JNCODE": "si5011; P_gp", "fme_featur": "geology_surface_si5011" }, "geometry": { "type": "Polygon", "coordinates": [ [ [ 117.283368338719214, -34.996395376004138 ], [ 117.283392493066955, -34.997044573032952 ], [ 117.283219865107355, -34.997829490336301 ], [ 117.282409881599293, -34.998101899504022 ], [ 117.281599089528797, -34.998139852569984 ], [ 117.28090803712098, -34.997943070625851 ], [ 117.280204492870197, -34.997295443159388 ], [ 117.280071427487954, -34.996835862364215 ], [ 117.279970193748312, -34.996069616035633 ], [ 117.28015518994961, -34.995690458021571 ], [ 117.280943272221435, -34.995427131924572 ], [ 117.281194164190737, -34.995092906849877 ], [ 117.281686745283181, -34.994938468940042 ], [ 117.28227859559388, -34.994973163901598 ], [ 117.282487384434447, -34.995144009074139 ], [ 117.283180063219362, -34.99581870111561 ], [ 117.283368338719214, -34.996395376004138 ] ] ] } },
{ "type": "Feature", "properties": { "CODE": "P_gp", "JNCODE": "si5011; P_gp", "fme_featur": "geology_surface_si5011" }, "geometry": { "type": "Polygon", "coordinates": [ [ [ 117.315858389812433, -34.973329796163156 ], [ 117.315507104137595, -34.973141343237394 ], [ 117.315188132187401, -34.972808526462323 ], [ 117.315044475304504, -34.972484271568312 ], [ 117.315032001326728, -34.972087536755318 ], [ 117.315162215771835, -34.971762571181486 ], [ 117.315358710556239, -34.971581712340985 ], [ 117.315632025935628, -34.971436723287539 ], [ 117.316146482629364, -34.971327175835981 ], [ 117.317285808001785, -34.971333221893133 ], [ 117.318294653528852, -34.971592087528151 ], [ 117.318678907981379, -34.97180749823287 ], [ 117.318942836322037, -34.972068310964424 ], [ 117.318987424659824, -34.9722665774148 ], [ 117.318857084794672, -34.972555477616723 ], [ 117.318540789705906, -34.972917005058221 ], [ 117.318158517906696, -34.973215582502462 ], [ 117.317534989555625, -34.973451667788623 ], [ 117.316702548387156, -34.973489911361277 ], [ 117.315858389812433, -34.973329796163156 ] ] ] } },
{ "type": "Feature", "properties": { "CODE": "P_gp", "JNCODE": "si5011; P_gp", "fme_featur": "geology_surface_si5011" }, "geometry": { "type": "Polygon", "coordinates": [ [ [ 117.356127062972902, -34.975346490946926 ], [ 117.355687996960185, -34.975149394599086 ], [ 117.355336418512152, -34.974915971002012 ], [ 117.354940360237023, -34.974529380256989 ], [ 117.354708786938815, -34.974178377519557 ], [ 117.354597915029188, -34.973872109023631 ], [ 117.354618503630675, -34.973565456586613 ], [ 117.354792772207219, -34.973330494603751 ], [ 117.355208242452804, -34.973139914184877 ], [ 117.356007951243967, -34.973137572358183 ], [ 117.357684954547622, -34.973340045081635 ], [ 117.357992085186609, -34.973429314256258 ], [ 117.358189902401321, -34.973573009653983 ], [ 117.358322540174328, -34.9738431409437 ], [ 117.358345981881826, -34.974194751125282 ], [ 117.358259794280215, -34.97452864992632 ], [ 117.358053217164624, -34.974889955938572 ], [ 117.357518217543813, -34.975306333461837 ], [ 117.357124339137485, -34.97542471889475 ], [ 117.35663143250855, -34.975444202329172 ], [ 117.356127062972902, -34.975346490946926 ] ] ] } },
{ "type": "Feature", "properties": { "CODE": "P_gp", "JNCODE": "si5011; P_gp", "fme_featur": "geology_surface_si5011" }, "geometry": { "type": "Polygon", "coordinates": [ [ [ 117.36455901202045, -34.974518919769189 ], [ 117.364654570382896, -34.973833309167716 ], [ 117.364838126306026, -34.973228590839469 ], [ 117.365098843563004, -34.972731849250252 ], [ 117.365436881956569, -34.9723791531272 ], [ 117.365830372789489, -34.972179585147906 ], [ 117.366257247749502, -34.972097141665166 ], [ 117.365935663161181, -34.973685176777138 ], [ 117.365600466557765, -34.974678102227379 ], [ 117.365252745413471, -34.975319385112734 ], [ 117.364642331976057, -34.976015560547964 ], [ 117.364540737698192, -34.97533955947231 ], [ 117.36455901202045, -34.974518919769189 ] ] ] } },
{ "type": "Feature", "properties": { "CODE": "P_gp", "JNCODE": "si5011; P_gp", "fme_featur": "geology_surface_si5011" }, "geometry": { "type": "Polygon", "coordinates": [ [ [ 117.362392273994146, -34.970088834351209 ], [ 117.361536634337881, -34.969820861924937 ], [ 117.361195700147562, -34.969515283979717 ], [ 117.361095606695031, -34.969172919476932 ], [ 117.361116090911466, -34.968848231238553 ], [ 117.361246395005239, -34.968586338343641 ], [ 117.361508347542909, -34.968369140619501 ], [ 117.362121191601972, -34.968232053386735 ], [ 117.362778963577227, -34.968347316803076 ], [ 117.363437812620859, -34.968706043917635 ], [ 117.363954938669437, -34.969218488453961 ], [ 117.363999633714698, -34.969416737833413 ], [ 117.363923989702911, -34.969651417564279 ], [ 117.36353110377236, -34.969986238969199 ], [ 117.36295119214931, -34.97014126973751 ], [ 117.362392273994146, -34.970088834351209 ] ] ] } },
{ "type": "Feature", "properties": { "CODE": "P_gp", "JNCODE": "si5011; P_gp", "fme_featur": "geology_surface_si5011" }, "geometry": { "type": "Polygon", "coordinates": [ [ [ 117.356557318514433, -34.963397137824501 ], [ 117.35724555686599, -34.962971295860108 ], [ 117.357671961990931, -34.962789692138365 ], [ 117.358679097714543, -34.962651460448633 ], [ 117.359653881707445, -34.962630542886892 ], [ 117.360015939184805, -34.96276473172933 ], [ 117.360313105506094, -34.96308847815137 ], [ 117.360512284085559, -34.963547776238336 ], [ 117.36054712000599, -34.963998544515455 ], [ 117.360362565430194, -34.964377824453457 ], [ 117.360024340494817, -34.964685420270463 ], [ 117.359543398158252, -34.964921298270859 ], [ 117.359083652591238, -34.964994797914031 ], [ 117.358392933214091, -34.96485255925171 ], [ 117.356417928185991, -34.964091889478773 ], [ 117.356580944639617, -34.963793835617224 ], [ 117.356557318514433, -34.963397137824501 ] ] ] } },
{ "type": "Feature", "properties": { "CODE": "P_gp", "JNCODE": "si5011; P_gp", "fme_featur": "geology_surface_si5011" }, "geometry": { "type": "Polygon", "coordinates": [ [ [ 117.583543035287164, -34.994728473269795 ], [ 117.583257054492492, -34.994576553670669 ], [ 117.582981264841038, -34.994316376983221 ], [ 117.582826007727945, -34.994055621055672 ], [ 117.582769367397091, -34.993794391560954 ], [ 117.582799682519394, -34.993433554429721 ], [ 117.582940081004338, -34.993144327061351 ], [ 117.583811472357624, -34.992409739226325 ], [ 117.584968564738929, -34.991790993658043 ], [ 117.586171395951695, -34.991442535008552 ], [ 117.586196046472082, -34.99336309876383 ], [ 117.586448426338436, -34.994948922444287 ], [ 117.584365739979376, -34.994850757967846 ], [ 117.583543035287164, -34.994728473269795 ] ] ] } },
{ "type": "Feature", "properties": { "CODE": "P_gp", "JNCODE": "si5011; P_gp", "fme_featur": "geology_surface_si5011" }, "geometry": { "type": "Polygon", "coordinates": [ [ [ 117.474104565498465, -34.866778849020626 ], [ 117.474302946515607, -34.867030566275524 ], [ 117.474513927055213, -34.867570795009549 ], [ 117.474884510160408, -34.869228573680246 ], [ 117.475072477184469, -34.869570505489349 ], [ 117.47538069341573, -34.869893931866969 ], [ 117.475963062620067, -34.870324494921768 ], [ 117.476478750565221, -34.870574965947071 ], [ 117.477169187565522, -34.870770643969756 ], [ 117.478329993866879, -34.870946433543324 ], [ 117.478834542453569, -34.871160868232245 ], [ 117.479043628197232, -34.871367447696933 ], [ 117.479220676065637, -34.871709415899311 ], [ 117.479502218063089, -34.873087986687558 ], [ 117.479734293383331, -34.87348384211856 ], [ 117.480119657605087, -34.87389712690846 ], [ 117.480889032375885, -34.874489242596489 ], [ 117.481877357695339, -34.875098520785038 ], [ 117.482986004563884, -34.875698295396163 ], [ 117.484335441530192, -34.876306118327236 ], [ 117.484709370701594, -34.876629258652216 ], [ 117.485656792603692, -34.877716596808838 ], [ 117.486162675660481, -34.878147415496166 ], [ 117.486579591872172, -34.878335115371634 ], [ 117.487138172862942, -34.878423053682923 ], [ 117.488462225986851, -34.878426758907274 ], [ 117.49094373358362, -34.87801999359958 ], [ 117.491446049911232, -34.877846631580525 ], [ 117.49191505450024, -34.877592244703415 ], [ 117.492132605247832, -34.877374944124867 ], [ 117.492305365484796, -34.876986491867569 ], [ 117.49236733452193, -34.874533478158497 ], [ 117.492561164255974, -34.874009677376449 ], [ 117.493200738261478, -34.873006140777996 ], [ 117.493481874509655, -34.872445914208988 ], [ 117.493642545201396, -34.871868141056758 ], [ 117.493617375099504, -34.871318174780349 ], [ 117.493484033340636, -34.870976050397971 ], [ 117.493109234645118, -34.87050866004553 ], [ 117.491229995172276, -34.869118551063288 ], [ 117.490437859243841, -34.868382311850482 ], [ 117.490304910181194, -34.868103304813552 ], [ 117.490269893465992, -34.867733727570482 ], [ 117.490333289659716, -34.867354735969272 ], [ 117.490506734103121, -34.867083510737444 ], [ 117.490779339328824, -34.866929112886957 ], [ 117.491162368236942, -34.866945601407387 ], [ 117.491568244434873, -34.867124311783307 ], [ 117.492951877680255, -34.867975375100102 ], [ 117.493676015397114, -34.868315103100883 ], [ 117.494607711054897, -34.868599877535566 ], [ 117.495987447269655, -34.868792642877871 ], [ 117.496404121134276, -34.868944240373331 ], [ 117.49671230940983, -34.869249577441252 ], [ 117.496967477122809, -34.869834673439286 ], [ 117.497069527762989, -34.870429412379359 ], [ 117.497109406603172, -34.871601526292068 ], [ 117.497499736960421, -34.872826311623648 ], [ 117.497447745776284, -34.873277399930004 ], [ 117.49712324765963, -34.873900935360084 ], [ 117.495908300993463, -34.875655293638303 ], [ 117.495359683149061, -34.877226576392857 ], [ 117.495089053331654, -34.877714624051329 ], [ 117.494632728639132, -34.878257531724415 ], [ 117.493478900447045, -34.879272180988828 ], [ 117.492846241428609, -34.879608394904942 ], [ 117.491230000344544, -34.880155986204976 ], [ 117.490182905402293, -34.880728315190623 ], [ 117.489464232044142, -34.88132636590354 ], [ 117.488203376909638, -34.882765218493226 ], [ 117.487484405276533, -34.883318171131378 ], [ 117.486948633731359, -34.883392458294956 ], [ 117.485700835227107, -34.883343344795335 ], [ 117.484967084683504, -34.883247081475133 ], [ 117.484177881491647, -34.883024789529699 ], [ 117.483782726620504, -34.882818960038378 ], [ 117.483321019993269, -34.882460096267231 ], [ 117.482538713021, -34.881543418242615 ], [ 117.482054607394033, -34.881094463362459 ], [ 117.481626166149923, -34.880807601141285 ], [ 117.481110976583949, -34.880656343322364 ], [ 117.480136259037479, -34.880515916455742 ], [ 117.479435995382218, -34.880527697432882 ], [ 117.478397351753514, -34.88068508649291 ], [ 117.4766379055974, -34.881088767460611 ], [ 117.475566161969667, -34.881201174582642 ], [ 117.475007833241079, -34.881158269734534 ], [ 117.474405216810197, -34.881025360035444 ], [ 117.473835067511587, -34.880829198226607 ], [ 117.473351943613309, -34.880542519813432 ], [ 117.471304859707885, -34.878485461905228 ], [ 117.469831115909201, -34.877174608324019 ], [ 117.468633472484584, -34.87630453103916 ], [ 117.467151826991426, -34.87551669093925 ], [ 117.466579949494857, -34.875004888037743 ], [ 117.46624787922886, -34.874329847593664 ], [ 117.465870115239511, -34.873312315253116 ], [ 117.465702128111843, -34.872627626761897 ], [ 117.465666507433113, -34.872131799177318 ], [ 117.465750376852071, -34.87148221591287 ], [ 117.465954750570063, -34.870859223393204 ], [ 117.466918778916181, -34.869133177027479 ], [ 117.466971444456391, -34.86877227350729 ], [ 117.466881929419529, -34.868420933475477 ], [ 117.466672219096495, -34.868097107304848 ], [ 117.466330966642431, -34.86772869761716 ], [ 117.465517792684253, -34.867100585999523 ], [ 117.462599440022302, -34.865659899756459 ], [ 117.46184172254894, -34.865157797720983 ], [ 117.461345928388923, -34.86453746943149 ], [ 117.46122377214995, -34.864213301330317 ], [ 117.461199575856099, -34.863798586178085 ], [ 117.46132914683426, -34.863491498256877 ], [ 117.461557732555548, -34.863283227381942 ], [ 117.46335805793494, -34.862419714286055 ], [ 117.463979008350819, -34.86194843443517 ], [ 117.464653079279088, -34.861197404578149 ], [ 117.465575349072751, -34.859841245426161 ], [ 117.466032223488426, -34.859379600606822 ], [ 117.467536742961244, -34.858463053551084 ], [ 117.467962516681695, -34.858308117625292 ], [ 117.468421976278421, -34.858306348767236 ], [ 117.468696333635108, -34.858458589995102 ], [ 117.468828989438393, -34.858701552417557 ], [ 117.468896673671026, -34.859061993304721 ], [ 117.468878222824401, -34.85966623997394 ], [ 117.468611430125364, -34.86084856658718 ], [ 117.46787604803464, -34.8623573276884 ], [ 117.467715214414113, -34.862935069001402 ], [ 117.467623286459286, -34.86408966761411 ], [ 117.46770221676617, -34.864504170833797 ], [ 117.467823990272308, -34.864756193476538 ], [ 117.468208794137013, -34.86508836134827 ], [ 117.469655747967465, -34.8655787459641 ], [ 117.47086110179599, -34.865907733391886 ], [ 117.473391254301987, -34.866402891696822 ], [ 117.473807875517309, -34.866554567119962 ], [ 117.474104565498465, -34.866778849020626 ] ] ] } },
{ "type": "Feature", "properties": { "CODE": "P_gp", "JNCODE": "si5011; P_gp", "fme_featur": "geology_surface_si5011" }, "geometry": { "type": "Polygon", "coordinates": [ [ [ 117.455440679407275, -34.861051904356358 ], [ 117.454858680531174, -34.860657310464056 ], [ 117.454230697243261, -34.85985709572504 ], [ 117.454031353932635, -34.859415980116722 ], [ 117.4539748719518, -34.859091559105913 ], [ 117.454124508216623, -34.858450754185753 ], [ 117.454558370005557, -34.857772816782187 ], [ 117.455385346467736, -34.856967160638369 ], [ 117.455701444067003, -34.856758572844093 ], [ 117.455952600824943, -34.856676473486978 ], [ 117.456193514702576, -34.856720657802633 ], [ 117.456544768681439, -34.856935761005417 ], [ 117.456918800736986, -34.857313093567477 ], [ 117.457172552159719, -34.857699894715772 ], [ 117.457472060904294, -34.858447225260306 ], [ 117.457785912035547, -34.859807694362097 ], [ 117.457656683091784, -34.860177900279083 ], [ 117.457145257521532, -34.860675789049729 ], [ 117.456632829058719, -34.860993328456978 ], [ 117.456010151262845, -34.861157980851942 ], [ 117.455440679407275, -34.861051904356358 ] ] ] } },
{ "type": "Feature", "properties": { "CODE": "P_gp", "JNCODE": "si5011; P_gp", "fme_featur": "geology_surface_si5011" }, "geometry": { "type": "Polygon", "coordinates": [ [ [ 117.408994070387365, -34.824515372367159 ], [ 117.408766615703229, -34.824958000234503 ], [ 117.408059475378607, -34.825699818937707 ], [ 117.406777208871333, -34.825126985106451 ], [ 117.405756518917684, -34.824372913098088 ], [ 117.405273032703946, -34.823896590491955 ], [ 117.403084787721824, -34.821405977179971 ], [ 117.402776376729463, -34.82094709943172 ], [ 117.402609899700892, -34.820442663130322 ], [ 117.402483347090723, -34.819153560521102 ], [ 117.40254715519508, -34.818783626495232 ], [ 117.402873869642178, -34.8185120161695 ], [ 117.403354629228218, -34.818438282333233 ], [ 117.403934853242021, -34.818580639630191 ], [ 117.404778827389663, -34.818992645971811 ], [ 117.405963680419816, -34.819791267648355 ], [ 117.40902755761897, -34.822441206389691 ], [ 117.409109541206945, -34.823541080898615 ], [ 117.408994070387365, -34.824515372367159 ] ] ] } },
{ "type": "Feature", "properties": { "CODE": "P_gp", "JNCODE": "si5011; P_gp", "fme_featur": "geology_surface_si5011" }, "geometry": { "type": "Polygon", "coordinates": [ [ [ 117.398889304473514, -34.828940503292507 ], [ 117.398704831343778, -34.8292386894271 ], [ 117.398412953247487, -34.829943019881462 ], [ 117.397891285016456, -34.830621048491828 ], [ 117.395768760551064, -34.830429584330894 ], [ 117.394410727151453, -34.830019184165508 ], [ 117.393513341600254, -34.829886825860463 ], [ 117.392627622331815, -34.82990772282001 ], [ 117.39127276914995, -34.830164581191795 ], [ 117.390561892935011, -34.830157847806305 ], [ 117.390047182686999, -34.830006199557488 ], [ 117.389816381781358, -34.829763463533105 ], [ 117.389826510204557, -34.829592096266644 ], [ 117.389978591491868, -34.829375185934374 ], [ 117.391427292189078, -34.828153154439597 ], [ 117.391971083035287, -34.827520169990663 ], [ 117.39220850150511, -34.826852100626546 ], [ 117.392367315741112, -34.825751438205472 ], [ 117.392352446063768, -34.824921864458958 ], [ 117.392251293034164, -34.824345062411595 ], [ 117.39200743032147, -34.823651490923524 ], [ 117.391532401666709, -34.822634028246384 ], [ 117.391343394818861, -34.821976349187018 ], [ 117.390813690117454, -34.816323993455612 ], [ 117.390716724211288, -34.814313370556178 ], [ 117.390761814397337, -34.812284255511514 ], [ 117.390877739895643, -34.81136408312436 ], [ 117.390975246216826, -34.81117439926053 ], [ 117.391105935650529, -34.811065767506555 ], [ 117.391269808445912, -34.811038187758186 ], [ 117.39144499828717, -34.811091730222799 ], [ 117.39185124086994, -34.811451128663059 ], [ 117.392302374800863, -34.812053857466267 ], [ 117.392887072519386, -34.813152123840325 ], [ 117.393304822259879, -34.813628709469597 ], [ 117.393798641309345, -34.814005853376166 ], [ 117.394708551751677, -34.814507893238002 ], [ 117.394950257784984, -34.814750585291435 ], [ 117.395513141911223, -34.81584890917307 ], [ 117.39682284928179, -34.817630137350214 ], [ 117.396879250300373, -34.817990658860467 ], [ 117.396807509819681, -34.818991850391519 ], [ 117.39687454348919, -34.819289213704032 ], [ 117.396984623472335, -34.819442154379594 ], [ 117.397390238403645, -34.819657253518592 ], [ 117.398736398971593, -34.819905343187827 ], [ 117.399382668118989, -34.820137682018256 ], [ 117.399832684582819, -34.820487891676514 ], [ 117.400240318358385, -34.821117785611101 ], [ 117.401190189643827, -34.823071482686409 ], [ 117.401312398559583, -34.823467855231542 ], [ 117.401347434419932, -34.823927638597269 ], [ 117.401262271793414, -34.824405853648265 ], [ 117.400904034315829, -34.824948092102439 ], [ 117.400435653829462, -34.825328374803291 ], [ 117.399552163084891, -34.825800195885073 ], [ 117.399269455142317, -34.826134776060535 ], [ 117.399270456102272, -34.826342178109371 ], [ 117.399336851911642, -34.826504277407864 ], [ 117.39980986348796, -34.827079851731646 ], [ 117.400041383658078, -34.827466848401201 ], [ 117.400153617819612, -34.828061642266633 ], [ 117.399379453163462, -34.828533102355784 ], [ 117.398889304473514, -34.828940503292507 ] ] ] } },
{ "type": "Feature", "properties": { "CODE": "P_gp", "JNCODE": "si5011; P_gp", "fme_featur": "geology_surface_si5011" }, "geometry": { "type": "Polygon", "coordinates": [ [ [ 117.409866123164775, -34.815125086403576 ], [ 117.409616785930595, -34.815558772503081 ], [ 117.408984889623355, -34.816020797422347 ], [ 117.405714117184175, -34.815725147471518 ], [ 117.404827715382652, -34.815574799930609 ], [ 117.404039414013255, -34.815360996752005 ], [ 117.403611847441752, -34.815127957153777 ], [ 117.403468256110756, -34.814830851296904 ], [ 117.403674284159052, -34.814478480071834 ], [ 117.40415374265433, -34.814143235901021 ], [ 117.409424217587073, -34.814206775198528 ], [ 117.409787398204955, -34.814683487396742 ], [ 117.409866123164775, -34.815125086403576 ] ] ] } },
{ "type": "Feature", "properties": { "CODE": "P_ng", "JNCODE": "si5011; P_ng", "fme_featur": "geology_surface_si5011" }, "geometry": { "type": "Polygon", "coordinates": [ [ [ 117.458671824644526, -34.759131608711158 ], [ 117.458478887583311, -34.759808662599326 ], [ 117.458316783749694, -34.760133909923752 ], [ 117.457915587844823, -34.76069451648231 ], [ 117.457231236630463, -34.761427521484507 ], [ 117.456502173221665, -34.761980336355087 ], [ 117.455596090107193, -34.762137030780764 ], [ 117.454973161696159, -34.762121324581628 ], [ 117.454327885793901, -34.762015521627973 ], [ 117.453660264589061, -34.76181962154282 ], [ 117.453178253729831, -34.761595974030406 ], [ 117.452541991758793, -34.761138437841289 ], [ 117.45197095266424, -34.76061753229861 ], [ 117.451520260297002, -34.760123230906274 ], [ 117.451123813457301, -34.759556585224814 ], [ 117.453766792111779, -34.759321322344952 ], [ 117.458671824644526, -34.759131608711158 ] ] ] } },
{ "type": "Feature", "properties": { "CODE": "P_ng", "JNCODE": "si5011; P_ng", "fme_featur": "geology_surface_si5011" }, "geometry": { "type": "Polygon", "coordinates": [ [ [ 117.590771498588211, -34.760221607433948 ], [ 117.590009413020013, -34.760613060548366 ], [ 117.589442458093458, -34.760787141369569 ], [ 117.588327963031773, -34.760792531401435 ], [ 117.586052653662733, -34.76043378093803 ], [ 117.58940240500668, -34.758226328147686 ], [ 117.591237217089613, -34.759642218735422 ], [ 117.591086498740168, -34.759958567486123 ], [ 117.590771498588211, -34.760221607433948 ] ] ] } },
{ "type": "Feature", "properties": { "CODE": "P_gp", "JNCODE": "si5011; P_gp", "fme_featur": "geology_surface_si5011" }, "geometry": { "type": "Polygon", "coordinates": [ [ [ 117.568393460193974, -34.757018648593068 ], [ 117.568186608119788, -34.7571278257088 ], [ 117.567859075662184, -34.757165424144809 ], [ 117.567234999411824, -34.75697896227615 ], [ 117.566741174589126, -34.756665643980014 ], [ 117.563567039983212, -34.754245609816358 ], [ 117.563335765048535, -34.753976150334466 ], [ 117.563268864539282, -34.753778071423419 ], [ 117.563374323073205, -34.753218489030466 ], [ 117.564028563925163, -34.753026089805992 ], [ 117.564640327556205, -34.75301423712051 ], [ 117.565504851439783, -34.7532176315379 ], [ 117.566392400280151, -34.753592248094371 ], [ 117.567105332966278, -34.753994724385571 ], [ 117.567698522699857, -34.754460878282131 ], [ 117.568216042284817, -34.755044611773613 ], [ 117.568800855269302, -34.75588052279879 ], [ 117.568653086803863, -34.756638695296985 ], [ 117.568393460193974, -34.757018648593068 ] ] ] } },
{ "type": "Feature", "properties": { "CODE": "P_gp", "JNCODE": "si5011; P_gp", "fme_featur": "geology_surface_si5011" }, "geometry": { "type": "Polygon", "coordinates": [ [ [ 117.562137544549827, -34.752899568891578 ], [ 117.561464439838574, -34.753533910064277 ], [ 117.560985119545563, -34.753743525169448 ], [ 117.560209040218169, -34.753692991952661 ], [ 117.558961401569007, -34.753383107168581 ], [ 117.557920749445742, -34.752982084823486 ], [ 117.557262193472354, -34.752534217308281 ], [ 117.556865065795847, -34.751967921408685 ], [ 117.556751092263994, -34.751265065021556 ], [ 117.557996386246415, -34.751232312421976 ], [ 117.560160736597751, -34.751393711574153 ], [ 117.561433190362109, -34.752145335107656 ], [ 117.562137544549827, -34.752899568891578 ] ] ] } },
{ "type": "Feature", "properties": { "CODE": "P_gp", "JNCODE": "si5011; P_gp", "fme_featur": "geology_surface_si5011" }, "geometry": { "type": "Polygon", "coordinates": [ [ [ 117.477622772315911, -34.761746020887593 ], [ 117.474107145650862, -34.764158464541495 ], [ 117.473725677009853, -34.764331285285181 ], [ 117.4705942574343, -34.765164037565008 ], [ 117.469449095793223, -34.765556218610229 ], [ 117.468391851128686, -34.766038227556436 ], [ 117.467325750533917, -34.766889986312179 ], [ 117.466584511364715, -34.767217465667258 ], [ 117.465973383056294, -34.767364088989787 ], [ 117.464859535812167, -34.767503611987543 ], [ 117.458764617844295, -34.768004667137539 ], [ 117.457933771501061, -34.767944671108253 ], [ 117.457014909125746, -34.767776787584637 ], [ 117.455788690904427, -34.767357552857106 ], [ 117.457574483665923, -34.766205608432912 ], [ 117.459139285757502, -34.764621622261799 ], [ 117.460555057577281, -34.763759594841147 ], [ 117.461535981446232, -34.76330499608747 ], [ 117.464175867333083, -34.762501404301133 ], [ 117.464862389584709, -34.762165130711431 ], [ 117.465689840291986, -34.761629925155702 ], [ 117.466647131910321, -34.760868774162184 ], [ 117.467364326830008, -34.760162643551901 ], [ 117.469369918580412, -34.757359444205356 ], [ 117.470142712822152, -34.75683343664732 ], [ 117.471254614346165, -34.756378253886716 ], [ 117.47185467495197, -34.756222629360835 ], [ 117.472542655046908, -34.756156837698683 ], [ 117.473056589293705, -34.756226983836036 ], [ 117.473363701648751, -34.756433197377824 ], [ 117.473474557885638, -34.756712314932514 ], [ 117.473520424404555, -34.757090879741455 ], [ 117.473399089726556, -34.75880471312189 ], [ 117.473477015702102, -34.759056905498362 ], [ 117.473707603170482, -34.759254397870983 ], [ 117.474068845232765, -34.759370221984199 ], [ 117.474527962023217, -34.759404504429682 ], [ 117.476908888915801, -34.759214848881747 ], [ 117.477389703010473, -34.759221982488476 ], [ 117.477641633720737, -34.759329206799144 ], [ 117.47779553880217, -34.759490921391397 ], [ 117.478149968139732, -34.76031915741256 ], [ 117.477828561972871, -34.761429594508975 ], [ 117.477622772315911, -34.761746020887593 ] ] ] } },
{ "type": "Feature", "properties": { "CODE": "P_gp", "JNCODE": "si5011; P_gp", "fme_featur": "geology_surface_si5011" }, "geometry": { "type": "Polygon", "coordinates": [ [ [ 117.326587030538661, -34.772254477854212 ], [ 117.325250094105797, -34.771320212927492 ], [ 117.324942513584404, -34.770915236345694 ], [ 117.324886282515507, -34.77050958849933 ], [ 117.325223391138508, -34.770084855081912 ], [ 117.326638601579617, -34.76870135344592 ], [ 117.328863843946735, -34.76767635937378 ], [ 117.329638816293553, -34.767448820335069 ], [ 117.330927492626401, -34.767246934434894 ], [ 117.331670429801292, -34.767208841966728 ], [ 117.332381089381045, -34.767297081362379 ], [ 117.334865094523494, -34.768137941828734 ], [ 117.335620973144003, -34.768595764873652 ], [ 117.336005311444168, -34.769054609079681 ], [ 117.336017189591388, -34.769289037279741 ], [ 117.335886858147234, -34.769487786956475 ], [ 117.335145834768454, -34.77000383958697 ], [ 117.334469679486844, -34.770348372660706 ], [ 117.332145792892732, -34.771301596076995 ], [ 117.329264113710806, -34.772157089944784 ], [ 117.327145265229547, -34.772478422329876 ], [ 117.326587030538661, -34.772254477854212 ] ] ] } },
{ "type": "Feature", "properties": { "CODE": "P_gp", "JNCODE": "si5011; P_gp", "fme_featur": "geology_surface_si5011" }, "geometry": { "type": "Polygon", "coordinates": [ [ [ 117.341390017266519, -34.768372317794743 ], [ 117.341981420601542, -34.768686278626681 ], [ 117.342431287302816, -34.769126882902697 ], [ 117.342563428170095, -34.769369989834651 ], [ 117.34261922310904, -34.769649382385957 ], [ 117.342467945010512, -34.770064623435601 ], [ 117.342032386447059, -34.770444592322278 ], [ 117.341573890154493, -34.770563109940689 ], [ 117.340765174065709, -34.770556358389285 ], [ 117.340799396795859, -34.768247724198503 ], [ 117.341390017266519, -34.768372317794743 ] ] ] } },
{ "type": "Feature", "properties": { "CODE": "P_gp", "JNCODE": "si5011; P_gp", "fme_featur": "geology_surface_si5011" }, "geometry": { "type": "Polygon", "coordinates": [ [ [ 117.342610587722277, -34.764915098087506 ], [ 117.341910344980562, -34.764700640801436 ], [ 117.341351900797051, -34.764422657877802 ], [ 117.340628699625455, -34.763937725459677 ], [ 117.340211800315259, -34.763533092873111 ], [ 117.33989310128122, -34.763092113788758 ], [ 117.33982657781209, -34.762857838279743 ], [ 117.339934406977491, -34.762505845497998 ], [ 117.340238884019357, -34.762144285541417 ], [ 117.340533097997437, -34.761945072821199 ], [ 117.340904132715053, -34.761826803992022 ], [ 117.341734617548852, -34.761833493796587 ], [ 117.342610188678819, -34.76217370740828 ], [ 117.343015494291365, -34.762416045241977 ], [ 117.343300679374039, -34.762676755911848 ], [ 117.343465817691211, -34.76297387552794 ], [ 117.343709652339086, -34.763802819198808 ], [ 117.343798677588069, -34.764190330475742 ], [ 117.343788834543147, -34.764451872572565 ], [ 117.343625934211929, -34.764695811236315 ], [ 117.343309825999782, -34.764886075347427 ], [ 117.343036866225845, -34.764940951072482 ], [ 117.342610587722277, -34.764915098087506 ] ] ] } },
{ "type": "Feature", "properties": { "CODE": "P_gp", "JNCODE": "si5011; P_gp", "fme_featur": "geology_surface_si5011" }, "geometry": { "type": "Polygon", "coordinates": [ [ [ 117.188382952752207, -34.876764152406992 ], [ 117.187868317472038, -34.876611649343886 ], [ 117.187298604788722, -34.876296911995475 ], [ 117.187079168239038, -34.876035739165864 ], [ 117.187012514542744, -34.875593978833734 ], [ 117.187120627923548, -34.875016685437338 ], [ 117.187360432032278, -34.874610523656024 ], [ 117.187764383199365, -34.874213125618724 ], [ 117.18842015820519, -34.873887477145978 ], [ 117.190311898852357, -34.873361509427617 ], [ 117.191830883861201, -34.872529502069064 ], [ 117.193426682783027, -34.871805564877512 ], [ 117.193765809086585, -34.871777972093049 ], [ 117.194116152284522, -34.871867589441649 ], [ 117.194499660897222, -34.872101434553151 ], [ 117.194817734344156, -34.872425559433481 ], [ 117.195015749371194, -34.872876122651043 ], [ 117.194994760113673, -34.873254896025621 ], [ 117.194809600424492, -34.873615897290378 ], [ 117.194427442594346, -34.873959178198994 ], [ 117.193870083592174, -34.874248631705811 ], [ 117.191890558133082, -34.874666581951949 ], [ 117.191376681847501, -34.874838726454655 ], [ 117.190808801671068, -34.875317552279753 ], [ 117.190416550520993, -34.876039575941043 ], [ 117.19002352473639, -34.876427947981334 ], [ 117.189466237032377, -34.87676246916471 ], [ 117.188995884742511, -34.876835342061099 ], [ 117.188382952752207, -34.876764152406992 ] ] ] } },
{ "type": "Feature", "properties": { "CODE": "P_gp", "JNCODE": "si5011; P_gp", "fme_featur": "geology_surface_si5011" }, "geometry": { "type": "Polygon", "coordinates": [ [ [ 117.21182482994368, -34.869583626111236 ], [ 117.211167591203406, -34.869287187981435 ], [ 117.210553708291826, -34.8688283541345 ], [ 117.209599123788053, -34.867765924557105 ], [ 117.209226374009035, -34.867468985107017 ], [ 117.208580056828183, -34.867154478811251 ], [ 117.207627488945548, -34.866876562821638 ], [ 117.207145341209952, -34.866579803669353 ], [ 117.206849078743019, -34.866237638430448 ], [ 117.206738812571714, -34.865895156373583 ], [ 117.206737526230313, -34.865381154165334 ], [ 117.2068897029922, -34.864984120004763 ], [ 117.20717366349524, -34.864785248877624 ], [ 117.207676616781256, -34.864658144263807 ], [ 117.208311128954236, -34.864639023745617 ], [ 117.209120896550317, -34.864700757258689 ], [ 117.210948814583531, -34.865022234460064 ], [ 117.211594916115658, -34.865255570080947 ], [ 117.212044226547832, -34.86554335128406 ], [ 117.213306465839821, -34.867110209363517 ], [ 117.213526380801866, -34.867533651404642 ], [ 117.213626016088512, -34.867984357229048 ], [ 117.213616520868896, -34.868543466082244 ], [ 117.21337732951217, -34.869130031009355 ], [ 117.212886135887416, -34.869581772663423 ], [ 117.212459703606442, -34.869690729857815 ], [ 117.21182482994368, -34.869583626111236 ] ] ] } },
{ "type": "Feature", "properties": { "CODE": "P_gp", "JNCODE": "si5011; P_gp", "fme_featur": "geology_surface_si5011" }, "geometry": { "type": "Polygon", "coordinates": [ [ [ 117.181207935995744, -34.843274547006963 ], [ 117.181393542876989, -34.843120970158822 ], [ 117.181480669322781, -34.842949504675119 ], [ 117.181436284911968, -34.842661005780755 ], [ 117.180876585305327, -34.841805161588184 ], [ 117.180744564816365, -34.841453669031843 ], [ 117.180831178109955, -34.841047745514651 ], [ 117.181180112442448, -34.840560272513287 ], [ 117.1817915207412, -34.840063388840242 ], [ 117.18265452046235, -34.839584159876992 ], [ 117.185332048109203, -34.838633255211754 ], [ 117.188416364269017, -34.838637534690683 ], [ 117.188963245783938, -34.838645704062706 ], [ 117.189827534475342, -34.838752570382482 ], [ 117.190473308928148, -34.838958967205073 ], [ 117.190955152236555, -34.839219724012295 ], [ 117.191470269933774, -34.839678815100775 ], [ 117.191832311388495, -34.840156180785712 ], [ 117.192118046095587, -34.840741877818374 ], [ 117.192206971462454, -34.841354938236073 ], [ 117.19213116278101, -34.841679693742812 ], [ 117.191902602981898, -34.842167008123326 ], [ 117.191084798463109, -34.843259432180005 ], [ 117.189916957230892, -34.844352397610827 ], [ 117.188006215869549, -34.845852296661995 ], [ 117.187711560884324, -34.846150334316363 ], [ 117.187504512060869, -34.846493324492911 ], [ 117.187450413746589, -34.84675491980866 ], [ 117.187581980190075, -34.846889981766068 ], [ 117.188884092382807, -34.847086355022725 ], [ 117.189497155952992, -34.847310842735453 ], [ 117.189826010949005, -34.84761693008906 ], [ 117.189947307283248, -34.848040570303596 ], [ 117.189849751678636, -34.848428481564575 ], [ 117.189555445761826, -34.848879823055583 ], [ 117.188431445076887, -34.850053863875033 ], [ 117.187384291342497, -34.851363040451226 ], [ 117.187297331851454, -34.851606650827982 ], [ 117.187298026632931, -34.851913249696238 ], [ 117.187462970291207, -34.852291736654429 ], [ 117.187802284981203, -34.852381389628519 ], [ 117.188403520897111, -34.852200106876637 ], [ 117.190524733009454, -34.851781990854825 ], [ 117.191409911327881, -34.851401859929041 ], [ 117.192010503677423, -34.850950030993616 ], [ 117.192184434905812, -34.850480838698608 ], [ 117.192398424906585, -34.848424476698717 ], [ 117.192669218397171, -34.847278806490337 ], [ 117.193126375301233, -34.846313192764434 ], [ 117.194260433760164, -34.844814456426491 ], [ 117.194574856475441, -34.84363264104995 ], [ 117.195087510970282, -34.843027636940803 ], [ 117.196397111709899, -34.84179011044705 ], [ 117.196921065598019, -34.841347398088132 ], [ 117.197336198306218, -34.84113931917819 ], [ 117.197850111800534, -34.841075360769459 ], [ 117.19827682701721, -34.841137789582049 ], [ 117.19968927265127, -34.841757697501379 ], [ 117.201199871535536, -34.842251179413687 ], [ 117.201944867710083, -34.842754933611211 ], [ 117.202175288217319, -34.843052133483994 ], [ 117.202384165827169, -34.843484633570156 ], [ 117.202418392359434, -34.844061706490898 ], [ 117.202168540025809, -34.844765498979996 ], [ 117.199869578087515, -34.848475552677201 ], [ 117.199596899138371, -34.848800635766246 ], [ 117.199488166454358, -34.849071343565299 ], [ 117.199577830675537, -34.849963943453126 ], [ 117.200019023266833, -34.851469165322946 ], [ 117.200722266926135, -34.852766547249161 ], [ 117.200865636510613, -34.853244245519178 ], [ 117.200746839180766, -34.853875676464867 ], [ 117.200115071585714, -34.854994904830946 ], [ 117.199952442777175, -34.855599354035419 ], [ 117.200063365485846, -34.85623040618708 ], [ 117.200613341545534, -34.857464916249214 ], [ 117.200713835873799, -34.858303390365734 ], [ 117.200573544514938, -34.859097173479668 ], [ 117.200312516740695, -34.8597288379068 ], [ 117.199789293620043, -34.860514232455188 ], [ 117.199298098150194, -34.860974937537321 ], [ 117.198740843704385, -34.861264413635979 ], [ 117.197964369928201, -34.861382909282938 ], [ 117.197428169738131, -34.861329675185893 ], [ 117.196070876748394, -34.861034289332665 ], [ 117.193203664326859, -34.860660137805809 ], [ 117.193104908105383, -34.860534047824764 ], [ 117.193060705176066, -34.860344747748435 ], [ 117.192968635582858, -34.85839708516707 ], [ 117.192835337406549, -34.857531603638904 ], [ 117.192736312085302, -34.857288284445552 ], [ 117.192560793842418, -34.857081156844835 ], [ 117.19204614797809, -34.856874564973168 ], [ 117.191761738539967, -34.856884031389754 ], [ 117.191532215300839, -34.856974569445711 ], [ 117.18958820690861, -34.85839338434748 ], [ 117.188725113518771, -34.858899714328913 ], [ 117.187982000415815, -34.85925255298546 ], [ 117.187161912903903, -34.85943417053776 ], [ 117.185499016929256, -34.859427700721838 ], [ 117.185247680620961, -34.85955433070837 ], [ 117.185269924547029, -34.859716614233641 ], [ 117.18540164981016, -34.859914801426235 ], [ 117.185861841263559, -34.86022971614095 ], [ 117.18773374173918, -34.860731828276968 ], [ 117.188850872917911, -34.861271156480896 ], [ 117.189190680285378, -34.861559192491164 ], [ 117.189410146840203, -34.861847415028194 ], [ 117.189596959495859, -34.86220782910204 ], [ 117.189696374939487, -34.86262248499925 ], [ 117.189621075394356, -34.863181695389223 ], [ 117.189370560845902, -34.863669037643973 ], [ 117.188988508664721, -34.864048372323857 ], [ 117.188540438748547, -34.864265490885224 ], [ 117.187632921063638, -34.864510370451185 ], [ 117.186736073663582, -34.864637997718802 ], [ 117.183705771025771, -34.864759842425826 ], [ 117.183323147432574, -34.864895684243116 ], [ 117.183170457539035, -34.865112337364096 ], [ 117.183171137352971, -34.865418935621761 ], [ 117.1833575106631, -34.865589989631296 ], [ 117.186531540361315, -34.866117202154676 ], [ 117.18715584337032, -34.86641382449104 ], [ 117.18756180308813, -34.866918185900303 ], [ 117.187672073171655, -34.867296755907056 ], [ 117.187662463783525, -34.86788291614662 ], [ 117.187489330351141, -34.868730839557159 ], [ 117.187163423672089, -34.869759350227916 ], [ 117.186684144840811, -34.870706936877063 ], [ 117.18633501483751, -34.871149335621794 ], [ 117.185898206364442, -34.871528744103237 ], [ 117.185406463078237, -34.87180904100228 ], [ 117.184837862547866, -34.871972223759649 ], [ 117.184148620063212, -34.872009340005711 ], [ 117.183634262790889, -34.87196502981179 ], [ 117.183075979637977, -34.871848642656204 ], [ 117.182221876854001, -34.871552344277561 ], [ 117.179998220574547, -34.870401401222999 ], [ 117.180004773957904, -34.843276333439881 ], [ 117.180726907733373, -34.84338347456373 ], [ 117.181207935995744, -34.843274547006963 ] ] ] } },
{ "type": "Feature", "properties": { "CODE": "P_gp", "JNCODE": "si5011; P_gp", "fme_featur": "geology_surface_si5011" }, "geometry": { "type": "Polygon", "coordinates": [ [ [ 117.342663412136076, -34.849004740445125 ], [ 117.342279483419588, -34.848744310789272 ], [ 117.342048395997026, -34.848411309288991 ], [ 117.342090134322916, -34.847924240901015 ], [ 117.342505603304133, -34.847877983608385 ], [ 117.343510952931197, -34.847640690534064 ], [ 117.344747052727612, -34.847655228459594 ], [ 117.345958106243074, -34.846912345723673 ], [ 117.346777939540189, -34.846783764537193 ], [ 117.347587325006103, -34.846772436636414 ], [ 117.348059791701772, -34.847276071759623 ], [ 117.349046325426343, -34.847769213229462 ], [ 117.349757962348804, -34.847920468293886 ], [ 117.350315968556103, -34.847954932851763 ], [ 117.350590573534262, -34.848224669883955 ], [ 117.350210023844767, -34.848766822682109 ], [ 117.348789818376432, -34.849194731206296 ], [ 117.346952268540733, -34.84922703964898 ], [ 117.34350713445177, -34.849354047259901 ], [ 117.342663412136076, -34.849004740445125 ] ] ] } },
{ "type": "Feature", "properties": { "CODE": "P_gp", "JNCODE": "si5011; P_gp", "fme_featur": "geology_surface_si5011" }, "geometry": { "type": "Polygon", "coordinates": [ [ [ 117.374675842491158, -34.838296615905463 ], [ 117.373854466851682, -34.83805566743159 ], [ 117.372955317324454, -34.837544423377054 ], [ 117.372121921619112, -34.837060024323009 ], [ 117.371553084488625, -34.837034710235109 ], [ 117.371572567653189, -34.83650261126769 ], [ 117.371072725607888, -34.834790789254853 ], [ 117.369960632341233, -34.833116898603009 ], [ 117.36902758507965, -34.832344216798404 ], [ 117.367986598222231, -34.831887471162105 ], [ 117.366324541499225, -34.831946593029606 ], [ 117.365460026312945, -34.831822946388158 ], [ 117.364649796801956, -34.831608954608647 ], [ 117.363871269000342, -34.831142368990356 ], [ 117.363154763329007, -34.829854988823797 ], [ 117.362233976148389, -34.829361764181691 ], [ 117.361358833791726, -34.82930124330607 ], [ 117.36041917786693, -34.829493400989449 ], [ 117.359785643651009, -34.829666611235197 ], [ 117.359260682458086, -34.829659144960928 ], [ 117.358372727853279, -34.829165794037166 ], [ 117.357869056358794, -34.829022994520152 ], [ 117.358531332442382, -34.827911875510296 ], [ 117.358802103101752, -34.82730689564734 ], [ 117.358898488892237, -34.826837694241611 ], [ 117.358819906568044, -34.826369008882899 ], [ 117.358610608754987, -34.826017938094402 ], [ 117.357918596922246, -34.82530758237214 ], [ 117.357312520889352, -34.824236264597474 ], [ 117.356982559595622, -34.823795368730828 ], [ 117.356400940428813, -34.823319138791831 ], [ 117.35541484996557, -34.822871141144624 ], [ 117.354649091958379, -34.822801234482483 ], [ 117.353171022802485, -34.822372686901936 ], [ 117.352491598001592, -34.822031986619407 ], [ 117.352334593186725, -34.821112641372714 ], [ 117.352430624730445, -34.820553269062358 ], [ 117.35291930086079, -34.819758299495028 ], [ 117.35423952760226, -34.819087156895783 ], [ 117.355244338688237, -34.818813697879897 ], [ 117.356423200319583, -34.818332314896935 ], [ 117.358360577057766, -34.818786524480203 ], [ 117.360109459209909, -34.818637078691495 ], [ 117.361345993234949, -34.818849836334579 ], [ 117.362188971502547, -34.819081788809626 ], [ 117.362977914800112, -34.81945817897541 ], [ 117.364381742503284, -34.820409853395802 ], [ 117.364962710520757, -34.820732747336038 ], [ 117.366232451283111, -34.821026514281812 ], [ 117.367631935729619, -34.820986223209935 ], [ 117.368661968688585, -34.821470059265991 ], [ 117.369494300553853, -34.821756098977232 ], [ 117.370186340837932, -34.822457371320546 ], [ 117.371592812838472, -34.823968047098582 ], [ 117.372928359059514, -34.824288595676109 ], [ 117.374371716858491, -34.824266127712939 ], [ 117.374702752442573, -34.824923395996983 ], [ 117.374673989671678, -34.825816230308988 ], [ 117.374841329311721, -34.826546143083647 ], [ 117.375717516254113, -34.826841022249312 ], [ 117.376309508924365, -34.827163827325577 ], [ 117.376531584957064, -34.827902585868863 ], [ 117.37636038939371, -34.828732737425668 ], [ 117.375609713694658, -34.829591731996437 ], [ 117.375318005438174, -34.830377165785791 ], [ 117.375430311765925, -34.831026088299858 ], [ 117.375938123616223, -34.832070564526177 ], [ 117.377252973156914, -34.832616569223255 ], [ 117.379395607936715, -34.832420535902912 ], [ 117.381385582972115, -34.832324137386287 ], [ 117.383508292484294, -34.832551922286882 ], [ 117.38413253688384, -34.832739322787596 ], [ 117.384352854269977, -34.833081296434962 ], [ 117.384344138887627, -34.833559257743929 ], [ 117.384278855910978, -34.833631604923582 ], [ 117.384017052955329, -34.83377671352202 ], [ 117.382793888505788, -34.834150290864585 ], [ 117.380106217681202, -34.834744863528236 ], [ 117.379440579223711, -34.83507157579124 ], [ 117.378012051891233, -34.835986802517304 ], [ 117.376556472074441, -34.83817357989232 ], [ 117.37540911257193, -34.838402566533503 ], [ 117.374675842491158, -34.838296615905463 ] ] ] } },
{ "type": "Feature", "properties": { "CODE": "P_gp", "JNCODE": "si5011; P_gp", "fme_featur": "geology_surface_si5011" }, "geometry": { "type": "Polygon", "coordinates": [ [ [ 117.384066033219568, -34.823126742977387 ], [ 117.381090305680658, -34.8228295003738 ], [ 117.379656545035459, -34.822554436031659 ], [ 117.379360640936568, -34.822411076830754 ], [ 117.379217743428072, -34.822249204838485 ], [ 117.37915093589946, -34.821987901576009 ], [ 117.379182170104897, -34.821645134022788 ], [ 117.379344869055473, -34.821356062462861 ], [ 117.379606268885126, -34.82112980624342 ], [ 117.380173382925264, -34.820803400592695 ], [ 117.380762735192761, -34.820558081453242 ], [ 117.381778783432054, -34.820365527174509 ], [ 117.383353201213922, -34.8203245063022 ], [ 117.383976683239453, -34.820367628493635 ], [ 117.384381724790401, -34.82046554359394 ], [ 117.385620783628099, -34.821201069092844 ], [ 117.386879794597704, -34.821521707178178 ], [ 117.387120950057778, -34.821647187016673 ], [ 117.387307685514372, -34.821826945422657 ], [ 117.387297679290938, -34.822025365225208 ], [ 117.387156412544428, -34.82221518513235 ], [ 117.386469496151449, -34.822641197763197 ], [ 117.385016956842662, -34.823033561182356 ], [ 117.384405059503024, -34.823134689946414 ], [ 117.384066033219568, -34.823126742977387 ] ] ] } },
{ "type": "Feature", "properties": { "CODE": "P_gp", "JNCODE": "si5011; P_gp", "fme_featur": "geology_surface_si5011" }, "geometry": { "type": "Polygon", "coordinates": [ [ [ 117.330990427642519, -34.821298824367503 ], [ 117.330302326975328, -34.821499082703014 ], [ 117.329449733347303, -34.821582553151444 ], [ 117.328542069830803, -34.821566972140566 ], [ 117.327491754025019, -34.821425521230175 ], [ 117.326594066317995, -34.82116642211836 ], [ 117.325914901724431, -34.820861642926232 ], [ 117.327967060422765, -34.819954362970655 ], [ 117.328655368923563, -34.819808223196297 ], [ 117.329551755340219, -34.819742675051714 ], [ 117.330328255770439, -34.819776640066983 ], [ 117.331204214929116, -34.820071841470231 ], [ 117.331434564724177, -34.82025156734511 ], [ 117.331589131549904, -34.820620870091957 ], [ 117.331361127574581, -34.821027285727745 ], [ 117.330990427642519, -34.821298824367503 ] ] ] } },
{ "type": "Feature", "properties": { "CODE": "P_gp", "JNCODE": "si5011; P_gp", "fme_featur": "geology_surface_si5011" }, "geometry": { "type": "Polygon", "coordinates": [ [ [ 117.24028109903044, -34.804847078858984 ], [ 117.241202967360266, -34.806053627401127 ], [ 117.241827379132047, -34.806476220176577 ], [ 117.242484464168299, -34.806853656104103 ], [ 117.24323960801371, -34.807113662392403 ], [ 117.24509979511798, -34.80764197432611 ], [ 117.245865244657452, -34.807685518740044 ], [ 117.246652050693385, -34.807557678786118 ], [ 117.247383811772607, -34.807303697878559 ], [ 117.248354498331508, -34.806517180956391 ], [ 117.252453658697746, -34.806283303932133 ], [ 117.254157999888037, -34.805891995352802 ], [ 117.254691989259172, -34.805331781607229 ], [ 117.256987058538726, -34.805065443485674 ], [ 117.257905660681232, -34.805144659513346 ], [ 117.25887929483126, -34.805340981632263 ], [ 117.259600885600037, -34.80534846219323 ], [ 117.26061689476029, -34.805111830471191 ], [ 117.262114764804394, -34.805135666638073 ], [ 117.263471026525792, -34.80532210958458 ], [ 117.266020184364891, -34.805884678907667 ], [ 117.26675402050644, -34.806297886573113 ], [ 117.266787981493707, -34.806658519926465 ], [ 117.266264041764515, -34.806921180559584 ], [ 117.263716688673668, -34.806935745122388 ], [ 117.262656218953481, -34.806947056273728 ], [ 117.262078084416586, -34.80736311668015 ], [ 117.261925877894427, -34.807633975216113 ], [ 117.261938979369418, -34.808319291761563 ], [ 117.262038234066708, -34.80858960887705 ], [ 117.262521010254346, -34.809129629915873 ], [ 117.263167764085139, -34.809660276777741 ], [ 117.263846636606715, -34.809974425931472 ], [ 117.265389658666948, -34.810412937387895 ], [ 117.26589395778781, -34.81083566791326 ], [ 117.266740078611122, -34.812150398552447 ], [ 117.267594623888229, -34.812680565838384 ], [ 117.269377525574896, -34.812893056498972 ], [ 117.271531031053513, -34.812753004912018 ], [ 117.274786618625569, -34.8119431228927 ], [ 117.278019941758998, -34.811034010151197 ], [ 117.278599144098806, -34.810951526306617 ], [ 117.278839863104139, -34.811005081065318 ], [ 117.279770307374079, -34.811327582106991 ], [ 117.280133189298041, -34.811939949770213 ], [ 117.280606116718232, -34.812759469252704 ], [ 117.281482072038557, -34.813127171092674 ], [ 117.283143727811208, -34.813042156866935 ], [ 117.284017747880881, -34.812841731027717 ], [ 117.284641125708021, -34.812885362848569 ], [ 117.286009712485878, -34.813423214607262 ], [ 117.287487248563139, -34.813843563707508 ], [ 117.288634832333884, -34.81370558186368 ], [ 117.291510305518656, -34.813662656538625 ], [ 117.293883459571418, -34.813801231015354 ], [ 117.294638537236196, -34.813979758581596 ], [ 117.295262829568657, -34.814275828653628 ], [ 117.295723245973321, -34.814608364572955 ], [ 117.296031654466034, -34.815238851878917 ], [ 117.296010560433686, -34.815455327369733 ], [ 117.295913314526615, -34.815780200146456 ], [ 117.29521452859953, -34.816061445380321 ], [ 117.294154589258056, -34.816253383476401 ], [ 117.293750120822807, -34.816281413604905 ], [ 117.292262053418938, -34.815996431323114 ], [ 117.291540177649765, -34.815935039324991 ], [ 117.290556833613749, -34.816144797907945 ], [ 117.290185514705911, -34.816271931445044 ], [ 117.290021912803326, -34.816389551261587 ], [ 117.289771752374151, -34.816768889560841 ], [ 117.288830620336242, -34.816545685323362 ], [ 117.287879217847347, -34.816511869251585 ], [ 117.286118435034567, -34.816407810214457 ], [ 117.284817947592984, -34.816609250097954 ], [ 117.28150004489784, -34.818411488437796 ], [ 117.280430880720246, -34.819126353445142 ], [ 117.280039189340485, -34.819704386592853 ], [ 117.279964385831661, -34.820218566011469 ], [ 117.279987780846895, -34.820669395719861 ], [ 117.280481526680191, -34.821164230384881 ], [ 117.281225585873969, -34.821306795597494 ], [ 117.281663010732586, -34.821314801442128 ], [ 117.281914143720357, -34.82120600779686 ], [ 117.283004851976912, -34.820391885486352 ], [ 117.284443710899737, -34.819071950364645 ], [ 117.286355323339023, -34.818508370890719 ], [ 117.28748126141268, -34.818415539161393 ], [ 117.288182197727068, -34.818738517230678 ], [ 117.288501216175163, -34.819287839143975 ], [ 117.288406513502395, -34.82035214864873 ], [ 117.288528399014638, -34.820811760760854 ], [ 117.289120326576978, -34.821225168358538 ], [ 117.28968040246825, -34.821909178857013 ], [ 117.289824451651967, -34.822449895745471 ], [ 117.28968441195768, -34.823054412784217 ], [ 117.289434577043139, -34.823532943556586 ], [ 117.28854210951792, -34.824743430198225 ], [ 117.288554554452162, -34.825176248449253 ], [ 117.288818356695174, -34.825563381932284 ], [ 117.289300019232059, -34.825706520141168 ], [ 117.289966290186811, -34.82547949252028 ], [ 117.29061195374895, -34.825613216896812 ], [ 117.291575541410992, -34.825971617825175 ], [ 117.292167043502715, -34.826249746253851 ], [ 117.29309662460436, -34.826265545704111 ], [ 117.293250201042056, -34.826400440508557 ], [ 117.294644246500567, -34.827866950482218 ], [ 117.295082543306805, -34.828109364908805 ], [ 117.295586006209291, -34.828225372262338 ], [ 117.296384865521787, -34.828376728871895 ], [ 117.297182917835528, -34.828302640839745 ], [ 117.298614493655364, -34.828019588207361 ], [ 117.298822272422811, -34.828019078042857 ], [ 117.300673490567533, -34.828862176434995 ], [ 117.301461922181176, -34.82914879020062 ], [ 117.30244641428682, -34.829218487944622 ], [ 117.303124075297106, -34.829117607221818 ], [ 117.303374343498973, -34.828774312639602 ], [ 117.303295015573809, -34.828017027617754 ], [ 117.303148191928059, -34.826745904332469 ], [ 117.303210368043665, -34.825807913204024 ], [ 117.304226832203867, -34.825661093250147 ], [ 117.304839680164321, -34.825785806447442 ], [ 117.30572731552202, -34.826288567873469 ], [ 117.306667734072278, -34.826277183424409 ], [ 117.307694395258238, -34.825931920405168 ], [ 117.308031883016639, -34.82552527194045 ], [ 117.308555974349275, -34.825307520189355 ], [ 117.310043757137706, -34.825457038062339 ], [ 117.311871698093555, -34.825912266481154 ], [ 117.313392235474765, -34.826043624072028 ], [ 117.31566608587265, -34.82584837496811 ], [ 117.3169559471432, -34.825709756726134 ], [ 117.318332315514326, -34.825318404239788 ], [ 117.319478437613895, -34.824774340907808 ], [ 117.321104223526802, -34.823850260337842 ], [ 117.321878198568115, -34.823225997077074 ], [ 117.322629061311119, -34.822286172208763 ], [ 117.323186285449523, -34.822167463835633 ], [ 117.323689468399024, -34.822211214495667 ], [ 117.324105454950228, -34.822327336619999 ], [ 117.325048233718647, -34.82292900443678 ], [ 117.325454709527065, -34.823405853464237 ], [ 117.32614436643432, -34.82359337743361 ], [ 117.326921008687137, -34.823654416649113 ], [ 117.327600521296205, -34.824040347935778 ], [ 117.327820332272125, -34.824319303065977 ], [ 117.327876580677668, -34.824715928130487 ], [ 117.32776872853924, -34.825094960040971 ], [ 117.327377876389846, -34.825808406686122 ], [ 117.327313584005935, -34.826142232673476 ], [ 117.327401888367802, -34.826349400987958 ], [ 117.327544549358805, -34.8264752640711 ], [ 117.328048189772858, -34.826627207131409 ], [ 117.328616800445033, -34.82661665497632 ], [ 117.329228614682094, -34.826470718550063 ], [ 117.33110533191676, -34.825419578446677 ], [ 117.331880439260431, -34.825092831222477 ], [ 117.332841802623733, -34.824855746150732 ], [ 117.334065861002401, -34.824681056017845 ], [ 117.334918956154496, -34.824714781230618 ], [ 117.335552761722766, -34.824604823083462 ], [ 117.337168861047957, -34.824032243363007 ], [ 117.339691845954519, -34.82328577826231 ], [ 117.342140365693609, -34.823053476285367 ], [ 117.344513602946975, -34.823127938274745 ], [ 117.345028188544688, -34.823279780102098 ], [ 117.346485910722919, -34.824078208041776 ], [ 117.347482069926571, -34.824327861140198 ], [ 117.347661390517018, -34.825364377907285 ], [ 117.347883509563914, -34.826175330809299 ], [ 117.34818165043869, -34.826859818675999 ], [ 117.348610757584439, -34.827480807041468 ], [ 117.348788996878497, -34.82825581313574 ], [ 117.347005909886022, -34.828125647415845 ], [ 117.345737747009949, -34.82821943430595 ], [ 117.345104492069552, -34.828464708520634 ], [ 117.344908476016954, -34.828663652449876 ], [ 117.344810956277541, -34.828880352216572 ], [ 117.344779689877797, -34.829250164009359 ], [ 117.344858308395715, -34.829745911264489 ], [ 117.346048105237045, -34.834440719928828 ], [ 117.346468452963123, -34.835575744762046 ], [ 117.346677459357792, -34.835863713411158 ], [ 117.346951633724842, -34.836043284306719 ], [ 117.347411468974585, -34.836159201103833 ], [ 117.347925609937832, -34.836184784579928 ], [ 117.348308092380492, -34.8361115490274 ], [ 117.348624573614828, -34.835948325169717 ], [ 117.348951039073626, -34.835559631164038 ], [ 117.349710161667574, -34.834033472046769 ], [ 117.349971721029121, -34.833816296753554 ], [ 117.350354152469208, -34.833734037295571 ], [ 117.350769966040502, -34.833786944832582 ], [ 117.351624272722177, -34.834082060293667 ], [ 117.353016437272274, -34.834835509120516 ], [ 117.354592771882466, -34.835173594356547 ], [ 117.355927115732783, -34.835187732857378 ], [ 117.358801291815325, -34.834683320156913 ], [ 117.360189721668817, -34.834561988012446 ], [ 117.361665994239857, -34.834521537531394 ], [ 117.362486390893977, -34.834555166234892 ], [ 117.363263319331821, -34.834652042580522 ], [ 117.363877193286925, -34.834974842376504 ], [ 117.364033480699263, -34.835695784608973 ], [ 117.363685965989205, -34.836255916604628 ], [ 117.362889760125654, -34.836754263557665 ], [ 117.361697884524716, -34.836811918968564 ], [ 117.359511343881096, -34.837007770697397 ], [ 117.358660459959978, -34.83751526921337 ], [ 117.357798433503163, -34.83797770643784 ], [ 117.356619806577228, -34.838576330431778 ], [ 117.356479374161268, -34.838982534960785 ], [ 117.35692985865434, -34.839459147803645 ], [ 117.357838502509807, -34.839654865841659 ], [ 117.358408643889803, -34.839977821560858 ], [ 117.358584539158755, -34.840184708377578 ], [ 117.358619580215901, -34.840698609247212 ], [ 117.358467317579937, -34.840897445613429 ], [ 117.358217164655642, -34.84122281672532 ], [ 117.357682441053825, -34.84150393634701 ], [ 117.356885136411265, -34.841767789070445 ], [ 117.355847007262398, -34.841987253248213 ], [ 117.355311263047156, -34.842033907430512 ], [ 117.354928101590303, -34.841953867508508 ], [ 117.354664866511584, -34.841783300601485 ], [ 117.354444995800065, -34.841522430597252 ], [ 117.353982187040373, -34.840721210321362 ], [ 117.353773567286979, -34.840532447250091 ], [ 117.353466705574448, -34.840389057418008 ], [ 117.352634393883292, -34.840138979762358 ], [ 117.352131049102297, -34.840086332174302 ], [ 117.351508085138022, -34.840196345380903 ], [ 117.350787372454789, -34.840468954480734 ], [ 117.350089026032535, -34.840858723996078 ], [ 117.349533126294702, -34.841311203593101 ], [ 117.349076114712929, -34.84187160830885 ], [ 117.348848748010894, -34.842422335272815 ], [ 117.348850612338737, -34.842864193164189 ], [ 117.349005452130541, -34.84326954173288 ], [ 117.349236591000306, -34.843611547722375 ], [ 117.349818732675629, -34.844187002271049 ], [ 117.349961954789691, -34.844430065871954 ], [ 117.349996295318334, -34.844790671616977 ], [ 117.349910128044627, -34.845106535993914 ], [ 117.349659776139902, -34.845395819548145 ], [ 117.34940846967109, -34.845459665006302 ], [ 117.348467081473544, -34.845291030969186 ], [ 117.348105863159986, -34.845228941985717 ], [ 117.346899699656774, -34.844519996392854 ], [ 117.346242937384915, -34.844404638684637 ], [ 117.345291684175464, -34.844488501306799 ], [ 117.343962255891796, -34.845691610758244 ], [ 117.343252445684527, -34.84597316197128 ], [ 117.342793309259207, -34.846037580101587 ], [ 117.342070613675688, -34.845850244794683 ], [ 117.341391896813732, -34.845716887440261 ], [ 117.340395200311633, -34.845395046649671 ], [ 117.339794463963159, -34.845604131504253 ], [ 117.339314820188861, -34.846002245571739 ], [ 117.338902057379457, -34.846706770301459 ], [ 117.339279506074604, -34.848058360022513 ], [ 117.339456370913965, -34.848508747132861 ], [ 117.34005223754464, -34.849769548118118 ], [ 117.339935028588499, -34.850527354912863 ], [ 117.339292572049374, -34.851241539868553 ], [ 117.3386601934548, -34.851748288361051 ], [ 117.337731425367039, -34.852003363952292 ], [ 117.33562015271788, -34.851991173110015 ], [ 117.333291412324073, -34.852304175639745 ], [ 117.333018194149403, -34.852368047304253 ], [ 117.332167459855327, -34.852992588668464 ], [ 117.331721060368679, -34.8535168282353 ], [ 117.331494016597929, -34.854184750140909 ], [ 117.33132318380521, -34.855231257827832 ], [ 117.330528330458691, -34.856162233818964 ], [ 117.32961157768267, -34.856705778068175 ], [ 117.327524315554996, -34.857261490939273 ], [ 117.32657403466763, -34.857633768137347 ], [ 117.323294654911066, -34.858282779862108 ], [ 117.321698160292755, -34.858467365500736 ], [ 117.319793425784368, -34.858156772958694 ], [ 117.314140552396083, -34.858947020207601 ], [ 117.312654445447535, -34.859401730118343 ], [ 117.310644493953276, -34.860200430046021 ], [ 117.310316464183444, -34.860246355541683 ], [ 117.308532675408216, -34.860097594907401 ], [ 117.306496605223387, -34.859769092071843 ], [ 117.298121805639525, -34.858193793850894 ], [ 117.296421200154541, -34.856818256235343 ], [ 117.295367974843884, -34.855973163095371 ], [ 117.293144008396908, -34.855058747256777 ], [ 117.290624384042289, -34.854045803548146 ], [ 117.28924276565543, -34.853111264808867 ], [ 117.288089701609664, -34.851833499360069 ], [ 117.287650859479612, -34.851464815524324 ], [ 117.287103573076621, -34.85136691480777 ], [ 117.286644642824342, -34.851512279244524 ], [ 117.286295568115037, -34.851792647749207 ], [ 117.28426934118491, -34.854241175868104 ], [ 117.283450508872733, -34.854712003216626 ], [ 117.282651942100301, -34.85471386175508 ], [ 117.281425392491656, -34.854319930866652 ], [ 117.276793117858375, -34.852842653834962 ], [ 117.274744041935776, -34.851801255425841 ], [ 117.272577129696856, -34.851499531772312 ], [ 117.269611258105527, -34.851064278741021 ], [ 117.268920470670892, -34.850560820858313 ], [ 117.268262829581332, -34.850156479816611 ], [ 117.267431197998263, -34.850068134932442 ], [ 117.266568409830299, -34.850493857567429 ], [ 117.265890266711224, -34.850513377219691 ], [ 117.265255010022543, -34.850262270659023 ], [ 117.264619612832334, -34.849966072911272 ], [ 117.264236788570102, -34.849975922834361 ], [ 117.263091903015265, -34.851132661440431 ], [ 117.261793897004935, -34.852307754066693 ], [ 117.259622253467583, -34.853971652606155 ], [ 117.257940685221399, -34.854958151835127 ], [ 117.25719728811741, -34.855113025851061 ], [ 117.256267135971697, -34.855015795470507 ], [ 117.256199095816129, -34.85424042295827 ], [ 117.256547639655238, -34.853752736371206 ], [ 117.257300673524384, -34.853183035047849 ], [ 117.257856569655061, -34.852541606116802 ], [ 117.257854966053713, -34.852027604642672 ], [ 117.257646114261931, -34.851703412567467 ], [ 117.256890013164067, -34.851281183271439 ], [ 117.256572310923687, -34.851128554156396 ], [ 117.255718524922514, -34.850949999607089 ], [ 117.255017690661447, -34.850707995021516 ], [ 117.252895735370402, -34.850766531477099 ], [ 117.251997381111025, -34.850317514425114 ], [ 117.251151948923223, -34.849282235137665 ], [ 117.250822614898823, -34.848895156396075 ], [ 117.250415895082227, -34.848237706971062 ], [ 117.249351765131522, -34.84721188242353 ], [ 117.248607336410828, -34.847006000560548 ], [ 117.247918089433043, -34.846962319180534 ], [ 117.246299761755452, -34.847145959785408 ], [ 117.246232627787975, -34.846641107860535 ], [ 117.24582627735802, -34.846091853691028 ], [ 117.244158376662469, -34.844300702155579 ], [ 117.243171735219192, -34.843545196415079 ], [ 117.241284428536787, -34.841492931079188 ], [ 117.240647084466147, -34.840475199155684 ], [ 117.239965823797405, -34.839394426761913 ], [ 117.238795977685896, -34.835762613622627 ], [ 117.237992712545648, -34.834068867711217 ], [ 117.236700079945592, -34.833331941385005 ], [ 117.234805252298642, -34.832343670373106 ], [ 117.234157352468245, -34.831407081968294 ], [ 117.233541104524193, -34.830055616464676 ], [ 117.232861596949803, -34.829533894198931 ], [ 117.232041954673321, -34.829733848987843 ], [ 117.230762164663318, -34.829637088852969 ], [ 117.229372092538767, -34.829206869428667 ], [ 117.227883189507153, -34.828623518809543 ], [ 117.227072004622244, -34.827921657108462 ], [ 117.226863755041165, -34.827750709826617 ], [ 117.224873521499006, -34.827781457757176 ], [ 117.221626108298295, -34.827976787900134 ], [ 117.219462042531333, -34.828440612201483 ], [ 117.218194459178022, -34.828812616777874 ], [ 117.217168970380214, -34.829761307276591 ], [ 117.216613854258895, -34.830763258454766 ], [ 117.216365459833014, -34.831963050562955 ], [ 117.216510582565178, -34.833090000887267 ], [ 117.217267520136332, -34.83397238270485 ], [ 117.217858546856746, -34.834142661360822 ], [ 117.218218407908722, -34.833745239090987 ], [ 117.218555367879745, -34.832960097212322 ], [ 117.21866180007197, -34.83185073281436 ], [ 117.219402693812057, -34.830803349256257 ], [ 117.221019510736141, -34.830151150419347 ], [ 117.222669644058485, -34.829697257866485 ], [ 117.223435822574089, -34.829939330246027 ], [ 117.224925037055471, -34.830639964307011 ], [ 117.225703249666125, -34.831278777493559 ], [ 117.22622998864513, -34.83193608884261 ], [ 117.226537810573831, -34.832521664346416 ], [ 117.226780067568285, -34.833125396576222 ], [ 117.226760296125676, -34.833891934910049 ], [ 117.227890837173689, -34.835368718989422 ], [ 117.227837246459359, -34.835765596461819 ], [ 117.227717661605638, -34.836027332533305 ], [ 117.227292487725578, -34.836524098993799 ], [ 117.226659357870034, -34.836967145632102 ], [ 117.224868023938711, -34.837827147743248 ], [ 117.224519212371689, -34.838260639628004 ], [ 117.224520803817427, -34.838846784425606 ], [ 117.224872413384588, -34.839441300279496 ], [ 117.225540621668017, -34.839818804724999 ], [ 117.226284410726862, -34.839835458693365 ], [ 117.227541833757002, -34.839697848277332 ], [ 117.229301293624857, -34.83917152038017 ], [ 117.229924391497093, -34.839053114716492 ], [ 117.230766659940784, -34.839087590423766 ], [ 117.231576799152506, -34.839365598148625 ], [ 117.231905651090287, -34.839626483639869 ], [ 117.232059406226, -34.839851631770003 ], [ 117.232159437410388, -34.840419553065601 ], [ 117.231964941768595, -34.841267583440889 ], [ 117.231061687504408, -34.84290149735024 ], [ 117.230649046529535, -34.843975380708585 ], [ 117.230869919675314, -34.844732444073848 ], [ 117.231636741517278, -34.84514579793202 ], [ 117.232468388203969, -34.845270458378636 ], [ 117.234524795358311, -34.84528454608612 ], [ 117.235509786323149, -34.845481031120528 ], [ 117.23659438629997, -34.84608310842701 ], [ 117.23657330993187, -34.846362696367464 ], [ 117.236475510952914, -34.846588327621042 ], [ 117.231936715909484, -34.850700093737309 ], [ 117.230007928765588, -34.853354941626101 ], [ 117.22835008826965, -34.855134539346608 ], [ 117.227826241321878, -34.855586403371646 ], [ 117.224363508246341, -34.857459490326825 ], [ 117.223665028170785, -34.858073975695071 ], [ 117.223295586043974, -34.859003470275695 ], [ 117.223187380647119, -34.859445532631504 ], [ 117.223572230787823, -34.86016623582654 ], [ 117.224055010942294, -34.860688369577808 ], [ 117.224274376153886, -34.860895370587635 ], [ 117.223662997701183, -34.861365413011008 ], [ 117.22342419091477, -34.862060208983586 ], [ 117.223480404681567, -34.862619198281678 ], [ 117.223810716569005, -34.86339410625073 ], [ 117.224502049078765, -34.864159329630084 ], [ 117.225323674065805, -34.864554585249003 ], [ 117.225675793968719, -34.865293376974961 ], [ 117.22541604639224, -34.86633088468038 ], [ 117.225417129105537, -34.866727657767271 ], [ 117.225746687168822, -34.867213997619849 ], [ 117.226196180766962, -34.867546814054329 ], [ 117.226317964954134, -34.868069609048511 ], [ 117.226614141238613, -34.868348603455551 ], [ 117.226046930197597, -34.868980892069537 ], [ 117.225042451869626, -34.86975826981417 ], [ 117.223928051502355, -34.870355489473091 ], [ 117.223129890137784, -34.870564361767045 ], [ 117.22246156480287, -34.870231934722987 ], [ 117.221410249809793, -34.869882166726299 ], [ 117.220906104431819, -34.869567467237978 ], [ 117.220477733241225, -34.868946029425054 ], [ 117.220179628439311, -34.867936596799176 ], [ 117.219905405374888, -34.867675582186742 ], [ 117.219664582584144, -34.86763092938282 ], [ 117.219292731039943, -34.867685706237424 ], [ 117.218025021970874, -34.868238060333908 ], [ 117.217784269861028, -34.868220456529386 ], [ 117.217543066619172, -34.868031518368326 ], [ 117.217322916246061, -34.867526925544865 ], [ 117.217288598783128, -34.866958877036126 ], [ 117.217451692261065, -34.866570827960089 ], [ 117.218051727697727, -34.865920485001809 ], [ 117.218105788915651, -34.865676912353038 ], [ 117.218072300056832, -34.865424479087523 ], [ 117.217863546011273, -34.865091201354957 ], [ 117.217018861672159, -34.864236037809718 ], [ 117.216809878243197, -34.863812582383034 ], [ 117.216214652806002, -34.862118329019424 ], [ 117.215973117446168, -34.861794123733823 ], [ 117.215205255459082, -34.861010951579026 ], [ 117.214688888790306, -34.86017322496231 ], [ 117.214644214991552, -34.859821616337761 ], [ 117.214698094922142, -34.859505904240741 ], [ 117.215611828035264, -34.857502373877914 ], [ 117.216130777800217, -34.855147850548349 ], [ 117.216490218388032, -34.854552047344434 ], [ 117.217374499465691, -34.853865129751092 ], [ 117.217745339834252, -34.85344965510339 ], [ 117.217864553336028, -34.853025612668631 ], [ 117.217677044838638, -34.852439801947632 ], [ 117.217303908835618, -34.851980569622022 ], [ 117.216208290369892, -34.851324234499224 ], [ 117.21521151407606, -34.850811996808986 ], [ 117.2143905184749, -34.850588005706825 ], [ 117.213756022461567, -34.85057108718901 ], [ 117.213220347887216, -34.850698274430755 ], [ 117.21277253036979, -34.850960570273216 ], [ 117.21188828804695, -34.851665489962386 ], [ 117.211320086364537, -34.851909954819654 ], [ 117.210991963626256, -34.851928559763472 ], [ 117.210663587909792, -34.851847970214209 ], [ 117.210104761531795, -34.851479213578706 ], [ 117.209808495532045, -34.851119019344665 ], [ 117.20957759059101, -34.850650500044488 ], [ 117.209135680999452, -34.848928890701181 ], [ 117.20843040587971, -34.846865060190019 ], [ 117.207803613675864, -34.845549555810976 ], [ 117.207581341745708, -34.844152199338353 ], [ 117.20763281560464, -34.84287160467025 ], [ 117.207861488501266, -34.842465419652392 ], [ 117.20818871160975, -34.842104153829631 ], [ 117.208527347071652, -34.841932238321164 ], [ 117.208877214889284, -34.841877532106793 ], [ 117.209260123341565, -34.841912944607891 ], [ 117.209796433678875, -34.842056303287983 ], [ 117.211734523235364, -34.842882569364008 ], [ 117.212326181441455, -34.843278314781543 ], [ 117.212940278454894, -34.843890441656612 ], [ 117.214762434510092, -34.846376109444755 ], [ 117.214982254273963, -34.846781515261206 ], [ 117.215947248994425, -34.847708623410931 ], [ 117.216473024220107, -34.847987235806514 ], [ 117.216910750962981, -34.84805859713282 ], [ 117.217523303891397, -34.848057503190809 ], [ 117.218299409546361, -34.847857724547453 ], [ 117.218703319840216, -34.847550399017173 ], [ 117.219150239392036, -34.84696344762785 ], [ 117.21958578324319, -34.846214197442571 ], [ 117.220249385689769, -34.844851332775228 ], [ 117.220609113096614, -34.844390780759724 ], [ 117.220860156138443, -34.844191936895506 ], [ 117.221264401034787, -34.844019866873111 ], [ 117.222991787721782, -34.843719129948163 ], [ 117.223428888105673, -34.843565027796032 ], [ 117.223647132770964, -34.843375256062274 ], [ 117.223799652023345, -34.843149534274438 ], [ 117.223885615978261, -34.842581264055084 ], [ 117.223709075400762, -34.842013476781297 ], [ 117.223226553224634, -34.841545445280381 ], [ 117.222131075231815, -34.840907197256143 ], [ 117.221298860163557, -34.840548007926841 ], [ 117.22083917421979, -34.840431613825672 ], [ 117.219843723871648, -34.840379311034752 ], [ 117.2182474544028, -34.840607626883362 ], [ 117.217820703464866, -34.8405362505531 ], [ 117.216966801527235, -34.840240193948247 ], [ 117.216299525078995, -34.840205311670466 ], [ 117.215392260537541, -34.840414327646641 ], [ 117.21442023181379, -34.840957104317496 ], [ 117.213862139024101, -34.840849874923165 ], [ 117.213227694596242, -34.840823935733951 ], [ 117.212340090467592, -34.840176217073925 ], [ 117.211441332332626, -34.839438334642203 ], [ 117.210212571224915, -34.837952550323372 ], [ 117.209675372259071, -34.837448488387658 ], [ 117.207078978972376, -34.8357305620885 ], [ 117.205262213097456, -34.835228651820934 ], [ 117.202667925453554, -34.834304181759535 ], [ 117.200663107874817, -34.832900748718544 ], [ 117.200399890168995, -34.832594581784598 ], [ 117.200387708467247, -34.832080594568595 ], [ 117.200693510358036, -34.83190875470703 ], [ 117.201732262830774, -34.831825877613731 ], [ 117.20236632604653, -34.831725630153827 ], [ 117.20355778298277, -34.831480165270783 ], [ 117.203907543290299, -34.831398420493116 ], [ 117.204640919075359, -34.831658701567015 ], [ 117.205419209296664, -34.832387821256582 ], [ 117.206722464112602, -34.83311604493332 ], [ 117.208791028645336, -34.83373473142332 ], [ 117.209907289715602, -34.834021375841132 ], [ 117.210607185760921, -34.834002130847658 ], [ 117.21103276941642, -34.833631668965481 ], [ 117.211239043645321, -34.83303614487793 ], [ 117.21166205804272, -34.831664723881708 ], [ 117.212305238631188, -34.830861030447373 ], [ 117.213134459297251, -34.830111113782301 ], [ 117.213296942497294, -34.829506644941446 ], [ 117.213088159747187, -34.829119250842176 ], [ 117.212135483896688, -34.828633961307382 ], [ 117.210800318390369, -34.828248522016949 ], [ 117.209728515578703, -34.828214303680703 ], [ 117.208667945129534, -34.828297286424409 ], [ 117.207487756699507, -34.828650994263647 ], [ 117.206919609445634, -34.828859368428283 ], [ 117.206274210661533, -34.828788323000559 ], [ 117.205179166370272, -34.828204025740469 ], [ 117.204149507239393, -34.827520414383812 ], [ 117.204092403650662, -34.826537583204214 ], [ 117.204145679823142, -34.825969379987363 ], [ 117.204384791235796, -34.825373811612444 ], [ 117.204098400574125, -34.82453564796657 ], [ 117.203900519880918, -34.824112148660127 ], [ 117.204052590879229, -34.823697080276268 ], [ 117.204752244916747, -34.823614745711041 ], [ 117.20538671159315, -34.823703853170443 ], [ 117.206590870571191, -34.824215822414715 ], [ 117.207653314666516, -34.824899357568434 ], [ 117.208561292918347, -34.825033069714593 ], [ 117.209228010611966, -34.824896659786482 ], [ 117.209707773402428, -34.82434575524789 ], [ 117.209662272594528, -34.823651472139339 ], [ 117.209725986748666, -34.822902894622707 ], [ 117.210074811744349, -34.82246944401038 ], [ 117.21130819430978, -34.821574557427752 ], [ 117.211907884369054, -34.82089718803185 ], [ 117.211807808735287, -34.820248088834695 ], [ 117.211117123607579, -34.81954590954571 ], [ 117.209563668269865, -34.819260028962233 ], [ 117.208109519454879, -34.819325648599452 ], [ 117.206742642777328, -34.819309943399176 ], [ 117.206063908458589, -34.818995475611757 ], [ 117.206040849272625, -34.818517577056781 ], [ 117.206749837545416, -34.817812994501331 ], [ 117.20702139423959, -34.817091117389737 ], [ 117.20682387718189, -34.816811904791116 ], [ 117.206440928503255, -34.816713360473997 ], [ 117.205238914873163, -34.817021995448215 ], [ 117.204059583705657, -34.817664235149259 ], [ 117.202803825145878, -34.818360696944886 ], [ 117.201656139083852, -34.81854295826318 ], [ 117.19951240119272, -34.818312032212638 ], [ 117.196930630044974, -34.817802229589319 ], [ 117.195901061848673, -34.81707345828513 ], [ 117.195374679654407, -34.816425030521778 ], [ 117.195076032088551, -34.814973660409798 ], [ 117.195347809241738, -34.814305914691687 ], [ 117.195629748656884, -34.813313514745587 ], [ 117.195639318414024, -34.81273636648551 ], [ 117.195398306700369, -34.812538364291633 ], [ 117.194665998970862, -34.812647750418833 ], [ 117.194305586457631, -34.812819662786268 ], [ 117.193640101257515, -34.813451962697009 ], [ 117.193029612236273, -34.814228454890383 ], [ 117.192002528473807, -34.814536681637435 ], [ 117.191795701348425, -34.814933786583289 ], [ 117.191786438949521, -34.81565521706397 ], [ 117.19154711838388, -34.816187638190861 ], [ 117.191045371088165, -34.816720471116298 ], [ 117.190455353619882, -34.81691076767968 ], [ 117.189788007004026, -34.816758509553154 ], [ 117.188167902008402, -34.815958450614865 ], [ 117.187018525039761, -34.815392107561777 ], [ 117.184829560925593, -34.814439575958417 ], [ 117.18330923247801, -34.814216433209985 ], [ 117.182127726153695, -34.813929640876701 ], [ 117.181251706303541, -34.813335780494427 ], [ 117.180243943582823, -34.81248961321127 ], [ 117.180003145767969, -34.812372739483358 ], [ 117.179995629091394, -34.803887084304577 ], [ 117.180323843694566, -34.80399481103747 ], [ 117.180882019291559, -34.804273531930228 ], [ 117.181363827632268, -34.804624505805911 ], [ 117.182294916212797, -34.805443726777646 ], [ 117.182754473486696, -34.805614374100728 ], [ 117.183355640856163, -34.805550345832422 ], [ 117.184098392822577, -34.805242622199259 ], [ 117.186456345614488, -34.803669949850295 ], [ 117.187035406679712, -34.803506742394006 ], [ 117.187450905835917, -34.803533156274781 ], [ 117.187833893893185, -34.803685866950609 ], [ 117.188042002398575, -34.803856882184398 ], [ 117.188261433975498, -34.804199216139786 ], [ 117.188349510713195, -34.804469611320769 ], [ 117.188350864618329, -34.805064778399775 ], [ 117.188026383084647, -34.806607309127941 ], [ 117.188049396074987, -34.807112265425481 ], [ 117.188137454772303, -34.807373642943318 ], [ 117.188400259274928, -34.807553590583296 ], [ 117.189275093620253, -34.80763339246073 ], [ 117.189723950847423, -34.807894207100759 ], [ 117.190151524473649, -34.808407549186043 ], [ 117.190536428765, -34.809380859633784 ], [ 117.190755989283034, -34.809768277071051 ], [ 117.191084699044666, -34.810074363383499 ], [ 117.191391168988844, -34.810218165060846 ], [ 117.192189667482495, -34.810370207580021 ], [ 117.193425129580064, -34.810359232384869 ], [ 117.198048565876817, -34.809756627086905 ], [ 117.19887887560516, -34.8094937594825 ], [ 117.200166875170595, -34.808607912488803 ], [ 117.200582076168274, -34.808499016350886 ], [ 117.201074071384909, -34.808498204415734 ], [ 117.201785148728248, -34.808668363841399 ], [ 117.202671757383825, -34.809081704948028 ], [ 117.204062487410411, -34.809972133573105 ], [ 117.204719942128946, -34.810557180038352 ], [ 117.205103083699285, -34.810745906629741 ], [ 117.206766375294706, -34.811302189357953 ], [ 117.209216593951481, -34.811730851037204 ], [ 117.210234201897251, -34.812035699014316 ], [ 117.211241504934137, -34.812584034212897 ], [ 117.212512321409093, -34.813555732857907 ], [ 117.214375613167491, -34.81530189740679 ], [ 117.215077669694963, -34.816175374767496 ], [ 117.215352621073123, -34.816788091528508 ], [ 117.215441527539653, -34.817338013312686 ], [ 117.215399902388256, -34.818149679128808 ], [ 117.215075617473502, -34.819593082946952 ], [ 117.215131041078408, -34.819881550961604 ], [ 117.215317494467499, -34.820097645640011 ], [ 117.215634907675138, -34.820214313450919 ], [ 117.216181810792676, -34.820276466786815 ], [ 117.217089325880849, -34.820247797935444 ], [ 117.217613933863618, -34.820147666258045 ], [ 117.217843278826336, -34.820039043624163 ], [ 117.218126916489098, -34.819786040253625 ], [ 117.218954637597037, -34.818531095029059 ], [ 117.219521798396627, -34.817989011796506 ], [ 117.220013274051951, -34.817771699581648 ], [ 117.220483310747071, -34.817716742636748 ], [ 117.220833453161276, -34.817806284557861 ], [ 117.221129357778153, -34.818058242445574 ], [ 117.221294194776391, -34.818364544171857 ], [ 117.221448822377027, -34.81894139486041 ], [ 117.221495795070169, -34.820149679325404 ], [ 117.221345193045053, -34.821078774916806 ], [ 117.220672738081191, -34.823145045708571 ], [ 117.220619336714378, -34.82362307963318 ], [ 117.220730011976954, -34.824118851300362 ], [ 117.220906132094214, -34.824551380263294 ], [ 117.221191559754175, -34.824965674906885 ], [ 117.221454636642221, -34.825199655975865 ], [ 117.221903569289978, -34.825415262273275 ], [ 117.222406793781886, -34.825486484832652 ], [ 117.224341415726798, -34.825131243528595 ], [ 117.225237947284612, -34.825066463364784 ], [ 117.225937911277242, -34.825101236235206 ], [ 117.226649231204988, -34.825289284428329 ], [ 117.227492697211858, -34.825810735443739 ], [ 117.227832094891895, -34.825954383165055 ], [ 117.228335277853532, -34.826007545907416 ], [ 117.228838187076505, -34.825961512655482 ], [ 117.229351706250199, -34.825798227547068 ], [ 117.22966813458909, -34.825545135723331 ], [ 117.229907687251938, -34.825174958574813 ], [ 117.230418612665531, -34.824082853133049 ], [ 117.230767308711776, -34.823640326046174 ], [ 117.231182292210264, -34.823441149323422 ], [ 117.231685487201247, -34.823503315913946 ], [ 117.232035969546715, -34.823701036925968 ], [ 117.232419740578862, -34.824070029201742 ], [ 117.233825188167387, -34.826096313249757 ], [ 117.234318844903669, -34.82664544157447 ], [ 117.234844444863555, -34.826887905321236 ], [ 117.236179261227221, -34.827119780905768 ], [ 117.236474910733705, -34.827254471690665 ], [ 117.236716063337596, -34.827452391496251 ], [ 117.236902796676432, -34.827740593501254 ], [ 117.237090306656569, -34.828299323791917 ], [ 117.237212953749378, -34.829119692619336 ], [ 117.23728286321672, -34.830616489095043 ], [ 117.237371697843543, -34.831085234431711 ], [ 117.23753695773722, -34.831508742142169 ], [ 117.237877251946813, -34.831949942799476 ], [ 117.238304495049775, -34.832201601239049 ], [ 117.238785927934785, -34.832281816204315 ], [ 117.239376046722839, -34.832127356201731 ], [ 117.239790502781318, -34.831738780442386 ], [ 117.23997505891623, -34.831269497980571 ], [ 117.240113355458178, -34.829934610570973 ], [ 117.240163296897364, -34.828302314094103 ], [ 117.240106864210105, -34.827698241616247 ], [ 117.239963234856248, -34.827193535444728 ], [ 117.239743293251294, -34.826770138502482 ], [ 117.239073562836083, -34.825851653808478 ], [ 117.23886404411482, -34.825247881207609 ], [ 117.238829806162329, -34.824751976331264 ], [ 117.238882530163593, -34.824075547182069 ], [ 117.239322842110454, -34.821297237152514 ], [ 117.239255303319439, -34.820630061640458 ], [ 117.239035070392148, -34.820098451311274 ], [ 117.238705857873029, -34.819693301932325 ], [ 117.238311819912468, -34.819558809094772 ], [ 117.237305805227578, -34.819551757625916 ], [ 117.236737667229804, -34.819715182643151 ], [ 117.2364868653397, -34.819959147788573 ], [ 117.236345718515224, -34.820311111643832 ], [ 117.236088043978285, -34.821979882821992 ], [ 117.235936188448605, -34.822413025984837 ], [ 117.235565295646452, -34.82272936338709 ], [ 117.234942303230554, -34.822838780109201 ], [ 117.234428047080854, -34.822731559897349 ], [ 117.234044451922159, -34.82242569729771 ], [ 117.233857511240885, -34.822056331888476 ], [ 117.233602645885171, -34.820866487618808 ], [ 117.233306388275167, -34.820506348768859 ], [ 117.232944956342365, -34.820299634571832 ], [ 117.232485366940665, -34.820183283711529 ], [ 117.231818246259763, -34.820148485832313 ], [ 117.230244521244316, -34.820467092890091 ], [ 117.229413452403534, -34.820459645010047 ], [ 117.228472239083231, -34.820163832449424 ], [ 117.227738146689703, -34.819633165287698 ], [ 117.225907476390645, -34.817959288287355 ], [ 117.225402771997608, -34.817328986099106 ], [ 117.224852598639586, -34.816058509758555 ], [ 117.22486216082352, -34.815553501385786 ], [ 117.225002931808476, -34.815048250422642 ], [ 117.225253065713616, -34.814551814553269 ], [ 117.225492778606863, -34.814244769008987 ], [ 117.22576551288239, -34.814018820961643 ], [ 117.226169526491134, -34.813819681445999 ], [ 117.226683049879512, -34.813683460489749 ], [ 117.227207752980348, -34.813637393431421 ], [ 117.22911054867258, -34.813742037994103 ], [ 117.229821176986846, -34.813713644847951 ], [ 117.230050613333333, -34.813650087450533 ], [ 117.230257955793945, -34.813505412190288 ], [ 117.230323132412607, -34.813351988053668 ], [ 117.230333162872753, -34.813027332091181 ], [ 117.230200101366179, -34.812360274487844 ], [ 117.229957906168849, -34.811765564513415 ], [ 117.229299314977766, -34.810837984528028 ], [ 117.228279886858289, -34.809893042841317 ], [ 117.227283116055389, -34.809227598822723 ], [ 117.226987471767714, -34.809065832029837 ], [ 117.227059651723906, -34.807478581855527 ], [ 117.227210314170208, -34.806603583403565 ], [ 117.227819731023303, -34.805574425715172 ], [ 117.228888056264864, -34.804454225521781 ], [ 117.230294709101329, -34.803134986464507 ], [ 117.231155305166254, -34.802033194374893 ], [ 117.231700585407722, -34.801554218826602 ], [ 117.232410399501333, -34.801273316366888 ], [ 117.23333992023656, -34.80137073258372 ], [ 117.234259123099989, -34.801684586598782 ], [ 117.235167246893752, -34.801944348793171 ], [ 117.235724539338051, -34.801853093561974 ], [ 117.23589801792123, -34.801347765685527 ], [ 117.235775477982259, -34.800545426889279 ], [ 117.235916285756872, -34.800085250732039 ], [ 117.23631997535702, -34.799804918468588 ], [ 117.237162027498783, -34.799902475350883 ], [ 117.238071359151533, -34.800586046038291 ], [ 117.238675200762401, -34.801477616624922 ], [ 117.239632884733879, -34.80374819697618 ], [ 117.24028109903044, -34.804847078858984 ] ] ] } },
{ "type": "Feature", "properties": { "CODE": "P_gp", "JNCODE": "si5011; P_gp", "fme_featur": "geology_surface_si5011" }, "geometry": { "type": "Polygon", "coordinates": [ [ [ 117.197604211139449, -34.829713499284438 ], [ 117.196706555817954, -34.82933621156895 ], [ 117.195819076128686, -34.828634264416046 ], [ 117.194941229815257, -34.82737319911142 ], [ 117.194710582057368, -34.826949737483083 ], [ 117.194883449747891, -34.826056710252381 ], [ 117.195199474344577, -34.82558728415507 ], [ 117.195866581825925, -34.825604247390551 ], [ 117.196457355250573, -34.825711507073073 ], [ 117.197825134132344, -34.826060980374571 ], [ 117.198843744058465, -34.826726628244245 ], [ 117.20002771446147, -34.827933056442276 ], [ 117.200280307520202, -34.828374507099987 ], [ 117.19994323586883, -34.829177634775256 ], [ 117.19923354954777, -34.829656735880583 ], [ 117.19833727123391, -34.82985658922221 ], [ 117.197604211139449, -34.829713499284438 ] ] ] } },
{ "type": "Feature", "properties": { "CODE": "P_gp", "JNCODE": "si5011; P_gp", "fme_featur": "geology_surface_si5011" }, "geometry": { "type": "Polygon", "coordinates": [ [ [ 117.186469516124689, -34.828928501768424 ], [ 117.185966037352856, -34.828739901139933 ], [ 117.185462136312239, -34.828361927778865 ], [ 117.184376712418441, -34.827119137534915 ], [ 117.183050879086849, -34.825939823034261 ], [ 117.182841967798396, -34.825426129141739 ], [ 117.182874076585165, -34.825110461897133 ], [ 117.183004643548841, -34.824812681944834 ], [ 117.183321050659032, -34.824487568909873 ], [ 117.183637855583783, -34.82434280817241 ], [ 117.184107914294614, -34.824269956294764 ], [ 117.184753219064504, -34.824323084227203 ], [ 117.185322320682189, -34.824529625494314 ], [ 117.186592611498995, -34.82532124026983 ], [ 117.187326083519608, -34.825671802859098 ], [ 117.187938881468853, -34.825851211478358 ], [ 117.189361098603413, -34.826110519051383 ], [ 117.189995920307439, -34.826353006781318 ], [ 117.190379309354881, -34.826631955610488 ], [ 117.190697336425885, -34.827019217857988 ], [ 117.190840373968101, -34.827397736177765 ], [ 117.190852287478805, -34.8278215484697 ], [ 117.190711140901243, -34.828263636115707 ], [ 117.190493005423249, -34.828516472880395 ], [ 117.190165364380604, -34.828706356708466 ], [ 117.189717116391236, -34.828761162602028 ], [ 117.187136771389689, -34.828999618668142 ], [ 117.186469516124689, -34.828928501768424 ] ] ] } },
{ "type": "Feature", "properties": { "CODE": "P_gp", "JNCODE": "si5011; P_gp", "fme_featur": "geology_surface_si5011" }, "geometry": { "type": "Polygon", "coordinates": [ [ [ 117.344663134766606, -34.817022564438417 ], [ 117.343875271237209, -34.816880511064504 ], [ 117.343240152379096, -34.816656862883711 ], [ 117.342856260792047, -34.816369380138006 ], [ 117.342668998987918, -34.816036254285791 ], [ 117.342634367414149, -34.815594486523963 ], [ 117.342752662533016, -34.815116217410562 ], [ 117.344379197731087, -34.814480388715708 ], [ 117.345711964111374, -34.814197062023624 ], [ 117.346783027695082, -34.814085802396463 ], [ 117.347570225652021, -34.814074538760018 ], [ 117.348150097880236, -34.814163057648507 ], [ 117.348456890793983, -34.814315479694429 ], [ 117.348654877846954, -34.814594459991305 ], [ 117.348689579067909, -34.815045243473421 ], [ 117.348572685654617, -34.815848149898684 ], [ 117.348355940165106, -34.81630867109449 ], [ 117.348050732788508, -34.816534985894755 ], [ 117.347657747221987, -34.816689409509124 ], [ 117.346303003731549, -34.816954784738975 ], [ 117.345603628421159, -34.817055967405892 ], [ 117.344663134766606, -34.817022564438417 ] ] ] } },
{ "type": "Feature", "properties": { "CODE": "P_gp", "JNCODE": "si5011; P_gp", "fme_featur": "geology_surface_si5011" }, "geometry": { "type": "Polygon", "coordinates": [ [ [ 117.371814772903875, -34.812523977200776 ], [ 117.371263927153379, -34.811596840670823 ], [ 117.371197072735853, -34.811317497304451 ], [ 117.371239431448899, -34.811010767784246 ], [ 117.37157642375594, -34.810576891730072 ], [ 117.372208894934104, -34.810205234901154 ], [ 117.373715490214906, -34.809713663886718 ], [ 117.374808240683336, -34.809584055881643 ], [ 117.375606691785379, -34.809653735257498 ], [ 117.377257483199372, -34.809621575760254 ], [ 117.379533656613901, -34.810065380703449 ], [ 117.380364418638081, -34.810026716197406 ], [ 117.381019666776808, -34.809862348540783 ], [ 117.381728330861264, -34.809427280177133 ], [ 117.38223952520967, -34.808848545625644 ], [ 117.382520202355309, -34.808072145275467 ], [ 117.38291567242527, -34.806114069817205 ], [ 117.383176680812497, -34.805815665513997 ], [ 117.383635060084288, -34.805642885844229 ], [ 117.383897611443771, -34.805678128528349 ], [ 117.384182614192582, -34.805839546998023 ], [ 117.385335709548855, -34.806945073215338 ], [ 117.385763560967419, -34.807259335677898 ], [ 117.386365669052097, -34.807428760988167 ], [ 117.388521270449871, -34.807809657180862 ], [ 117.38890468623606, -34.807970750239463 ], [ 117.38910283599148, -34.808258681752193 ], [ 117.389060163425526, -34.8084842595255 ], [ 117.388908287025728, -34.808737239285861 ], [ 117.388352900008783, -34.809207930913949 ], [ 117.38790561326752, -34.809416763538991 ], [ 117.385951267260808, -34.810000107409088 ], [ 117.384903814142632, -34.810463325295615 ], [ 117.383595870626863, -34.81134216756098 ], [ 117.383138670259214, -34.811776455192259 ], [ 117.382899927327543, -34.812164965629918 ], [ 117.382944454119936, -34.812336160862863 ], [ 117.383076199328571, -34.812452975635267 ], [ 117.383579770427872, -34.81258665404399 ], [ 117.386213376249174, -34.812280741383361 ], [ 117.386978766496739, -34.812287327374548 ], [ 117.38748310257769, -34.812583304845695 ], [ 117.387900818480347, -34.813059909297841 ], [ 117.387957050563983, -34.813393382958886 ], [ 117.38777252973685, -34.813682535799742 ], [ 117.386781732239129, -34.814578436119355 ], [ 117.386073345607414, -34.815076656239228 ], [ 117.38545065841474, -34.815195859712297 ], [ 117.383210079001415, -34.815392307169951 ], [ 117.382653114106816, -34.815538342279751 ], [ 117.382359396422572, -34.815863900817675 ], [ 117.382046888736866, -34.816856823294984 ], [ 117.381840221546369, -34.817091930746223 ], [ 117.381480266304763, -34.817282430307543 ], [ 117.380846372487468, -34.817347539527866 ], [ 117.380134819672065, -34.817169411711646 ], [ 117.379729054415193, -34.816909167011524 ], [ 117.378598256399201, -34.815911732066496 ], [ 117.377119778420052, -34.815393299737025 ], [ 117.376877999250553, -34.815123519399549 ], [ 117.376557222779027, -34.814312924120863 ], [ 117.376381338409303, -34.814106062345338 ], [ 117.376107255861371, -34.813944592114574 ], [ 117.375122602779442, -34.813812366821431 ], [ 117.373121277013539, -34.813719325857647 ], [ 117.372342222146173, -34.813108511858864 ], [ 117.371814772903875, -34.812523977200776 ] ] ] } },
{ "type": "Feature", "properties": { "CODE": "P_gp", "JNCODE": "si5011; P_gp", "fme_featur": "geology_surface_si5011" }, "geometry": { "type": "Polygon", "coordinates": [ [ [ 117.315811677623316, -34.7894887136028 ], [ 117.315430651040103, -34.789895498373241 ], [ 117.314765284771113, -34.790266946738747 ], [ 117.314055061281891, -34.790340922929104 ], [ 117.313606457442688, -34.790224849386156 ], [ 117.313299510641485, -34.789991179470498 ], [ 117.313134289173064, -34.78965794947819 ], [ 117.313099827269596, -34.789216170472777 ], [ 117.313174296052026, -34.788674916419836 ], [ 117.313358443494479, -34.788232574774433 ], [ 117.314184815027346, -34.787085195490043 ], [ 117.314879830590868, -34.785893061741795 ], [ 117.315260841640921, -34.78548627851265 ], [ 117.31618780020068, -34.784933793802772 ], [ 117.316537250697451, -34.784851726194482 ], [ 117.316876080874522, -34.784850844646904 ], [ 117.317204291728942, -34.78493114924337 ], [ 117.317467268564329, -34.78510180022338 ], [ 117.317664942700389, -34.785344762756289 ], [ 117.317797521612718, -34.785714142878305 ], [ 117.317767567194281, -34.786453673362573 ], [ 117.317421255067956, -34.787356347888988 ], [ 117.316616097583136, -34.788323339644435 ], [ 117.315811677623316, -34.7894887136028 ] ] ] } },
{ "type": "Feature", "properties": { "CODE": "P_gp", "JNCODE": "si5011; P_gp", "fme_featur": "geology_surface_si5011" }, "geometry": { "type": "Polygon", "coordinates": [ [ [ 117.324899758012322, -34.787886696598491 ], [ 117.32429689185112, -34.787455454338136 ], [ 117.323934321937941, -34.786978481268989 ], [ 117.323867083535944, -34.786554827913569 ], [ 117.323953643854409, -34.786329154869982 ], [ 117.324138434060075, -34.786067149392245 ], [ 117.324683457783422, -34.785686953088636 ], [ 117.325207642799825, -34.78556832358332 ], [ 117.325852660008564, -34.785602669482323 ], [ 117.326279537382135, -34.785754827074257 ], [ 117.326575752306724, -34.7860335816939 ], [ 117.326719337752422, -34.786411940117731 ], [ 117.326699397455727, -34.786898949823701 ], [ 117.326515324313206, -34.787341311338892 ], [ 117.326221412793956, -34.7876487013801 ], [ 117.325763472099524, -34.787938494384747 ], [ 117.325381226718491, -34.788020676118677 ], [ 117.324899758012322, -34.787886696598491 ] ] ] } },
{ "type": "Feature", "properties": { "CODE": "P_gp", "JNCODE": "si5011; P_gp", "fme_featur": "geology_surface_si5011" }, "geometry": { "type": "Polygon", "coordinates": [ [ [ 117.277110620986264, -34.78761710989918 ], [ 117.276748983669833, -34.787338383305318 ], [ 117.276507161158946, -34.786933135412589 ], [ 117.276363713425923, -34.78652766369968 ], [ 117.276285577759637, -34.78604088406081 ], [ 117.276367244363811, -34.78430929565932 ], [ 117.276320727812859, -34.783470752745025 ], [ 117.27740287481025, -34.783495344723413 ], [ 117.278398128785909, -34.783682444899235 ], [ 117.278945685742428, -34.783996811793926 ], [ 117.27927507291993, -34.784437925065667 ], [ 117.279430708082401, -34.785213092145327 ], [ 117.279302921152848, -34.786214352607772 ], [ 117.278966543582513, -34.786945559383959 ], [ 117.278258616811016, -34.78770466823304 ], [ 117.277537269456147, -34.787724350512178 ], [ 117.277110620986264, -34.78761710989918 ] ] ] } },
{ "type": "Feature", "properties": { "CODE": "P_gp", "JNCODE": "si5011; P_gp", "fme_featur": "geology_surface_si5011" }, "geometry": { "type": "Polygon", "coordinates": [ [ [ 117.271549983431484, -34.778521736162197 ], [ 117.271986293814621, -34.77825924782897 ], [ 117.272770850150152, -34.777545091346894 ], [ 117.273622366109279, -34.777254612910021 ], [ 117.273972751372668, -34.777452215085901 ], [ 117.274510695156465, -34.778181439845966 ], [ 117.2747847016919, -34.778415282780934 ], [ 117.275835555361923, -34.778908881663398 ], [ 117.276589915196908, -34.778979311960192 ], [ 117.277529862650198, -34.778986190501136 ], [ 117.278249983481274, -34.778623837375861 ], [ 117.27957007706793, -34.777926447503269 ], [ 117.28015930508468, -34.777645543190815 ], [ 117.280826499088818, -34.777797307435542 ], [ 117.281242478507281, -34.777994737293426 ], [ 117.281922232179696, -34.77862440632336 ], [ 117.282578692477486, -34.778830292160123 ], [ 117.283050282333591, -34.779307136352848 ], [ 117.2832829726933, -34.780235421313364 ], [ 117.28357942502987, -34.780631511182264 ], [ 117.284685533107634, -34.781278205932182 ], [ 117.286109676855787, -34.782230746140925 ], [ 117.286867165773543, -34.783193860012986 ], [ 117.28702199486456, -34.783716523024879 ], [ 117.286914600687339, -34.784266857293566 ], [ 117.286587855925958, -34.7846012827113 ], [ 117.285285291558566, -34.784054261276488 ], [ 117.284244225786423, -34.783263136925427 ], [ 117.282699674165272, -34.782256748366549 ], [ 117.281691567021099, -34.781501596200876 ], [ 117.280848429243719, -34.781043640130818 ], [ 117.280268523191111, -34.78085560430528 ], [ 117.275599579778188, -34.780253058254978 ], [ 117.273883627750578, -34.780247913181427 ], [ 117.273075383953312, -34.780412048069905 ], [ 117.272486112084337, -34.78069291817237 ], [ 117.271853975937887, -34.781235395355779 ], [ 117.271516459187822, -34.781632928776141 ], [ 117.271288295032178, -34.782048253055031 ], [ 117.27107096984075, -34.782436499559651 ], [ 117.27065708324281, -34.782879289219359 ], [ 117.27018830775323, -34.783250057463128 ], [ 117.269184490772375, -34.783784327310116 ], [ 117.267743228383182, -34.784247409982335 ], [ 117.26262087055035, -34.785457926574928 ], [ 117.261145841808869, -34.785632436738034 ], [ 117.260500792097631, -34.785579712503313 ], [ 117.259953803319803, -34.785427580469467 ], [ 117.258486464273986, -34.784565003186515 ], [ 117.257753170849881, -34.784250937537472 ], [ 117.256943960586199, -34.78412640005326 ], [ 117.256080688210488, -34.784191343270216 ], [ 117.255720332932782, -34.784300313574867 ], [ 117.255414904699691, -34.784499344881866 ], [ 117.252525567707067, -34.786840964943643 ], [ 117.251543672369493, -34.787447185701751 ], [ 117.250725119619972, -34.787854672189013 ], [ 117.249665978677854, -34.788226575961346 ], [ 117.24860628697968, -34.788418117118091 ], [ 117.24771000957692, -34.78842896208505 ], [ 117.246605487860393, -34.788250850258287 ], [ 117.246702761593156, -34.787880926331219 ], [ 117.2466579926691, -34.787529325673241 ], [ 117.245767224843277, -34.785709546039882 ], [ 117.245546215984888, -34.784898396207161 ], [ 117.245587397188089, -34.784041628510899 ], [ 117.24575011642527, -34.783626484369002 ], [ 117.245945944793064, -34.78331948591056 ], [ 117.246218387699329, -34.783048403125896 ], [ 117.246589384851049, -34.782840244270893 ], [ 117.248052872051446, -34.782467543804458 ], [ 117.248653169789634, -34.782186769316546 ], [ 117.24895817241557, -34.781843471979521 ], [ 117.249511920284064, -34.780624943795978 ], [ 117.249926045121811, -34.780227313831674 ], [ 117.250362842074736, -34.780100167967731 ], [ 117.25093098190527, -34.780035874043762 ], [ 117.252538130521586, -34.780203887703664 ], [ 117.25272371123647, -34.7801313606818 ], [ 117.252821553539377, -34.779959820507713 ], [ 117.252744140040349, -34.779662395899472 ], [ 117.252437183430331, -34.779356429687148 ], [ 117.250017908378553, -34.77807188542036 ], [ 117.248955719745553, -34.77738871381402 ], [ 117.249631530455403, -34.776792158905906 ], [ 117.250122519333999, -34.776520618844629 ], [ 117.250603148618566, -34.776438470740828 ], [ 117.251237574892855, -34.776617518006468 ], [ 117.252286372822326, -34.776489100699365 ], [ 117.253444043297392, -34.776225181613029 ], [ 117.254022115739431, -34.775845231591575 ], [ 117.25439223071858, -34.775366518346573 ], [ 117.254673110531485, -34.774301837205314 ], [ 117.254803284424582, -34.773985943725535 ], [ 117.255108231516218, -34.773642630758594 ], [ 117.255632219654487, -34.773452158988711 ], [ 117.256091191339593, -34.773442176675438 ], [ 117.25828982646307, -34.774077792005933 ], [ 117.2601281585099, -34.774813333045195 ], [ 117.261289646119579, -34.775775744253608 ], [ 117.261773392526834, -34.776685496910289 ], [ 117.262802346550274, -34.777197291241414 ], [ 117.263011228955037, -34.777584602927703 ], [ 117.263011772666104, -34.777755938787074 ], [ 117.262914125717231, -34.777981593166594 ], [ 117.262292904908932, -34.778533015206975 ], [ 117.261813671251161, -34.779057075557454 ], [ 117.261858870044449, -34.779525900642675 ], [ 117.262418323090742, -34.780173972927919 ], [ 117.263567176260906, -34.780568271329045 ], [ 117.265556603713321, -34.780645107421357 ], [ 117.267973072788678, -34.780964450488831 ], [ 117.269087241684431, -34.780763602684871 ], [ 117.269730615405209, -34.780311292223701 ], [ 117.270296946942835, -34.779696830223905 ], [ 117.270403651469039, -34.778903032638404 ], [ 117.27024878922424, -34.778335259189731 ], [ 117.270949023976826, -34.77856816384903 ], [ 117.271549983431484, -34.778521736162197 ] ] ] } },
{ "type": "Feature", "properties": { "CODE": "P_gp", "JNCODE": "si5011; P_gp", "fme_featur": "geology_surface_si5011" }, "geometry": { "type": "Polygon", "coordinates": [ [ [ 117.303731284456092, -34.780014783533019 ], [ 117.303227477072767, -34.779727472304792 ], [ 117.302416237642589, -34.779053160872188 ], [ 117.301834720979485, -34.778432380937048 ], [ 117.301450166308854, -34.777874234678649 ], [ 117.301284590757291, -34.777423758150562 ], [ 117.30129378240332, -34.776945795771127 ], [ 117.301500120882963, -34.77658457575756 ], [ 117.30182716785724, -34.776358322124899 ], [ 117.302241939956076, -34.776213009423692 ], [ 117.302810077046843, -34.776166508972864 ], [ 117.304515743322597, -34.77636966229867 ], [ 117.305117662690179, -34.776593598441195 ], [ 117.305512699606055, -34.777025458686765 ], [ 117.305656306169439, -34.777439913684816 ], [ 117.305702284088298, -34.778053003658947 ], [ 117.305628008252185, -34.778657377786246 ], [ 117.305465665615301, -34.779090636051563 ], [ 117.305052113013787, -34.779569612442508 ], [ 117.304583312156439, -34.779886406618253 ], [ 117.304081156999345, -34.780049980997731 ], [ 117.303731284456092, -34.780014783533019 ] ] ] } },
{ "type": "Feature", "properties": { "CODE": "P_gp", "JNCODE": "si5011; P_gp", "fme_featur": "geology_surface_si5011" }, "geometry": { "type": "Polygon", "coordinates": [ [ [ 117.312581663524909, -34.779352121967605 ], [ 117.310820458944335, -34.778932798428961 ], [ 117.309704026073248, -34.778493775289213 ], [ 117.309418924867771, -34.778242003960678 ], [ 117.30927580285632, -34.777962818162337 ], [ 117.309252867918062, -34.777674309206212 ], [ 117.309360879540023, -34.777331361190058 ], [ 117.309720324124115, -34.777005809106946 ], [ 117.31023324351689, -34.776806113128018 ], [ 117.312275802020494, -34.776494288254511 ], [ 117.31311654438349, -34.776284721084288 ], [ 117.313563741457017, -34.776049109193885 ], [ 117.315002682327787, -34.775080497704344 ], [ 117.315482825185939, -34.774889882142887 ], [ 117.316663192875339, -34.774904853128362 ], [ 117.317975673843875, -34.775171964040155 ], [ 117.318796368873478, -34.775440349544517 ], [ 117.319169301010263, -34.775791063725897 ], [ 117.319258120828806, -34.776151539849728 ], [ 117.319204796232825, -34.776494353218865 ], [ 117.319052971839909, -34.776801353832717 ], [ 117.318726143902651, -34.777072741646599 ], [ 117.317055976405214, -34.777591113064858 ], [ 117.315911141699758, -34.778306489397075 ], [ 117.315072100183386, -34.778966957557685 ], [ 117.314690330375825, -34.779166334909469 ], [ 117.313674694316418, -34.779376363685245 ], [ 117.312581663524909, -34.779352121967605 ] ] ] } },
{ "type": "Feature", "properties": { "CODE": "P_gp", "JNCODE": "si5011; P_gp", "fme_featur": "geology_surface_si5011" }, "geometry": { "type": "Polygon", "coordinates": [ [ [ 117.272402395768694, -34.775174251213578 ], [ 117.272084898928924, -34.775003624135067 ], [ 117.271930653899048, -34.774625223653558 ], [ 117.271841183719587, -34.774003199310741 ], [ 117.271938091705223, -34.773561113529155 ], [ 117.272308774066957, -34.77328975272065 ], [ 117.273203753957105, -34.772936055688461 ], [ 117.274229956825991, -34.772609109804776 ], [ 117.274863656430284, -34.772562592075019 ], [ 117.275258247564665, -34.772913392559715 ], [ 117.275521789737539, -34.773291541605182 ], [ 117.275654551312797, -34.773778199123932 ], [ 117.275689436486516, -34.77440936197673 ], [ 117.275559581514585, -34.774797418776316 ], [ 117.275123300683802, -34.77505991992664 ], [ 117.273200701448147, -34.775325763964268 ], [ 117.272402395768694, -34.775174251213578 ] ] ] } },
{ "type": "Feature", "properties": { "CODE": "P_gp", "JNCODE": "si5011; P_gp", "fme_featur": "geology_surface_si5011" }, "geometry": { "type": "Polygon", "coordinates": [ [ [ 117.284178473366168, -34.773650388273651 ], [ 117.283554249791592, -34.773273098666465 ], [ 117.283400233245914, -34.772975871860631 ], [ 117.283530357090697, -34.772677983460852 ], [ 117.284195414838052, -34.772216528062359 ], [ 117.285984214578519, -34.77121137008227 ], [ 117.286551672515017, -34.770975574542334 ], [ 117.286933878826886, -34.770893514705229 ], [ 117.287381997337633, -34.770910493271849 ], [ 117.287764985052149, -34.771053872533095 ], [ 117.288093865658283, -34.771350680230519 ], [ 117.28825923185515, -34.771765104900879 ], [ 117.28818405032834, -34.772144027976353 ], [ 117.287901322311058, -34.77255049516927 ], [ 117.287378446622441, -34.773038688428485 ], [ 117.286865994011279, -34.773382571043314 ], [ 117.286320377661667, -34.773618316630426 ], [ 117.285632406911063, -34.773773234190735 ], [ 117.284856756874987, -34.77385621113833 ], [ 117.284178473366168, -34.773650388273651 ] ] ] } },
{ "type": "Feature", "properties": { "CODE": "P_gh", "JNCODE": "si5011; P_gh", "fme_featur": "geology_surface_si5011" }, "geometry": { "type": "Polygon", "coordinates": [ [ [ 117.600434683990699, -34.760769503676229 ], [ 117.600495998317783, -34.760183055825728 ], [ 117.600785391148236, -34.759406112669765 ], [ 117.600102223965379, -34.758615930447164 ], [ 117.599550312351042, -34.757843133281455 ], [ 117.598808373939804, -34.756476104548312 ], [ 117.598385711134512, -34.755441154740581 ], [ 117.598149833992096, -34.754549568017737 ], [ 117.598168954096835, -34.75417073350539 ], [ 117.598450675937045, -34.753844714518848 ], [ 117.598907853720405, -34.753608008420919 ], [ 117.599748527013872, -34.753522712251666 ], [ 117.60100534479659, -34.753570621659549 ], [ 117.601629141626987, -34.75371182350009 ], [ 117.602265175403105, -34.754033314237816 ], [ 117.60273778952768, -34.754418734004808 ], [ 117.603156697975479, -34.754930664725855 ], [ 117.603478002076116, -34.755542271595537 ], [ 117.603934294088717, -34.756685248099444 ], [ 117.604110421243689, -34.756864726968317 ], [ 117.604447743363224, -34.756673682868275 ], [ 117.604772494400919, -34.756257259612035 ], [ 117.605328922030452, -34.754649357171338 ], [ 117.605555199455779, -34.754215385964891 ], [ 117.605881318557906, -34.753988323079867 ], [ 117.606242189297944, -34.754031615193817 ], [ 117.607207461364609, -34.754549828260032 ], [ 117.608405093798794, -34.755463648393054 ], [ 117.60917578545147, -34.756262363947378 ], [ 117.609574481582214, -34.756990796230369 ], [ 117.609567333149542, -34.757504836483548 ], [ 117.609286769303395, -34.75798417459967 ], [ 117.608765630018198, -34.758437662164866 ], [ 117.6077000944356, -34.759155376638809 ], [ 117.606905453410121, -34.759565132813364 ], [ 117.604756208503517, -34.760017689611495 ], [ 117.603361054686076, -34.76049352710983 ], [ 117.602708422395608, -34.760902552222291 ], [ 117.601591702128019, -34.762107418239211 ], [ 117.60089527654128, -34.762507632385073 ], [ 117.60056049025728, -34.76154439871582 ], [ 117.600434683990699, -34.760769503676229 ] ] ] } },
{ "type": "Feature", "properties": { "CODE": "P_ng", "JNCODE": "si5011; P_ng", "fme_featur": "geology_surface_si5011" }, "geometry": { "type": "Polygon", "coordinates": [ [ [ 117.74395239670703, -34.737072643425165 ], [ 117.742537124051623, -34.736386927272115 ], [ 117.741009024464248, -34.735296090351127 ], [ 117.740788397191736, -34.735053958042947 ], [ 117.740720929908818, -34.734837946700956 ], [ 117.740773370623884, -34.734594153410093 ], [ 117.740945879199643, -34.734340612186365 ], [ 117.741347599607138, -34.734067640707075 ], [ 117.741925044895751, -34.733901808502793 ], [ 117.742645448591574, -34.733843312858781 ], [ 117.743235991897222, -34.733920868957121 ], [ 117.743718441745941, -34.734125328192022 ], [ 117.745168638480436, -34.735054291677493 ], [ 117.745661860297446, -34.735240642068085 ], [ 117.74662524838935, -34.73547821466876 ], [ 117.746845163471548, -34.735639182561094 ], [ 117.747011195844607, -34.735881638592915 ], [ 117.747046642255157, -34.7361790007634 ], [ 117.746939685938031, -34.736432148470925 ], [ 117.746658368200571, -34.736731452893167 ], [ 117.746299777094649, -34.73694105454976 ], [ 117.74579837548275, -34.737061354079323 ], [ 117.744936190796651, -34.737147788439245 ], [ 117.744313501055416, -34.737142577746887 ], [ 117.74395239670703, -34.737072643425165 ] ] ] } },
{ "type": "Feature", "properties": { "CODE": "P_ns", "JNCODE": "si5011; P_ns", "fme_featur": "geology_surface_si5011" }, "geometry": { "type": "Polygon", "coordinates": [ [ [ 117.782532392616872, -34.682373749207073 ], [ 117.781831774225424, -34.683325094870241 ], [ 117.781426039251542, -34.684292581447238 ], [ 117.781207392553412, -34.685421184561676 ], [ 117.781213237208931, -34.686043362231011 ], [ 117.781283054566885, -34.68650281279578 ], [ 117.7805898338638, -34.687084381644503 ], [ 117.779783034306647, -34.688361029157861 ], [ 117.779242788256667, -34.688959646695871 ], [ 117.778873737395188, -34.689187445979243 ], [ 117.778547000067434, -34.689270692133718 ], [ 117.77828449565439, -34.689218263125191 ], [ 117.778042559119271, -34.689030438122714 ], [ 117.777909029756259, -34.688760762245742 ], [ 117.777862073982803, -34.688409375198745 ], [ 117.777767132767366, -34.682927272222386 ], [ 117.777562934930103, -34.680935681305975 ], [ 117.778054925916663, -34.679850427215598 ], [ 117.778509348466415, -34.678251406472562 ], [ 117.778867943863872, -34.678077780774906 ], [ 117.779314534271109, -34.677975732449397 ], [ 117.781179406838746, -34.67779246026624 ], [ 117.781337977053369, -34.678404642187452 ], [ 117.781604854720868, -34.678925953161695 ], [ 117.782007890327023, -34.679996464749465 ], [ 117.782532392616872, -34.682373749207073 ] ] ] } },
{ "type": "Feature", "properties": { "CODE": "P_gp", "JNCODE": "si5011; P_gp", "fme_featur": "geology_surface_si5011" }, "geometry": { "type": "Polygon", "coordinates": [ [ [ 117.71979766832213, -34.693906196020528 ], [ 117.719084062200963, -34.692188038507815 ], [ 117.720545548696165, -34.692017088729742 ], [ 117.721834391275507, -34.692081602915188 ], [ 117.722830276965979, -34.692355247192836 ], [ 117.723214572658762, -34.692605461273708 ], [ 117.723435191233932, -34.692865663487261 ], [ 117.723525118356562, -34.693162711827661 ], [ 117.723450973205217, -34.693424663618508 ], [ 117.723180629912022, -34.693723850351205 ], [ 117.722670808481936, -34.694105615595724 ], [ 117.721704173262168, -34.694688472977916 ], [ 117.721279253751064, -34.694790182716332 ], [ 117.720482826720641, -34.694858017370969 ], [ 117.720118723169165, -34.694418304970362 ], [ 117.71979766832213, -34.693906196020528 ] ] ] } },
{ "type": "Feature", "properties": { "CODE": "P_gp", "JNCODE": "si5011; P_gp", "fme_featur": "geology_surface_si5011" }, "geometry": { "type": "Polygon", "coordinates": [ [ [ 117.539246639000908, -34.737555800946026 ], [ 117.538844637076224, -34.737891234599886 ], [ 117.538332577644795, -34.738100905747935 ], [ 117.537917600377327, -34.738120774540214 ], [ 117.534430901805749, -34.737811486363753 ], [ 117.530799800917222, -34.737123984411816 ], [ 117.530558451136244, -34.733545009782411 ], [ 117.531118059697548, -34.733939349809539 ], [ 117.531829787417578, -34.734206775340247 ], [ 117.536205986500661, -34.735269712931114 ], [ 117.537180073408663, -34.735563004849226 ], [ 117.5381439453935, -34.735964546381354 ], [ 117.539524846178224, -34.736661817529402 ], [ 117.53946241222404, -34.737140031700378 ], [ 117.539246639000908, -34.737555800946026 ] ] ] } },
{ "type": "Feature", "properties": { "CODE": "P_gp", "JNCODE": "si5011; P_gp", "fme_featur": "geology_surface_si5011" }, "geometry": { "type": "Polygon", "coordinates": [ [ [ 117.404230934875287, -34.726869644011927 ], [ 117.403769258055547, -34.728512408703331 ], [ 117.403713369238986, -34.730496502092329 ], [ 117.403576545972868, -34.731561051406558 ], [ 117.403404452672703, -34.732111704871322 ], [ 117.403176778545685, -34.732464151309074 ], [ 117.402839390701558, -34.732717764834391 ], [ 117.402174002952776, -34.732909336487623 ], [ 117.401078690821535, -34.732290722409402 ], [ 117.399663635577539, -34.731050922195223 ], [ 117.398819936109447, -34.730503603795476 ], [ 117.397845823759795, -34.730091971948703 ], [ 117.395570164973535, -34.729314837249504 ], [ 117.395219654648102, -34.72910856628701 ], [ 117.394649066492789, -34.728560332267435 ], [ 117.393902229814913, -34.727697043562969 ], [ 117.393109499731395, -34.726364974026396 ], [ 117.392735713553094, -34.725852166551505 ], [ 117.392296868143973, -34.725438762917832 ], [ 117.391365175497569, -34.724738373141641 ], [ 117.390796170591685, -34.724514755370684 ], [ 117.389954331882535, -34.724337097449329 ], [ 117.386009495206508, -34.72391680751533 ], [ 117.382413739624226, -34.723396098792882 ], [ 117.382107264399878, -34.723252775937645 ], [ 117.381854362660974, -34.722883839836094 ], [ 117.381709685682949, -34.722298137337852 ], [ 117.381718162056899, -34.721766061536705 ], [ 117.382021686144952, -34.721269131994653 ], [ 117.382598576179589, -34.72084348576513 ], [ 117.383383800181093, -34.720597537078461 ], [ 117.384300952875762, -34.72054054073957 ], [ 117.385044029946954, -34.72062837234737 ], [ 117.385689862124025, -34.720941951916487 ], [ 117.386072617892481, -34.721048952979146 ], [ 117.389217761739928, -34.720984838795879 ], [ 117.39193985525317, -34.721535214289183 ], [ 117.395371719549772, -34.722047156278272 ], [ 117.396868630493657, -34.722177555748658 ], [ 117.397720433215937, -34.722156742345383 ], [ 117.398440743057108, -34.722046175338832 ], [ 117.398844020789184, -34.721873517963758 ], [ 117.400303257396317, -34.720984989703055 ], [ 117.400772141915667, -34.72083014591697 ], [ 117.401296198336325, -34.720792349725969 ], [ 117.401766475740331, -34.72092606642564 ], [ 117.403245429315177, -34.72185902891809 ], [ 117.403628299034779, -34.721984009884963 ], [ 117.404524442900026, -34.722098268628933 ], [ 117.404379586914303, -34.725994427096509 ], [ 117.404230934875287, -34.726869644011927 ] ] ] } },
{ "type": "Feature", "properties": { "CODE": "P_ns", "JNCODE": "si5011; P_ns", "fme_featur": "geology_surface_si5011" }, "geometry": { "type": "Polygon", "coordinates": [ [ [ 117.477994541520687, -34.638372370611201 ], [ 117.477292650639811, -34.637743868791361 ], [ 117.477081582406257, -34.637086390227466 ], [ 117.476967780936036, -34.636266209201203 ], [ 117.477115619048774, -34.635408933225413 ], [ 117.477525760308012, -34.634631791112739 ], [ 117.478436664273374, -34.633663308907416 ], [ 117.478663804209106, -34.633319738504412 ], [ 117.47870537153257, -34.632958860404699 ], [ 117.477816142564379, -34.631997434585408 ], [ 117.477225262617836, -34.631693140127176 ], [ 117.476950404875822, -34.631324482272809 ], [ 117.477099680534508, -34.630719700639418 ], [ 117.477970529952557, -34.630382629650278 ], [ 117.478950725873204, -34.630090212523946 ], [ 117.479823585945482, -34.630104817684845 ], [ 117.480501063925303, -34.630291526119642 ], [ 117.481058280117438, -34.630433615761461 ], [ 117.481539965291148, -34.630720287084834 ], [ 117.481815154008714, -34.631143040498451 ], [ 117.481861712338045, -34.631647857577441 ], [ 117.481104648440805, -34.632796116158417 ], [ 117.480508093106323, -34.633402665326045 ], [ 117.480076477450552, -34.63423400923643 ], [ 117.479894539168839, -34.634847940493103 ], [ 117.480140017004459, -34.635793850728682 ], [ 117.480853707578774, -34.636575593574257 ], [ 117.480997363554494, -34.636890652471905 ], [ 117.481042670994867, -34.637179045527795 ], [ 117.480978978714703, -34.637485904198641 ], [ 117.480643721031029, -34.638001244282805 ], [ 117.480231097723788, -34.638345548638341 ], [ 117.47971965270051, -34.638582025959302 ], [ 117.47943618559384, -34.638619212097765 ], [ 117.478683563476352, -34.638658239897147 ], [ 117.477994541520687, -34.638372370611201 ] ] ] } },
{ "type": "Feature", "properties": { "CODE": "P_ns", "JNCODE": "si5011; P_ns", "fme_featur": "geology_surface_si5011" }, "geometry": { "type": "Polygon", "coordinates": [ [ [ 117.495042878588777, -34.633822484105544 ], [ 117.49590567424778, -34.633972282793671 ], [ 117.496560109060255, -34.633942566556257 ], [ 117.49713763588305, -34.633822981671514 ], [ 117.499629733253698, -34.632766726158266 ], [ 117.50019622934731, -34.632629136280329 ], [ 117.501068087596025, -34.63247225394656 ], [ 117.501614931104598, -34.63269545278331 ], [ 117.502053440287128, -34.63304534521194 ], [ 117.502352027870927, -34.633711437581731 ], [ 117.502912786271949, -34.634430555533392 ], [ 117.50345948407643, -34.634626692968233 ], [ 117.50450788209227, -34.634793700099308 ], [ 117.505304204677856, -34.634772367784301 ], [ 117.505860506355759, -34.634752026018376 ], [ 117.506133202071652, -34.634741876822247 ], [ 117.509134172459952, -34.634846618506025 ], [ 117.513454652293177, -34.634846542069788 ], [ 117.513240506737432, -34.635505746765503 ], [ 117.512715455941915, -34.637059025821266 ], [ 117.512394801707273, -34.638142515538782 ], [ 117.512323530251379, -34.638972457128695 ], [ 117.509955220217421, -34.638865150937676 ], [ 117.509016251530554, -34.638760859315198 ], [ 117.507672716362308, -34.638513959567291 ], [ 117.506688850883876, -34.638202426252349 ], [ 117.505442102879499, -34.637720635477407 ], [ 117.503045916757102, -34.636603310479074 ], [ 117.5025215168545, -34.636488240155067 ], [ 117.502137918888153, -34.636201248639772 ], [ 117.501066602624419, -34.635853958208003 ], [ 117.499855302856901, -34.63581383933905 ], [ 117.498798743847999, -34.636106736509895 ], [ 117.498309456306416, -34.636388290263376 ], [ 117.496225759840243, -34.636423839556478 ], [ 117.495538199199189, -34.636390563644312 ], [ 117.493856256285682, -34.63609979641106 ], [ 117.492012322865875, -34.636089213279313 ], [ 117.490726297861357, -34.636328858939955 ], [ 117.489526964774115, -34.636468946629215 ], [ 117.48792183434584, -34.636249932058135 ], [ 117.486206031254298, -34.635760801571109 ], [ 117.484806221862428, -34.63519824820856 ], [ 117.483316692498335, -34.634212194327247 ], [ 117.482811489060396, -34.633637051523991 ], [ 117.482754066119938, -34.63314129587669 ], [ 117.482761893622069, -34.632609210417932 ], [ 117.482945896494613, -34.632355981535376 ], [ 117.483652360569792, -34.631893270651062 ], [ 117.48438163191723, -34.631601804702001 ], [ 117.485111685536395, -34.631445599393068 ], [ 117.48527338692034, -34.631111294826432 ], [ 117.485324993880241, -34.630606088534442 ], [ 117.485314031854386, -34.630597114277258 ], [ 117.485385408848586, -34.629740132107322 ], [ 117.485668317462398, -34.629612755696186 ], [ 117.486071754147304, -34.629575077135407 ], [ 117.486377585031349, -34.629636983122921 ], [ 117.486762152236423, -34.630104378523377 ], [ 117.487004004367009, -34.630419038710734 ], [ 117.487511748917072, -34.631427012139149 ], [ 117.487862598731724, -34.631723199071523 ], [ 117.489010017206411, -34.632043247507184 ], [ 117.490440725924415, -34.632299021212276 ], [ 117.492779352555473, -34.632956917325103 ], [ 117.495042878588777, -34.633822484105544 ] ] ] } },
{ "type": "Feature", "properties": { "CODE": "P_ng", "JNCODE": "si5011; P_ng", "fme_featur": "geology_surface_si5011" }, "geometry": { "type": "Polygon", "coordinates": [ [ [ 117.565889656007769, -34.731140589558379 ], [ 117.566822716837962, -34.730216447373579 ], [ 117.567192354911583, -34.729962231575854 ], [ 117.567617465639117, -34.729834003793201 ], [ 117.568239918276902, -34.729813066353479 ], [ 117.568906986892017, -34.729927182656411 ], [ 117.569388809175663, -34.730105285130215 ], [ 117.569773259763366, -34.730419106443208 ], [ 117.570016092198884, -34.730787695399336 ], [ 117.570150134718162, -34.731219916873506 ], [ 117.570152859487607, -34.731616682160229 ], [ 117.570012970471694, -34.731923938053527 ], [ 117.569665920402358, -34.73228626887677 ], [ 117.569067829375086, -34.73267682482993 ], [ 117.568261952376645, -34.733032276673477 ], [ 117.567716860289934, -34.733188119026366 ], [ 117.566770971242306, -34.732236649562523 ], [ 117.565889656007769, -34.731140589558379 ] ] ] } },
{ "type": "Feature", "properties": { "CODE": "P_ng", "JNCODE": "si5011; P_ng", "fme_featur": "geology_surface_si5011" }, "geometry": { "type": "Polygon", "coordinates": [ [ [ 117.566181769383363, -34.724321858250612 ], [ 117.56594841992812, -34.723736792316394 ], [ 117.565868343642791, -34.72320512018964 ], [ 117.565931353343444, -34.722835101900088 ], [ 117.566157630579738, -34.722383165627051 ], [ 117.566569137733524, -34.721867243719316 ], [ 117.56711157193395, -34.721332675598795 ], [ 117.567594880996239, -34.721736221233613 ], [ 117.568680537478485, -34.722380432440751 ], [ 117.569075994264267, -34.722712240559503 ], [ 117.569341385423158, -34.723188938417124 ], [ 117.569411118770361, -34.72380181574318 ], [ 117.56937039998401, -34.724234855374405 ], [ 117.569263470613805, -34.724569009755442 ], [ 117.569014866765485, -34.724948914327143 ], [ 117.568711281157121, -34.725274968917134 ], [ 117.568385108857427, -34.725492915824397 ], [ 117.567960329859844, -34.725666233173385 ], [ 117.567600217336548, -34.725713000063074 ], [ 117.567152236867429, -34.725688033465367 ], [ 117.566546367643397, -34.724933366424743 ], [ 117.566181769383363, -34.724321858250612 ] ] ] } },
{ "type": "Feature", "properties": { "CODE": "P_ng", "JNCODE": "si5011; P_ng", "fme_featur": "geology_surface_si5011" }, "geometry": { "type": "Polygon", "coordinates": [ [ [ 117.599852752794405, -34.715034818963396 ], [ 117.599438949591956, -34.715199174023518 ], [ 117.598318499539445, -34.71580886680205 ], [ 117.597697848576402, -34.716064408499413 ], [ 117.595483762260201, -34.71646301102065 ], [ 117.594590082234532, -34.716719871109206 ], [ 117.594144078584591, -34.716965524599132 ], [ 117.593742528450178, -34.71731917210878 ], [ 117.593255219065426, -34.717898678166847 ], [ 117.592963898774073, -34.718396069310351 ], [ 117.592857136171546, -34.718739261063249 ], [ 117.592837804469127, -34.719091044977112 ], [ 117.592927682349412, -34.719442297406168 ], [ 117.593115592603198, -34.719757001770397 ], [ 117.593665252590696, -34.720259314961048 ], [ 117.595124669318523, -34.721217086698616 ], [ 117.595312204149963, -34.721477683253532 ], [ 117.5955356723438, -34.722179970278823 ], [ 117.595965939549529, -34.722782050809911 ], [ 117.597098624154157, -34.723858625918773 ], [ 117.598098329588566, -34.724665312810849 ], [ 117.597804337939053, -34.72630797284333 ], [ 117.596582060604277, -34.726449229996142 ], [ 117.59546751072304, -34.726382541817848 ], [ 117.594504706638574, -34.726152784786116 ], [ 117.593452406542752, -34.725625872760816 ], [ 117.593014569208293, -34.725492739762629 ], [ 117.591374120342039, -34.725194113295331 ], [ 117.590980937982209, -34.725196021365733 ], [ 117.590697550211345, -34.725278554950123 ], [ 117.589054123430031, -34.726098104009317 ], [ 117.586531589858737, -34.727715422702012 ], [ 117.58610811139134, -34.728069150453742 ], [ 117.58596809656477, -34.728349372083152 ], [ 117.585949434024727, -34.728800345756191 ], [ 117.586017576724046, -34.729169742730619 ], [ 117.586351167033229, -34.730006781342915 ], [ 117.586387245879962, -34.730475526787217 ], [ 117.586259424028071, -34.730936043452097 ], [ 117.58591474060016, -34.731623045112158 ], [ 117.58530853096407, -34.730850439517809 ], [ 117.584560532102046, -34.730105564290568 ], [ 117.583824863940151, -34.729559014126089 ], [ 117.583101584236275, -34.729219806731905 ], [ 117.583110163356267, -34.728886111543737 ], [ 117.582955732617663, -34.728670426382315 ], [ 117.582649024971246, -34.72854564626094 ], [ 117.582157399962455, -34.728529961391516 ], [ 117.581535656204025, -34.728650160993361 ], [ 117.58043490871836, -34.728998082802136 ], [ 117.579084196786724, -34.729527536858441 ], [ 117.578375187789774, -34.729666170548853 ], [ 117.577119870049629, -34.729780336586309 ], [ 117.577432427369956, -34.727605593836451 ], [ 117.577645223101925, -34.726792993329049 ], [ 117.577817590170142, -34.72644950381143 ], [ 117.578531589191726, -34.725463187232556 ], [ 117.579080551722612, -34.724306314943341 ], [ 117.578966871783777, -34.723666599371377 ], [ 117.578444702711877, -34.722397585539348 ], [ 117.578634816622056, -34.721467860426102 ], [ 117.578774907894569, -34.721196664173448 ], [ 117.578948578995096, -34.721042538188748 ], [ 117.579841411085013, -34.720650531172019 ], [ 117.58037383824805, -34.720260235093313 ], [ 117.580720602510908, -34.71987082183221 ], [ 117.580892375259893, -34.719446171301918 ], [ 117.580814036595001, -34.719176013966845 ], [ 117.580364071932465, -34.718862538981767 ], [ 117.579936896809741, -34.718684219261206 ], [ 117.57912742997712, -34.718498698174677 ], [ 117.578732707746781, -34.718275131440855 ], [ 117.578358322391139, -34.71783504211664 ], [ 117.578279993540676, -34.717564882983822 ], [ 117.578289093737965, -34.717303326526057 ], [ 117.578417881891056, -34.716978077985665 ], [ 117.578721336364239, -34.716642982039495 ], [ 117.580806496403127, -34.714973802724877 ], [ 117.581163968020903, -34.714557283844783 ], [ 117.581194394895149, -34.714223483746643 ], [ 117.580839964311053, -34.713512775456074 ], [ 117.580837757738365, -34.713197166360899 ], [ 117.581148008907846, -34.71227588110839 ], [ 117.581796708056274, -34.711343961632195 ], [ 117.58160753434872, -34.710839873248545 ], [ 117.581606335027161, -34.710668542546991 ], [ 117.581939039611768, -34.709837324893151 ], [ 117.582231344845411, -34.709475220148796 ], [ 117.582644775224011, -34.709256818888029 ], [ 117.583200918022456, -34.709145945730825 ], [ 117.583790895207883, -34.709188208969671 ], [ 117.584239614989798, -34.709330341531093 ], [ 117.58461265988511, -34.709581048022251 ], [ 117.584898857046937, -34.70990431193146 ], [ 117.585219721170233, -34.710497939792923 ], [ 117.585373106774028, -34.710569344614491 ], [ 117.585851671394934, -34.710296513352958 ], [ 117.586522396217646, -34.709400533689447 ], [ 117.586924385534033, -34.709110031389571 ], [ 117.587763538206815, -34.708871525979994 ], [ 117.589367438872259, -34.708683424361269 ], [ 117.592698370378287, -34.710263400431487 ], [ 117.595302184111404, -34.710936051663317 ], [ 117.598544202553171, -34.712272822881111 ], [ 117.600655481645063, -34.712776441349362 ], [ 117.601006555026174, -34.713000152394706 ], [ 117.601369594799195, -34.713368086411641 ], [ 117.602372351837644, -34.714607574086685 ], [ 117.601760813992385, -34.714610596064013 ], [ 117.599852752794405, -34.715034818963396 ] ] ] } },
{ "type": "Feature", "properties": { "CODE": "P_ns", "JNCODE": "si5011; P_ns", "fme_featur": "geology_surface_si5011" }, "geometry": { "type": "Polygon", "coordinates": [ [ [ 117.463553331176854, -34.680370099856226 ], [ 117.463071568340922, -34.680110414489036 ], [ 117.462393721485128, -34.679923613684764 ], [ 117.461388898167229, -34.679828225329516 ], [ 117.460515867692976, -34.679876615853885 ], [ 117.459589352152904, -34.680123593705325 ], [ 117.458021314882146, -34.680832885282108 ], [ 117.457542939327567, -34.681186376607293 ], [ 117.457315732178799, -34.681556959588363 ], [ 117.4571331297917, -34.682098713282564 ], [ 117.45681822066733, -34.684390417716386 ], [ 117.456636401211995, -34.685076452444555 ], [ 117.456289491178566, -34.685519624199614 ], [ 117.45531068585413, -34.686199620083705 ], [ 117.454821844336607, -34.686643317751951 ], [ 117.454290512027896, -34.687303599166107 ], [ 117.453749336732002, -34.688162306572046 ], [ 117.45347965468163, -34.688758485345993 ], [ 117.452964078708362, -34.690311464643052 ], [ 117.45205370113959, -34.693552234783596 ], [ 117.451622180828195, -34.694509721090682 ], [ 117.450236481007366, -34.69467716862885 ], [ 117.449286325449208, -34.694626568402136 ], [ 117.446987347372101, -34.693480743908246 ], [ 117.444822821475654, -34.692965631035229 ], [ 117.44379429062765, -34.692545544035035 ], [ 117.4419658581904, -34.691578265634071 ], [ 117.441121425660754, -34.690868918323631 ], [ 117.440681954501983, -34.690347475388435 ], [ 117.440362484148181, -34.689807561664573 ], [ 117.440218458141516, -34.689411298407563 ], [ 117.440194141254636, -34.688942460177906 ], [ 117.440345072359037, -34.688581202587628 ], [ 117.440715061695911, -34.688354420032091 ], [ 117.441358599198125, -34.688243877602225 ], [ 117.442188253442339, -34.688231852583577 ], [ 117.443149729876566, -34.688372645441298 ], [ 117.447905196407476, -34.689563647992223 ], [ 117.449303438767785, -34.689711804061695 ], [ 117.449685300976427, -34.689665306705322 ], [ 117.449924945054931, -34.689565226425934 ], [ 117.450229164567006, -34.689293568866404 ], [ 117.450413146100288, -34.688995301538107 ], [ 117.450959312479185, -34.687036418043334 ], [ 117.451250694193391, -34.68641311086634 ], [ 117.451641008367503, -34.68591568571518 ], [ 117.453280157954381, -34.684205234878704 ], [ 117.453605294843655, -34.683771170393008 ], [ 117.453668924889726, -34.683428256751967 ], [ 117.453376543391087, -34.681860245243541 ], [ 117.453559071461953, -34.681300461705447 ], [ 117.454101829447978, -34.680739336368291 ], [ 117.455973125855365, -34.679587088060629 ], [ 117.457201972210754, -34.678734810353184 ], [ 117.458441361232587, -34.677819355869765 ], [ 117.459483992771425, -34.676859541486721 ], [ 117.460779654226513, -34.676259474707742 ], [ 117.461203560331512, -34.67593323012224 ], [ 117.461332846067208, -34.675626135050017 ], [ 117.46152372149362, -34.674615416673802 ], [ 117.461749740146203, -34.674037420192789 ], [ 117.462117853165367, -34.673494955964514 ], [ 117.463376027513291, -34.672056346099083 ], [ 117.463656802011641, -34.671514209077834 ], [ 117.463889037220667, -34.670097526987071 ], [ 117.464239864348414, -34.66646200643099 ], [ 117.464442252984227, -34.665568470194998 ], [ 117.464669083336645, -34.66514376771233 ], [ 117.464972510994571, -34.664754844017907 ], [ 117.465352787354291, -34.664446786760635 ], [ 117.465712242163676, -34.664319164536415 ], [ 117.465996408996645, -34.664390221392942 ], [ 117.466347171745454, -34.664659415203403 ], [ 117.466512246485991, -34.664902265156563 ], [ 117.466590616313198, -34.665253660723558 ], [ 117.466401090083039, -34.670385530432981 ], [ 117.466481284773408, -34.67106156042194 ], [ 117.466769319781108, -34.671817955054493 ], [ 117.46680327875201, -34.672034252761939 ], [ 117.466665025564495, -34.672684065259645 ], [ 117.466278653115893, -34.673857860417115 ], [ 117.464817190697516, -34.676027718293902 ], [ 117.464449688480229, -34.676678401894996 ], [ 117.464288622036889, -34.677156959735044 ], [ 117.46429083644027, -34.677553735186798 ], [ 117.464457693366555, -34.678112204052852 ], [ 117.465162908186045, -34.679290848479724 ], [ 117.465376970081834, -34.680480382506822 ], [ 117.463957678350752, -34.680449721766415 ], [ 117.463553331176854, -34.680370099856226 ] ] ] } },
{ "type": "Feature", "properties": { "CODE": "P_ng", "JNCODE": "si5011; P_ng", "fme_featur": "geology_surface_si5011" }, "geometry": { "type": "Polygon", "coordinates": [ [ [ 117.393912290279118, -34.662994162928626 ], [ 117.39343139719378, -34.662851429825864 ], [ 117.392851089379292, -34.662456514904456 ], [ 117.392390625963429, -34.662016122190231 ], [ 117.391357439990529, -34.660468369367884 ], [ 117.391322918875872, -34.660089729576001 ], [ 117.391572148080201, -34.659710178800587 ], [ 117.391844135662524, -34.659528947553447 ], [ 117.392214597689076, -34.659401506198371 ], [ 117.394122780795172, -34.659043656004897 ], [ 117.394854447040146, -34.659140485326532 ], [ 117.395149878815019, -34.659301849911941 ], [ 117.395434955167602, -34.659580479679093 ], [ 117.395995100935167, -34.660327144917083 ], [ 117.396226431318311, -34.660777286819048 ], [ 117.396260631620521, -34.661083783197149 ], [ 117.396143499855768, -34.661697378836124 ], [ 117.395916627960176, -34.662185080582908 ], [ 117.395406121995975, -34.662700755667338 ], [ 117.394981551700951, -34.662927578516531 ], [ 117.394414500043425, -34.663028610775996 ], [ 117.393912290279118, -34.662994162928626 ] ] ] } },
{ "type": "Feature", "properties": { "CODE": "P_ng", "JNCODE": "si5011; P_ng", "fme_featur": "geology_surface_si5011" }, "geometry": { "type": "Polygon", "coordinates": [ [ [ 117.392111023058717, -34.65594799327917 ], [ 117.391782488323898, -34.655705566646567 ], [ 117.391606566501508, -34.655426577554209 ], [ 117.391528479983066, -34.655066113171351 ], [ 117.391569502012359, -34.654506872927001 ], [ 117.39200147046175, -34.653540571789421 ], [ 117.392739490045855, -34.652681498234656 ], [ 117.392923386202071, -34.652338226276626 ], [ 117.393256648149261, -34.651273041744595 ], [ 117.393165432332111, -34.65044369051202 ], [ 117.393239646311116, -34.64998353905164 ], [ 117.393532485481231, -34.649603843138742 ], [ 117.393978773741097, -34.649367937017381 ], [ 117.394513210410139, -34.649312101841296 ], [ 117.395070411664179, -34.649454584065012 ], [ 117.395464874952992, -34.649795985085206 ], [ 117.395586365110475, -34.650102199110286 ], [ 117.395620772485799, -34.650453784976023 ], [ 117.395535873145946, -34.650959061882446 ], [ 117.39506133597834, -34.65214194284713 ], [ 117.395031721548136, -34.652800344129652 ], [ 117.3952300307744, -34.653196488261166 ], [ 117.39621744290929, -34.654302482904498 ], [ 117.396305774991859, -34.654518624916392 ], [ 117.396284850754455, -34.654708068353841 ], [ 117.396154669469013, -34.654870813168039 ], [ 117.395773749495831, -34.655088479213923 ], [ 117.394357342629476, -34.65557101589004 ], [ 117.392787626974481, -34.655945815568607 ], [ 117.392362191281634, -34.655983256818821 ], [ 117.392111023058717, -34.65594799327917 ] ] ] } },
{ "type": "Feature", "properties": { "CODE": "P_ns", "JNCODE": "si5011; P_ns", "fme_featur": "geology_surface_si5011" }, "geometry": { "type": "Polygon", "coordinates": [ [ [ 117.549852881243197, -34.653255574690064 ], [ 117.549360991800313, -34.653131542504639 ], [ 117.548889917931518, -34.652854111862432 ], [ 117.548143665721781, -34.652217204275615 ], [ 117.547769861723197, -34.651795046933181 ], [ 117.547482824933837, -34.651291338540737 ], [ 117.547425300328413, -34.650840706148898 ], [ 117.547553458176139, -34.650416293491617 ], [ 117.547834975166822, -34.650081369925246 ], [ 117.548302407972827, -34.649808734576929 ], [ 117.548880382952618, -34.649752027461588 ], [ 117.549645168811566, -34.649892867606589 ], [ 117.550982807640338, -34.650851736757069 ], [ 117.552536327250877, -34.651448900511092 ], [ 117.552843243702455, -34.65165491900828 ], [ 117.552986419118469, -34.65185266158975 ], [ 117.552988754636601, -34.652204345537456 ], [ 117.55279442988909, -34.652520849949717 ], [ 117.552403682155315, -34.652838244058138 ], [ 117.551925034922135, -34.653065856735928 ], [ 117.551413050776034, -34.653203440222704 ], [ 117.550693312292765, -34.65327883536839 ], [ 117.549852881243197, -34.653255574690064 ] ] ] } },
{ "type": "Feature", "properties": { "CODE": "P_ns", "JNCODE": "si5011; P_ns", "fme_featur": "geology_surface_si5011" }, "geometry": { "type": "Polygon", "coordinates": [ [ [ 117.586751057170204, -34.610212887604156 ], [ 117.588039632598779, -34.610432129877161 ], [ 117.588837730796584, -34.61069881599483 ], [ 117.589212063349734, -34.611192990395388 ], [ 117.590059924938345, -34.612325141369361 ], [ 117.590466418456288, -34.612737995550646 ], [ 117.591078360045842, -34.612897353461726 ], [ 117.591362517674, -34.612977136996761 ], [ 117.591907228281485, -34.612884316962116 ], [ 117.593923984495319, -34.611197196429153 ], [ 117.594195047658616, -34.610970430403341 ], [ 117.59468295763827, -34.610562250056155 ], [ 117.595561054779523, -34.60980948550462 ], [ 117.596397895977617, -34.609390576644429 ], [ 117.597358123068886, -34.609449003863766 ], [ 117.598176889664401, -34.609553206398601 ], [ 117.598657231059093, -34.609613975283118 ], [ 117.598183575769355, -34.612006027093642 ], [ 117.597980289502985, -34.612557112004822 ], [ 117.597742792878506, -34.612900953829509 ], [ 117.597060688356294, -34.613607685535428 ], [ 117.596323649485484, -34.614260574905614 ], [ 117.591052547412005, -34.618488539713113 ], [ 117.590315673771471, -34.619177463293163 ], [ 117.589829223510122, -34.619802046980304 ], [ 117.589689525521763, -34.620100310924336 ], [ 117.589637919579218, -34.620515380774407 ], [ 117.589694883443613, -34.620857783114076 ], [ 117.58982756643627, -34.62110964097544 ], [ 117.590398426806502, -34.621620895859529 ], [ 117.591274468287224, -34.62209459778682 ], [ 117.591996907380235, -34.62244278925715 ], [ 117.592620152097126, -34.622647173075578 ], [ 117.593767062534482, -34.622858023620651 ], [ 117.594793086220974, -34.622943203266232 ], [ 117.598531527426914, -34.622492061461145 ], [ 117.601780230151476, -34.62220554310953 ], [ 117.603612480983628, -34.622151401190308 ], [ 117.604354564704479, -34.622192815984931 ], [ 117.605457798504162, -34.62239475504898 ], [ 117.605995119937987, -34.622779853227087 ], [ 117.606284440835722, -34.623562965972262 ], [ 117.606328533454999, -34.623625871550679 ], [ 117.606395820501589, -34.623878036024351 ], [ 117.606343049495877, -34.624121779476475 ], [ 117.605845455767806, -34.624701392342423 ], [ 117.604010279749602, -34.625864774297767 ], [ 117.603347330973492, -34.626210732392273 ], [ 117.602694176931209, -34.626403335591675 ], [ 117.600014583886519, -34.626966633171683 ], [ 117.599307066227794, -34.627186539149726 ], [ 117.596263294153474, -34.628698414326664 ], [ 117.595405665706437, -34.629288762023705 ], [ 117.594095044856346, -34.630611754187697 ], [ 117.593275630602577, -34.631977432949299 ], [ 117.591757778240961, -34.633319443312033 ], [ 117.590334296344835, -34.634128927007623 ], [ 117.588953406404912, -34.63479390344223 ], [ 117.588075243602134, -34.635582690670894 ], [ 117.587360334021838, -34.636316578574657 ], [ 117.587149504069615, -34.637363659922926 ], [ 117.587169629463617, -34.638671145504865 ], [ 117.587262951294008, -34.639527387975861 ], [ 117.587844452746367, -34.639984494612065 ], [ 117.587866719293103, -34.640047511929289 ], [ 117.587876646498671, -34.641454241772792 ], [ 117.587989318419858, -34.641958695622563 ], [ 117.588144489219559, -34.642300623906337 ], [ 117.58720742664535, -34.642485495623589 ], [ 117.58627105795118, -34.642769552662138 ], [ 117.584672215483693, -34.643498652851314 ], [ 117.583760492567023, -34.644188373657826 ], [ 117.583424964019926, -34.644577744880344 ], [ 117.583252911172153, -34.644939279997942 ], [ 117.583211286847188, -34.645228048739114 ], [ 117.583289307523899, -34.645462138422694 ], [ 117.583509491586355, -34.645740636883986 ], [ 117.583959321359856, -34.64609017784354 ], [ 117.584386129923985, -34.646268489237329 ], [ 117.585992387345499, -34.646585421890848 ], [ 117.586353543574162, -34.646736988422205 ], [ 117.586518231276742, -34.646880481194181 ], [ 117.586695990835167, -34.647330515945029 ], [ 117.586688446076963, -34.647808495455308 ], [ 117.58651741710932, -34.648314314752405 ], [ 117.586257632333627, -34.648613151238777 ], [ 117.585888220888521, -34.648840371578565 ], [ 117.58513683279088, -34.649060406533557 ], [ 117.581789822139513, -34.649491239998987 ], [ 117.58041669329063, -34.649750281937095 ], [ 117.579937639459473, -34.649905863777683 ], [ 117.578775082988699, -34.650632811053782 ], [ 117.577461925920971, -34.651676083419389 ], [ 117.57717042417778, -34.65212835332683 ], [ 117.577174299483843, -34.65268743825871 ], [ 117.576602132704579, -34.653582906851256 ], [ 117.576443878674027, -34.654368203083614 ], [ 117.576468013637367, -34.654701747287014 ], [ 117.576568286877432, -34.654998860295251 ], [ 117.577151527427944, -34.655699488627413 ], [ 117.576086768696825, -34.656380858221809 ], [ 117.575075123938177, -34.656854558878031 ], [ 117.574116725966803, -34.657138626875756 ], [ 117.573309549070288, -34.657196531660894 ], [ 117.571841406227051, -34.656355753697795 ], [ 117.569673033910604, -34.655247697507036 ], [ 117.568697748096113, -34.654657075709494 ], [ 117.567326556124598, -34.653617398778309 ], [ 117.565339169697125, -34.651823069204092 ], [ 117.564944374550791, -34.651536329283331 ], [ 117.564266356967352, -34.651323041428014 ], [ 117.562989033014901, -34.651238767522564 ], [ 117.56256382748613, -34.651294836794584 ], [ 117.562843031398117, -34.650626230793769 ], [ 117.562915026517771, -34.649976616439382 ], [ 117.563356131647254, -34.649045745254888 ], [ 117.563229820327066, -34.648117494495246 ], [ 117.562886621841315, -34.647388636607474 ], [ 117.563757044969918, -34.647014885460436 ], [ 117.564825212123793, -34.646838604184396 ], [ 117.566972750862547, -34.646531050566217 ], [ 117.569428628669144, -34.646636838942598 ], [ 117.570519898333018, -34.64664977392323 ], [ 117.570946248965953, -34.646765009977763 ], [ 117.571581466252198, -34.64710471085214 ], [ 117.572569578423938, -34.64798382016496 ], [ 117.573632789320769, -34.648673194137849 ], [ 117.574081413107479, -34.648851438949521 ], [ 117.575215237765619, -34.648701810977016 ], [ 117.576432669290156, -34.648019727015161 ], [ 117.577801090607252, -34.647084417132639 ], [ 117.578518243270892, -34.646648162471934 ], [ 117.579341742370246, -34.645814615085762 ], [ 117.57936337686165, -34.645787458892904 ], [ 117.579869793615956, -34.643296137746695 ], [ 117.580316810512343, -34.641679823822663 ], [ 117.5805812843751, -34.640488214179037 ], [ 117.58057305176591, -34.639306920106584 ], [ 117.580010966899081, -34.638497991449825 ], [ 117.579939666900486, -34.637659673799071 ], [ 117.579913076099118, -34.636974446275012 ], [ 117.580303644183815, -34.636656964965979 ], [ 117.580639533143966, -34.63632170710445 ], [ 117.581692145711145, -34.635505087747347 ], [ 117.582071160239082, -34.635097477703745 ], [ 117.583206594963301, -34.632089119829942 ], [ 117.583876857133404, -34.631211184359088 ], [ 117.584974213626822, -34.630565660931708 ], [ 117.586028740423615, -34.630037565135751 ], [ 117.588325818563135, -34.629350170211296 ], [ 117.589620691205056, -34.628874990857305 ], [ 117.589631600302681, -34.628874938121889 ], [ 117.590239571998424, -34.628457177781421 ], [ 117.590463806481125, -34.627770737955963 ], [ 117.590447786866633, -34.627049389598675 ], [ 117.59008332561227, -34.626419905549717 ], [ 117.588469166862495, -34.624930744270515 ], [ 117.585332593795926, -34.622565128158584 ], [ 117.58492645644894, -34.622206362948226 ], [ 117.584278952007168, -34.621650360298482 ], [ 117.583960720257267, -34.621381349057742 ], [ 117.583843302736213, -34.620191556569644 ], [ 117.583931874174581, -34.618820421072598 ], [ 117.584231036611541, -34.617926222464085 ], [ 117.584448052309995, -34.617762861806291 ], [ 117.584773574261234, -34.61751782010365 ], [ 117.587206481114478, -34.617578276241794 ], [ 117.587653439451458, -34.617540052618899 ], [ 117.588095627017694, -34.616825512344903 ], [ 117.588157764452561, -34.61635628504736 ], [ 117.587769010967719, -34.615366196052136 ], [ 117.587295422663075, -34.61471919212849 ], [ 117.586910685808277, -34.61429720496885 ], [ 117.584381643673751, -34.61295666857594 ], [ 117.583163648735152, -34.61191642618882 ], [ 117.583069962742712, -34.610997053126816 ], [ 117.583327688536698, -34.610418678578057 ], [ 117.583520980569759, -34.609984897296982 ], [ 117.584345967745961, -34.609421841827505 ], [ 117.584705504991547, -34.609366012151106 ], [ 117.585719624491873, -34.609334094205181 ], [ 117.585884109573698, -34.609459554371753 ], [ 117.58626805792845, -34.609773334812608 ], [ 117.586751057170204, -34.610212887604156 ] ] ] } },
{ "type": "Feature", "properties": { "CODE": "P_ns", "JNCODE": "si5011; P_ns", "fme_featur": "geology_surface_si5011" }, "geometry": { "type": "Polygon", "coordinates": [ [ [ 117.512469752878246, -34.597092809019301 ], [ 117.512032774845295, -34.596968392668529 ], [ 117.511704516807939, -34.596789411414726 ], [ 117.511375707526739, -34.596520252457324 ], [ 117.511133974452378, -34.596223674147708 ], [ 117.51100024320364, -34.59575530276571 ], [ 117.511126683289248, -34.595033340121589 ], [ 117.511439551593071, -34.594481936456816 ], [ 117.511960932274221, -34.594146087317938 ], [ 117.512701343651031, -34.593962620463799 ], [ 117.513454376358482, -34.594058651378006 ], [ 117.514001387930819, -34.594344921785243 ], [ 117.514320070273897, -34.594740367230088 ], [ 117.514422048957812, -34.595362173339964 ], [ 117.514349994950109, -34.596056856267076 ], [ 117.514069133032393, -34.59649089952164 ], [ 117.513396074482671, -34.59698971820341 ], [ 117.513036928027446, -34.597108461546895 ], [ 117.512469752878246, -34.597092809019301 ] ] ] } },
{ "type": "Feature", "properties": { "CODE": "P_ns", "JNCODE": "si5011; P_ns", "fme_featur": "geology_surface_si5011" }, "geometry": { "type": "Polygon", "coordinates": [ [ [ 117.488865318176494, -34.581309076607305 ], [ 117.488547968544111, -34.581111952512956 ], [ 117.488153508477282, -34.580779866818148 ], [ 117.487846011692454, -34.580402342516059 ], [ 117.487635274424875, -34.579789964210839 ], [ 117.487608518418227, -34.578942383914239 ], [ 117.487745987464663, -34.578211380701319 ], [ 117.48809202604366, -34.577723028069926 ], [ 117.488786730361795, -34.577197206870522 ], [ 117.489113119381528, -34.577078666017094 ], [ 117.489538105679273, -34.577040890449197 ], [ 117.490171509422169, -34.577218707417465 ], [ 117.490555110845307, -34.577559848414246 ], [ 117.490744164336348, -34.578190344913004 ], [ 117.490848755479604, -34.579290114022868 ], [ 117.490678179355783, -34.579949110019434 ], [ 117.490235344140558, -34.580663307259016 ], [ 117.489714910486484, -34.581161383542373 ], [ 117.489182035266666, -34.581397987058402 ], [ 117.488865318176494, -34.581309076607305 ] ] ] } },
{ "type": "Feature", "properties": { "CODE": "P_ns", "JNCODE": "si5011; P_ns", "fme_featur": "geology_surface_si5011" }, "geometry": { "type": "Polygon", "coordinates": [ [ [ 117.572666710560085, -34.619252574051593 ], [ 117.571670878875295, -34.618788316815831 ], [ 117.571174961536514, -34.618051176260487 ], [ 117.571113813673378, -34.617086552675893 ], [ 117.571449662246664, -34.616751319464534 ], [ 117.572014874976333, -34.616460099323341 ], [ 117.572679365772288, -34.616330731870519 ], [ 117.573159605198143, -34.616373565760256 ], [ 117.5738260793308, -34.61653275393649 ], [ 117.574460641033454, -34.616809320764631 ], [ 117.574887714123207, -34.617050790833446 ], [ 117.575162954019234, -34.617419225200564 ], [ 117.57517641217035, -34.617788893471577 ], [ 117.575222220349005, -34.618104302105252 ], [ 117.575061652263472, -34.618546933578735 ], [ 117.57476956683881, -34.618900006101164 ], [ 117.574280702520397, -34.619190879528873 ], [ 117.57368163887341, -34.619319948080353 ], [ 117.573190908322431, -34.619340290570427 ], [ 117.572666710560085, -34.619252574051593 ] ] ] } },
{ "type": "Feature", "properties": { "CODE": "P_ns", "JNCODE": "si5011; P_ns", "fme_featur": "geology_surface_si5011" }, "geometry": { "type": "Polygon", "coordinates": [ [ [ 117.5473495391022, -34.601098585703163 ], [ 117.547336207981175, -34.600728912145918 ], [ 117.547551713854432, -34.600331158227725 ], [ 117.547866017585676, -34.600032157119756 ], [ 117.548159515533584, -34.599886552762833 ], [ 117.549738716415007, -34.599563822122931 ], [ 117.550699874216761, -34.599784935200248 ], [ 117.551334709457038, -34.600133765969225 ], [ 117.551488875398519, -34.600358516423427 ], [ 117.551545131409597, -34.600619780818867 ], [ 117.55149251152821, -34.600908590969979 ], [ 117.551330716610167, -34.601179858668715 ], [ 117.551005575124634, -34.601487935431408 ], [ 117.550559517146269, -34.601652270837512 ], [ 117.547954496854231, -34.6018804265235 ], [ 117.547526335889145, -34.601449490057355 ], [ 117.5473495391022, -34.601098585703163 ] ] ] } },
{ "type": "Feature", "properties": { "CODE": "P_gp", "JNCODE": "si5011; P_gp", "fme_featur": "geology_surface_si5011" }, "geometry": { "type": "MultiPolygon", "coordinates": [ [ [ [ 117.181118191036873, -34.782287947407774 ], [ 117.181381887451877, -34.782918797209952 ], [ 117.181788884005158, -34.784099515021744 ], [ 117.182260481475211, -34.784829247262998 ], [ 117.182688167601569, -34.785468866042201 ], [ 117.182601739557484, -34.785928900668694 ], [ 117.18036619908861, -34.788303899870733 ], [ 117.180039340074572, -34.788791341734537 ], [ 117.179995852625538, -34.788899618926727 ], [ 117.180002354409439, -34.781829697214761 ], [ 117.180505317971068, -34.781919129970916 ], [ 117.181118191036873, -34.782287947407774 ] ] ], [ [ [ 117.180175273517193, -34.790982451005235 ], [ 117.180001005690926, -34.791271276406469 ], [ 117.179998399692863, -34.790071921218825 ], [ 117.180108472383907, -34.790423450169371 ], [ 117.180175273517193, -34.790982451005235 ] ] ] ] } },
{ "type": "Feature", "properties": { "CODE": "P_gp", "JNCODE": "si5011; P_gp", "fme_featur": "geology_surface_si5011" }, "geometry": { "type": "Polygon", "coordinates": [ [ [ 117.192002430039508, -34.781486722928356 ], [ 117.193019351200249, -34.781683505237382 ], [ 117.193841018793606, -34.782511832406378 ], [ 117.193798543883318, -34.783043947068961 ], [ 117.193646136805967, -34.783305704234472 ], [ 117.193362485300028, -34.783531598761989 ], [ 117.192227445406061, -34.784254816003646 ], [ 117.19151705578129, -34.78428298895647 ], [ 117.190227145733118, -34.784212869561976 ], [ 117.189320468422878, -34.784439726662384 ], [ 117.18804181516721, -34.784513850525464 ], [ 117.187265780199368, -34.784515046826108 ], [ 117.186806554597069, -34.784443610456627 ], [ 117.186336257773931, -34.784309065082169 ], [ 117.18590937909039, -34.784039185396381 ], [ 117.185185741352285, -34.783030300752465 ], [ 117.185096791627217, -34.782354104928451 ], [ 117.184373619960311, -34.781543604929595 ], [ 117.184143395339873, -34.781228332142014 ], [ 117.184164172450167, -34.780741342169385 ], [ 117.184534994851177, -34.780389088316888 ], [ 117.185015571949506, -34.780244074857805 ], [ 117.186021228372709, -34.780305666569411 ], [ 117.186568658316631, -34.780728663131548 ], [ 117.187750359502388, -34.781303982367106 ], [ 117.188406691828035, -34.78154644757953 ], [ 117.189325217394639, -34.781734395256329 ], [ 117.189970131827451, -34.781760443803599 ], [ 117.192002430039508, -34.781486722928356 ] ] ] } },
{ "type": "Feature", "properties": { "CODE": "P_gp", "JNCODE": "si5011; P_gp", "fme_featur": "geology_surface_si5011" }, "geometry": { "type": "MultiPolygon", "coordinates": [ [ [ [ 117.181525345369607, -34.738614224227767 ], [ 117.182683252373977, -34.738594457437628 ], [ 117.183895539121394, -34.738466383785806 ], [ 117.1849983812088, -34.73824828620991 ], [ 117.185849825351966, -34.73796743779792 ], [ 117.186275353000141, -34.737741342418857 ], [ 117.186580614315176, -34.737470340758875 ], [ 117.186765670856119, -34.737181487066501 ], [ 117.186852391648657, -34.736883766155117 ], [ 117.186851782674978, -34.73661323261328 ], [ 117.186719926748609, -34.73627075778996 ], [ 117.186489981742852, -34.736027629007694 ], [ 117.186205601885746, -34.735865743361984 ], [ 117.185418836389388, -34.735749711918999 ], [ 117.184075567738489, -34.735905052184364 ], [ 117.183398738629535, -34.736104465121947 ], [ 117.182122051258915, -34.736737627889028 ], [ 117.181587022822796, -34.736846640483201 ], [ 117.181215594159582, -34.736838175825255 ], [ 117.180461362342712, -34.736613850171295 ], [ 117.180001899413625, -34.736307924227468 ], [ 117.179998321064005, -34.734657668644985 ], [ 117.18028184262748, -34.734431803843904 ], [ 117.180925580880256, -34.734088172203592 ], [ 117.181667841331205, -34.733843586287023 ], [ 117.182530353546653, -34.733643904815594 ], [ 117.184561879919571, -34.733541647641871 ], [ 117.185195152951266, -34.733414436993918 ], [ 117.185708045587589, -34.733188210606883 ], [ 117.186525997067875, -34.732609820261139 ], [ 117.187049885562729, -34.732419642659686 ], [ 117.187585000461155, -34.732364712850504 ], [ 117.188262463772233, -34.732462863748566 ], [ 117.190689632968585, -34.733423995167399 ], [ 117.191673441176462, -34.733729056951354 ], [ 117.193137991787509, -34.734078438552046 ], [ 117.193673870589635, -34.734348122249088 ], [ 117.194319937684199, -34.735023429618749 ], [ 117.196335799251841, -34.737527149557692 ], [ 117.196686752139797, -34.738112741160919 ], [ 117.196819208065804, -34.738689667140058 ], [ 117.196678499192231, -34.739239980884889 ], [ 117.196275587032062, -34.739781699421037 ], [ 117.19460769884698, -34.741281331985469 ], [ 117.19422631671425, -34.741696759900137 ], [ 117.193998084264294, -34.742202120823634 ], [ 117.194086555749124, -34.742661887985413 ], [ 117.194316710331961, -34.742977144200069 ], [ 117.194688759968557, -34.743238066395961 ], [ 117.195235394356516, -34.743408529664229 ], [ 117.195705281824786, -34.743461882360741 ], [ 117.196808565009604, -34.743415015538083 ], [ 117.198730352773154, -34.743015111575467 ], [ 117.199287528724085, -34.743023218976191 ], [ 117.200063892348993, -34.743319533705929 ], [ 117.201092140800441, -34.74386792632054 ], [ 117.201737838331255, -34.744335784221171 ], [ 117.201989832297002, -34.744632954010051 ], [ 117.202089033980741, -34.744993501488203 ], [ 117.202002074195718, -34.745174001761988 ], [ 117.201827561301627, -34.745291522487037 ], [ 117.201303297735819, -34.745346496945672 ], [ 117.200035226756697, -34.745023945441353 ], [ 117.199445241070123, -34.745006877419833 ], [ 117.199074055562861, -34.745115698317143 ], [ 117.198812269165103, -34.745287464156974 ], [ 117.198681710223397, -34.745513122231422 ], [ 117.19867143300786, -34.745783673010486 ], [ 117.199308936102412, -34.747387799630495 ], [ 117.199901763041069, -34.748577177190455 ], [ 117.200197617178418, -34.748937403035967 ], [ 117.20141311371043, -34.75008065874615 ], [ 117.20189563615088, -34.750819318773331 ], [ 117.202115884096528, -34.751531358977651 ], [ 117.202185482225545, -34.753190516779028 ], [ 117.202439287362409, -34.754218122940763 ], [ 117.202636969871349, -34.754632612347216 ], [ 117.202878138516894, -34.754956851103458 ], [ 117.203206608248323, -34.755235854787472 ], [ 117.203600460539207, -34.755442605991675 ], [ 117.2044205053745, -34.75567569457538 ], [ 117.205415085084766, -34.755791252139758 ], [ 117.205786354612783, -34.755700447461344 ], [ 117.206091662547479, -34.755447433183043 ], [ 117.206896447125743, -34.753940098348032 ], [ 117.207135266061186, -34.753317465068321 ], [ 117.207449006530268, -34.752072476235256 ], [ 117.208384546511212, -34.750447676746525 ], [ 117.208742639832792, -34.749473141939681 ], [ 117.208763515032032, -34.749085341054375 ], [ 117.208686152749834, -34.748733779690589 ], [ 117.208521524755326, -34.748436474468853 ], [ 117.208193019008661, -34.748139449263924 ], [ 117.207514976113487, -34.747870072620557 ], [ 117.20612709130036, -34.747719127010086 ], [ 117.205700337484259, -34.747449314659946 ], [ 117.205502880335061, -34.74712500732339 ], [ 117.205403549622474, -34.746719374013807 ], [ 117.205380382580969, -34.746187363004317 ], [ 117.205477926085763, -34.745871575523616 ], [ 117.205652323253787, -34.745708960786892 ], [ 117.206088850692183, -34.745518849119165 ], [ 117.208327009944611, -34.744937902114984 ], [ 117.209374452216181, -34.744404055762651 ], [ 117.2097450510621, -34.744069759489598 ], [ 117.210006286007214, -34.743690561692759 ], [ 117.210406817966515, -34.742238004268636 ], [ 117.210602268719015, -34.741768740683696 ], [ 117.210972827963715, -34.741425422825564 ], [ 117.211365944753098, -34.741361616622171 ], [ 117.212131203671674, -34.741576713497452 ], [ 117.212940696395606, -34.741999137695593 ], [ 117.213542840563477, -34.742503080404745 ], [ 117.213729509533081, -34.742872482854025 ], [ 117.213697664675138, -34.743233250784066 ], [ 117.213501926444223, -34.743585288294696 ], [ 117.212368808051025, -34.744777618932723 ], [ 117.212162158756158, -34.745138691042172 ], [ 117.212162942663653, -34.745445294818943 ], [ 117.212305866232256, -34.745796739873491 ], [ 117.212536214094314, -34.746157050002104 ], [ 117.212831836678689, -34.746409032060484 ], [ 117.21324733548947, -34.746543572199514 ], [ 117.215192765773097, -34.746837737573649 ], [ 117.216275265927266, -34.747187514065942 ], [ 117.216942877794551, -34.747637216384163 ], [ 117.217950742994191, -34.748681480859055 ], [ 117.218629634015514, -34.74925740266977 ], [ 117.219209609517137, -34.749608053952343 ], [ 117.220029855113751, -34.749922197421057 ], [ 117.220816850290362, -34.750056039844551 ], [ 117.221505012683195, -34.750000683401247 ], [ 117.222083364051741, -34.749738114211254 ], [ 117.223239279349812, -34.748924399730839 ], [ 117.223654029594684, -34.748770336328157 ], [ 117.223970864288574, -34.748769754065705 ], [ 117.224572245806442, -34.748949002418513 ], [ 117.225097396897695, -34.749218566610402 ], [ 117.226049674962439, -34.749866083594199 ], [ 117.226739507949816, -34.750423904067084 ], [ 117.228076069167301, -34.751747022882135 ], [ 117.229490601228704, -34.753593011139884 ], [ 117.230379661491014, -34.755052212993597 ], [ 117.23102774556645, -34.756286420912225 ], [ 117.231764293972162, -34.757890185556846 ], [ 117.232083812795537, -34.758836443345992 ], [ 117.232281250219572, -34.759106600098178 ], [ 117.232642615097163, -34.75938546121278 ], [ 117.23324404148147, -34.759546630601768 ], [ 117.233681517861328, -34.75969007620624 ], [ 117.233965206724292, -34.759545247103027 ], [ 117.234388954235897, -34.75869676152228 ], [ 117.234736666851418, -34.758010740905547 ], [ 117.23531446882842, -34.75754971920378 ], [ 117.23636240882324, -34.757195996410864 ], [ 117.23771702815057, -34.757103181794761 ], [ 117.239127186318967, -34.757325865183219 ], [ 117.240318744029139, -34.757521910501339 ], [ 117.240985887739186, -34.757737018628788 ], [ 117.241522021569125, -34.757988454093905 ], [ 117.244072600848313, -34.759579514071568 ], [ 117.244731212272441, -34.760597200093173 ], [ 117.244952439908545, -34.761507549800122 ], [ 117.244670173767247, -34.762130343194499 ], [ 117.244192329804022, -34.763132274392447 ], [ 117.243648035928089, -34.763836750360554 ], [ 117.242753554537217, -34.764370585000883 ], [ 117.240777192068592, -34.76488852170732 ], [ 117.239533495214772, -34.765594360212994 ], [ 117.238594920490513, -34.766011020079205 ], [ 117.23594616105477, -34.768351781712582 ], [ 117.235576354632386, -34.76896570537329 ], [ 117.235764412687374, -34.769767921782694 ], [ 117.236760671663149, -34.770397231472657 ], [ 117.238948229524169, -34.771060271720671 ], [ 117.240676596050335, -34.771643021339806 ], [ 117.241487026527054, -34.772236588234264 ], [ 117.241717574957377, -34.772596840792602 ], [ 117.241391086642949, -34.773066411615112 ], [ 117.241097563988831, -34.773599040506291 ], [ 117.241732553104811, -34.77398554460342 ], [ 117.24279220878671, -34.773839152015618 ], [ 117.243632811549844, -34.773530869273117 ], [ 117.244690940704473, -34.772870451480301 ], [ 117.245258982218701, -34.772788148746947 ], [ 117.24580570043716, -34.772886241419215 ], [ 117.246102697375207, -34.773534919386684 ], [ 117.246508583378471, -34.774048109903511 ], [ 117.246618325944766, -34.774201189365122 ], [ 117.246533203153007, -34.774976888031183 ], [ 117.245727227722995, -34.775907345320157 ], [ 117.244506676469342, -34.777091127349387 ], [ 117.243350315260955, -34.777814863804217 ], [ 117.242913545847657, -34.777951002239881 ], [ 117.242793245785776, -34.777924188990859 ], [ 117.242476089048694, -34.777852679154137 ], [ 117.241707918880152, -34.776781095152991 ], [ 117.240305972545016, -34.775737811954215 ], [ 117.240130823170546, -34.775638962331406 ], [ 117.239682113994391, -34.775423420610991 ], [ 117.237714018541752, -34.77511165817112 ], [ 117.236707281818454, -34.774662732268261 ], [ 117.235972232643419, -34.773672206652762 ], [ 117.235742013841289, -34.773420155612335 ], [ 117.234143996834106, -34.772557535157866 ], [ 117.232766327065832, -34.772316697513602 ], [ 117.231629644322354, -34.772273776606362 ], [ 117.230897917051237, -34.772446503858838 ], [ 117.230680376932682, -34.772816644138018 ], [ 117.230899775774205, -34.773113814096789 ], [ 117.231578025192604, -34.773356005203745 ], [ 117.232703946071823, -34.773453053638185 ], [ 117.233590584029614, -34.773956349806809 ], [ 117.23406196717265, -34.77446945625988 ], [ 117.234161522888712, -34.774893099068748 ], [ 117.233550274094043, -34.775164805684312 ], [ 117.232129453629753, -34.775140469792049 ], [ 117.231660170386618, -34.775375825158093 ], [ 117.231814435063754, -34.775826418977609 ], [ 117.232787663696996, -34.776022952409853 ], [ 117.235629848630154, -34.77625194607279 ], [ 117.237389615468317, -34.776320669352131 ], [ 117.239205148959471, -34.776777020706433 ], [ 117.24027747312131, -34.777216778538843 ], [ 117.241240884816321, -34.777782991153224 ], [ 117.242196173810314, -34.779305092875468 ], [ 117.242343529248998, -34.781108347610889 ], [ 117.242083669192553, -34.781947514285136 ], [ 117.241322346045465, -34.783238562232526 ], [ 117.24035141912924, -34.783871724614386 ], [ 117.238963575759186, -34.783964634280238 ], [ 117.238199619079822, -34.784362911909241 ], [ 117.237621311015488, -34.784706716074759 ], [ 117.236878015359849, -34.784690129280463 ], [ 117.236353089602503, -34.784591954537902 ], [ 117.235719480428543, -34.784710413670794 ], [ 117.235534028244885, -34.784837020928848 ], [ 117.235437194930299, -34.785378272308826 ], [ 117.236280513684932, -34.785971808704801 ], [ 117.23730839412022, -34.786123110640339 ], [ 117.238794439784513, -34.785957885335421 ], [ 117.24048872905523, -34.785990620766192 ], [ 117.241439842695925, -34.786051862122171 ], [ 117.241856165537385, -34.786384691708726 ], [ 117.241661998162172, -34.787268814907605 ], [ 117.241881158914836, -34.787457751928258 ], [ 117.242855261412515, -34.787897681093199 ], [ 117.243337155865632, -34.788221356911926 ], [ 117.241344541589314, -34.790858500103113 ], [ 117.241039972882518, -34.791373113888518 ], [ 117.240910899672684, -34.79209478727816 ], [ 117.241156396722744, -34.793816685901419 ], [ 117.241113406677073, -34.794069267226888 ], [ 117.240917325355042, -34.794304116208131 ], [ 117.240600578910843, -34.794394919946114 ], [ 117.240075770232863, -34.794359885359334 ], [ 117.239528682090722, -34.79418060883912 ], [ 117.238576385517078, -34.793740610885877 ], [ 117.238084245932285, -34.793660415053196 ], [ 117.237505588284009, -34.793905024038075 ], [ 117.236218526802844, -34.794899477939289 ], [ 117.23580464807003, -34.795432325917453 ], [ 117.235302645553986, -34.795730882174162 ], [ 117.234231076381221, -34.795633754180351 ], [ 117.232723060776621, -34.795826019058488 ], [ 117.231498073931746, -34.795593894456964 ], [ 117.230141790944216, -34.79531691723485 ], [ 117.228238075713833, -34.794725332399572 ], [ 117.226169876139593, -34.793935633522025 ], [ 117.225106919081369, -34.792972707566783 ], [ 117.2235519685333, -34.791965588099899 ], [ 117.222611124580467, -34.791678745180455 ], [ 117.221779379365827, -34.791310536674573 ], [ 117.220357133288829, -34.790853215610689 ], [ 117.218617218794066, -34.790134934648378 ], [ 117.218309897185492, -34.789657546485863 ], [ 117.217969668505447, -34.789135127773974 ], [ 117.218065386009087, -34.788124970254735 ], [ 117.217877409036973, -34.787304693047609 ], [ 117.216924219699678, -34.786449710543515 ], [ 117.215730280558475, -34.785477916725526 ], [ 117.214567921950092, -34.784028115103787 ], [ 117.213230472087091, -34.782479413607724 ], [ 117.212398490968823, -34.781966856698624 ], [ 117.211064881623628, -34.781897034287276 ], [ 117.210256083119077, -34.781898433909582 ], [ 117.209469371924953, -34.781989967599756 ], [ 117.208988782516045, -34.782117042030265 ], [ 117.208071499486792, -34.782443252132175 ], [ 117.207505160486917, -34.78324679800464 ], [ 117.207452317142284, -34.783968307468875 ], [ 117.207717281658717, -34.785022931341736 ], [ 117.208704558900408, -34.786437027697673 ], [ 117.208771799505712, -34.78709520723325 ], [ 117.208403182881213, -34.788295197806782 ], [ 117.208536823694089, -34.789277901997913 ], [ 117.209401783735402, -34.789844534259295 ], [ 117.211207933749336, -34.790851399635478 ], [ 117.213625683418627, -34.791631722863272 ], [ 117.216272489855143, -34.792204183359168 ], [ 117.216787311906245, -34.792609065256471 ], [ 117.217346431549643, -34.793230291278917 ], [ 117.217610296534744, -34.793806954259729 ], [ 117.217644843776938, -34.794474204122544 ], [ 117.217363184114802, -34.795448621599853 ], [ 117.216742732010772, -34.796459712958956 ], [ 117.215924999398339, -34.797281779043942 ], [ 117.214702935953184, -34.798167677531168 ], [ 117.213043753077415, -34.799126471360793 ], [ 117.211536959300844, -34.799841499350038 ], [ 117.209887861209424, -34.80049363012639 ], [ 117.206556429915636, -34.801653597536195 ], [ 117.206173461950314, -34.801518981170979 ], [ 117.205439655381241, -34.800979159070444 ], [ 117.205143524543146, -34.800591896734346 ], [ 117.203753318202075, -34.799854779176506 ], [ 117.200624753830908, -34.799039364077096 ], [ 117.197343376392453, -34.798296257991154 ], [ 117.195003019104902, -34.797903250413626 ], [ 117.194247453649268, -34.797363395183901 ], [ 117.194223834892313, -34.796614961684135 ], [ 117.19438700556951, -34.796272027603159 ], [ 117.194745734610166, -34.795414770097416 ], [ 117.195881629925637, -34.794998131852289 ], [ 117.196865160137349, -34.794870296831967 ], [ 117.198188035768666, -34.794940291789025 ], [ 117.199194530515484, -34.79527230464118 ], [ 117.20092371710129, -34.796099093170824 ], [ 117.20202892945666, -34.796557167613344 ], [ 117.20308943209892, -34.796609509005556 ], [ 117.204062038374531, -34.796481634075256 ], [ 117.204234565270269, -34.795516448144546 ], [ 117.203893601752796, -34.794669353545409 ], [ 117.203039294705405, -34.793994452108855 ], [ 117.201157269550777, -34.793240087832274 ], [ 117.199484793933152, -34.793242840394157 ], [ 117.198194543820577, -34.793091646773661 ], [ 117.196171332942455, -34.792698144246643 ], [ 117.194607268240262, -34.792312892527775 ], [ 117.193994831276726, -34.792187621922665 ], [ 117.193862983003058, -34.791899264547908 ], [ 117.193282122928323, -34.791250911500384 ], [ 117.193346003848404, -34.790520373556618 ], [ 117.193552278541802, -34.789915857456648 ], [ 117.194108311476242, -34.789301765966577 ], [ 117.195176800458952, -34.788145787009022 ], [ 117.19619075717759, -34.787053010585474 ], [ 117.196843496028364, -34.78575340217138 ], [ 117.196523867252964, -34.784635718574151 ], [ 117.195811408861289, -34.783789198777207 ], [ 117.195830690107101, -34.782698020580696 ], [ 117.196069225957231, -34.781886039417707 ], [ 117.196743956777695, -34.780658537070828 ], [ 117.197387189650939, -34.779981164611037 ], [ 117.198979384093803, -34.778517696984537 ], [ 117.200005038189047, -34.777812631607794 ], [ 117.200287998261928, -34.777316190003098 ], [ 117.200187654225374, -34.776495739446602 ], [ 117.199978719468589, -34.775964035290549 ], [ 117.199605116106255, -34.775125997100517 ], [ 117.199636729759717, -34.774638986389078 ], [ 117.199864037663218, -34.773727819887924 ], [ 117.199851543667208, -34.773078561742153 ], [ 117.199577352829209, -34.772673212324904 ], [ 117.198724346063742, -34.772431128097416 ], [ 117.197379263937805, -34.772063587957184 ], [ 117.196831044299969, -34.771306983462928 ], [ 117.196807924579289, -34.770774972809321 ], [ 117.19688356570893, -34.770414139960671 ], [ 117.197231745062368, -34.769773315147248 ], [ 117.197765502056669, -34.769051028094694 ], [ 117.198561908801437, -34.768490630382232 ], [ 117.19916153802464, -34.767903496161651 ], [ 117.199160476623604, -34.76746162727958 ], [ 117.198809575697126, -34.766957205714931 ], [ 117.198152488457453, -34.766363104070891 ], [ 117.196970971892668, -34.765805919390608 ], [ 117.196707447382281, -34.765274296899705 ], [ 117.19660687598153, -34.764336610996978 ], [ 117.196747627078537, -34.763786299460619 ], [ 117.197293199800157, -34.763451759044905 ], [ 117.198557698963668, -34.762169179550611 ], [ 117.19947444883951, -34.76169875683118 ], [ 117.200653436094584, -34.761227895346003 ], [ 117.201571259517863, -34.761208343896932 ], [ 117.202008075459133, -34.761099406691365 ], [ 117.202498534201908, -34.760584578744776 ], [ 117.20265003455215, -34.759980135580463 ], [ 117.202288041621046, -34.759403599625735 ], [ 117.201817247795134, -34.759016616285649 ], [ 117.200121542205608, -34.758162725680279 ], [ 117.198929332861255, -34.757659683336399 ], [ 117.19725605212632, -34.757022142716956 ], [ 117.196720207434197, -34.756833636065799 ], [ 117.195932504343389, -34.756411070136892 ], [ 117.19576735323875, -34.755879286407165 ], [ 117.195842900470183, -34.755482382342791 ], [ 117.19620239983189, -34.755030914321111 ], [ 117.196867933607692, -34.754624039791295 ], [ 117.197621427967647, -34.754451481380194 ], [ 117.198264602302856, -34.75383722635187 ], [ 117.198372547080155, -34.753286965444907 ], [ 117.198086879033767, -34.752620114007563 ], [ 117.197474150800787, -34.752251379708859 ], [ 117.196512102632596, -34.752009455556475 ], [ 117.193517765429974, -34.75172568119919 ], [ 117.191954695312901, -34.751430567803816 ], [ 117.189855370440654, -34.750739488549087 ], [ 117.188369138368429, -34.750588493942942 ], [ 117.187429944345695, -34.750770298925474 ], [ 117.185924087777664, -34.751611262097406 ], [ 117.185039384854207, -34.751738858673868 ], [ 117.184361787835229, -34.751649708411357 ], [ 117.183290208542957, -34.751263560754609 ], [ 117.182425433206319, -34.750516382181267 ], [ 117.182402590732408, -34.750065526566139 ], [ 117.182378836680783, -34.749199853574204 ], [ 117.182508354808306, -34.748478235648655 ], [ 117.183390077133112, -34.747016027487561 ], [ 117.184250739546897, -34.74592357442809 ], [ 117.184325912412177, -34.745337303474592 ], [ 117.183832453581729, -34.74450841130507 ], [ 117.182771417189983, -34.743905815221488 ], [ 117.181579478048789, -34.74338456530095 ], [ 117.180584451482844, -34.742980243348754 ], [ 117.180005056412725, -34.74280074487119 ], [ 117.179995551431048, -34.738418102593904 ], [ 117.180268808135793, -34.738489840995051 ], [ 117.181525345369607, -34.738614224227767 ] ], [ [ 117.214130019810057, -34.749905660464009 ], [ 117.213561731785077, -34.7498435338033 ], [ 117.212862709069938, -34.749925917727104 ], [ 117.212415525681365, -34.750224285630374 ], [ 117.212351357337624, -34.750765464969263 ], [ 117.212402309291335, -34.753596961561712 ], [ 117.212321041052206, -34.755995833874572 ], [ 117.209978233882495, -34.758506839273451 ], [ 117.209063534062352, -34.759752866543046 ], [ 117.208845997383094, -34.760150022033969 ], [ 117.208923484828944, -34.760546671282896 ], [ 117.209362359097199, -34.761258321775976 ], [ 117.209812008300929, -34.761906827605465 ], [ 117.209747586246664, -34.762357827285193 ], [ 117.209017309274103, -34.763089522665148 ], [ 117.207390685298208, -34.763705512557777 ], [ 117.206440031438262, -34.763716145805986 ], [ 117.205599187069225, -34.76394301279791 ], [ 117.205086917661873, -34.764475925231793 ], [ 117.204827399509284, -34.765585547846314 ], [ 117.204601236169324, -34.766929575640034 ], [ 117.204561885919588, -34.768697123985639 ], [ 117.204824892455051, -34.76899426806262 ], [ 117.205558611977736, -34.769615257251942 ], [ 117.206214634026423, -34.769749414361499 ], [ 117.207044810094146, -34.76960372124325 ], [ 117.207405549891149, -34.769648196078165 ], [ 117.208663279587057, -34.770042828610428 ], [ 117.209320448381561, -34.770627855078821 ], [ 117.209826707267126, -34.772033754238194 ], [ 117.210430470902608, -34.77309680767182 ], [ 117.211304892723007, -34.773149399715784 ], [ 117.212375636975977, -34.773048341303017 ], [ 117.215313072000896, -34.772141406126465 ], [ 117.21632892081297, -34.771950232453527 ], [ 117.217159762183115, -34.77205696644527 ], [ 117.218187246030496, -34.772136289245054 ], [ 117.219006400803295, -34.771954463337337 ], [ 117.220119660111067, -34.771411390237802 ], [ 117.220696964530958, -34.770697942219385 ], [ 117.220977108373518, -34.769200485938967 ], [ 117.22133349632773, -34.767612712457414 ], [ 117.22238012403281, -34.766700011221694 ], [ 117.222728284267305, -34.766131255659175 ], [ 117.222607450966976, -34.765897014733916 ], [ 117.221895613050719, -34.765321177043198 ], [ 117.220940786393157, -34.763771857290052 ], [ 117.220807953795571, -34.763131836604622 ], [ 117.220969771703935, -34.762346997011477 ], [ 117.221935070120551, -34.759648927313023 ], [ 117.222346902764642, -34.758385687399425 ], [ 117.222334960887892, -34.758006962568231 ], [ 117.22216975824422, -34.757520304092033 ], [ 117.221468729364943, -34.756872301010752 ], [ 117.220330251498126, -34.756071783809716 ], [ 117.218929067129039, -34.755082354966675 ], [ 117.218174829376622, -34.754957459640273 ], [ 117.21728851174305, -34.754463066261231 ], [ 117.217167427663568, -34.754120606463346 ], [ 117.217308190595375, -34.753633394994552 ], [ 117.218267398996645, -34.752765972164276 ], [ 117.218397108707137, -34.752233690222134 ], [ 117.218264812911812, -34.751783038050618 ], [ 117.217728718212314, -34.751504446274993 ], [ 117.216952734165545, -34.751406635481317 ], [ 117.215532418257453, -34.751418175255701 ], [ 117.214953006252998, -34.751283932501138 ], [ 117.21466609215102, -34.750184268237348 ], [ 117.214130019810057, -34.749905660464009 ] ] ], [ [ [ 117.180395410156677, -34.751502345878698 ], [ 117.180243899847554, -34.752169887022795 ], [ 117.180048898815699, -34.752936687941613 ], [ 117.180005410404135, -34.753035947953755 ], [ 117.180000284102192, -34.750673293319387 ], [ 117.180175407275442, -34.750817319096214 ], [ 117.180395410156677, -34.751502345878698 ] ] ], [ [ [ 117.182341552313432, -34.757090477732447 ], [ 117.183008464181654, -34.757269833007996 ], [ 117.183631832617735, -34.757521392577516 ], [ 117.184768290487469, -34.757564762435422 ], [ 117.185598282173402, -34.757374126748488 ], [ 117.186527338287178, -34.75750797397648 ], [ 117.187260921077538, -34.758174164144521 ], [ 117.187983691165755, -34.758885455407679 ], [ 117.188696490658899, -34.76001157567061 ], [ 117.188950314461778, -34.761111351256709 ], [ 117.18895261563587, -34.762121338892477 ], [ 117.18859378445093, -34.762897424043416 ], [ 117.188236747961128, -34.764467069485619 ], [ 117.1877811247426, -34.765937670086217 ], [ 117.186768796630275, -34.767688674758716 ], [ 117.185526714163657, -34.769340825449362 ], [ 117.185320491835384, -34.769972383228698 ], [ 117.185574180890001, -34.771018057689474 ], [ 117.18660535789202, -34.772756910016682 ], [ 117.187295341998123, -34.773414147137238 ], [ 117.189101400839021, -34.774655806225461 ], [ 117.192015451295333, -34.777672193532162 ], [ 117.192301053269503, -34.778293967741256 ], [ 117.192149695478548, -34.779006609203144 ], [ 117.191953635704124, -34.779295486568103 ], [ 117.191254613263553, -34.779494977300857 ], [ 117.190172767600416, -34.779568814124815 ], [ 117.189178046606798, -34.779507239698766 ], [ 117.188423281819695, -34.779228859920892 ], [ 117.187087903370951, -34.778347179612311 ], [ 117.184213267966982, -34.778243350309602 ], [ 117.182802261571865, -34.777731465161921 ], [ 117.182113247769578, -34.777516071666504 ], [ 117.180134973408414, -34.777473926119754 ], [ 117.180003745316199, -34.777438049194203 ], [ 117.180004131567514, -34.757481720143574 ], [ 117.181522127127351, -34.757118755330318 ], [ 117.182341552313432, -34.757090477732447 ] ] ] ] } },
{ "type": "Feature", "properties": { "CODE": "P_gp", "JNCODE": "si5011; P_gp", "fme_featur": "geology_surface_si5011" }, "geometry": { "type": "Polygon", "coordinates": [ [ [ 117.209518490409991, -34.766831035742911 ], [ 117.209058502838388, -34.766426026881796 ], [ 117.208926121071386, -34.765930276867408 ], [ 117.209252697587658, -34.765433738780686 ], [ 117.209961206625763, -34.764729133083968 ], [ 117.21075810799951, -34.76441213437306 ], [ 117.212297440499867, -34.763850358438887 ], [ 117.213739011092542, -34.763523196728215 ], [ 117.21444935455574, -34.763549001054145 ], [ 117.215040082859119, -34.763800456802066 ], [ 117.215249246865042, -34.764395260033126 ], [ 117.215207339363744, -34.765089702311471 ], [ 117.2145642741621, -34.76573109873528 ], [ 117.212424710129653, -34.766609573698204 ], [ 117.211103331697927, -34.766954546996729 ], [ 117.210152686930726, -34.766983244812359 ], [ 117.209518490409991, -34.766831035742911 ] ] ] } },
{ "type": "Feature", "properties": { "CODE": "P_gp", "JNCODE": "si5011; P_gp", "fme_featur": "geology_surface_si5011" }, "geometry": { "type": "Polygon", "coordinates": [ [ [ 117.24591879229034, -34.759431515274386 ], [ 117.245162769328147, -34.758729653647571 ], [ 117.243783283892171, -34.757803592653651 ], [ 117.243607744645843, -34.757560464079944 ], [ 117.243519379708928, -34.757236000979816 ], [ 117.243594831887862, -34.756884156885299 ], [ 117.243768832520004, -34.756604257686057 ], [ 117.244041248396698, -34.756351214363505 ], [ 117.244433878302402, -34.756106946957665 ], [ 117.245568770182047, -34.755617703777283 ], [ 117.247293822210068, -34.755181359641824 ], [ 117.248452508305377, -34.755350338886998 ], [ 117.24930542798964, -34.755574040106588 ], [ 117.250191620547625, -34.755959986911478 ], [ 117.250815644405293, -34.756364503036366 ], [ 117.25140730523313, -34.756904349327989 ], [ 117.251901046481862, -34.75757966184652 ], [ 117.252187108879198, -34.758228349238308 ], [ 117.25229865124291, -34.758976593056182 ], [ 117.252180651557111, -34.759698258964761 ], [ 117.251877112567229, -34.760492450743619 ], [ 117.251529285606281, -34.761097360083866 ], [ 117.251147716721647, -34.761386716189421 ], [ 117.250612812727255, -34.761559155824088 ], [ 117.250033899342199, -34.761632488065089 ], [ 117.247170297228237, -34.761394854817979 ], [ 117.246599010695647, -34.760358969849797 ], [ 117.24591879229034, -34.759431515274386 ] ] ] } },
{ "type": "Feature", "properties": { "CODE": "P_gp", "JNCODE": "si5011; P_gp", "fme_featur": "geology_surface_si5011" }, "geometry": { "type": "Polygon", "coordinates": [ [ [ 117.310845682510305, -34.771087309547809 ], [ 117.310637370971278, -34.770907486511682 ], [ 117.310560063009746, -34.77069125807774 ], [ 117.310678244987685, -34.770149892396873 ], [ 117.311134753556289, -34.769490431862202 ], [ 117.311864791557852, -34.768920446625245 ], [ 117.312508688467346, -34.768693352173209 ], [ 117.313109789932625, -34.768709843308223 ], [ 117.313635181034911, -34.76893393449042 ], [ 117.314063111675964, -34.769392735984084 ], [ 117.314129841199815, -34.769699166873316 ], [ 117.31402165409807, -34.769988013506023 ], [ 117.31379312076524, -34.770241099319371 ], [ 117.313357020005995, -34.770512754569907 ], [ 117.312658742692733, -34.770812135015554 ], [ 117.311741862422252, -34.771103053649533 ], [ 117.311173833043668, -34.771167630906888 ], [ 117.310845682510305, -34.771087309547809 ] ] ] } },
{ "type": "Feature", "properties": { "CODE": "P_gp", "JNCODE": "si5011; P_gp", "fme_featur": "geology_surface_si5011" }, "geometry": { "type": "Polygon", "coordinates": [ [ [ 117.280494667609446, -34.770169064830796 ], [ 117.280187979679908, -34.769962362853519 ], [ 117.280045274975748, -34.769773318515099 ], [ 117.279967743223068, -34.769466893454975 ], [ 117.280118876855056, -34.768916463286253 ], [ 117.280554407707712, -34.768446537623703 ], [ 117.281197837395709, -34.768057290142131 ], [ 117.281765747265027, -34.767956781985525 ], [ 117.282836888209161, -34.768017422684068 ], [ 117.283099463794201, -34.768106989916063 ], [ 117.283318667535852, -34.768295852730311 ], [ 117.283429148359502, -34.76864728772351 ], [ 117.283386854610526, -34.769062202500251 ], [ 117.283191414272167, -34.769432384814706 ], [ 117.282908178491184, -34.769694557891768 ], [ 117.282307996009294, -34.769948447876246 ], [ 117.280702454280259, -34.770213674676441 ], [ 117.280494667609446, -34.770169064830796 ] ] ] } },
{ "type": "Feature", "properties": { "CODE": "P_gp", "JNCODE": "si5011; P_gp", "fme_featur": "geology_surface_si5011" }, "geometry": { "type": "Polygon", "coordinates": [ [ [ 117.301689761035789, -34.723559624829583 ], [ 117.301571093167254, -34.723965719995313 ], [ 117.301093761847937, -34.724859663564878 ], [ 117.300942812924859, -34.725401104911242 ], [ 117.300987841766457, -34.725770723684981 ], [ 117.30115268916002, -34.726049868230881 ], [ 117.301809467814849, -34.726445026231957 ], [ 117.304948679141219, -34.727663629509863 ], [ 117.30672161910249, -34.728606047405833 ], [ 117.307827644033637, -34.729369770402165 ], [ 117.309197112742893, -34.730475491047812 ], [ 117.30951528731957, -34.730853430424084 ], [ 117.309659067579673, -34.731331008124343 ], [ 117.309585095159321, -34.73199851288593 ], [ 117.309346972101764, -34.732585274382508 ], [ 117.309031711914287, -34.732991875250043 ], [ 117.308454525529285, -34.733462263370761 ], [ 117.308324384359111, -34.733715091009849 ], [ 117.308434756263026, -34.734021416475805 ], [ 117.309213334793299, -34.734831043617135 ], [ 117.309379034575215, -34.735326601253178 ], [ 117.309347910757225, -34.735768551918625 ], [ 117.309196996456947, -34.736310002344112 ], [ 117.308622671516773, -34.737555913393486 ], [ 117.308220701586919, -34.738152105045465 ], [ 117.307741923975698, -34.738658311574596 ], [ 117.307208053274906, -34.739038406195895 ], [ 117.306793575362207, -34.739210788780149 ], [ 117.305843851683193, -34.739393532927821 ], [ 117.3034951854562, -34.739399407839009 ], [ 117.303156738126376, -34.739454357396959 ], [ 117.302807761090747, -34.739617545602947 ], [ 117.302666340228754, -34.739780217219007 ], [ 117.302536368846816, -34.740087144765859 ], [ 117.302506061561033, -34.740763553762029 ], [ 117.302715496370553, -34.741277046989943 ], [ 117.303296757009448, -34.741897827825902 ], [ 117.303691056900192, -34.742176396491516 ], [ 117.304271140903765, -34.742472535433421 ], [ 117.30525526866478, -34.742722570708466 ], [ 117.307899658180546, -34.742896269926291 ], [ 117.309876922617747, -34.742873219764107 ], [ 117.310990611358363, -34.742708061184388 ], [ 117.31279120946509, -34.742189436964395 ], [ 117.313817419910023, -34.74200644163065 ], [ 117.314942423897463, -34.741949431115032 ], [ 117.317225717034802, -34.741970558876389 ], [ 117.320567140751407, -34.741592081311033 ], [ 117.32175698052427, -34.741354481698892 ], [ 117.322608127011264, -34.741108750272822 ], [ 117.323164279835041, -34.740854778185295 ], [ 117.323512799754468, -34.740583319682379 ], [ 117.323708203724536, -34.74026717832988 ], [ 117.323783195059761, -34.739888232367427 ], [ 117.323726886404742, -34.739455528716832 ], [ 117.323528531725344, -34.739014184615748 ], [ 117.322870252822653, -34.738285491232929 ], [ 117.321303427723578, -34.737072233985067 ], [ 117.321116747931143, -34.736820228371101 ], [ 117.321050194434946, -34.736558888107545 ], [ 117.321070716280573, -34.736216158250144 ], [ 117.321157197918538, -34.735981467883967 ], [ 117.32163594786627, -34.735493244314952 ], [ 117.321973981681069, -34.735339048915932 ], [ 117.323011115402949, -34.735183000692402 ], [ 117.323316480435494, -34.735055941551892 ], [ 117.323337378961583, -34.734812405891049 ], [ 117.322986216022116, -34.734398519419976 ], [ 117.321869341837058, -34.733707106239628 ], [ 117.31969200082672, -34.732774990202671 ], [ 117.318773764338147, -34.732597040860327 ], [ 117.317244286238775, -34.732537909297385 ], [ 117.31652384205475, -34.732666032550775 ], [ 117.315760663374249, -34.733046760452851 ], [ 117.313124123532504, -34.734875159878989 ], [ 117.312676738608388, -34.735002558157852 ], [ 117.312206928822988, -34.734976709878737 ], [ 117.311911487706539, -34.734842199947089 ], [ 117.311758051804475, -34.734707325924234 ], [ 117.311647802143582, -34.734437074384239 ], [ 117.311657946856954, -34.734229639276556 ], [ 117.31184167896464, -34.733706137240773 ], [ 117.312438284563058, -34.732595420163072 ], [ 117.31275189592337, -34.731755960702372 ], [ 117.312903934484936, -34.731521107637207 ], [ 117.313275418017966, -34.731547206209662 ], [ 117.313679193758517, -34.731446971398405 ], [ 117.313984286736272, -34.73124779393055 ], [ 117.314256199895283, -34.730940487778049 ], [ 117.314473155160954, -34.73054314496035 ], [ 117.314645870376722, -34.730001631301811 ], [ 117.314720313146822, -34.729469389085423 ], [ 117.314707510566549, -34.728973443389698 ], [ 117.315034334613401, -34.72874715371141 ], [ 117.315764949649335, -34.728429639183894 ], [ 117.316070060878374, -34.728239474188314 ], [ 117.316407251031819, -34.727868869166151 ], [ 117.317080554864845, -34.726848107330731 ], [ 117.317450639728222, -34.726513484936568 ], [ 117.318094158487696, -34.726277343528324 ], [ 117.318902442455681, -34.726284248088369 ], [ 117.320105910345347, -34.726804124005277 ], [ 117.320991597180296, -34.727054291798865 ], [ 117.32137464856585, -34.727251673398342 ], [ 117.321857192141621, -34.727755396019973 ], [ 117.322682580875878, -34.729349362067012 ], [ 117.323308123638213, -34.730105198006079 ], [ 117.324107599132958, -34.730644140975024 ], [ 117.325387481711275, -34.731127689565682 ], [ 117.326066083873741, -34.731477568775588 ], [ 117.326778099653552, -34.731989674722115 ], [ 117.327359438172209, -34.732601323351133 ], [ 117.327733209046201, -34.733204509976481 ], [ 117.327888092598258, -34.733700071360701 ], [ 117.327889909072297, -34.73415997349408 ], [ 117.327750291348877, -34.734764540772979 ], [ 117.326958246648843, -34.736128354574603 ], [ 117.326915582265514, -34.736389984756983 ], [ 117.327004036875266, -34.736660280755665 ], [ 117.32722332739479, -34.736867100795841 ], [ 117.327573596637151, -34.737046514912961 ], [ 117.330034977353989, -34.73793263063267 ], [ 117.331140872299343, -34.738578909059058 ], [ 117.33168886875967, -34.739028306810148 ], [ 117.332094931180961, -34.739496124669188 ], [ 117.332337064861079, -34.739946352976098 ], [ 117.332393743763092, -34.740460211431682 ], [ 117.332296762386619, -34.740794133677213 ], [ 117.332090393630764, -34.741092283040622 ], [ 117.331502106436872, -34.741499685401948 ], [ 117.330650982798304, -34.741745478840322 ], [ 117.328881780304371, -34.741885535579264 ], [ 117.328456445172648, -34.742067038805544 ], [ 117.328304360352135, -34.742283875387507 ], [ 117.328338631948256, -34.742662529426106 ], [ 117.328613349631809, -34.743067588234517 ], [ 117.33040981226597, -34.744280126845581 ], [ 117.33121022663272, -34.745008391976448 ], [ 117.331353220471485, -34.745251482734176 ], [ 117.331430918454942, -34.745557875385465 ], [ 117.331377230701762, -34.745792483398489 ], [ 117.331235963677415, -34.745982240774381 ], [ 117.330799939595408, -34.746226905540439 ], [ 117.329861007516357, -34.746382754231398 ], [ 117.328757733231768, -34.746421808469535 ], [ 117.326408660445964, -34.74637402030001 ], [ 117.325578684576612, -34.746457401801372 ], [ 117.325131362849149, -34.746611898842879 ], [ 117.324891719951253, -34.746792893701489 ], [ 117.324729150993761, -34.747126984633525 ], [ 117.324752059859961, -34.747397456529832 ], [ 117.324938704072764, -34.747631420598125 ], [ 117.325278124292979, -34.747819887592954 ], [ 117.326525716691791, -34.748357614893436 ], [ 117.327302223000089, -34.748562939056022 ], [ 117.327968946052692, -34.748633287502095 ], [ 117.328864742581672, -34.748612836302186 ], [ 117.33134307379882, -34.748182283884553 ], [ 117.332293417959178, -34.748143623535469 ], [ 117.332971139179818, -34.748231950113258 ], [ 117.333539827585597, -34.748374678144323 ], [ 117.333944821424808, -34.748562941287936 ], [ 117.334273631138032, -34.748823554291413 ], [ 117.334493808229311, -34.749237766729998 ], [ 117.334495698726045, -34.749706685039953 ], [ 117.334387353791968, -34.749932426554899 ], [ 117.333734950277233, -34.750709743388171 ], [ 117.333681157028067, -34.750917299225058 ], [ 117.333747544476907, -34.751124525731434 ], [ 117.334328669567569, -34.751636943892422 ], [ 117.335970760941223, -34.75243500497151 ], [ 117.336584210622348, -34.752830092205869 ], [ 117.33701185401388, -34.753207655145687 ], [ 117.337187729969671, -34.753468683135409 ], [ 117.337211817723343, -34.754018699337244 ], [ 117.337355284918772, -34.754369994297463 ], [ 117.337827194730949, -34.75488269786532 ], [ 117.338967334377003, -34.75581737553204 ], [ 117.339320807799069, -34.756754236894182 ], [ 117.340342464796876, -34.758095029907302 ], [ 117.340651072129944, -34.758743444573817 ], [ 117.340740262711179, -34.759176046722537 ], [ 117.34075296768043, -34.759608862831527 ], [ 117.340656368674175, -34.760032967003191 ], [ 117.340515432215909, -34.760303893460758 ], [ 117.340189294441217, -34.760710603417131 ], [ 117.339612352882227, -34.761244260616635 ], [ 117.338839050595396, -34.761859621295493 ], [ 117.338261430273548, -34.762230954622567 ], [ 117.33786875632336, -34.762403381890735 ], [ 117.337410114860077, -34.762476795574507 ], [ 117.337027412143584, -34.762414731272592 ], [ 117.336687905499446, -34.762226297972347 ], [ 117.336490194961513, -34.761974347767818 ], [ 117.336324900721664, -34.761632130285882 ], [ 117.33613526871325, -34.760676773279997 ], [ 117.335980868786123, -34.760325507429009 ], [ 117.335684496005356, -34.759992668313295 ], [ 117.334807956671767, -34.759399910433686 ], [ 117.334311823720512, -34.758301108566307 ], [ 117.333970923999914, -34.757760979173746 ], [ 117.333641789377594, -34.757428224742817 ], [ 117.333137836135066, -34.757095947780499 ], [ 117.332700095709171, -34.756925807306118 ], [ 117.332372306484302, -34.756926702431613 ], [ 117.332066947492009, -34.757071819499942 ], [ 117.331794799339193, -34.75732505830463 ], [ 117.331285258343229, -34.758327415662123 ], [ 117.3306437587446, -34.759122720973849 ], [ 117.330262728214706, -34.759475447115364 ], [ 117.329793994035398, -34.759756267652605 ], [ 117.329259266740905, -34.759929051895043 ], [ 117.328483756255793, -34.760003288366804 ], [ 117.32623224913408, -34.759856039574146 ], [ 117.325741255962072, -34.760037708957363 ], [ 117.325174798733315, -34.760481092558564 ], [ 117.324239537521748, -34.761619822522086 ], [ 117.323696710595598, -34.76252304121207 ], [ 117.323426558860476, -34.763299285008266 ], [ 117.323225094055189, -34.764877924760427 ], [ 117.323053383014553, -34.765680959318217 ], [ 117.322782477995631, -34.766267830822137 ], [ 117.322314275963109, -34.7667019225755 ], [ 117.321637778761655, -34.766965225914191 ], [ 117.320676460082097, -34.76704892121883 ], [ 117.320118766722203, -34.766951193642925 ], [ 117.319089937235745, -34.766530060522577 ], [ 117.318761936264679, -34.766485830974979 ], [ 117.318456241037424, -34.766558772818264 ], [ 117.317365276599958, -34.767030543793368 ], [ 117.316579380587228, -34.767267050952547 ], [ 117.315519909588488, -34.767405067164901 ], [ 117.314885794353486, -34.767325549109174 ], [ 117.314360273381055, -34.767065392621049 ], [ 117.313866309704096, -34.766480513832803 ], [ 117.313590596268085, -34.765813911376924 ], [ 117.313643494153865, -34.765353870264889 ], [ 117.313784697728764, -34.765128062881793 ], [ 117.314144106470039, -34.764811515116925 ], [ 117.314983595380156, -34.764304352689379 ], [ 117.316161715004284, -34.763769252424773 ], [ 117.317788109165093, -34.763305113588942 ], [ 117.318311332281112, -34.76297009035703 ], [ 117.318636997592563, -34.762410138374356 ], [ 117.318721953248613, -34.761769656063613 ], [ 117.318587088365931, -34.760796092298499 ], [ 117.318432935478668, -34.760489892082795 ], [ 117.318268479892708, -34.760346038061385 ], [ 117.317852640392985, -34.760184804767221 ], [ 117.317273108505887, -34.760078103160659 ], [ 117.314824970824517, -34.759940173312515 ], [ 117.312616174761175, -34.759522029694473 ], [ 117.312004315090618, -34.759532616733367 ], [ 117.308433002566218, -34.760001620411018 ], [ 117.307351489319657, -34.760067479301675 ], [ 117.306258514724774, -34.759989073372886 ], [ 117.304891279891393, -34.759613758777355 ], [ 117.304026583717118, -34.759210121835572 ], [ 117.30336943509721, -34.758787926299448 ], [ 117.302930955473173, -34.758401254403886 ], [ 117.302656344272606, -34.758005155960085 ], [ 117.302622577770521, -34.7577347071677 ], [ 117.302665197647713, -34.757437015245337 ], [ 117.303250673835961, -34.75619110796444 ], [ 117.303368850669642, -34.755640730268865 ], [ 117.303335049890933, -34.755361263897619 ], [ 117.303191559907091, -34.754964839757228 ], [ 117.302829353219067, -34.754514852939316 ], [ 117.3022820334523, -34.754236662129259 ], [ 117.301593466851727, -34.754175245041964 ], [ 117.301003791238827, -34.754266881634742 ], [ 117.299082604884617, -34.754767592162906 ], [ 117.298459819530947, -34.7547691201314 ], [ 117.298077018601631, -34.75466184457423 ], [ 117.29741983923617, -34.754212563220499 ], [ 117.29644333373561, -34.753069688079357 ], [ 117.296146308037081, -34.752502291469803 ], [ 117.295924415256195, -34.751555965264103 ], [ 117.295649538942399, -34.751069673377543 ], [ 117.295178455841139, -34.750710105328082 ], [ 117.294565889856528, -34.75050417981867 ], [ 117.293735360147323, -34.75045207922836 ], [ 117.291769246451082, -34.750592072100424 ], [ 117.291223287187577, -34.750683556604301 ], [ 117.290994262270161, -34.750801335086784 ], [ 117.290929088473021, -34.750909704049342 ], [ 117.290995306045204, -34.751098919025068 ], [ 117.291784580417072, -34.751845505399992 ], [ 117.291993787057109, -34.752304910170842 ], [ 117.291962025398462, -34.75259355490391 ], [ 117.29180998437522, -34.752855434587971 ], [ 117.291515716234272, -34.753063548017089 ], [ 117.29125387595839, -34.753172387739909 ], [ 117.290533211577952, -34.753300357937079 ], [ 117.288599802313612, -34.753440221733058 ], [ 117.286819660894324, -34.753669871635601 ], [ 117.286065709784822, -34.753653609519887 ], [ 117.285289348867437, -34.753475075405383 ], [ 117.284971785226574, -34.753268410263296 ], [ 117.284795794814087, -34.752926146736634 ], [ 117.284393654635608, -34.750357021650302 ], [ 117.284127953151057, -34.749338633350533 ], [ 117.283907995697788, -34.748915310877699 ], [ 117.283644616964324, -34.748573249096701 ], [ 117.283370777162631, -34.748366477713304 ], [ 117.283097400245182, -34.748294971281318 ], [ 117.282704430240187, -34.748395079665642 ], [ 117.28224673603799, -34.748738816769141 ], [ 117.282018347287817, -34.749045950252125 ], [ 117.281943034495569, -34.749388800109358 ], [ 117.281999898803022, -34.750046966025202 ], [ 117.282410095606508, -34.751795463475219 ], [ 117.282427222684746, -34.753617013389665 ], [ 117.282549557880088, -34.75424797341222 ], [ 117.282780264368228, -34.754617166384861 ], [ 117.283065080305278, -34.754832931089531 ], [ 117.285658909131541, -34.756089361363621 ], [ 117.286918016280254, -34.756834875617145 ], [ 117.287762191588897, -34.75765350003838 ], [ 117.28848719516121, -34.758760969164371 ], [ 117.289103202245386, -34.759940834615222 ], [ 117.289676149302082, -34.761301154238616 ], [ 117.290117926916523, -34.762643747905017 ], [ 117.290384408802822, -34.763851491542027 ], [ 117.29051916921037, -34.764888211443328 ], [ 117.290533888161903, -34.765970306248704 ], [ 117.290405600159858, -34.766782209616046 ], [ 117.290080199927885, -34.767477351816652 ], [ 117.289764240866091, -34.767748636558863 ], [ 117.289316831297256, -34.76793005544004 ], [ 117.287962410104299, -34.768113621219356 ], [ 117.286421523945833, -34.768099220310347 ], [ 117.285984037584214, -34.767992035720766 ], [ 117.285611715311305, -34.767767465997835 ], [ 117.285468691618505, -34.767488251241211 ], [ 117.285576602473839, -34.767091217274313 ], [ 117.285837716918223, -34.766756947866178 ], [ 117.286644024951272, -34.766078721133709 ], [ 117.286806971416581, -34.765798787176422 ], [ 117.286838630971459, -34.765474073593445 ], [ 117.286684367949491, -34.765104709128266 ], [ 117.286453894992391, -34.764816683520266 ], [ 117.28511607082369, -34.763458142862909 ], [ 117.284633168511334, -34.762846065356783 ], [ 117.284357609129003, -34.762152342020364 ], [ 117.284245093288973, -34.761205740275386 ], [ 117.284168141352524, -34.761070653521294 ], [ 117.283960097916733, -34.760944890248915 ], [ 117.283544660385871, -34.760882734035235 ], [ 117.283031220153802, -34.760919999576238 ], [ 117.282671063265212, -34.761047084796395 ], [ 117.28236587759676, -34.76127323682676 ], [ 117.282126620165656, -34.761607448442106 ], [ 117.281888188425611, -34.762185137094868 ], [ 117.281661691263693, -34.763060383561708 ], [ 117.281447432756295, -34.764323364619329 ], [ 117.28116527895682, -34.764901152685425 ], [ 117.280609873028752, -34.76546153459833 ], [ 117.27971603987622, -34.766121887148984 ], [ 117.278974239166033, -34.766502334581688 ], [ 117.278253590940622, -34.766675320882271 ], [ 117.277860135186927, -34.766658183911261 ], [ 117.277630382877845, -34.766577548245706 ], [ 117.277268715487295, -34.766262751072325 ], [ 117.277015392440816, -34.76566815602532 ], [ 117.276770622669076, -34.764361138359178 ], [ 117.276594822630543, -34.764072969675858 ], [ 117.27639762014266, -34.763920115640978 ], [ 117.275642768093888, -34.763660311880749 ], [ 117.272471671700998, -34.763000135187013 ], [ 117.271377479280318, -34.762551690831984 ], [ 117.27076432446971, -34.762174309943674 ], [ 117.26941601866379, -34.760860707569513 ], [ 117.268351966968979, -34.759582534834266 ], [ 117.268032673179121, -34.758834763600724 ], [ 117.267998756909122, -34.758483145395793 ], [ 117.268062800833675, -34.75801408059116 ], [ 117.268291003374642, -34.757625814054428 ], [ 117.268716083719497, -34.757300237150169 ], [ 117.269545407381415, -34.756964746860696 ], [ 117.271150228459831, -34.756546366699062 ], [ 117.272110561189848, -34.7561835138521 ], [ 117.273233917379216, -34.755558772466188 ], [ 117.273942094426573, -34.754943973139341 ], [ 117.27451828326268, -34.754067951924668 ], [ 117.274831970120374, -34.753111360640929 ], [ 117.274979641571292, -34.751514881454057 ], [ 117.274912713080354, -34.751100214928513 ], [ 117.274714887761476, -34.750748968108987 ], [ 117.274276434675514, -34.750317103130101 ], [ 117.273849864076084, -34.750173778667524 ], [ 117.27046331816743, -34.750289560091126 ], [ 117.269709341660075, -34.750255161117998 ], [ 117.268998716844479, -34.750112448392777 ], [ 117.268276760763683, -34.749843507576301 ], [ 117.267324562302036, -34.749322570249262 ], [ 117.264422642294022, -34.747227762381549 ], [ 117.263886366066203, -34.746931338682323 ], [ 117.261448571548101, -34.746458653781993 ], [ 117.260453575698406, -34.746199269912488 ], [ 117.259775154991772, -34.745858042976813 ], [ 117.258975327886489, -34.745120287795068 ], [ 117.258417263139009, -34.744832903950474 ], [ 117.257936376243777, -34.744770798820937 ], [ 117.256625569845241, -34.744827674575568 ], [ 117.255849492756241, -34.744694040519128 ], [ 117.255422871508728, -34.744514580185353 ], [ 117.255017353323055, -34.744091593827726 ], [ 117.254720642788641, -34.74352409391021 ], [ 117.254697990930296, -34.743262625329407 ], [ 117.254837518313551, -34.742450732167612 ], [ 117.254704708664875, -34.741891906793342 ], [ 117.254364200353308, -34.74128842618363 ], [ 117.253969682869467, -34.740883448681899 ], [ 117.253739859608984, -34.74074866075108 ], [ 117.253433787725967, -34.740686173427328 ], [ 117.251358617658227, -34.740834758414174 ], [ 117.250713922394397, -34.740781980403142 ], [ 117.250254641160609, -34.740629622393804 ], [ 117.249751366219513, -34.740378157094973 ], [ 117.249411902765459, -34.740108318773963 ], [ 117.249236357753645, -34.739856179774556 ], [ 117.249136470516575, -34.739333351819468 ], [ 117.249156586174678, -34.738756171519171 ], [ 117.24928615744362, -34.738250909598442 ], [ 117.249503660184629, -34.737925823432867 ], [ 117.249863551226994, -34.737726694074532 ], [ 117.251577011862892, -34.737200134628118 ], [ 117.251871516358221, -34.737055241173586 ], [ 117.252111154570343, -34.736829300364342 ], [ 117.252153945551584, -34.736531624320932 ], [ 117.251682066423996, -34.73582019383263 ], [ 117.251560977594082, -34.735513838646327 ], [ 117.251614802762134, -34.735252211153693 ], [ 117.251799846340717, -34.735035401467101 ], [ 117.252159664560281, -34.73481822981141 ], [ 117.252672711064818, -34.734699935191415 ], [ 117.255730334672975, -34.734386948892563 ], [ 117.257826621967126, -34.734057888867241 ], [ 117.258394553005402, -34.734029632023024 ], [ 117.259148800100391, -34.73419936797815 ], [ 117.259444295222139, -34.734379095028871 ], [ 117.26021122355705, -34.735107901144424 ], [ 117.26057212385679, -34.735242396669641 ], [ 117.260921789991471, -34.735277719364497 ], [ 117.261303857999962, -34.735195740125398 ], [ 117.261761934823213, -34.734969311537739 ], [ 117.262045176899761, -34.734725221866448 ], [ 117.262480347278853, -34.734165181137989 ], [ 117.263047534402929, -34.733902441319884 ], [ 117.263790264552028, -34.733882799523052 ], [ 117.265375071483817, -34.734167926844606 ], [ 117.266096737055136, -34.734391797526733 ], [ 117.266676633575983, -34.734688116786259 ], [ 117.26716932048835, -34.735038731379134 ], [ 117.267487496484861, -34.735470887499012 ], [ 117.267653588553543, -34.736164893202371 ], [ 117.267689209378617, -34.737048559150885 ], [ 117.267582268352797, -34.737761200096564 ], [ 117.267246997017438, -34.738808000491609 ], [ 117.267204810668758, -34.739277018372867 ], [ 117.267381280378629, -34.739799663158898 ], [ 117.267808601242919, -34.740195507234397 ], [ 117.268136705051717, -34.740312016674132 ], [ 117.268420763005821, -34.740320408792208 ], [ 117.269587922585231, -34.739785781253147 ], [ 117.270363064638047, -34.739639778428675 ], [ 117.270865631802607, -34.739656697417551 ], [ 117.27207903405602, -34.739906491135343 ], [ 117.274135927017639, -34.740857764879621 ], [ 117.275360849223631, -34.741278837855901 ], [ 117.276694456150921, -34.741528313615078 ], [ 117.277415221200769, -34.741454531768774 ], [ 117.277818606226987, -34.741210132029124 ], [ 117.277949154141353, -34.741047513983091 ], [ 117.277992156514543, -34.740840006693205 ], [ 117.277595535773557, -34.739839936594485 ], [ 117.277251104708469, -34.738109305003277 ], [ 117.277096905915641, -34.737730908558468 ], [ 117.276811502805202, -34.73731673895805 ], [ 117.276439043077232, -34.737001962011661 ], [ 117.276089123426374, -34.736894542116609 ], [ 117.274495004600297, -34.737123589898751 ], [ 117.273992392607582, -34.7370886503519 ], [ 117.273642505436229, -34.736990241145726 ], [ 117.273062657131689, -34.736721008542759 ], [ 117.272526211204095, -34.736361498085429 ], [ 117.272153594556329, -34.735992601498317 ], [ 117.27197775310384, -34.73566835352019 ], [ 117.271965972748475, -34.735406863661652 ], [ 117.272096375333035, -34.735199163057011 ], [ 117.272707203027608, -34.734927263066986 ], [ 117.273918964403578, -34.734699099127539 ], [ 117.274377838308354, -34.734725119757172 ], [ 117.274957198951796, -34.734850062531031 ], [ 117.278991833879346, -34.735995166333922 ], [ 117.279812229017011, -34.736326942928521 ], [ 117.280698691238214, -34.736811864237396 ], [ 117.28131203884503, -34.737288392313886 ], [ 117.281926189843247, -34.737999377993226 ], [ 117.282299778889538, -34.738638775924095 ], [ 117.282652815453162, -34.739656967503244 ], [ 117.282893913721097, -34.739881852502641 ], [ 117.283265549033416, -34.739944113294996 ], [ 117.283603981115277, -34.739880201221439 ], [ 117.28471607521513, -34.739246361447542 ], [ 117.285054317488246, -34.739128339051689 ], [ 117.285578670095376, -34.739127110766297 ], [ 117.286114754906137, -34.739360315188343 ], [ 117.286443845526051, -34.739756324404127 ], [ 117.286412162394157, -34.740072021501177 ], [ 117.28610725024447, -34.740352289547751 ], [ 117.285278593857029, -34.740814140418863 ], [ 117.284875418609673, -34.741112671053067 ], [ 117.28454886524743, -34.741456110294706 ], [ 117.284309889463458, -34.741853450964065 ], [ 117.284170034048628, -34.742485022338279 ], [ 117.284225706388725, -34.742791497118091 ], [ 117.284412628107049, -34.743142754356441 ], [ 117.284883838355157, -34.74356548891447 ], [ 117.285934215321177, -34.744031952187491 ], [ 117.288984580897051, -34.744710103998088 ], [ 117.289946336410068, -34.744816031540267 ], [ 117.290470503770891, -34.744751658084517 ], [ 117.290961421807822, -34.744552095110542 ], [ 117.29374087324382, -34.742750884942637 ], [ 117.2959878426107, -34.741771524597908 ], [ 117.29671838770598, -34.741381982387345 ], [ 117.296968807612885, -34.741146909700184 ], [ 117.297131412516833, -34.740794819562453 ], [ 117.29717330123178, -34.740289721444697 ], [ 117.297115839668692, -34.739496296524038 ], [ 117.297266677041506, -34.738909772375514 ], [ 117.297678618544509, -34.738025023150591 ], [ 117.298102738104078, -34.737491936387343 ], [ 117.298821727585747, -34.736940089491696 ], [ 117.299628617414939, -34.736532306767458 ], [ 117.300348730407649, -34.736296070703474 ], [ 117.302018896566778, -34.73597631831425 ], [ 117.302662598748171, -34.735758293596497 ], [ 117.303021956748267, -34.73545079528116 ], [ 117.303162085223136, -34.734936432541765 ], [ 117.303117271916292, -34.734629939170276 ], [ 117.303007346664572, -34.734440839046442 ], [ 117.302602425618716, -34.734234436431052 ], [ 117.302023291108654, -34.734181767012259 ], [ 117.299991613786929, -34.734204823173997 ], [ 117.299423241763805, -34.734107025915584 ], [ 117.29899638711494, -34.733873611805713 ], [ 117.298908221396388, -34.733657401135801 ], [ 117.298939497522369, -34.733242505845894 ], [ 117.299058288649505, -34.732863466874264 ], [ 117.299275451842391, -34.732502221709197 ], [ 117.299841695732425, -34.732013868229465 ], [ 117.301683662624313, -34.730900131323139 ], [ 117.301987962620601, -34.730475540833417 ], [ 117.302008201065263, -34.730033618550976 ], [ 117.301843375576482, -34.729763493118952 ], [ 117.301569618650731, -34.729574797363668 ], [ 117.300388820815812, -34.729262091848092 ], [ 117.299602256238188, -34.729227957706492 ], [ 117.29876211713156, -34.729482519503996 ], [ 117.298380015996699, -34.729537562834352 ], [ 117.297975712867071, -34.729493463473709 ], [ 117.297745915091483, -34.729376793960029 ], [ 117.297504581349074, -34.72908881396333 ], [ 117.29738301078153, -34.728692327540358 ], [ 117.297323554122102, -34.727339802252679 ], [ 117.297234851071508, -34.726970288748788 ], [ 117.296883496502033, -34.726457130652378 ], [ 117.296313797478192, -34.725971556193045 ], [ 117.295723031417538, -34.725702457519205 ], [ 117.294914369568744, -34.725587186368863 ], [ 117.291048154993746, -34.72566862703102 ], [ 117.289770032979362, -34.725608549255256 ], [ 117.28860028877871, -34.725304720516618 ], [ 117.288206432672794, -34.725116278930898 ], [ 117.287888877033836, -34.724882566724247 ], [ 117.286518196409787, -34.723316698926588 ], [ 117.286298576474366, -34.72297453834576 ], [ 117.286044174030124, -34.722046301082003 ], [ 117.285820649292035, -34.720567903876628 ], [ 117.285633276957554, -34.720072363355818 ], [ 117.285381121832401, -34.719793401910493 ], [ 117.284077858446892, -34.718741362854125 ], [ 117.283288969854681, -34.717994720600757 ], [ 117.283036644566067, -34.717661647634777 ], [ 117.282816409303393, -34.717130107533926 ], [ 117.282218795231159, -34.714813912312032 ], [ 117.28204277631248, -34.714435571169901 ], [ 117.281768870143679, -34.71417468792005 ], [ 117.281342075897399, -34.713914157167686 ], [ 117.280696810060746, -34.713636092753347 ], [ 117.280172131594682, -34.713493015108199 ], [ 117.279418697990863, -34.713521798770856 ], [ 117.279069600669516, -34.71363081280537 ], [ 117.278677212942327, -34.713857156639932 ], [ 117.278339759036456, -34.714182569841348 ], [ 117.278057117671779, -34.714570981816173 ], [ 117.277764728729878, -34.715311110605427 ], [ 117.277756008851568, -34.715969431824902 ], [ 117.277945467108836, -34.717105245741173 ], [ 117.27921333910858, -34.720655368364554 ], [ 117.279401766642707, -34.721475557824341 ], [ 117.279458681160264, -34.722160781374107 ], [ 117.27930850559521, -34.722972729198567 ], [ 117.278917831144483, -34.723722102894342 ], [ 117.278449848435798, -34.72421915320993 ], [ 117.276979641425442, -34.725503034200109 ], [ 117.276631932534372, -34.726044892978877 ], [ 117.276611980366283, -34.726613060382221 ], [ 117.277141069835082, -34.728054707370276 ], [ 117.277362442977406, -34.728928930882688 ], [ 117.277397109017855, -34.729496973763126 ], [ 117.277321824406414, -34.729848839607634 ], [ 117.277137130110376, -34.730146847518363 ], [ 117.276821119429655, -34.730373011181904 ], [ 117.27653745522737, -34.730472851326219 ], [ 117.276035182524069, -34.730528097353968 ], [ 117.275510764105178, -34.73049321334986 ], [ 117.275051614536196, -34.730377019481516 ], [ 117.273990310510797, -34.72983834285494 ], [ 117.27370503943277, -34.72945121845914 ], [ 117.27366004068881, -34.729054536025252 ], [ 117.273789685782177, -34.728621389920932 ], [ 117.27435390885158, -34.727483876552228 ], [ 117.27439622805187, -34.727068961964072 ], [ 117.274001175480564, -34.726510746879732 ], [ 117.273355182723336, -34.726034254103027 ], [ 117.273048261191903, -34.725701283345387 ], [ 117.272718698099226, -34.725124881508513 ], [ 117.272684717512433, -34.724755227192794 ], [ 117.272997931731481, -34.723681405701612 ], [ 117.273215125564917, -34.723302170520292 ], [ 117.273585788329015, -34.723093928904312 ], [ 117.27482939439119, -34.722640238955677 ], [ 117.27509089161218, -34.722450274605819 ], [ 117.275166866370654, -34.722305817951373 ], [ 117.275176951587838, -34.722053296279114 ], [ 117.275066807981517, -34.72177399265545 ], [ 117.274517859636688, -34.720909520219365 ], [ 117.274166045785094, -34.720206922468343 ], [ 117.27408816667851, -34.719774242286775 ], [ 117.274108432385916, -34.719296252137447 ], [ 117.274335369629028, -34.718565297711258 ], [ 117.275117911333709, -34.717418269507796 ], [ 117.275312997951005, -34.71696693757724 ], [ 117.275397765844204, -34.716182195150246 ], [ 117.275241047395355, -34.715028267395731 ], [ 117.275262052475696, -34.714775720748698 ], [ 117.276404147979918, -34.713393407279554 ], [ 117.276686582908553, -34.712941874708079 ], [ 117.276826837732528, -34.712427539750379 ], [ 117.276781112890561, -34.711814431048744 ], [ 117.276592703762446, -34.710985218241191 ], [ 117.276394398141662, -34.710462633853936 ], [ 117.276120402935831, -34.710165666520268 ], [ 117.275398054911904, -34.709680338184256 ], [ 117.274315531094132, -34.709249923918918 ], [ 117.271518100861627, -34.708679047982876 ], [ 117.270992998746621, -34.708391646097482 ], [ 117.270653333741521, -34.708040705297734 ], [ 117.270488301821459, -34.707662322472252 ], [ 117.270443008117567, -34.707166441769495 ], [ 117.270572930247056, -34.706823475376311 ], [ 117.2710521062791, -34.706425625388221 ], [ 117.271663109728749, -34.706270961413843 ], [ 117.273246199879637, -34.706186261163971 ], [ 117.274338764394884, -34.706364163103544 ], [ 117.275957277610345, -34.707081935666999 ], [ 117.278627061997909, -34.708672017465133 ], [ 117.28008179455648, -34.709372073499118 ], [ 117.283317465580325, -34.710338519010477 ], [ 117.28635739091122, -34.711521766376528 ], [ 117.288488774904522, -34.712066826178685 ], [ 117.291037503978956, -34.713278171597246 ], [ 117.292622675264326, -34.713752319623765 ], [ 117.293366427013424, -34.714075172796719 ], [ 117.294023329152793, -34.71454251619334 ], [ 117.294824065663207, -34.715532541727384 ], [ 117.296389936811622, -34.716701059259528 ], [ 117.296532908392322, -34.716980263776705 ], [ 117.296765956144085, -34.718016745475353 ], [ 117.296985767008849, -34.718403976006528 ], [ 117.29733673268386, -34.718817939544323 ], [ 117.297972110724189, -34.719357456179971 ], [ 117.29934082793585, -34.720337042698418 ], [ 117.301522494101576, -34.72261316900493 ], [ 117.301654931651029, -34.722991589137791 ], [ 117.301689761035789, -34.723559624829583 ] ] ] } },
{ "type": "Feature", "properties": { "CODE": "P_gp", "JNCODE": "si5011; P_gp", "fme_featur": "geology_surface_si5011" }, "geometry": { "type": "Polygon", "coordinates": [ [ [ 117.290530752633828, -34.736996218660387 ], [ 117.289678009536019, -34.736799858238449 ], [ 117.289240338729712, -34.736593489106355 ], [ 117.289010093826292, -34.736350555230537 ], [ 117.288416707877488, -34.735341968823711 ], [ 117.287901770347389, -34.734901315059801 ], [ 117.287420451467895, -34.73470406024002 ], [ 117.285660444976287, -34.734320435219566 ], [ 117.285091500154934, -34.734051234242116 ], [ 117.284554958023065, -34.733673741319834 ], [ 117.283908324810525, -34.733044004271029 ], [ 117.283512871840699, -34.732395643743793 ], [ 117.283346624328743, -34.731692642104939 ], [ 117.28337862394801, -34.731467122630391 ], [ 117.283541575930457, -34.73120522718834 ], [ 117.28387926304984, -34.730933906634242 ], [ 117.284282794127478, -34.730752609517921 ], [ 117.287022387011987, -34.730151010274525 ], [ 117.287742418701967, -34.729896813128065 ], [ 117.289160152251753, -34.729253192028388 ], [ 117.28984771630418, -34.729089237536215 ], [ 117.291005394673434, -34.729050406274808 ], [ 117.292414833286003, -34.729164262582096 ], [ 117.293202063368554, -34.729387815385799 ], [ 117.29386988146922, -34.729819060640921 ], [ 117.294352561778339, -34.730404052295903 ], [ 117.294627777187046, -34.731007579528892 ], [ 117.29466169815386, -34.731332138240838 ], [ 117.294167676499114, -34.733714030676879 ], [ 117.293821961174217, -34.734797000431158 ], [ 117.293334421615327, -34.735934417413887 ], [ 117.292964833816228, -34.736449321039402 ], [ 117.292267307554766, -34.736901886297964 ], [ 117.291448630624387, -34.737075185977304 ], [ 117.290530752633828, -34.736996218660387 ] ] ] } },
{ "type": "Feature", "properties": { "CODE": "P_gp", "JNCODE": "si5011; P_gp", "fme_featur": "geology_surface_si5011" }, "geometry": { "type": "Polygon", "coordinates": [ [ [ 117.310416729499366, -34.726549647019873 ], [ 117.310001209536225, -34.726424455897423 ], [ 117.309683218034351, -34.7260916060197 ], [ 117.309495354795985, -34.72550592628172 ], [ 117.30943694680748, -34.724487062838804 ], [ 117.309348092295721, -34.724090505090139 ], [ 117.309062240682408, -34.723586233506147 ], [ 117.308667441899985, -34.723154379738581 ], [ 117.308042987736599, -34.722641945289354 ], [ 117.305963921330175, -34.7215830830689 ], [ 117.305471317861077, -34.721277713666566 ], [ 117.305186394173035, -34.721016911235161 ], [ 117.305087304694609, -34.720800731951954 ], [ 117.305086079112172, -34.720467075997661 ], [ 117.305237787610352, -34.72014205476885 ], [ 117.305509863088247, -34.71987985624628 ], [ 117.305836842816205, -34.719698679608513 ], [ 117.306240536982301, -34.719589451785517 ], [ 117.308391253229487, -34.719367599194996 ], [ 117.309898640471772, -34.71942689893212 ], [ 117.310849713119907, -34.719667956924233 ], [ 117.311221852572032, -34.719883434314077 ], [ 117.311616310567047, -34.720225102812904 ], [ 117.312056253660501, -34.721044597391227 ], [ 117.312824128635526, -34.721935391098697 ], [ 117.314829332913845, -34.723652626543618 ], [ 117.315279084101434, -34.72416547823606 ], [ 117.315334550198529, -34.724390779752405 ], [ 117.31522642510933, -34.724679629263541 ], [ 117.314987199631005, -34.724959799910046 ], [ 117.314627726328624, -34.725213227292677 ], [ 117.313504072233727, -34.725567818407846 ], [ 117.311639455350388, -34.726393222587788 ], [ 117.31072262229749, -34.72656690277897 ], [ 117.310416729499366, -34.726549647019873 ] ] ] } },
{ "type": "Feature", "properties": { "CODE": "P_gp", "JNCODE": "si5011; P_gp", "fme_featur": "geology_surface_si5011" }, "geometry": { "type": "Polygon", "coordinates": [ [ [ 117.309339783543095, -34.71306174062714 ], [ 117.309337164649108, -34.712358357168782 ], [ 117.309684737316317, -34.711852476180717 ], [ 117.310315863973869, -34.711246676281355 ], [ 117.310752069707306, -34.711083243740099 ], [ 117.310828478063954, -34.711074031021617 ], [ 117.312499317337924, -34.711078775059249 ], [ 117.313776447041818, -34.710931207711241 ], [ 117.31626582329406, -34.710807539943843 ], [ 117.316658505753551, -34.710689288360186 ], [ 117.317237760527206, -34.710814031102011 ], [ 117.317588001512348, -34.711020528615833 ], [ 117.317708917715805, -34.711227623287918 ], [ 117.318092267865623, -34.711524211203795 ], [ 117.318148043643149, -34.711830671485018 ], [ 117.31761487503185, -34.712337060416822 ], [ 117.317005772381393, -34.71297891186731 ], [ 117.31552229096043, -34.713433653483854 ], [ 117.314845589471972, -34.713534600010128 ], [ 117.313851029753238, -34.713329756108983 ], [ 117.311504792936049, -34.713786668173967 ], [ 117.31008554541593, -34.713907520089677 ], [ 117.309734470189184, -34.713475557697699 ], [ 117.309339783543095, -34.71306174062714 ] ] ] } },
{ "type": "Feature", "properties": { "CODE": "P_gp", "JNCODE": "si5011; P_gp", "fme_featur": "geology_surface_si5011" }, "geometry": { "type": "Polygon", "coordinates": [ [ [ 117.340607708012342, -34.750844017059663 ], [ 117.339864478625472, -34.750773951453517 ], [ 117.339186176596144, -34.750550398630295 ], [ 117.338747501306642, -34.750145820564732 ], [ 117.338636958996631, -34.749830506480592 ], [ 117.338613194477063, -34.749361649135942 ], [ 117.33867675857077, -34.748874513407635 ], [ 117.338849389563578, -34.748341985398405 ], [ 117.339098604625406, -34.747836297172981 ], [ 117.339402810714432, -34.747420632777626 ], [ 117.340066984153978, -34.746868696581139 ], [ 117.340546794781204, -34.746650929591191 ], [ 117.341114447059155, -34.746541127852929 ], [ 117.341682691938203, -34.746575605995915 ], [ 117.342251420799855, -34.746727311022092 ], [ 117.343433368470812, -34.74721996059003 ], [ 117.344583041708987, -34.747829920790238 ], [ 117.345207460455683, -34.748233951584254 ], [ 117.34558068076754, -34.748656727709346 ], [ 117.34569177381853, -34.749098282504612 ], [ 117.345649838458385, -34.749522236075123 ], [ 117.34543283389587, -34.749883562016123 ], [ 117.345051946254046, -34.750245352000505 ], [ 117.344561463615435, -34.750526291118341 ], [ 117.343732100685699, -34.750763096451024 ], [ 117.342334085225701, -34.750875247406171 ], [ 117.340607708012342, -34.750844017059663 ] ] ] } },
{ "type": "Feature", "properties": { "CODE": "P_gp", "JNCODE": "si5011; P_gp", "fme_featur": "geology_surface_si5011" }, "geometry": { "type": "Polygon", "coordinates": [ [ [ 117.383438407850676, -34.74897626946877 ], [ 117.381629776938169, -34.747683395227348 ], [ 117.380797612138565, -34.74728020145394 ], [ 117.380283931428337, -34.747236717781782 ], [ 117.379301879088118, -34.747501294971514 ], [ 117.378646789928808, -34.747593510935992 ], [ 117.377161027532665, -34.747607138993189 ], [ 117.376614284975716, -34.747500617993531 ], [ 117.376110916797955, -34.747321818601485 ], [ 117.375683658090935, -34.747061622621196 ], [ 117.375387378751043, -34.746773968226364 ], [ 117.375166678669245, -34.746287689789249 ], [ 117.375207890783201, -34.745737480033974 ], [ 117.375510846569171, -34.745087268206788 ], [ 117.376422303501144, -34.743713756144508 ], [ 117.376779782769631, -34.743045336967946 ], [ 117.37695137872096, -34.74234142110987 ], [ 117.376840047080307, -34.741881860074201 ], [ 117.376532940010577, -34.741612277187784 ], [ 117.376084433240976, -34.741478396563181 ], [ 117.373570846971859, -34.741260688141438 ], [ 117.372510147492349, -34.741029475126631 ], [ 117.372094180105819, -34.740841373681711 ], [ 117.371721507185683, -34.740562961079071 ], [ 117.371457835313535, -34.740230108371712 ], [ 117.371391241784579, -34.739995849666414 ], [ 117.371488427938928, -34.739743055973271 ], [ 117.371760235394163, -34.739453658289179 ], [ 117.372184814122093, -34.739127722216111 ], [ 117.372479112388007, -34.73898253838216 ], [ 117.374793023792918, -34.738542587656944 ], [ 117.375775638320846, -34.738422329200986 ], [ 117.376200808981551, -34.738231643747035 ], [ 117.376320153030974, -34.738050919839125 ], [ 117.376373708745604, -34.737816292542554 ], [ 117.376305999559079, -34.737338560318612 ], [ 117.375997522346623, -34.736762376079497 ], [ 117.375448405581352, -34.736114790847282 ], [ 117.375358489303807, -34.735555966494239 ], [ 117.375409803248033, -34.734825369254132 ], [ 117.375539251640973, -34.734464259528167 ], [ 117.375821583620166, -34.734093660274802 ], [ 117.37636623344234, -34.733758321196774 ], [ 117.377064253640611, -34.733521700468316 ], [ 117.377795408587659, -34.733366132897089 ], [ 117.378450715464837, -34.733346063144069 ], [ 117.379642451985958, -34.733585834424275 ], [ 117.380911195641715, -34.733942584190224 ], [ 117.382368013201614, -34.734812743050576 ], [ 117.3835177131036, -34.735404300979248 ], [ 117.385170286403138, -34.736075418658437 ], [ 117.387600734605087, -34.737230999916839 ], [ 117.388892048651471, -34.737722860572077 ], [ 117.392870924572108, -34.738269192655899 ], [ 117.393810198264589, -34.738230088384213 ], [ 117.395840858304879, -34.737980026525236 ], [ 117.397053349741711, -34.737967062291688 ], [ 117.397775007494658, -34.7381089917385 ], [ 117.398114984566377, -34.738387431342908 ], [ 117.3982257366971, -34.738702690652055 ], [ 117.398216716499149, -34.739099501258075 ], [ 117.398109553856813, -34.739532703669425 ], [ 117.397817330551248, -34.740101776809169 ], [ 117.397524239431675, -34.740490497033377 ], [ 117.39705653229052, -34.740915856907158 ], [ 117.396675394862214, -34.741169595812025 ], [ 117.396239332780965, -34.741360387972193 ], [ 117.395715488062891, -34.741470304061657 ], [ 117.395082099331944, -34.741517449039137 ], [ 117.391258627279285, -34.741529791575267 ], [ 117.390100915321369, -34.741587611617547 ], [ 117.389314963777309, -34.741716374930618 ], [ 117.38722011868154, -34.742282153618433 ], [ 117.385899324906433, -34.742511789422878 ], [ 117.385604996073113, -34.74264798790923 ], [ 117.385365916294546, -34.742919277160375 ], [ 117.385214397876155, -34.743226360029162 ], [ 117.385151613467713, -34.743821730140112 ], [ 117.385307571363995, -34.744470514830837 ], [ 117.386037111207926, -34.746298807410056 ], [ 117.386149423110297, -34.74695674680401 ], [ 117.38615240274072, -34.747596997240215 ], [ 117.386099707909693, -34.748011980537257 ], [ 117.385949063973925, -34.748508433922254 ], [ 117.385569450018494, -34.749104807386537 ], [ 117.385232359434582, -34.749448548353037 ], [ 117.384160807086346, -34.749262560628068 ], [ 117.383438407850676, -34.74897626946877 ] ] ] } },
{ "type": "Feature", "properties": { "CODE": "P_gp", "JNCODE": "si5011; P_gp", "fme_featur": "geology_surface_si5011" }, "geometry": { "type": "Polygon", "coordinates": [ [ [ 117.329541181729866, -34.723613718836916 ], [ 117.325497699929187, -34.72302039680239 ], [ 117.325016503166594, -34.722859361088815 ], [ 117.324556552793737, -34.722544964221335 ], [ 117.324747891232434, -34.721200801595991 ], [ 117.324931688885158, -34.72072236786741 ], [ 117.325312318455644, -34.720306533048479 ], [ 117.326368266430123, -34.719428981689198 ], [ 117.327020247366008, -34.718588577330515 ], [ 117.327696014087081, -34.718244084892696 ], [ 117.328809371829976, -34.718087782476339 ], [ 117.329923799809436, -34.718202001222501 ], [ 117.330645425510212, -34.718407454495697 ], [ 117.332439287717278, -34.719096943944471 ], [ 117.333652967857589, -34.719445320554641 ], [ 117.334287714034687, -34.719768221501532 ], [ 117.334649646695993, -34.720145975608133 ], [ 117.334738472118644, -34.720506443692976 ], [ 117.334535285640399, -34.721580120194702 ], [ 117.334232092206079, -34.722230234008826 ], [ 117.333688396516635, -34.722826899202687 ], [ 117.333176626645113, -34.723216065255066 ], [ 117.332642502457617, -34.723479041006961 ], [ 117.331475262244155, -34.723833916700883 ], [ 117.331137724434655, -34.724096350800693 ], [ 117.330985643232381, -34.72430417344367 ], [ 117.33031782207253, -34.723909202891555 ], [ 117.329541181729866, -34.723613718836916 ] ] ] } },
{ "type": "Feature", "properties": { "CODE": "P_gp", "JNCODE": "si5011; P_gp", "fme_featur": "geology_surface_si5011" }, "geometry": { "type": "Polygon", "coordinates": [ [ [ 117.243315799784298, -34.75488276852797 ], [ 117.243011770413531, -34.755532655544897 ], [ 117.242521330129136, -34.755957468744214 ], [ 117.241844637778541, -34.756211312256568 ], [ 117.24104712265013, -34.756248964617512 ], [ 117.240226944532083, -34.756007105408536 ], [ 117.23919839241475, -34.755495116823148 ], [ 117.238694437480831, -34.755027181234958 ], [ 117.23778325043601, -34.753522994688957 ], [ 117.23654447826361, -34.752073544315124 ], [ 117.236127220397776, -34.751343913601829 ], [ 117.236016527137863, -34.750839132244813 ], [ 117.236091286993869, -34.7502347957194 ], [ 117.236286636515146, -34.749774509766596 ], [ 117.2367436530334, -34.749124341555898 ], [ 117.238755789495698, -34.749769694081003 ], [ 117.239981240090827, -34.750389512620927 ], [ 117.240638184578671, -34.75087517664727 ], [ 117.242029681643388, -34.752225086520625 ], [ 117.242829110892629, -34.752854739748805 ], [ 117.243288816723094, -34.753133373406655 ], [ 117.243411568171524, -34.754007852689703 ], [ 117.243315799784298, -34.75488276852797 ] ] ] } },
{ "type": "Feature", "properties": { "CODE": "P_gp", "JNCODE": "si5011; P_gp", "fme_featur": "geology_surface_si5011" }, "geometry": { "type": "Polygon", "coordinates": [ [ [ 117.231045556779705, -34.746989050946972 ], [ 117.23032535160614, -34.747297020033095 ], [ 117.229702893476869, -34.747397391336115 ], [ 117.22895973448027, -34.747308612811317 ], [ 117.228270830557221, -34.74708446118629 ], [ 117.227362786293682, -34.746626252333179 ], [ 117.226706051431847, -34.746176586909286 ], [ 117.226234998350961, -34.74570853753216 ], [ 117.225971572193785, -34.745258136824766 ], [ 117.225882921337373, -34.744798393690033 ], [ 117.226013085747468, -34.744455475949472 ], [ 117.226482087660628, -34.744175053014963 ], [ 117.228785215973289, -34.743449324681087 ], [ 117.229396721036238, -34.743348978691884 ], [ 117.229899403265932, -34.743402137651778 ], [ 117.230490084271054, -34.743671555159914 ], [ 117.231146819616356, -34.744121200361654 ], [ 117.231585091729713, -34.74458027536609 ], [ 117.231881421414428, -34.745066672460595 ], [ 117.232013830591882, -34.745535345581629 ], [ 117.231993770812565, -34.746175647110874 ], [ 117.231525405416491, -34.746681534759333 ], [ 117.231045556779705, -34.746989050946972 ] ] ] } },
{ "type": "Feature", "properties": { "CODE": "P_gp", "JNCODE": "si5011; P_gp", "fme_featur": "geology_surface_si5011" }, "geometry": { "type": "Polygon", "coordinates": [ [ [ 117.238031555811375, -34.737245394109408 ], [ 117.23705897645803, -34.737121041584984 ], [ 117.23651227302544, -34.736941748261103 ], [ 117.236173097424754, -34.736753032459625 ], [ 117.234826976915116, -34.735871890016469 ], [ 117.233972875110268, -34.735143091164538 ], [ 117.233720339010674, -34.73468366772444 ], [ 117.233741449616659, -34.734422110739956 ], [ 117.233828227516256, -34.734205516752212 ], [ 117.234111396945849, -34.733907385106953 ], [ 117.234547541926702, -34.733626993953386 ], [ 117.235202584193189, -34.73349948154663 ], [ 117.236426149551264, -34.733551219690142 ], [ 117.238054370773895, -34.733773493776077 ], [ 117.238524385702334, -34.733880788027648 ], [ 117.238929147068205, -34.734087404373568 ], [ 117.240023806520341, -34.734887837207495 ], [ 117.240713895513949, -34.735544775333508 ], [ 117.241032093276146, -34.736031107623774 ], [ 117.241098970921058, -34.736490883337723 ], [ 117.240990545467952, -34.736770649852716 ], [ 117.24087075065853, -34.736897136070311 ], [ 117.240412579638743, -34.737114468552782 ], [ 117.239484447954311, -34.737251563988288 ], [ 117.238763528619671, -34.737271014892656 ], [ 117.238031555811375, -34.737245394109408 ] ] ] } },
{ "type": "Feature", "properties": { "CODE": "P_gp", "JNCODE": "si5011; P_gp", "fme_featur": "geology_surface_si5011" }, "geometry": { "type": "Polygon", "coordinates": [ [ [ 117.230643152556027, -34.73978459375676 ], [ 117.231015502213808, -34.740117546780127 ], [ 117.231147622184778, -34.740487025984926 ], [ 117.231126501971715, -34.740748582297755 ], [ 117.231017936970588, -34.740992268884732 ], [ 117.23056016832038, -34.741371883903192 ], [ 117.229839635351553, -34.741544583925588 ], [ 117.229216671796721, -34.74144656210045 ], [ 117.22523843974912, -34.740804702222597 ], [ 117.223697046080616, -34.740410759594006 ], [ 117.223073734561311, -34.740177439885841 ], [ 117.222472033162916, -34.739853899461032 ], [ 117.221793361563442, -34.739341122316553 ], [ 117.220928221786863, -34.738540109895382 ], [ 117.219799898668612, -34.73735180064913 ], [ 117.219077307169428, -34.736739891429693 ], [ 117.218486593680183, -34.73642532910101 ], [ 117.21647465487014, -34.735671425227508 ], [ 117.215808103313989, -34.735591447689032 ], [ 117.215251233258428, -34.735682611153969 ], [ 117.214913021342312, -34.735845528969229 ], [ 117.213997086160575, -34.736487406193852 ], [ 117.21335321219631, -34.736732016591723 ], [ 117.212960026334827, -34.736759758090926 ], [ 117.212489912161388, -34.736607276328137 ], [ 117.212106751674497, -34.736283302938602 ], [ 117.211766920724372, -34.735814968000831 ], [ 117.211393725825218, -34.735112226830893 ], [ 117.211162702729155, -34.734472362746693 ], [ 117.211006771625847, -34.733291299139275 ], [ 117.211059439466609, -34.73252469345946 ], [ 117.211167364115084, -34.732010490799482 ], [ 117.211559103424861, -34.731423652868514 ], [ 117.212321941881598, -34.730727953536643 ], [ 117.213837191836774, -34.729543968572898 ], [ 117.215112941205788, -34.728685029381744 ], [ 117.215941940460723, -34.728250707190945 ], [ 117.216433012628812, -34.728078497068744 ], [ 117.217066359351008, -34.728014245409319 ], [ 117.217590951704224, -34.728130541216252 ], [ 117.218050388586008, -34.728391236557464 ], [ 117.218433630466649, -34.728751262836518 ], [ 117.21868601642106, -34.729192683252144 ], [ 117.218807426293992, -34.729670409718317 ], [ 117.218743980029529, -34.730464091778501 ], [ 117.218147365366079, -34.732043279784243 ], [ 117.217974560303901, -34.732792067869752 ], [ 117.218009484956113, -34.733612626533301 ], [ 117.218108695345578, -34.733955125867467 ], [ 117.218284228324791, -34.734243381472226 ], [ 117.218590677878751, -34.734468277252645 ], [ 117.219049867519416, -34.734620755170731 ], [ 117.221027688658737, -34.734869681111299 ], [ 117.221541454448413, -34.73500401494632 ], [ 117.221716784789635, -34.735211105595113 ], [ 117.221795104888869, -34.735905334433404 ], [ 117.222058237228239, -34.736265567410946 ], [ 117.22325146591993, -34.737210256158484 ], [ 117.224378422459225, -34.737875503115312 ], [ 117.226237377835787, -34.738566435526835 ], [ 117.229003012768231, -34.739237602510528 ], [ 117.229986904152639, -34.739497264980407 ], [ 117.230643152556027, -34.73978459375676 ] ] ] } },
{ "type": "Feature", "properties": { "CODE": "P_gp", "JNCODE": "si5011; P_gp", "fme_featur": "geology_surface_si5011" }, "geometry": { "type": "Polygon", "coordinates": [ [ [ 117.181681924188482, -34.725303682712358 ], [ 117.182413221357351, -34.725077144049784 ], [ 117.18323209120237, -34.724940647652218 ], [ 117.184105889239177, -34.724948348097598 ], [ 117.18481617511172, -34.72510057578274 ], [ 117.185767177036567, -34.725441806983504 ], [ 117.18677306209112, -34.725900178412729 ], [ 117.187658954369368, -34.726421851201238 ], [ 117.188063819056637, -34.726745868764333 ], [ 117.188447107943347, -34.727187150125076 ], [ 117.188633815026193, -34.727637752628944 ], [ 117.188689411523157, -34.728070522305018 ], [ 117.188603177489895, -34.728575654214843 ], [ 117.188451016946473, -34.728909549315084 ], [ 117.188167638664936, -34.729180522180464 ], [ 117.187687545917001, -34.72940670848854 ], [ 117.187010697237298, -34.729570070330581 ], [ 117.186006018827655, -34.729670804643021 ], [ 117.185219533630985, -34.729653967362836 ], [ 117.183537036706511, -34.729485175229506 ], [ 117.182696118166859, -34.729549564099614 ], [ 117.181626528769797, -34.729938930101802 ], [ 117.180000934813378, -34.730825089996586 ], [ 117.180001418440767, -34.726009568364759 ], [ 117.180274340612783, -34.725946039965692 ], [ 117.181681924188482, -34.725303682712358 ] ] ] } },
{ "type": "Feature", "properties": { "CODE": "P_gp", "JNCODE": "si5011; P_gp", "fme_featur": "geology_surface_si5011" }, "geometry": { "type": "Polygon", "coordinates": [ [ [ 117.203858919752321, -34.691613957144178 ], [ 117.203588778151257, -34.692759679294618 ], [ 117.203590897987311, -34.693625391964673 ], [ 117.203636160653971, -34.694274603421555 ], [ 117.20389914802783, -34.694661932349327 ], [ 117.204936380141149, -34.694660192582717 ], [ 117.206278897524953, -34.694486588030792 ], [ 117.207293256603961, -34.694070044678242 ], [ 117.208524384246431, -34.69302187085767 ], [ 117.208906129567467, -34.692867913202036 ], [ 117.210117707811222, -34.692739580136475 ], [ 117.210958986866814, -34.692972591612346 ], [ 117.212849948842063, -34.693807966155923 ], [ 117.213407582835288, -34.69412261657191 ], [ 117.214095589183401, -34.694184534998477 ], [ 117.214967876404017, -34.693732105828467 ], [ 117.215774458624452, -34.693207643749354 ], [ 117.216908898949711, -34.692808843488876 ], [ 117.217706430991214, -34.693005814700825 ], [ 117.218560856391434, -34.69407741238966 ], [ 117.219535738389183, -34.695275037121043 ], [ 117.220206054346249, -34.696897044290587 ], [ 117.220863201726573, -34.69766237385079 ], [ 117.221061967024681, -34.698500675030566 ], [ 117.220922492151033, -34.699429768057101 ], [ 117.220312614154935, -34.700026051181155 ], [ 117.219264825376072, -34.700190262486139 ], [ 117.216589682678006, -34.700195046433841 ], [ 117.210190240637203, -34.699836519766464 ], [ 117.20858294337782, -34.698955530463479 ], [ 117.207631791933039, -34.698470189848585 ], [ 117.206954516288434, -34.698345091727589 ], [ 117.20662695483756, -34.698345647556515 ], [ 117.205372215978599, -34.698717501164857 ], [ 117.20458846191724, -34.699692749210655 ], [ 117.204414846272897, -34.700134916044732 ], [ 117.204265194288311, -34.701442757524504 ], [ 117.202763106973379, -34.703393124644236 ], [ 117.202338941606797, -34.704088205047633 ], [ 117.202242685261197, -34.704918008025793 ], [ 117.202691597764456, -34.705413244423738 ], [ 117.203184326757622, -34.705962513214864 ], [ 117.204091748522259, -34.706402871799469 ], [ 117.204616808097057, -34.706771723391014 ], [ 117.205436686567211, -34.707131058139439 ], [ 117.20614956533673, -34.708374318183594 ], [ 117.206434673551257, -34.708851781747136 ], [ 117.206370675936938, -34.709465104157935 ], [ 117.205804077542339, -34.709971062197752 ], [ 117.202716552460501, -34.71116659441298 ], [ 117.201910064313267, -34.711835254441091 ], [ 117.20157292929845, -34.712412955016561 ], [ 117.201313807388019, -34.713639810786646 ], [ 117.200316188849015, -34.716581272618562 ], [ 117.199729115477425, -34.717691431056636 ], [ 117.198857940316898, -34.718747943494549 ], [ 117.197788222681311, -34.71899316648733 ], [ 117.196018801192807, -34.718932901290295 ], [ 117.194018473606292, -34.718205658051666 ], [ 117.1922053025922, -34.718109335720015 ], [ 117.189279024976912, -34.718393470169516 ], [ 117.188176171739599, -34.718485356972309 ], [ 117.187247468682997, -34.718315448822302 ], [ 117.186493105759112, -34.717964909970782 ], [ 117.186022176912104, -34.717379470033869 ], [ 117.185987797983643, -34.71665809489923 ], [ 117.186456151853747, -34.716098272584368 ], [ 117.187578374042801, -34.714924229875095 ], [ 117.187685790286025, -34.714130493775222 ], [ 117.187486916225183, -34.713111782909621 ], [ 117.187747565394744, -34.712471114118969 ], [ 117.188019661648767, -34.712064891208819 ], [ 117.189383062879045, -34.711332333644968 ], [ 117.1905839381146, -34.711168139868171 ], [ 117.190954320171542, -34.710770774430344 ], [ 117.191255399142221, -34.70873226697401 ], [ 117.19178965099276, -34.708370712971124 ], [ 117.193043172304598, -34.707385787040963 ], [ 117.193367097540488, -34.705807148050532 ], [ 117.193374848782668, -34.704445438662766 ], [ 117.193458930351653, -34.703038518491937 ], [ 117.19368729081566, -34.702632351822423 ], [ 117.194199443770174, -34.702180643444159 ], [ 117.195780543751468, -34.701249273294579 ], [ 117.196040879449271, -34.700518407515851 ], [ 117.195984774780158, -34.699878229108855 ], [ 117.195415358330095, -34.699184767586893 ], [ 117.195054359702539, -34.698896774082513 ], [ 117.193598820511809, -34.697465253480978 ], [ 117.193433551577471, -34.696825246910016 ], [ 117.19368190437585, -34.695634493013394 ], [ 117.19458806554448, -34.695605995906654 ], [ 117.194894012260633, -34.695704703651415 ], [ 117.196479158779908, -34.696540820694061 ], [ 117.197123541822279, -34.696620940966469 ], [ 117.198368336268416, -34.696654992639395 ], [ 117.199480573302992, -34.696048979639386 ], [ 117.199871099762461, -34.694993248471796 ], [ 117.200183604360674, -34.693279339028379 ], [ 117.200147963026268, -34.692080019706864 ], [ 117.1998190608101, -34.691512432954234 ], [ 117.199053215702179, -34.690846362963413 ], [ 117.198583408481056, -34.690702843246946 ], [ 117.19722997513621, -34.690858344955615 ], [ 117.196585658002761, -34.690787242867074 ], [ 117.196257934558332, -34.690706610094161 ], [ 117.1951207565413, -34.689968969550804 ], [ 117.194529179664585, -34.68910419829033 ], [ 117.19456009659541, -34.688319592894885 ], [ 117.19485328181942, -34.687642783034953 ], [ 117.195812476920608, -34.686991957911019 ], [ 117.196859314353361, -34.686476252002201 ], [ 117.198016147106713, -34.6863120560932 ], [ 117.198321977580562, -34.686374684072248 ], [ 117.198988851465231, -34.686761366342623 ], [ 117.199656684153823, -34.687544830369667 ], [ 117.200215246845715, -34.688283380735086 ], [ 117.20199734552935, -34.689335532687622 ], [ 117.202412541119557, -34.689470112105361 ], [ 117.203396664852065, -34.69009972550802 ], [ 117.20386791399207, -34.69082938653402 ], [ 117.203858919752321, -34.691613957144178 ] ] ] } },
{ "type": "Feature", "properties": { "CODE": "P_gp", "JNCODE": "si5011; P_gp", "fme_featur": "geology_surface_si5011" }, "geometry": { "type": "Polygon", "coordinates": [ [ [ 117.203470408966041, -34.671153003284232 ], [ 117.203982404039081, -34.670737323810457 ], [ 117.205080961365297, -34.66916636416228 ], [ 117.205691882930168, -34.669039084165583 ], [ 117.206039796787309, -34.66848840398093 ], [ 117.206519510746105, -34.668271162376612 ], [ 117.207654196528225, -34.668088876693623 ], [ 117.208276630272721, -34.668205047797422 ], [ 117.208835523266856, -34.669096865043613 ], [ 117.209264604941197, -34.670448815882558 ], [ 117.209779908492223, -34.671358739055322 ], [ 117.210579317567351, -34.672385402255038 ], [ 117.21065757398793, -34.673115717440496 ], [ 117.210484706960131, -34.67381941262807 ], [ 117.209646077201228, -34.674560325883007 ], [ 117.209560047146709, -34.675074494286555 ], [ 117.210032152279709, -34.676155830020079 ], [ 117.210711352867989, -34.677110555315238 ], [ 117.211466729275955, -34.677965947643408 ], [ 117.21222170714141, -34.678659013691593 ], [ 117.212888490885064, -34.679009548971443 ], [ 117.214156066865243, -34.679512330759813 ], [ 117.216242662072588, -34.680121863830422 ], [ 117.21690853380251, -34.680111662855644 ], [ 117.217595624656099, -34.679866955126379 ], [ 117.218009356189484, -34.67945139273484 ], [ 117.218138861124146, -34.678883033665208 ], [ 117.218027028896003, -34.677864211474947 ], [ 117.217402058623321, -34.676810233645035 ], [ 117.216471275737248, -34.675684652634629 ], [ 117.215901785464993, -34.67496423050433 ], [ 117.215922774225604, -34.674639548861123 ], [ 117.216314305532421, -34.674088762679212 ], [ 117.216827523161228, -34.674159994138051 ], [ 117.218105798795392, -34.674599591008537 ], [ 117.219362732109758, -34.675219570837342 ], [ 117.220302602002036, -34.675641717229091 ], [ 117.222410517983093, -34.676079766604914 ], [ 117.223764026223549, -34.676059253800908 ], [ 117.224680975824015, -34.676066585083269 ], [ 117.225828747963163, -34.676659645409089 ], [ 117.226945018648607, -34.677703648265911 ], [ 117.22763546503613, -34.678703347141763 ], [ 117.228476582940146, -34.682886074604873 ], [ 117.229059661557642, -34.684517217606306 ], [ 117.229334572921843, -34.685238131390484 ], [ 117.22976217860996, -34.685904649421985 ], [ 117.230800075520591, -34.686182242844254 ], [ 117.231618581751789, -34.686081493485752 ], [ 117.232316443977325, -34.685782575240772 ], [ 117.233221597858204, -34.685438167121347 ], [ 117.233920666348865, -34.685572095726549 ], [ 117.234467076543652, -34.685769439244154 ], [ 117.235887801171685, -34.686298752942754 ], [ 117.236238301472071, -34.686703878709203 ], [ 117.236294373415149, -34.687226807021858 ], [ 117.235533461845506, -34.688391586122066 ], [ 117.235295907506142, -34.689320886272156 ], [ 117.235265910477452, -34.690294874725517 ], [ 117.235638975649024, -34.690952458827972 ], [ 117.236251777332058, -34.691447255515477 ], [ 117.237618845825594, -34.692265224197413 ], [ 117.238996911016926, -34.693101191552714 ], [ 117.240099837527524, -34.693171166663532 ], [ 117.241104006805116, -34.693069987687025 ], [ 117.241801578398736, -34.692662801561269 ], [ 117.242748885536159, -34.691786185007423 ], [ 117.243598177500203, -34.69099993566909 ], [ 117.244393686954083, -34.690493342250853 ], [ 117.245342485257851, -34.690139738981173 ], [ 117.245779429474197, -34.690220019479625 ], [ 117.246893562014819, -34.690398125077586 ], [ 117.247746642602223, -34.690901394765284 ], [ 117.248272254191633, -34.69142336167603 ], [ 117.248350671793219, -34.692090524248044 ], [ 117.248134386781075, -34.692785340662667 ], [ 117.246793941021451, -34.69361770624046 ], [ 117.245758590815001, -34.694251049110846 ], [ 117.245586191306046, -34.695026933100628 ], [ 117.245751591101538, -34.695576689441296 ], [ 117.246025483181924, -34.695891762074126 ], [ 117.246889372870882, -34.696340908195886 ], [ 117.247239003721134, -34.696421360157608 ], [ 117.248789987635647, -34.696607578869454 ], [ 117.250078609371826, -34.696686102141079 ], [ 117.250504619677898, -34.696748352238451 ], [ 117.251465499716261, -34.696764409050409 ], [ 117.251978312609594, -34.69664611762677 ], [ 117.252555894990792, -34.696284207575793 ], [ 117.253132895721393, -34.695732920877909 ], [ 117.253883479482425, -34.694820555395864 ], [ 117.254882702560693, -34.69310507543711 ], [ 117.255611518665191, -34.692228816006669 ], [ 117.2567981968662, -34.69113515942275 ], [ 117.257756357278666, -34.690294475002176 ], [ 117.260222130106584, -34.689775216751229 ], [ 117.262054970712725, -34.689356467721225 ], [ 117.263180357026229, -34.689633596767152 ], [ 117.264109578362721, -34.69001935505262 ], [ 117.26562965643987, -34.690809623895525 ], [ 117.267118400569856, -34.692032799790162 ], [ 117.268093780899179, -34.693175926748992 ], [ 117.2686318798754, -34.694139653054151 ], [ 117.268698670916947, -34.694536291676854 ], [ 117.2686130154637, -34.695059516368225 ], [ 117.267707789253294, -34.695368115417871 ], [ 117.265960316838886, -34.695200602154799 ], [ 117.264386625376304, -34.694744115390989 ], [ 117.263424881103759, -34.694448608565239 ], [ 117.262027811410348, -34.694595906101043 ], [ 117.260707559958647, -34.694869273390175 ], [ 117.259704858694178, -34.695439539530398 ], [ 117.259215981755432, -34.696225134227227 ], [ 117.259392645707223, -34.696856008509535 ], [ 117.259633584497749, -34.697089959772825 ], [ 117.260651691907654, -34.697944482987928 ], [ 117.261766015844501, -34.698140487391647 ], [ 117.263384375279202, -34.698894500318993 ], [ 117.264315507855443, -34.699848376866321 ], [ 117.264789098357795, -34.701127883796225 ], [ 117.264835848954718, -34.702092692234714 ], [ 117.264487468841608, -34.702418091461539 ], [ 117.263581289202946, -34.702456126294756 ], [ 117.262750060793678, -34.70202506458871 ], [ 117.26189660498396, -34.701467795011027 ], [ 117.261241148259685, -34.701370005548966 ], [ 117.260586343313207, -34.701479621762694 ], [ 117.259486246543858, -34.702356700848874 ], [ 117.259236792533386, -34.702898302819285 ], [ 117.259152025246394, -34.7037281252912 ], [ 117.25853242568995, -34.704631226265498 ], [ 117.257792277292978, -34.705399311374073 ], [ 117.2571482439688, -34.70547281494823 ], [ 117.256678338543836, -34.705356573665334 ], [ 117.256306210055627, -34.70507780368488 ], [ 117.25572611361784, -34.704637147896264 ], [ 117.255063637041857, -34.70225782383185 ], [ 117.254503417109618, -34.701167834898506 ], [ 117.25396662026607, -34.700591812106019 ], [ 117.252993267046307, -34.70007981896223 ], [ 117.251856962870662, -34.699838690559808 ], [ 117.250841724991844, -34.699912927392887 ], [ 117.25007843381826, -34.700257174705328 ], [ 117.249763898322598, -34.700961212536733 ], [ 117.249615283816254, -34.702377320195474 ], [ 117.24919121898067, -34.702973366410994 ], [ 117.24825412626042, -34.703633582315199 ], [ 117.247621259054796, -34.703788173463963 ], [ 117.247042370056462, -34.703735241314739 ], [ 117.246898944539538, -34.703239550113537 ], [ 117.246939835367087, -34.702301610493016 ], [ 117.247069203825717, -34.701742241284485 ], [ 117.246683715535852, -34.700624808110561 ], [ 117.245490749685175, -34.699680342112337 ], [ 117.243971545676331, -34.699178392920608 ], [ 117.241960990726469, -34.698668383404609 ], [ 117.240910126771567, -34.697750643449751 ], [ 117.240328702950478, -34.696804915803874 ], [ 117.239550943745826, -34.695922696347537 ], [ 117.23887252771209, -34.695410009617596 ], [ 117.238216602494305, -34.695122721766403 ], [ 117.236437027170197, -34.695162258711143 ], [ 117.235444945338443, -34.695687215662531 ], [ 117.234857571078777, -34.696472903377845 ], [ 117.234785165988413, -34.697897865500565 ], [ 117.235126934091227, -34.699060510858317 ], [ 117.235817836515025, -34.700123283443602 ], [ 117.236082323966713, -34.700979467982947 ], [ 117.235811292364389, -34.701665349978093 ], [ 117.235091777572407, -34.702072543772665 ], [ 117.232731440829127, -34.701436806524711 ], [ 117.229168456426109, -34.700226147896551 ], [ 117.227560137202971, -34.699047821793279 ], [ 117.227285367444509, -34.698390030490629 ], [ 117.22726170566159, -34.69772275260673 ], [ 117.227500829385278, -34.697325520352351 ], [ 117.228337917865204, -34.69599832838383 ], [ 117.229001331495638, -34.695050207409679 ], [ 117.229238748475098, -34.694039759645563 ], [ 117.229214401208708, -34.693129000447307 ], [ 117.228873013611178, -34.6920655330483 ], [ 117.228202642578964, -34.690470626256044 ], [ 117.227456393214439, -34.689065232382326 ], [ 117.226274115238525, -34.687895108717257 ], [ 117.223737873788622, -34.686628269514308 ], [ 117.223508274031943, -34.686502440403757 ], [ 117.220384750531395, -34.686048216113747 ], [ 117.21380192844191, -34.686132084029325 ], [ 117.211005707442453, -34.685568830015477 ], [ 117.209355509900959, -34.684886316139334 ], [ 117.207517682787042, -34.683374453470783 ], [ 117.2068605920404, -34.682536906470098 ], [ 117.204418136496756, -34.679267531105296 ], [ 117.202796073896494, -34.676618977904795 ], [ 117.201930459210402, -34.675276747328645 ], [ 117.201394346146031, -34.674763613656403 ], [ 117.200793290437076, -34.674476032198662 ], [ 117.199548848714414, -34.674451021903003 ], [ 117.198795845817145, -34.674524395440024 ], [ 117.197367336261635, -34.675130916299722 ], [ 117.196506148143285, -34.675619274434759 ], [ 117.195763920335935, -34.675638504454732 ], [ 117.195173624081889, -34.67527873478452 ], [ 117.194297799216585, -34.674179949313235 ], [ 117.194209527592335, -34.673774284137068 ], [ 117.194459403791271, -34.673268882944676 ], [ 117.195645983983027, -34.671905280087557 ], [ 117.195916975597314, -34.671102250819722 ], [ 117.195904722931658, -34.670534142065101 ], [ 117.195663128284451, -34.669912294078415 ], [ 117.194317278393171, -34.668498634110932 ], [ 117.194108466783746, -34.667885748464109 ], [ 117.194041086097016, -34.66707424318605 ], [ 117.194627354403224, -34.665738656719583 ], [ 117.195269508195139, -34.664971106703987 ], [ 117.196478935265546, -34.664094425310147 ], [ 117.197438574336402, -34.66375019401756 ], [ 117.198082317863367, -34.66366798854461 ], [ 117.198410344854011, -34.663919956974787 ], [ 117.19878237536372, -34.664316139507811 ], [ 117.199537837008037, -34.665306876640905 ], [ 117.200396780400538, -34.668470756613594 ], [ 117.200739402713012, -34.670237703901385 ], [ 117.201046396142388, -34.670805326426191 ], [ 117.20204118136445, -34.671425917630295 ], [ 117.2027181644645, -34.671523990781957 ], [ 117.203470408966041, -34.671153003284232 ] ] ] } },
{ "type": "Feature", "properties": { "CODE": "P_gp", "JNCODE": "si5011; P_gp", "fme_featur": "geology_surface_si5011" }, "geometry": { "type": "Polygon", "coordinates": [ [ [ 117.25431258423697, -34.67804641160496 ], [ 117.255075875653318, -34.67777428013175 ], [ 117.255927959914345, -34.677979905570467 ], [ 117.256300632096114, -34.678475106380013 ], [ 117.256455347477953, -34.679087997270749 ], [ 117.255867983488315, -34.679774590923309 ], [ 117.254887456152431, -34.680407897143418 ], [ 117.253207412828075, -34.680763096133809 ], [ 117.251614140808783, -34.680937735205177 ], [ 117.249976139375974, -34.680760747681283 ], [ 117.247560024288404, -34.679557281803319 ], [ 117.246751582177794, -34.679342491688587 ], [ 117.24184879594354, -34.678865351655794 ], [ 117.240756686873041, -34.678696173639032 ], [ 117.239653380330992, -34.678427811035341 ], [ 117.238394775455276, -34.677294024544871 ], [ 117.238557118001708, -34.676806740696897 ], [ 117.239342152151309, -34.676489575577229 ], [ 117.241066512133685, -34.676368945115925 ], [ 117.241557016377627, -34.676124490986808 ], [ 117.243648222791165, -34.674542197548305 ], [ 117.244313383610503, -34.674306400981941 ], [ 117.24504437890559, -34.67418770111918 ], [ 117.246355415477254, -34.674581846111877 ], [ 117.247646592631924, -34.675634323557269 ], [ 117.249714830068996, -34.677352521654761 ], [ 117.25014098502362, -34.677495934159502 ], [ 117.251572800796595, -34.67809718619737 ], [ 117.253341251215488, -34.678111559420636 ], [ 117.25431258423697, -34.67804641160496 ] ] ] } },
{ "type": "Feature", "properties": { "CODE": "P_gp", "JNCODE": "si5011; P_gp", "fme_featur": "geology_surface_si5011" }, "geometry": { "type": "Polygon", "coordinates": [ [ [ 117.290640400472284, -34.705902532944691 ], [ 117.290071383167685, -34.70556121097674 ], [ 117.289862212414434, -34.705074745445117 ], [ 117.289838329112712, -34.70448864270044 ], [ 117.290175226382047, -34.704027931073504 ], [ 117.291080304146959, -34.703674076690426 ], [ 117.292695954197626, -34.703552974749485 ], [ 117.293165198985832, -34.703470686177809 ], [ 117.293416247747246, -34.703443028423891 ], [ 117.29400569919413, -34.703387500637781 ], [ 117.294705653827222, -34.703701434237601 ], [ 117.295275317992619, -34.704223089859049 ], [ 117.29541874488055, -34.704637562789003 ], [ 117.295343430255372, -34.70495336967366 ], [ 117.294831333034537, -34.705270234090754 ], [ 117.294110738374115, -34.705299028976476 ], [ 117.292889051104467, -34.705671702877567 ], [ 117.291874477865605, -34.705944672406751 ], [ 117.291558092964394, -34.706026590363116 ], [ 117.290640400472284, -34.705902532944691 ] ] ] } },
{ "type": "Feature", "properties": { "CODE": "P_gp", "JNCODE": "si5011; P_gp", "fme_featur": "geology_surface_si5011" }, "geometry": { "type": "Polygon", "coordinates": [ [ [ 117.305226903993571, -34.693395192611895 ], [ 117.305326656061638, -34.693800746056432 ], [ 117.30517532621009, -34.694215946224169 ], [ 117.304446026713507, -34.694821966221753 ], [ 117.303639531317785, -34.695220763648265 ], [ 117.302658007455179, -34.695529812041372 ], [ 117.30209084754388, -34.695693540523706 ], [ 117.3011738421567, -34.695731881547161 ], [ 117.300888595784556, -34.695353836446024 ], [ 117.300602634687777, -34.694777399690963 ], [ 117.300567761083698, -34.694191325360173 ], [ 117.300826891270674, -34.693388097140108 ], [ 117.301554831149872, -34.692403352118689 ], [ 117.302121281630377, -34.692050252916026 ], [ 117.30321286498318, -34.691993434937423 ], [ 117.30372695680569, -34.692253672615287 ], [ 117.304547115419268, -34.692612340056698 ], [ 117.304842890029008, -34.692882136181481 ], [ 117.305226903993571, -34.693395192611895 ] ] ] } },
{ "type": "Feature", "properties": { "CODE": "P_gp", "JNCODE": "si5011; P_gp", "fme_featur": "geology_surface_si5011" }, "geometry": { "type": "Polygon", "coordinates": [ [ [ 117.303836053047974, -34.647389413203847 ], [ 117.303150208687299, -34.647832998170095 ], [ 117.302539332842187, -34.647888622760874 ], [ 117.30225440954429, -34.647555666262043 ], [ 117.301760920316696, -34.646880544348711 ], [ 117.301464079908982, -34.646268059829538 ], [ 117.301035227654737, -34.645358308979056 ], [ 117.300696542201351, -34.645241911546854 ], [ 117.300129167853825, -34.645252327147595 ], [ 117.298929919556642, -34.645543846286259 ], [ 117.298069669295145, -34.646041937777127 ], [ 117.297799035155819, -34.646646799834762 ], [ 117.297475415699608, -34.647693668675309 ], [ 117.296528319691106, -34.648327229836873 ], [ 117.294848913076024, -34.648628893407043 ], [ 117.292743317586599, -34.648760217232109 ], [ 117.290563154942376, -34.649414721849595 ], [ 117.290051191123609, -34.649677460373859 ], [ 117.288931389380764, -34.650879502149778 ], [ 117.288509272984783, -34.651881490564364 ], [ 117.288415370345291, -34.653126185247508 ], [ 117.288757886321363, -34.654342793158342 ], [ 117.289468539830523, -34.654719860550259 ], [ 117.290865614331381, -34.654779661338978 ], [ 117.292600452981787, -34.654685331554838 ], [ 117.293648569821769, -34.654818080625404 ], [ 117.293878059667534, -34.654907706861358 ], [ 117.293943600997125, -34.654925584704387 ], [ 117.294042167818034, -34.655024544081861 ], [ 117.294435959099147, -34.655285113256085 ], [ 117.294491895586361, -34.65567274833964 ], [ 117.294461516561199, -34.656340147053754 ], [ 117.294266960720137, -34.656872673389472 ], [ 117.293636062430409, -34.65746035841493 ], [ 117.292590479416091, -34.658058053861325 ], [ 117.290671900844501, -34.658684878348502 ], [ 117.289757211905609, -34.659273219450135 ], [ 117.2890512774066, -34.660266864705839 ], [ 117.288803736192591, -34.661268438721258 ], [ 117.288981456027116, -34.662160790043842 ], [ 117.289726269078045, -34.662925544068159 ], [ 117.290591150906636, -34.663690007292352 ], [ 117.291739470049791, -34.664354589456117 ], [ 117.292438611450649, -34.664533272450363 ], [ 117.293105394221939, -34.664820243990249 ], [ 117.293663038768614, -34.665107474786339 ], [ 117.295159542265253, -34.665455558944892 ], [ 117.295794207574772, -34.665913933451307 ], [ 117.296419314382348, -34.666751079385868 ], [ 117.296684605548322, -34.667688294941691 ], [ 117.296677002148982, -34.668617156269299 ], [ 117.296371903336137, -34.66876218460424 ], [ 117.296251905213509, -34.668780512044655 ], [ 117.295739488349142, -34.66894407819327 ], [ 117.294999552857803, -34.669586141127049 ], [ 117.294052349337335, -34.670264771204408 ], [ 117.292886892906139, -34.670961954213261 ], [ 117.292340982034418, -34.67091817510093 ], [ 117.290703000729962, -34.670714680562995 ], [ 117.286827297898625, -34.67047135994666 ], [ 117.285691519614105, -34.670293669068307 ], [ 117.285254426272587, -34.670150406328524 ], [ 117.284598110561845, -34.669737117210438 ], [ 117.282715754479455, -34.66827158023618 ], [ 117.280737758851899, -34.667554719432118 ], [ 117.279548065880988, -34.66755745318406 ], [ 117.27844547848099, -34.667496851130736 ], [ 117.277660499167467, -34.667760160478686 ], [ 117.276975157578804, -34.66844707960221 ], [ 117.276171746742975, -34.669738461335719 ], [ 117.275402996293792, -34.671615922296979 ], [ 117.27472013520061, -34.673069343559881 ], [ 117.274167820783987, -34.674396216734962 ], [ 117.274388331876921, -34.67506304430632 ], [ 117.274838701652399, -34.675918728986922 ], [ 117.274813133458551, -34.678092096799453 ], [ 117.275055700613038, -34.678821998168225 ], [ 117.275309456865088, -34.679633034610589 ], [ 117.274975466379345, -34.680968434675812 ], [ 117.274453443960411, -34.68156479114225 ], [ 117.27312441946691, -34.682415456831144 ], [ 117.272100592353539, -34.683130158909549 ], [ 117.270739414187133, -34.684179263523085 ], [ 117.269913044058669, -34.685200116078619 ], [ 117.269883775609813, -34.686273307766143 ], [ 117.269415947931364, -34.686770325710185 ], [ 117.268674980448935, -34.687204819139865 ], [ 117.268008827603992, -34.68714316066211 ], [ 117.267692170871982, -34.687125820802542 ], [ 117.266991820220767, -34.686613338263498 ], [ 117.266400446592243, -34.686037488384052 ], [ 117.266223666470026, -34.685379569842304 ], [ 117.266396604813593, -34.684838119502601 ], [ 117.266907528348369, -34.684160661092285 ], [ 117.268300515803148, -34.682804921305376 ], [ 117.270454852977991, -34.680599797808007 ], [ 117.271084708902194, -34.679588396006856 ], [ 117.271212586833599, -34.678632216019636 ], [ 117.271052298780788, -34.676342029802839 ], [ 117.270662736334316, -34.674034315984741 ], [ 117.270932393077359, -34.673041748995544 ], [ 117.271454917334822, -34.672607727783223 ], [ 117.273173788757674, -34.670854416979353 ], [ 117.274184491127954, -34.66951749958637 ], [ 117.274811508760962, -34.667685454701775 ], [ 117.274763682077932, -34.666423056605659 ], [ 117.2745200240999, -34.665350475272163 ], [ 117.274494358891488, -34.664187223611108 ], [ 117.274637725271418, -34.661328224661332 ], [ 117.27396886693775, -34.660382849040168 ], [ 117.273520309757174, -34.660050193468877 ], [ 117.27247062305112, -34.659448343720335 ], [ 117.268930376268685, -34.6581395883928 ], [ 117.266220135247437, -34.656982224928782 ], [ 117.264208979438536, -34.65600364639451 ], [ 117.263857902173484, -34.655418241888235 ], [ 117.263735487897335, -34.654670019371501 ], [ 117.263799279861175, -34.654137824048554 ], [ 117.264398199114197, -34.653730720399253 ], [ 117.265325386148589, -34.653602455530468 ], [ 117.266711398113642, -34.653626485559542 ], [ 117.268403725017421, -34.653884291900049 ], [ 117.270118736368758, -34.654403544128783 ], [ 117.27262106739029, -34.655398964017543 ], [ 117.274283412326497, -34.656477385896785 ], [ 117.274665997921886, -34.656665900890161 ], [ 117.275769096429585, -34.656924930551014 ], [ 117.276249427907487, -34.6569689328213 ], [ 117.276314907286647, -34.656968784452765 ], [ 117.277439210294133, -34.657038374736658 ], [ 117.277995424076934, -34.656928892914813 ], [ 117.27887761292456, -34.656394821496519 ], [ 117.27896292395414, -34.655799444003073 ], [ 117.27868813510257, -34.655213907872799 ], [ 117.278588107739836, -34.654673061483521 ], [ 117.278804403542381, -34.654086402517244 ], [ 117.279446808940605, -34.653652071938225 ], [ 117.280210765056196, -34.653668354593542 ], [ 117.281193555956705, -34.653855468436724 ], [ 117.281978851217005, -34.653727404126776 ], [ 117.283199796520904, -34.653345822060906 ], [ 117.284430411124418, -34.652603488512256 ], [ 117.28548559909126, -34.651627087453754 ], [ 117.285778039877272, -34.650986130155786 ], [ 117.285959370855252, -34.649768285745679 ], [ 117.285568226409865, -34.647081861064123 ], [ 117.285519477892123, -34.64559401726865 ], [ 117.285842280546788, -34.644267625515901 ], [ 117.286297931305086, -34.643500032587006 ], [ 117.287583365875534, -34.642883788803012 ], [ 117.289109925200151, -34.642582587686526 ], [ 117.291377463323741, -34.642000043484344 ], [ 117.291943647568516, -34.641656008025457 ], [ 117.292203017675021, -34.640942970191098 ], [ 117.292938980265376, -34.639236815102116 ], [ 117.293372748436866, -34.638478265844959 ], [ 117.293905150331128, -34.637845728443693 ], [ 117.294764575747251, -34.637131237308616 ], [ 117.295722853233954, -34.6366058771385 ], [ 117.296605933060363, -34.636414356053351 ], [ 117.297479257370114, -34.636547498149312 ], [ 117.298146090693322, -34.636906587368713 ], [ 117.299709212527191, -34.64074439607716 ], [ 117.300707882605764, -34.642338111307602 ], [ 117.301715346732493, -34.643336612950165 ], [ 117.304965447266795, -34.645898637089509 ], [ 117.304411123213669, -34.646495204894059 ], [ 117.303836053047974, -34.647389413203847 ] ] ] } },
{ "type": "Feature", "properties": { "CODE": "P_gp", "JNCODE": "si5011; P_gp", "fme_featur": "geology_surface_si5011" }, "geometry": { "type": "Polygon", "coordinates": [ [ [ 117.290343677386176, -34.633408413826793 ], [ 117.288891660787513, -34.633132305366104 ], [ 117.287057087078807, -34.632649667762003 ], [ 117.28612917679655, -34.632489525024106 ], [ 117.284819851750029, -34.632456517738632 ], [ 117.284307358129297, -34.632538874942924 ], [ 117.283740681780145, -34.632729571424484 ], [ 117.283152795520792, -34.633100673460092 ], [ 117.282554544277431, -34.633634119704531 ], [ 117.28171741870942, -34.634510796903044 ], [ 117.280598184365644, -34.635857050723274 ], [ 117.279912643065302, -34.636399702596741 ], [ 117.279041099144848, -34.63678947126408 ], [ 117.275531439394214, -34.637870585748118 ], [ 117.274801521095881, -34.638205896425063 ], [ 117.27434430794419, -34.638522553715951 ], [ 117.272061017205488, -34.640971530311965 ], [ 117.26972204231339, -34.643113976859567 ], [ 117.26916742481913, -34.643692350118918 ], [ 117.268874386285418, -34.644179965035612 ], [ 117.268464600892926, -34.645686862740384 ], [ 117.268236731807846, -34.646084153188212 ], [ 117.267844573608457, -34.646292427577208 ], [ 117.266383425454762, -34.6466202736014 ], [ 117.265707895624786, -34.646937374965781 ], [ 117.265207239258942, -34.647344271708612 ], [ 117.263434063237156, -34.649079557657288 ], [ 117.262018625509157, -34.650083597248077 ], [ 117.260743914560862, -34.65073562034754 ], [ 117.25913069924276, -34.651325224425065 ], [ 117.256939066165273, -34.65190700938696 ], [ 117.254539868698842, -34.652426062945906 ], [ 117.253241838753283, -34.652618142048411 ], [ 117.251899688145073, -34.652656993745836 ], [ 117.250982533208642, -34.6524965622678 ], [ 117.250435923528727, -34.652173040730368 ], [ 117.250183795238996, -34.651794805315411 ], [ 117.250171528067085, -34.651343934060257 ], [ 117.250290644186677, -34.651037080039352 ], [ 117.250822829433289, -34.650197319075644 ], [ 117.250941343719276, -34.649692071128626 ], [ 117.250896390445945, -34.649259302921422 ], [ 117.250565170481352, -34.647979437500979 ], [ 117.250518538380675, -34.646987560522113 ], [ 117.250691283745311, -34.646373985908092 ], [ 117.251136793982695, -34.645750831642857 ], [ 117.251866274455494, -34.645217268918813 ], [ 117.25404542597181, -34.644166668035588 ], [ 117.25453548221094, -34.643850018335861 ], [ 117.254959430943487, -34.643326092279509 ], [ 117.255500910295254, -34.641990303876383 ], [ 117.255870813736507, -34.641637828637265 ], [ 117.25632825332265, -34.641366329789783 ], [ 117.257080653212967, -34.641211441060236 ], [ 117.258062603694981, -34.641191331304114 ], [ 117.260093406046195, -34.641610860408775 ], [ 117.260813773200624, -34.641681465490919 ], [ 117.261402668900558, -34.641581007318344 ], [ 117.261696563790082, -34.641354928512257 ], [ 117.261815821723431, -34.641111188145572 ], [ 117.261890527245455, -34.640578969204164 ], [ 117.261629660060962, -34.637423248648538 ], [ 117.261623798552137, -34.635556546009965 ], [ 117.261816361127984, -34.634338709533786 ], [ 117.261989706382991, -34.633950565402614 ], [ 117.262272208561242, -34.633580222234677 ], [ 117.26257709681272, -34.633390189252083 ], [ 117.262969463904398, -34.633263092595797 ], [ 117.263874691054639, -34.6331619400666 ], [ 117.264245835379171, -34.633224262214917 ], [ 117.265185110958058, -34.633537851968875 ], [ 117.266134900555187, -34.633725160205159 ], [ 117.267117164857211, -34.633831228359035 ], [ 117.267760722161839, -34.633784727485754 ], [ 117.268185378290468, -34.633522273926388 ], [ 117.268771589507452, -34.632610170495582 ], [ 117.269315605417759, -34.632149054948997 ], [ 117.270492332334825, -34.631668499551807 ], [ 117.27231275662156, -34.631195515347116 ], [ 117.273304400178532, -34.630841597235282 ], [ 117.274121093453871, -34.63037083097025 ], [ 117.274632246855873, -34.629882711636668 ], [ 117.274838133109242, -34.629458404038431 ], [ 117.274793305255727, -34.629097786834322 ], [ 117.274596011738453, -34.628818674523473 ], [ 117.273610807391137, -34.627801859338135 ], [ 117.273336622959292, -34.62736059411651 ], [ 117.273204380536484, -34.626955082242148 ], [ 117.273148031312985, -34.626405112916757 ], [ 117.273166125985597, -34.625268809360371 ], [ 117.273030166060906, -34.623727042145042 ], [ 117.273038741494275, -34.623014603772631 ], [ 117.273522180614023, -34.62074099321736 ], [ 117.273813599921382, -34.61979345274483 ], [ 117.274171648304716, -34.619206480534068 ], [ 117.274932938565826, -34.618510383464709 ], [ 117.275302149700238, -34.618004544433177 ], [ 117.275464281951344, -34.617553279848259 ], [ 117.275613864981096, -34.616606054844027 ], [ 117.275765144637987, -34.616172850232871 ], [ 117.27604982450687, -34.616496853460092 ], [ 117.277512117333202, -34.61668291328953 ], [ 117.279212761372605, -34.616381439764638 ], [ 117.281511133801644, -34.615429270663483 ], [ 117.282970695993853, -34.614812671760752 ], [ 117.283344131876987, -34.615569314799401 ], [ 117.28391664963938, -34.617128092861542 ], [ 117.284224133387113, -34.617731580862916 ], [ 117.284705844281362, -34.618244481847526 ], [ 117.28579922499118, -34.618990416560749 ], [ 117.286455609818958, -34.619538973002641 ], [ 117.286762345467224, -34.61991700691776 ], [ 117.286905581783941, -34.620331496531215 ], [ 117.2868846338243, -34.620584048810343 ], [ 117.286700275507414, -34.62090011098396 ], [ 117.285503490894129, -34.621822750125467 ], [ 117.285221347779498, -34.622256272355834 ], [ 117.285222705358905, -34.622653059522648 ], [ 117.285542765172821, -34.623734466086617 ], [ 117.285533647893345, -34.62425752910417 ], [ 117.285328477107939, -34.624871230408253 ], [ 117.284699573372492, -34.625990926647908 ], [ 117.284560124816508, -34.62668563470617 ], [ 117.2846618499713, -34.627722462229528 ], [ 117.284915663732917, -34.628569557310264 ], [ 117.285156937792436, -34.628938729571999 ], [ 117.285507124620523, -34.629253538733188 ], [ 117.28645793274157, -34.629738278863194 ], [ 117.287822885062184, -34.630095783655939 ], [ 117.289830928007405, -34.63028040568382 ], [ 117.29035519155579, -34.630450499851101 ], [ 117.290923599976168, -34.630764773647066 ], [ 117.29218129182874, -34.631636508283748 ], [ 117.292685205755362, -34.632221466627087 ], [ 117.292882948119313, -34.632608763610079 ], [ 117.293015422149068, -34.633050324725694 ], [ 117.292984182109649, -34.633474243145649 ], [ 117.292810443819249, -34.633709126898786 ], [ 117.291555364334016, -34.633594900248106 ], [ 117.290343677386176, -34.633408413826793 ] ] ] } },
{ "type": "Feature", "properties": { "CODE": "P_gp", "JNCODE": "si5011; P_gp", "fme_featur": "geology_surface_si5011" }, "geometry": { "type": "Polygon", "coordinates": [ [ [ 117.182410401066392, -34.679013878149149 ], [ 117.182147425163279, -34.678563376262908 ], [ 117.182091818062545, -34.67809452837276 ], [ 117.182319118784051, -34.67721043400558 ], [ 117.182546751092673, -34.676479643000043 ], [ 117.182567830825477, -34.67613693099711 ], [ 117.182435812764126, -34.675668197491902 ], [ 117.182041661730011, -34.675127712275255 ], [ 117.181232860046265, -34.674650968250752 ], [ 117.180238893816664, -34.674354850910518 ], [ 117.179998126699871, -34.674066633542559 ], [ 117.180004002841358, -34.651548862134057 ], [ 117.180309633540148, -34.651584482363567 ], [ 117.181302993995374, -34.651727296552821 ], [ 117.183051133461362, -34.652689604625486 ], [ 117.184602901681473, -34.653661202804649 ], [ 117.185107118836669, -34.654661429591648 ], [ 117.185451246729045, -34.657276108063947 ], [ 117.186428491169607, -34.659934907655085 ], [ 117.186507412497122, -34.661062028064883 ], [ 117.186237391202781, -34.66232495061255 ], [ 117.185530372991664, -34.663399161668202 ], [ 117.183612706421371, -34.664862968422199 ], [ 117.183220723345286, -34.665287400491266 ], [ 117.182938277181549, -34.665892025398904 ], [ 117.182928631233281, -34.666469186822262 ], [ 117.18330101681822, -34.667054792322787 ], [ 117.183628734081367, -34.667180550032214 ], [ 117.185430694348625, -34.667646754391072 ], [ 117.186118864944831, -34.667889189542628 ], [ 117.187375358429136, -34.668464411571478 ], [ 117.187639428413178, -34.669401868703737 ], [ 117.187619835046732, -34.670393869480378 ], [ 117.187175157440478, -34.671657060867574 ], [ 117.185890626000585, -34.673210107079399 ], [ 117.185554238650042, -34.674103392607009 ], [ 117.185490212990416, -34.674761797359544 ], [ 117.185644561096098, -34.675446923365392 ], [ 117.18602842613133, -34.676257949734726 ], [ 117.186543188801522, -34.677023685010859 ], [ 117.187843711440806, -34.677698030661503 ], [ 117.188936808174034, -34.678354648200965 ], [ 117.189276602567688, -34.678967338359065 ], [ 117.189518463794528, -34.679715448300648 ], [ 117.189541755249962, -34.680355682941524 ], [ 117.189444493778169, -34.680788693273506 ], [ 117.188823219862726, -34.681213498467699 ], [ 117.188244768986991, -34.681268500552122 ], [ 117.187436806815384, -34.681206620357756 ], [ 117.185262921248793, -34.680533601362548 ], [ 117.184192076582946, -34.680066293398866 ], [ 117.183514726960368, -34.679823831722807 ], [ 117.182814954190647, -34.67931086285391 ], [ 117.182410401066392, -34.679013878149149 ] ] ] } },
{ "type": "Feature", "properties": { "CODE": "P_gp", "JNCODE": "si5011; P_gp", "fme_featur": "geology_surface_si5011" }, "geometry": { "type": "Polygon", "coordinates": [ [ [ 117.229738999302711, -34.649833056524443 ], [ 117.229543173844547, -34.650049855756691 ], [ 117.2287703283817, -34.65075470704636 ], [ 117.227430805445294, -34.651749185487581 ], [ 117.226363798785528, -34.652643946272903 ], [ 117.225372744018898, -34.653385252446682 ], [ 117.223770549144803, -34.65412767357261 ], [ 117.223400091178561, -34.654344783190766 ], [ 117.222790270066781, -34.654832867163641 ], [ 117.222355074827121, -34.65532964767494 ], [ 117.222279188978149, -34.655519162547428 ], [ 117.222345197292327, -34.655717436635989 ], [ 117.22281479890475, -34.655842830416866 ], [ 117.223414851473137, -34.655778606937801 ], [ 117.224188177350896, -34.655218075968335 ], [ 117.224788005205539, -34.655072684787413 ], [ 117.225464881308866, -34.655170632299033 ], [ 117.225793177248789, -34.655503688173908 ], [ 117.225773185101474, -34.656180069780014 ], [ 117.225622062503831, -34.656793568537118 ], [ 117.224949363903505, -34.658246697447339 ], [ 117.223578871884882, -34.659962623641349 ], [ 117.221773521666947, -34.66233763394942 ], [ 117.221403573730626, -34.662762148495275 ], [ 117.220989869894964, -34.663150669542198 ], [ 117.220618958273178, -34.663214466701483 ], [ 117.220062220217685, -34.663170383263513 ], [ 117.219471385176604, -34.662612337292707 ], [ 117.219044029917995, -34.661963815597453 ], [ 117.218967063071389, -34.66174752375926 ], [ 117.219009081590684, -34.661125211739282 ], [ 117.219159928272589, -34.66038547108257 ], [ 117.219799480772352, -34.658734039799207 ], [ 117.219765359540716, -34.658211061640088 ], [ 117.219556862639848, -34.657778576807345 ], [ 117.219064431600486, -34.657274458619604 ], [ 117.21827749059284, -34.656824973532409 ], [ 117.217032932370657, -34.656655854496748 ], [ 117.215865262653836, -34.656675963152907 ], [ 117.215374819984746, -34.656929332434025 ], [ 117.215233436987901, -34.657118958579886 ], [ 117.215103292862608, -34.657434815720912 ], [ 117.214930914372076, -34.658300840706744 ], [ 117.214609880503374, -34.660772317570704 ], [ 117.214469558037734, -34.661376765289994 ], [ 117.214198521562878, -34.662080639635981 ], [ 117.213632731927589, -34.662757976369434 ], [ 117.212935294530723, -34.663174020746347 ], [ 117.211953094825589, -34.663202785950915 ], [ 117.210881822363035, -34.662537317455772 ], [ 117.210563331364838, -34.661753308720066 ], [ 117.210572557183113, -34.661085966498099 ], [ 117.211615378381822, -34.659154325171791 ], [ 117.211864990522329, -34.658603798191429 ], [ 117.211808381093917, -34.657801301011325 ], [ 117.211600064011293, -34.657422909719891 ], [ 117.210999350236619, -34.657234574218627 ], [ 117.209744591255713, -34.657344954242106 ], [ 117.208413299992912, -34.657401344620844 ], [ 117.20736391215101, -34.656717771118529 ], [ 117.206673646209111, -34.655618755435697 ], [ 117.206245063999958, -34.654420096001736 ], [ 117.206417480368955, -34.653536046652391 ], [ 117.20726562879743, -34.652308168637312 ], [ 117.207416788957303, -34.651658620115022 ], [ 117.20741499203551, -34.650937188096066 ], [ 117.206933385678582, -34.650351840260228 ], [ 117.206244540934719, -34.649802912898529 ], [ 117.20552352481765, -34.649479484346848 ], [ 117.204465119731225, -34.649517335351902 ], [ 117.203809917602371, -34.649329055399491 ], [ 117.20320870762589, -34.648906215445493 ], [ 117.202727449886723, -34.648447101357533 ], [ 117.202791759127365, -34.647969043401019 ], [ 117.203292615529335, -34.647517312241206 ], [ 117.204077620170423, -34.647245462718722 ], [ 117.205703064612806, -34.64706237282298 ], [ 117.206565201125215, -34.647096987290276 ], [ 117.207766937476464, -34.647663076248158 ], [ 117.209384280955646, -34.64859817601377 ], [ 117.210006616697228, -34.64873237497978 ], [ 117.210377654413421, -34.648740753376984 ], [ 117.211347993872323, -34.648405411658786 ], [ 117.216032666517549, -34.645484406880605 ], [ 117.218985418280255, -34.643828856288408 ], [ 117.220380498747218, -34.643222140756762 ], [ 117.221165143239858, -34.642850984455372 ], [ 117.222300701559348, -34.64313749414665 ], [ 117.223031962674199, -34.643208302569064 ], [ 117.224538547760659, -34.643503130219372 ], [ 117.225640634498575, -34.643510114038989 ], [ 117.22645904665022, -34.643526632939469 ], [ 117.22683040634395, -34.643661211969068 ], [ 117.227092799295974, -34.643850100494049 ], [ 117.227290019262469, -34.644147325268882 ], [ 117.227653404438001, -34.645355051934814 ], [ 117.227948613963576, -34.645570931113078 ], [ 117.228876932710662, -34.645866784456977 ], [ 117.229303312769289, -34.6461635755456 ], [ 117.230889156278735, -34.647468184642676 ], [ 117.231185808514169, -34.64819807562823 ], [ 117.231165310901218, -34.648676065177526 ], [ 117.230752347082742, -34.649290067021042 ], [ 117.229738999302711, -34.649833056524443 ] ] ] } },
{ "type": "Feature", "properties": { "CODE": "P_gp", "JNCODE": "si5011; P_gp", "fme_featur": "geology_surface_si5011" }, "geometry": { "type": "Polygon", "coordinates": [ [ [ 117.230988397997464, -34.659642202260805 ], [ 117.230824368662383, -34.659525279924736 ], [ 117.230659615191101, -34.659146839006787 ], [ 117.230614012475399, -34.658443527322554 ], [ 117.230709134835351, -34.657325124834372 ], [ 117.230913611506907, -34.656287676363313 ], [ 117.231314643190942, -34.655294944306021 ], [ 117.232162290395209, -34.654012787539365 ], [ 117.232455201042072, -34.653389992361632 ], [ 117.23285801625407, -34.653046542445509 ], [ 117.234623493563333, -34.652195472755743 ], [ 117.236539865761117, -34.650694793708581 ], [ 117.237018678519533, -34.650224931449145 ], [ 117.237474581213036, -34.649376358655438 ], [ 117.237808380944443, -34.647806587320645 ], [ 117.237992494461935, -34.647319259526284 ], [ 117.23841635861703, -34.646723247666024 ], [ 117.239417144515087, -34.645639134275825 ], [ 117.239851538115403, -34.644916845461701 ], [ 117.240695691661244, -34.642507391658292 ], [ 117.240987089693363, -34.641397608971012 ], [ 117.241247522622942, -34.640901107044037 ], [ 117.241595319635451, -34.640431485333963 ], [ 117.241922181042668, -34.640268514346133 ], [ 117.242467734596602, -34.640267430940177 ], [ 117.243123267303957, -34.640563718140214 ], [ 117.243604569113231, -34.640977583230672 ], [ 117.244009602846873, -34.641427670783372 ], [ 117.244382092311255, -34.641940947775517 ], [ 117.244568855050659, -34.642373434685325 ], [ 117.244624894784252, -34.642878327099922 ], [ 117.244593934676701, -34.643482591326844 ], [ 117.244247358364817, -34.644367044178978 ], [ 117.244150501985203, -34.644827153078175 ], [ 117.244261099590531, -34.645331936218874 ], [ 117.244732291354964, -34.646007336919105 ], [ 117.24483131949502, -34.646286694216315 ], [ 117.244788864740542, -34.646692586621135 ], [ 117.244582677162185, -34.647080771611456 ], [ 117.244169450245991, -34.64756856825052 ], [ 117.241623335388482, -34.650089643412272 ], [ 117.241144079455381, -34.650397201801013 ], [ 117.239803568201609, -34.650995028860613 ], [ 117.239128496469391, -34.651519394586145 ], [ 117.238846063504127, -34.651970844663865 ], [ 117.237720677972206, -34.655309677287782 ], [ 117.237362141392211, -34.655869487141892 ], [ 117.236469801223009, -34.656763995499674 ], [ 117.234379206896307, -34.658454383640205 ], [ 117.233148233519017, -34.659259338702917 ], [ 117.232472347833394, -34.65953116687605 ], [ 117.231741563173415, -34.659685862686672 ], [ 117.231206820641631, -34.659695895794783 ], [ 117.230988397997464, -34.659642202260805 ] ] ] } },
{ "type": "Feature", "properties": { "CODE": "P_gp", "JNCODE": "si5011; P_gp", "fme_featur": "geology_surface_si5011" }, "geometry": { "type": "Polygon", "coordinates": [ [ [ 117.201445200931715, -34.63714071419831 ], [ 117.200800535563701, -34.636754004955293 ], [ 117.199980722315942, -34.636124094598706 ], [ 117.200547420236674, -34.635852625219009 ], [ 117.200939546651938, -34.635581440933123 ], [ 117.201102681607111, -34.635364740943466 ], [ 117.201134825239919, -34.635121202926285 ], [ 117.201003008202605, -34.634751683712643 ], [ 117.200696518446634, -34.634337362054389 ], [ 117.200270105457719, -34.63395930842502 ], [ 117.199800336525897, -34.633698557863553 ], [ 117.199003371959222, -34.633483429594861 ], [ 117.198327067425836, -34.633538638967643 ], [ 117.196300251503345, -34.634597019851569 ], [ 117.196048422052215, -34.634218670338868 ], [ 117.194998394113043, -34.63309310773154 ], [ 117.197297919491646, -34.632025289464757 ], [ 117.197711409270028, -34.631564703484017 ], [ 117.198047989387305, -34.630878791718715 ], [ 117.198833844546613, -34.631021800720923 ], [ 117.199957823047342, -34.631128178935278 ], [ 117.200721581564054, -34.63115397837781 ], [ 117.201179623545116, -34.631081079997323 ], [ 117.201680605907441, -34.630719533869275 ], [ 117.202257361626835, -34.63011437483916 ], [ 117.202518056619979, -34.629645007780418 ], [ 117.202593350434853, -34.629203002128463 ], [ 117.202701701233366, -34.628896211059228 ], [ 117.202919081082825, -34.628562184630773 ], [ 117.203811372155883, -34.627622827723222 ], [ 117.204595479639693, -34.627062400639709 ], [ 117.205162345120627, -34.626890107000371 ], [ 117.205817195417794, -34.627006237498478 ], [ 117.206603652999675, -34.62740169883476 ], [ 117.2070844737747, -34.627725530540907 ], [ 117.208199896327983, -34.628787752514079 ], [ 117.208582296316209, -34.62901254848699 ], [ 117.208942630370032, -34.629138183370074 ], [ 117.209619368177584, -34.629272291815951 ], [ 117.210143099862634, -34.629298444554721 ], [ 117.210546506636163, -34.629198551214273 ], [ 117.211320131100905, -34.628818458619598 ], [ 117.211614621478631, -34.628790894157987 ], [ 117.21187661214833, -34.628853565150713 ], [ 117.212390236593393, -34.62919535476474 ], [ 117.212816933157498, -34.629672563428443 ], [ 117.212992387282924, -34.630023957970195 ], [ 117.213213027875042, -34.630979477097739 ], [ 117.213530662041109, -34.631465891661577 ], [ 117.213945841706249, -34.631699631245212 ], [ 117.214906477215948, -34.631914373632071 ], [ 117.215201489627788, -34.632085194824533 ], [ 117.215289328929416, -34.632301470974703 ], [ 117.21522545242135, -34.632914805289786 ], [ 117.215269908302488, -34.63323035556828 ], [ 117.215817495462417, -34.634031986569838 ], [ 117.215905852494856, -34.634446656442407 ], [ 117.215884849579197, -34.634762322268159 ], [ 117.215765512697203, -34.635024054307351 ], [ 117.214884142052213, -34.635945442262383 ], [ 117.214579738859953, -34.636369822284074 ], [ 117.214471584767679, -34.636739748828781 ], [ 117.214235840677517, -34.638408485260278 ], [ 117.214030086725799, -34.639013049543401 ], [ 117.213834476984758, -34.639320003137094 ], [ 117.213453332444658, -34.639609245359388 ], [ 117.212330395075483, -34.639962905777217 ], [ 117.211687513638267, -34.640306705593957 ], [ 117.21116499235292, -34.640785562973257 ], [ 117.210447110947669, -34.64167958116353 ], [ 117.210044394061427, -34.642077065306275 ], [ 117.209565180208415, -34.642429589820097 ], [ 117.209063732057402, -34.642619827441045 ], [ 117.207089328235071, -34.642848644906344 ], [ 117.206259969799575, -34.642813978605822 ], [ 117.20588869136779, -34.642697372611146 ], [ 117.205396988313453, -34.642418645227657 ], [ 117.205036158083388, -34.642112642027215 ], [ 117.204904534359329, -34.641833306711675 ], [ 117.205054340329454, -34.640633667065885 ], [ 117.205205585886674, -34.640020191726464 ], [ 117.205368429355403, -34.639686253256265 ], [ 117.205760246165127, -34.639288802768228 ], [ 117.207818257834546, -34.63761699119474 ], [ 117.208373262629436, -34.637038894861114 ], [ 117.208590640763532, -34.636704858776383 ], [ 117.208709641174678, -34.636298846993242 ], [ 117.208654275307467, -34.635974295141907 ], [ 117.20850085084912, -34.635704018686127 ], [ 117.208139925843525, -34.635352934651095 ], [ 117.207779273728576, -34.635110064605946 ], [ 117.207375206588495, -34.634957446932034 ], [ 117.207102379300309, -34.63493085661537 ], [ 117.206742537521123, -34.635012628767647 ], [ 117.20624155151458, -34.635374195446069 ], [ 117.205371782286335, -34.636620141786224 ], [ 117.204838292543684, -34.637080954923022 ], [ 117.204118916605182, -34.637379753673571 ], [ 117.203551801440113, -34.637479899043001 ], [ 117.202809959266546, -34.637517206734138 ], [ 117.202067700854599, -34.637383169363972 ], [ 117.201445200931715, -34.63714071419831 ] ] ] } },
{ "type": "Feature", "properties": { "CODE": "P_gp", "JNCODE": "si5011; P_gp", "fme_featur": "geology_surface_si5011" }, "geometry": { "type": "Polygon", "coordinates": [ [ [ 117.189120949744407, -34.624868951442636 ], [ 117.188225956082206, -34.624671940153419 ], [ 117.186872018593206, -34.624132942892722 ], [ 117.186478770133917, -34.623899077135427 ], [ 117.186205361039967, -34.623592883358761 ], [ 117.186161101021185, -34.623313393415692 ], [ 117.186247828153441, -34.623069775460337 ], [ 117.186476309022026, -34.622798886869028 ], [ 117.186835835345533, -34.622590923095323 ], [ 117.187958729693165, -34.622273568622312 ], [ 117.190138423559731, -34.621368392121951 ], [ 117.192449305197044, -34.620607257523332 ], [ 117.194606437076814, -34.61942247906623 ], [ 117.19522762328701, -34.619168982873319 ], [ 117.195816525555983, -34.619104913096926 ], [ 117.196504133197365, -34.619266131229068 ], [ 117.197225129920682, -34.619706849110408 ], [ 117.197651712469863, -34.62019312998801 ], [ 117.197783491320351, -34.620562653836288 ], [ 117.197675517961073, -34.621031764092891 ], [ 117.197284003937511, -34.62153740503922 ], [ 117.196804896088864, -34.621907916284755 ], [ 117.196249061836411, -34.622125243369723 ], [ 117.194297134732992, -34.622443997380266 ], [ 117.193217855960881, -34.622743305109502 ], [ 117.192596949531321, -34.623132060282408 ], [ 117.191770261624654, -34.624170430670915 ], [ 117.191334667485506, -34.624504780001033 ], [ 117.19060442136491, -34.624794498622087 ], [ 117.189568304590665, -34.624904328973813 ], [ 117.189120949744407, -34.624868951442636 ] ] ] } },
{ "type": "Feature", "properties": { "CODE": "P_gm", "JNCODE": "si5011; P_gm", "fme_featur": "geology_surface_si5011" }, "geometry": { "type": "Polygon", "coordinates": [ [ [ 117.365091729180364, -34.661298332542337 ], [ 117.365007820209797, -34.662074121361428 ], [ 117.36473932170378, -34.663066891438184 ], [ 117.363402183351212, -34.664279279755569 ], [ 117.362727828087202, -34.664813342586527 ], [ 117.360267159292505, -34.666191355667792 ], [ 117.359820372704164, -34.666354996854771 ], [ 117.359275004444569, -34.666437766092479 ], [ 117.358041601423039, -34.666423358837349 ], [ 117.357418939384331, -34.666298935632874 ], [ 117.357112717988173, -34.666155546992336 ], [ 117.356926284563755, -34.665948681811408 ], [ 117.356826895793532, -34.665678436472348 ], [ 117.356814280442478, -34.665281686840132 ], [ 117.356889288031894, -34.664956823730819 ], [ 117.357442813606582, -34.664233771959616 ], [ 117.357637484949805, -34.663818378674335 ], [ 117.357689768751996, -34.663286170447186 ], [ 117.357524238671502, -34.662862815627221 ], [ 117.356768472779152, -34.662233777864827 ], [ 117.355882370130388, -34.661749401940426 ], [ 117.354899438465196, -34.661589945178925 ], [ 117.354070031551544, -34.661601374510525 ], [ 117.353623295442063, -34.661774010805829 ], [ 117.353144695995354, -34.662154149059376 ], [ 117.352797440938133, -34.662624084251696 ], [ 117.352527228920337, -34.663247099669604 ], [ 117.352463463455621, -34.663653088660453 ], [ 117.352719836134312, -34.66491485035246 ], [ 117.352833412593696, -34.665960595523472 ], [ 117.352747588572782, -34.666312541063284 ], [ 117.352367227187955, -34.666701409674339 ], [ 117.35186642173349, -34.667000446010306 ], [ 117.351375575335524, -34.667074004692751 ], [ 117.349136480646493, -34.666692668817497 ], [ 117.348130844280846, -34.666334829464596 ], [ 117.347681960697372, -34.666002448925589 ], [ 117.34740755887853, -34.665633498119334 ], [ 117.34734056776486, -34.665272973813451 ], [ 117.347392692447585, -34.664686663086229 ], [ 117.347542101903571, -34.663874627962109 ], [ 117.347736219190637, -34.663314965768073 ], [ 117.348397858186217, -34.66233012762568 ], [ 117.348700688498639, -34.661670956355465 ], [ 117.348915939992779, -34.660948909737101 ], [ 117.348957439950127, -34.660434771465262 ], [ 117.348879873090581, -34.660155438956103 ], [ 117.348693209177398, -34.659885436322782 ], [ 117.348408475931549, -34.659651785214059 ], [ 117.347708467199283, -34.659284050080451 ], [ 117.347499831631978, -34.658978036663328 ], [ 117.347476386298595, -34.658590334240039 ], [ 117.347583675108368, -34.658148151830964 ], [ 117.347756894330104, -34.657813995965078 ], [ 117.348245426269088, -34.657199385052131 ], [ 117.348309509473651, -34.656865540016781 ], [ 117.348010255991085, -34.655766211579277 ], [ 117.347208455171355, -34.654533045789329 ], [ 117.346624668960175, -34.653236129572335 ], [ 117.346546141044612, -34.652722332576495 ], [ 117.34663141473564, -34.652235123657007 ], [ 117.346870138215621, -34.651909800429564 ], [ 117.347207635894662, -34.651719464015173 ], [ 117.347731095433147, -34.651636811304321 ], [ 117.34838606917188, -34.651689049171928 ], [ 117.348987010460633, -34.651867688757555 ], [ 117.35120620020362, -34.652799178633991 ], [ 117.353730574204079, -34.653630546035814 ], [ 117.35422268197685, -34.653872600612893 ], [ 117.354496460344905, -34.654097252330963 ], [ 117.3557691617942, -34.655689712553304 ], [ 117.35651452650059, -34.656454056158438 ], [ 117.359075848194294, -34.658223064064629 ], [ 117.359862931554659, -34.658527351703832 ], [ 117.362035706585701, -34.658755384543845 ], [ 117.363281208269314, -34.659067305890467 ], [ 117.364014023528114, -34.659434853472 ], [ 117.364320587010411, -34.659659384895775 ], [ 117.36477021330289, -34.660154024057782 ], [ 117.365001572604598, -34.66064931511665 ], [ 117.365091729180364, -34.661298332542337 ] ] ] } },
{ "type": "Feature", "properties": { "CODE": "P_gm", "JNCODE": "si5011; P_gm", "fme_featur": "geology_surface_si5011" }, "geometry": { "type": "Polygon", "coordinates": [ [ [ 117.336501925841063, -34.662408629817982 ], [ 117.336272151438081, -34.662264977566707 ], [ 117.335888601513886, -34.661878265625901 ], [ 117.335558678819169, -34.661256939735225 ], [ 117.335458638199711, -34.660806320523662 ], [ 117.335455803705585, -34.660102932833311 ], [ 117.335541331290926, -34.659660820797193 ], [ 117.335757201259796, -34.65906504563516 ], [ 117.33663557458955, -34.657673868046587 ], [ 117.338419557444325, -34.656244102182605 ], [ 117.34014721997454, -34.654399643886229 ], [ 117.340517002202375, -34.654092003244273 ], [ 117.341257999846533, -34.653828412625082 ], [ 117.341836042451334, -34.653745632418712 ], [ 117.342381976067202, -34.653816243911358 ], [ 117.342852189659538, -34.65404938804889 ], [ 117.343148469895596, -34.654445342113029 ], [ 117.343292158518921, -34.654886814605383 ], [ 117.343282807185247, -34.655265592574196 ], [ 117.343132181580103, -34.655789054486732 ], [ 117.34253586176537, -34.65673761008383 ], [ 117.340634660417081, -34.658844105311097 ], [ 117.339889698383701, -34.660821102247667 ], [ 117.339445290040658, -34.661570825057993 ], [ 117.339141027176282, -34.661896315731198 ], [ 117.338814640582029, -34.662149724019635 ], [ 117.338324360555603, -34.662358496895465 ], [ 117.337822834767707, -34.662486137977034 ], [ 117.336971806832608, -34.662551618253083 ], [ 117.336501925841063, -34.662408629817982 ] ] ] } },
{ "type": "Feature", "properties": { "CODE": "P_gm", "JNCODE": "si5011; P_gm", "fme_featur": "geology_surface_si5011" }, "geometry": { "type": "Polygon", "coordinates": [ [ [ 117.333726937046762, -34.631746341139667 ], [ 117.334099607924358, -34.632178181704305 ], [ 117.334176772972668, -34.632376364834712 ], [ 117.334026997753682, -34.633116245546034 ], [ 117.333604899577864, -34.633965086318327 ], [ 117.333552983944642, -34.634623537206323 ], [ 117.333696947870834, -34.635155201233822 ], [ 117.334212662453169, -34.635884241331475 ], [ 117.334334160533047, -34.636253643354365 ], [ 117.33460807154745, -34.639255861106506 ], [ 117.334865400670409, -34.640842308958185 ], [ 117.334790726604879, -34.641266356201591 ], [ 117.334336477258589, -34.642268591341818 ], [ 117.334012791984065, -34.643180287962672 ], [ 117.333884241264713, -34.643775822464953 ], [ 117.333885759444499, -34.644154570769849 ], [ 117.334041341174284, -34.644857542071897 ], [ 117.334349870038395, -34.645605183411078 ], [ 117.335272077762511, -34.647000427827471 ], [ 117.335677234168628, -34.647351011752399 ], [ 117.336147028581621, -34.647494004219467 ], [ 117.336714485225556, -34.647501456601901 ], [ 117.337281430674139, -34.647382657024316 ], [ 117.337782537378544, -34.647173858103073 ], [ 117.338207002235535, -34.646902144335805 ], [ 117.339011505713543, -34.646169459745742 ], [ 117.340730544924241, -34.644938232846137 ], [ 117.341187206257871, -34.644540167935546 ], [ 117.342577725867244, -34.643039296107347 ], [ 117.342859379157247, -34.642542519293748 ], [ 117.343192501538027, -34.641297109939565 ], [ 117.343401095986309, -34.638960881933897 ], [ 117.343692376669551, -34.638157466506371 ], [ 117.344018208091057, -34.637795831011736 ], [ 117.34445344094803, -34.637506029078722 ], [ 117.345346466194172, -34.637106715107123 ], [ 117.34579342471082, -34.637015269470659 ], [ 117.346165132521762, -34.637194573459411 ], [ 117.346472353407464, -34.637608525466518 ], [ 117.346485101653428, -34.638050367359924 ], [ 117.346207194938202, -34.639439916141484 ], [ 117.346187434227886, -34.639935957722983 ], [ 117.346341649304094, -34.640287218648041 ], [ 117.346867140652705, -34.640709567273461 ], [ 117.347949064763966, -34.641121309402379 ], [ 117.350373220263293, -34.641565264734936 ], [ 117.351334540990607, -34.641833036505325 ], [ 117.355087482094532, -34.641704934227469 ], [ 117.355917037441245, -34.641774659345636 ], [ 117.356583389894709, -34.641953071046395 ], [ 117.357447655901225, -34.642482597667282 ], [ 117.359068506407894, -34.643866594060526 ], [ 117.36079747215021, -34.645006765170294 ], [ 117.362414542765407, -34.645497954953363 ], [ 117.363398242319676, -34.645873779506758 ], [ 117.365375590664129, -34.646399927311144 ], [ 117.366359512385131, -34.646820816678144 ], [ 117.368043755499514, -34.647681463470022 ], [ 117.370725724201435, -34.6495941514032 ], [ 117.370956807710598, -34.650026307578386 ], [ 117.370882390113564, -34.650468410731641 ], [ 117.370556707170806, -34.65084815237325 ], [ 117.369925394606284, -34.65121078490921 ], [ 117.368737542951237, -34.651575098386736 ], [ 117.367581741509966, -34.651785999522197 ], [ 117.36622847827438, -34.65176301771023 ], [ 117.362013957787426, -34.651243546855298 ], [ 117.36130390911849, -34.651074312754169 ], [ 117.360724420818727, -34.650814509385661 ], [ 117.359487784522571, -34.649997532655064 ], [ 117.35871021958215, -34.649350533737049 ], [ 117.358655192822809, -34.649242480798996 ], [ 117.358709248524249, -34.649125089104963 ], [ 117.35938369819479, -34.648636136682349 ], [ 117.359654785916121, -34.648238549835746 ], [ 117.359621232195053, -34.648049272874481 ], [ 117.359445784387063, -34.647851396325756 ], [ 117.358953658495409, -34.647600344675176 ], [ 117.358069056719032, -34.647431605195422 ], [ 117.354761215713026, -34.647080556967246 ], [ 117.354073884049015, -34.647109608296255 ], [ 117.352252671773499, -34.647367383951511 ], [ 117.351128784826969, -34.647379643128907 ], [ 117.350134589166714, -34.647093928764782 ], [ 117.348921332678302, -34.646610439298506 ], [ 117.34834247940492, -34.646485843466536 ], [ 117.347720432559811, -34.646469582938224 ], [ 117.347011880711861, -34.646642941482334 ], [ 117.346413156790547, -34.646987324214173 ], [ 117.342443864801766, -34.650290070839233 ], [ 117.341834442492967, -34.650697586390628 ], [ 117.340506049850603, -34.651413717355069 ], [ 117.340147376046218, -34.651766416586995 ], [ 117.339518864231593, -34.652850316378782 ], [ 117.339116345767309, -34.653158045097051 ], [ 117.338713274084583, -34.653330505513431 ], [ 117.337491893478202, -34.65354130383492 ], [ 117.333575310480455, -34.653822618179092 ], [ 117.333237520201578, -34.653949792408639 ], [ 117.33259575560335, -34.654474582854235 ], [ 117.331855371313125, -34.654900441441924 ], [ 117.331408480707026, -34.655036925381488 ], [ 117.330743079084073, -34.655110875285033 ], [ 117.329062558769252, -34.655133457878982 ], [ 117.327620631734888, -34.654776624613255 ], [ 117.326539724974012, -34.654644255530584 ], [ 117.323484329666641, -34.654706506980489 ], [ 117.32218531226853, -34.654610749324561 ], [ 117.321649675633793, -34.65437769793995 ], [ 117.321266021128494, -34.653936832036045 ], [ 117.321177014406715, -34.653495189144806 ], [ 117.321072019382314, -34.651736973771769 ], [ 117.320929009990337, -34.65143975925281 ], [ 117.319953227386151, -34.650251959347834 ], [ 117.31970058260768, -34.649819762236781 ], [ 117.319534407602205, -34.649170908113383 ], [ 117.319320368663682, -34.647421993463482 ], [ 117.319177096569589, -34.647052634001433 ], [ 117.318859305371362, -34.646701766622648 ], [ 117.318498559360279, -34.646531368923057 ], [ 117.318269548972111, -34.64656803849649 ], [ 117.316974816878599, -34.647563381547961 ], [ 117.315798684812719, -34.648188669184407 ], [ 117.315221882609634, -34.648595967734181 ], [ 117.31474239798456, -34.648768546623678 ], [ 117.314032940308877, -34.648725286120929 ], [ 117.313333649026887, -34.64848360122636 ], [ 117.312808480393443, -34.648115214945676 ], [ 117.312413854303372, -34.64763827699543 ], [ 117.312336185390166, -34.647295795089732 ], [ 117.312643559279394, -34.644878205055392 ], [ 117.312681315455904, -34.643308989778127 ], [ 117.312481019883293, -34.642272441871505 ], [ 117.311808850385901, -34.640515666627977 ], [ 117.311641136692415, -34.639433943865363 ], [ 117.311770211376086, -34.638937627834331 ], [ 117.312009371606479, -34.638702550039461 ], [ 117.312553423104049, -34.638304368041084 ], [ 117.313808838453937, -34.638481502890883 ], [ 117.314191293559716, -34.638633823031064 ], [ 117.3145306174967, -34.638921522147108 ], [ 117.315144966823141, -34.639803693206822 ], [ 117.315903122152392, -34.641199510372473 ], [ 117.31721949671919, -34.643044767842248 ], [ 117.317944878734096, -34.644413602874593 ], [ 117.318295426518802, -34.644773405232215 ], [ 117.319038347217813, -34.645014947735291 ], [ 117.322706887065806, -34.64558244186437 ], [ 117.323383551951849, -34.645616721036319 ], [ 117.323830475650695, -34.645498302153307 ], [ 117.324418371585949, -34.6451540587694 ], [ 117.325038152844002, -34.644593297544965 ], [ 117.325407137746168, -34.644078292200383 ], [ 117.325547260156071, -34.64363604021549 ], [ 117.325545180784204, -34.643103988526271 ], [ 117.325422231735672, -34.642355829282508 ], [ 117.324751441460037, -34.641022964906078 ], [ 117.324530057904568, -34.640211941081759 ], [ 117.324482128860424, -34.639111881745009 ], [ 117.324589094095629, -34.638561503603782 ], [ 117.324707952730307, -34.638263595623897 ], [ 117.325153040251294, -34.637685262458731 ], [ 117.327032973047878, -34.635741381358869 ], [ 117.328236673655582, -34.633871436113616 ], [ 117.329604825100446, -34.632217464719716 ], [ 117.330592477473445, -34.63091620909772 ], [ 117.330929820659861, -34.630698863834482 ], [ 117.331278573646131, -34.630607737757131 ], [ 117.331965670509518, -34.630551762051518 ], [ 117.332522281737639, -34.630604353508012 ], [ 117.332883419109891, -34.630882924446205 ], [ 117.333726937046762, -34.631746341139667 ] ] ] } },
{ "type": "Feature", "properties": { "CODE": "P_ng", "JNCODE": "si5011; P_ng", "fme_featur": "geology_surface_si5011" }, "geometry": { "type": "Polygon", "coordinates": [ [ [ 117.70283053875788, -34.631783094774455 ], [ 117.701990831457891, -34.631824001678368 ], [ 117.700934227679156, -34.632019451193585 ], [ 117.699116918351621, -34.632570946536546 ], [ 117.697973702737485, -34.632848026649704 ], [ 117.695652637751579, -34.633176908657255 ], [ 117.694485854245031, -34.633246682354475 ], [ 117.694146985353058, -34.633167451713661 ], [ 117.693829110023714, -34.632988905445174 ], [ 117.693631314405152, -34.632818693234455 ], [ 117.693453987584107, -34.632486044790909 ], [ 117.693350476348471, -34.631846372881249 ], [ 117.693417386847827, -34.630709755576696 ], [ 117.698582583449138, -34.628696375422273 ], [ 117.699572562851742, -34.628366062255424 ], [ 117.700029974790723, -34.628273260370499 ], [ 117.701272741041635, -34.628166926197139 ], [ 117.702144074666052, -34.627999593861979 ], [ 117.70253549712281, -34.627844038196251 ], [ 117.703077586013364, -34.62744413359308 ], [ 117.703608075958925, -34.626963133723812 ], [ 117.703856156203472, -34.626628045570058 ], [ 117.703908414317112, -34.626357211409989 ], [ 117.703781720188204, -34.625564380138137 ], [ 117.703800110685009, -34.625158475060147 ], [ 117.703939710934392, -34.624896154593785 ], [ 117.704276269157262, -34.624704838967773 ], [ 117.70506006522838, -34.624510938101864 ], [ 117.706302156865661, -34.624332414874594 ], [ 117.709441813083401, -34.624088750802763 ], [ 117.71020615612899, -34.624174480420095 ], [ 117.71200003354501, -34.624741158600273 ], [ 117.712578558370367, -34.624782869044097 ], [ 117.713145249626336, -34.624716432935436 ], [ 117.714428949068363, -34.624303122301967 ], [ 117.714765480323848, -34.624111778039818 ], [ 117.715046618259152, -34.623821562343899 ], [ 117.715153920514069, -34.623613525051312 ], [ 117.715173183718107, -34.623315826372433 ], [ 117.714972893471113, -34.62285709525181 ], [ 117.714741118588563, -34.622542832262852 ], [ 117.715337653636396, -34.62214255438569 ], [ 117.717136610475919, -34.622032796228524 ], [ 117.717986496495172, -34.621919583747513 ], [ 117.719967529641977, -34.621420948840949 ], [ 117.721065789218741, -34.621017680789059 ], [ 117.721618885801718, -34.62064468237147 ], [ 117.721855888864511, -34.620300605630575 ], [ 117.721929119197725, -34.619939462269386 ], [ 117.721857973686042, -34.619281587509434 ], [ 117.722050326699772, -34.618820543786661 ], [ 117.72259038682401, -34.618204138816488 ], [ 117.723261874506207, -34.617650076560132 ], [ 117.723598201944284, -34.617440673731373 ], [ 117.723892072924826, -34.617366788213197 ], [ 117.725234925274691, -34.617503096259505 ], [ 117.725725361850706, -34.617455090828081 ], [ 117.72606183924951, -34.61726371585506 ], [ 117.726776217463481, -34.616628219322301 ], [ 117.727307366316026, -34.616246308206357 ], [ 117.72777464187223, -34.616045130890676 ], [ 117.728080041093989, -34.616043308557714 ], [ 117.728605710072486, -34.616283649344162 ], [ 117.729254594592334, -34.61689297904946 ], [ 117.729605756212905, -34.617134358518335 ], [ 117.730361042290539, -34.617436442319843 ], [ 117.731802941396836, -34.617671280139255 ], [ 117.734444100098258, -34.617835762244908 ], [ 117.734968844422312, -34.617967867985605 ], [ 117.735275920199271, -34.618155390096135 ], [ 117.735430293788397, -34.618343832116722 ], [ 117.73545385855958, -34.618542080384231 ], [ 117.734857367883492, -34.618933438069341 ], [ 117.734565805673171, -34.619268850581101 ], [ 117.734330288059454, -34.619775262116598 ], [ 117.734204955984424, -34.620407258403624 ], [ 117.734200004465166, -34.621083618712504 ], [ 117.734303893151477, -34.621732270586662 ], [ 117.734483741787997, -34.622335376251677 ], [ 117.734806191986252, -34.62302779999208 ], [ 117.73508247059678, -34.623431933489769 ], [ 117.735512022504324, -34.623898266340937 ], [ 117.737402817805503, -34.62553709542064 ], [ 117.738137030057231, -34.625911399199914 ], [ 117.739579336449808, -34.626173194356795 ], [ 117.740192049300148, -34.626376885441985 ], [ 117.740598225437537, -34.62666298718235 ], [ 117.740686935656157, -34.626824767601235 ], [ 117.740710996517663, -34.627077117826218 ], [ 117.74053958478035, -34.627429849958347 ], [ 117.740225078134529, -34.627639166729125 ], [ 117.738146086709406, -34.62816577640978 ], [ 117.736902975780154, -34.628227399484274 ], [ 117.733029041287011, -34.628097441318282 ], [ 117.730802562910412, -34.627984553499324 ], [ 117.72980884725375, -34.627873272834108 ], [ 117.729206977483756, -34.627660446977295 ], [ 117.728000411533301, -34.626910164667635 ], [ 117.727299432384967, -34.626589707942266 ], [ 117.7265780566008, -34.626431687908664 ], [ 117.72590180946824, -34.626444732041875 ], [ 117.725106980810509, -34.626620796707677 ], [ 117.724498377564316, -34.626885927596327 ], [ 117.724075372906441, -34.627167989303175 ], [ 117.723025532531139, -34.628130097222687 ], [ 117.722180044681423, -34.628757330064282 ], [ 117.721246492673444, -34.629294900478662 ], [ 117.720430588291194, -34.629561236824607 ], [ 117.719319358928587, -34.629739132409945 ], [ 117.715535584786736, -34.629950761222482 ], [ 117.714205850051272, -34.630093821016558 ], [ 117.713018853423819, -34.630344244880412 ], [ 117.711364761288337, -34.630831843686131 ], [ 117.708683501394432, -34.631127002433516 ], [ 117.707550405889506, -34.631304918079707 ], [ 117.706462394591071, -34.631653899227253 ], [ 117.705908622046024, -34.631963708861306 ], [ 117.705746281572175, -34.632117949982188 ], [ 117.703736385861077, -34.631822960199564 ], [ 117.70283053875788, -34.631783094774455 ] ] ] } },
{ "type": "Feature", "properties": { "CODE": "P_ng", "JNCODE": "si5011; P_ng", "fme_featur": "geology_surface_si5011" }, "geometry": { "type": "Polygon", "coordinates": [ [ [ 117.722490067385621, -34.55875040741622 ], [ 117.718555569765442, -34.557538183991305 ], [ 117.717311014466574, -34.557311038752239 ], [ 117.713720774273398, -34.55682708085525 ], [ 117.709982370169016, -34.55557736137493 ], [ 117.706542316269008, -34.554794728749009 ], [ 117.705351034296172, -34.554413849114276 ], [ 117.704770719371453, -34.554101575350934 ], [ 117.704298487265461, -34.55368046103878 ], [ 117.704242548417611, -34.553509444390791 ], [ 117.704262294788194, -34.55326584828471 ], [ 117.704508410416182, -34.552723356784604 ], [ 117.704929588671931, -34.552261014882035 ], [ 117.705958504236818, -34.551488551798464 ], [ 117.707172906399606, -34.550742059471105 ], [ 117.707672334978554, -34.550513719272722 ], [ 117.708215889931182, -34.550348246124663 ], [ 117.709499932347782, -34.55010632700192 ], [ 117.710121072928004, -34.550093698156836 ], [ 117.712206766641998, -34.550559496403125 ], [ 117.716064245218675, -34.551736308901809 ], [ 117.71853402764134, -34.55249733428672 ], [ 117.723394543962598, -34.553686042098221 ], [ 117.724247868335965, -34.554050714780182 ], [ 117.725406530641465, -34.554431603310142 ], [ 117.725877305485596, -34.554672287011307 ], [ 117.727171167370898, -34.555557353812567 ], [ 117.727577578710438, -34.555915646088351 ], [ 117.727764986471598, -34.556158010746714 ], [ 117.727865671980041, -34.556454999187373 ], [ 117.727868263885739, -34.556752572390657 ], [ 117.72765553735654, -34.557358035577828 ], [ 117.727158949210192, -34.55791108240112 ], [ 117.726443735417732, -34.558393285607622 ], [ 117.725922200240277, -34.558585762391665 ], [ 117.725040661477877, -34.558744304167952 ], [ 117.723591555997459, -34.558816026530479 ], [ 117.722490067385621, -34.55875040741622 ] ] ] } },
{ "type": "Feature", "properties": { "CODE": "P_ng", "JNCODE": "si5011; P_ng", "fme_featur": "geology_surface_si5011" }, "geometry": { "type": "Polygon", "coordinates": [ [ [ 117.764117973454248, -34.556377770178734 ], [ 117.763779108245785, -34.556271676864945 ], [ 117.76355873447676, -34.556011538774129 ], [ 117.763524965873074, -34.555894518400144 ], [ 117.76361026410504, -34.55568657522376 ], [ 117.763989096102591, -34.555395635171458 ], [ 117.765084044104171, -34.554748513697518 ], [ 117.765657643862667, -34.554303044975924 ], [ 117.766478604140943, -34.553495308347877 ], [ 117.767156706159966, -34.55256221451905 ], [ 117.767405141367632, -34.552317172243619 ], [ 117.767708565394969, -34.55212589060303 ], [ 117.768349680136751, -34.551914447918122 ], [ 117.768858515152573, -34.551541514285596 ], [ 117.769796726264275, -34.550453464693803 ], [ 117.771119515560656, -34.548524322638563 ], [ 117.772081875163295, -34.547697619625815 ], [ 117.773838348382967, -34.546712575898354 ], [ 117.774435396384703, -34.546456291650586 ], [ 117.77504425816862, -34.546299125509925 ], [ 117.775991955924539, -34.546248017239272 ], [ 117.777158783405113, -34.546321756528371 ], [ 117.777508689916445, -34.546445778360436 ], [ 117.777805618057087, -34.546732457347417 ], [ 117.777927677137981, -34.546966142941884 ], [ 117.777941344329832, -34.547263643747016 ], [ 117.777824067266337, -34.547543943141086 ], [ 117.777597640851283, -34.547806901958246 ], [ 117.776158996719602, -34.548979353558664 ], [ 117.774306006193797, -34.550136381037241 ], [ 117.77333399429078, -34.551098429625434 ], [ 117.772581183324661, -34.552194350791474 ], [ 117.771738090612246, -34.554138512083163 ], [ 117.771470195808604, -34.55463618466527 ], [ 117.771017429948714, -34.555180113329833 ], [ 117.770346758743329, -34.555734433251267 ], [ 117.769999814396215, -34.555935013685485 ], [ 117.769565093600249, -34.55607302180789 ], [ 117.767529017141257, -34.556311284327222 ], [ 117.764707027026844, -34.556428188837074 ], [ 117.764117973454248, -34.556377770178734 ] ] ] } },
{ "type": "Feature", "properties": { "CODE": "P_ng", "JNCODE": "si5011; P_ng", "fme_featur": "geology_surface_si5011" }, "geometry": { "type": "Polygon", "coordinates": [ [ [ 117.745421797134057, -34.553607649966445 ], [ 117.741794536529369, -34.553864205783647 ], [ 117.738626922434761, -34.55433430204873 ], [ 117.737395013651607, -34.554305677359032 ], [ 117.736084906151802, -34.554061083662234 ], [ 117.734619525542357, -34.553510803744075 ], [ 117.731948971046108, -34.552246309794548 ], [ 117.730910590826042, -34.551909852436211 ], [ 117.728900976997167, -34.551434902746216 ], [ 117.726768677988559, -34.550636007620604 ], [ 117.724427550645672, -34.549630903508856 ], [ 117.723704895704415, -34.549247421388856 ], [ 117.721250270129985, -34.547710874818776 ], [ 117.719384925462776, -34.546251968269416 ], [ 117.718662245087188, -34.545859438033844 ], [ 117.718061307469611, -34.545682616246239 ], [ 117.718110196970088, -34.543761524054673 ], [ 117.719848859685854, -34.543174143434982 ], [ 117.720523734938567, -34.543079984443743 ], [ 117.72107959056882, -34.543085721115538 ], [ 117.721931550260095, -34.543306133669645 ], [ 117.723847769668609, -34.544349879076798 ], [ 117.724449334481264, -34.544598811545548 ], [ 117.724787478794852, -34.544632876314928 ], [ 117.726344610078229, -34.544479337980029 ], [ 117.727031953962978, -34.544565425967683 ], [ 117.72751388897538, -34.544842109052013 ], [ 117.728064748161913, -34.545524182697612 ], [ 117.728482011651352, -34.545882408134247 ], [ 117.729675712528461, -34.546542601622896 ], [ 117.731352578321207, -34.547614711238822 ], [ 117.731713244047612, -34.547729782443618 ], [ 117.732127375052585, -34.547727299981254 ], [ 117.733529046732258, -34.547240941488639 ], [ 117.733855990221969, -34.547238976928973 ], [ 117.734141637795432, -34.547498777356495 ], [ 117.734851168394187, -34.548865221677325 ], [ 117.735104129593338, -34.54912521644512 ], [ 117.735334343665201, -34.549277133544635 ], [ 117.735945923055894, -34.549417734275053 ], [ 117.73779737616708, -34.549262275145857 ], [ 117.738408083117662, -34.549303672535643 ], [ 117.740807053653356, -34.550668870081594 ], [ 117.741540136168382, -34.55098906208034 ], [ 117.742411942825683, -34.550974746261723 ], [ 117.744467838642407, -34.550520354010025 ], [ 117.745577878535357, -34.550333223935198 ], [ 117.746623650155939, -34.550272726485332 ], [ 117.747387108065638, -34.550331180362868 ], [ 117.747715595262392, -34.55050050797611 ], [ 117.747882865027677, -34.550923321608977 ], [ 117.747848065173827, -34.551906478350638 ], [ 117.747601992829743, -34.552422001660098 ], [ 117.746301549498128, -34.553259597998775 ], [ 117.745421797134057, -34.553607649966445 ] ] ] } },
{ "type": "Feature", "properties": { "CODE": "P_ng", "JNCODE": "si5011; P_ng", "fme_featur": "geology_surface_si5011" }, "geometry": { "type": "Polygon", "coordinates": [ [ [ 117.756171438896175, -34.550295128596467 ], [ 117.755886366475849, -34.550107519421353 ], [ 117.755556397527116, -34.549775902160015 ], [ 117.755201864524111, -34.549137829732821 ], [ 117.755063509611901, -34.548300027254101 ], [ 117.755092131489562, -34.547848958727002 ], [ 117.75521965051847, -34.54748745681696 ], [ 117.756126281578787, -34.546507919963354 ], [ 117.757868346139688, -34.545117391443888 ], [ 117.758397838222308, -34.544618123091531 ], [ 117.758525992734221, -34.544328756393547 ], [ 117.758710448928468, -34.543038060115713 ], [ 117.758847287746335, -34.542505157509588 ], [ 117.759115466369806, -34.542034563145428 ], [ 117.759492697047463, -34.541572307789153 ], [ 117.760098929815825, -34.541126661692076 ], [ 117.760718022233675, -34.540897360572345 ], [ 117.761241745631679, -34.540966239497131 ], [ 117.761898126542818, -34.541241698756195 ], [ 117.762238736672131, -34.541546179464291 ], [ 117.762515938902851, -34.542067483169717 ], [ 117.76269737092845, -34.542841883714367 ], [ 117.762793847212038, -34.543860296049715 ], [ 117.762747339194917, -34.544735316110128 ], [ 117.76243455253946, -34.546288336118913 ], [ 117.762318704621521, -34.546730932984012 ], [ 117.76208314152592, -34.547192312618805 ], [ 117.761598480502926, -34.547826584475324 ], [ 117.760842341898581, -34.548570760273854 ], [ 117.759911980680002, -34.5493340514941 ], [ 117.75918605169629, -34.549807494285936 ], [ 117.758381943536449, -34.550074008429682 ], [ 117.757043723847218, -34.550334812341468 ], [ 117.756564599591655, -34.55038287128712 ], [ 117.756171438896175, -34.550295128596467 ] ] ] } },
{ "type": "Feature", "properties": { "CODE": "P_ns", "JNCODE": "si5011; P_ns", "fme_featur": "geology_surface_si5011" }, "geometry": { "type": "Polygon", "coordinates": [ [ [ 117.647133330352432, -34.52028785062685 ], [ 117.646217539957561, -34.52021153753121 ], [ 117.645017165965953, -34.51996537967419 ], [ 117.643242358338014, -34.520110008149537 ], [ 117.640870125063827, -34.520492213545118 ], [ 117.638681224343898, -34.520629929821482 ], [ 117.636046790537378, -34.520923232912445 ], [ 117.63418143675672, -34.520626321654923 ], [ 117.633144444753469, -34.520370180612339 ], [ 117.632037458680259, -34.519501171892507 ], [ 117.631353753093634, -34.518413534807209 ], [ 117.631271573027149, -34.517629397083738 ], [ 117.631355939754627, -34.517259224688601 ], [ 117.631527801152487, -34.516933689705411 ], [ 117.631895214986315, -34.516534999349851 ], [ 117.632567461120445, -34.516107675819931 ], [ 117.635075214630248, -34.51493134688095 ], [ 117.635987512275577, -34.51455686412136 ], [ 117.637073488437778, -34.51410030727429 ], [ 117.637965217139197, -34.513888240368971 ], [ 117.638913200715862, -34.513910339736128 ], [ 117.639231605742737, -34.514233320543639 ], [ 117.639148171973588, -34.514720726927457 ], [ 117.638813965105456, -34.515182391028738 ], [ 117.638709083686095, -34.515714999007542 ], [ 117.639020387498704, -34.516534004997496 ], [ 117.639589098019343, -34.51681960316305 ], [ 117.641574015621231, -34.517088750613084 ], [ 117.642938032175564, -34.517370153327541 ], [ 117.646581648078708, -34.517982177515037 ], [ 117.64693152698932, -34.518142648080349 ], [ 117.647358785141463, -34.518446994745709 ], [ 117.647961058252605, -34.518840591087773 ], [ 117.648269600214007, -34.519289851332616 ], [ 117.648370167491294, -34.519613963626057 ], [ 117.648176577152157, -34.519939637121396 ], [ 117.647546844418159, -34.520222533509767 ], [ 117.647133330352432, -34.52028785062685 ] ] ] } },
{ "type": "Feature", "properties": { "CODE": "P_ns", "JNCODE": "si5011; P_ns", "fme_featur": "geology_surface_si5011" }, "geometry": { "type": "Polygon", "coordinates": [ [ [ 117.617140296428943, -34.51312047965623 ], [ 117.616398379915367, -34.512970919940358 ], [ 117.61592702184727, -34.512576506477167 ], [ 117.615890890023437, -34.512107753838805 ], [ 117.616006076564574, -34.511475914605739 ], [ 117.616275033772624, -34.511014641176594 ], [ 117.616968705555635, -34.510533186950795 ], [ 117.617706808500415, -34.510168737870814 ], [ 117.618011761286667, -34.510158177551098 ], [ 117.618699320990672, -34.510326038921001 ], [ 117.619224346739813, -34.510611954075998 ], [ 117.619334283529454, -34.510746666435509 ], [ 117.619436530028537, -34.51131428056938 ], [ 117.619364677849774, -34.511909831302141 ], [ 117.619076148204783, -34.512668803747992 ], [ 117.61884897697621, -34.512886386179311 ], [ 117.618403792735734, -34.513087036078481 ], [ 117.617859562283257, -34.513152915742573 ], [ 117.617140296428943, -34.51312047965623 ] ] ] } },
{ "type": "Feature", "properties": { "CODE": "P_ns", "JNCODE": "si5011; P_ns", "fme_featur": "geology_surface_si5011" }, "geometry": { "type": "Polygon", "coordinates": [ [ [ 117.646871960061404, -34.509025810147136 ], [ 117.646423592375115, -34.508802734386904 ], [ 117.646148545181674, -34.508452488877182 ], [ 117.646036481092523, -34.50804727315527 ], [ 117.646033558481605, -34.507668534089667 ], [ 117.646127978012899, -34.507199100554729 ], [ 117.646288798933242, -34.506864585155839 ], [ 117.646504710360375, -34.506610939711713 ], [ 117.646851197047354, -34.506338566662066 ], [ 117.647274420153181, -34.506128911859641 ], [ 117.647763626625292, -34.506000067458594 ], [ 117.648297171334164, -34.505970183459006 ], [ 117.649278934261176, -34.506145329076375 ], [ 117.649705159173749, -34.506323422427087 ], [ 117.650176008323228, -34.506636546255336 ], [ 117.65047222170341, -34.506905508369734 ], [ 117.650681782864893, -34.50723805703322 ], [ 117.650706582838893, -34.507625697325885 ], [ 117.650502415687995, -34.507987503102306 ], [ 117.649863987026421, -34.508540996549506 ], [ 117.649191401390524, -34.508905290995038 ], [ 117.648375659576885, -34.509071946470954 ], [ 117.647406361259755, -34.509104140946981 ], [ 117.646871960061404, -34.509025810147136 ] ] ] } },
{ "type": "Feature", "properties": { "CODE": "P_ns", "JNCODE": "si5011; P_ns", "fme_featur": "geology_surface_si5011" }, "geometry": { "type": "Polygon", "coordinates": [ [ [ 117.684832435133572, -34.528468964035511 ], [ 117.684405728853591, -34.528254926119601 ], [ 117.684075390341292, -34.527832935030212 ], [ 117.683996982252879, -34.52757185475771 ], [ 117.684005371116953, -34.527265198795639 ], [ 117.684262883407015, -34.526776789122074 ], [ 117.684782327642921, -34.52634101806624 ], [ 117.685499214535071, -34.526066459229575 ], [ 117.686337795851372, -34.526016660208604 ], [ 117.68701472144744, -34.526184194715491 ], [ 117.687244859946091, -34.526345222368185 ], [ 117.687409922558729, -34.526542687497788 ], [ 117.687555714605182, -34.52704686980227 ], [ 117.687538518223747, -34.527606076961973 ], [ 117.687345656185542, -34.528003950469675 ], [ 117.687010110521214, -34.528276375642392 ], [ 117.686477846416821, -34.528477762495697 ], [ 117.68560692270556, -34.528572833718101 ], [ 117.684832435133572, -34.528468964035511 ] ] ] } },
{ "type": "Feature", "properties": { "CODE": "P_ns", "JNCODE": "si5011; P_ns", "fme_featur": "geology_surface_si5011" }, "geometry": { "type": "Polygon", "coordinates": [ [ [ 117.691319230623051, -34.522300240255461 ], [ 117.690722091656681, -34.522556120149169 ], [ 117.68987332225295, -34.522687167839607 ], [ 117.689924079665829, -34.522235985424793 ], [ 117.69015930616014, -34.521693581622991 ], [ 117.69053675764691, -34.521222516689654 ], [ 117.691002182161384, -34.520850150007071 ], [ 117.691653334679245, -34.52053985541842 ], [ 117.692295228900903, -34.520428003996976 ], [ 117.692829592850458, -34.52048809957838 ], [ 117.693147482045433, -34.520720761834141 ], [ 117.69208799974858, -34.5217187401879 ], [ 117.691319230623051, -34.522300240255461 ] ] ] } },
{ "type": "Feature", "properties": { "CODE": "P_ns", "JNCODE": "si5011; P_ns", "fme_featur": "geology_surface_si5011" }, "geometry": { "type": "Polygon", "coordinates": [ [ [ 117.66862436548432, -34.52235443962936 ], [ 117.668459355208412, -34.522156948360838 ], [ 117.668325590150147, -34.521778927303764 ], [ 117.668290024490773, -34.521418404691467 ], [ 117.668352945037611, -34.521111450775095 ], [ 117.668503383942564, -34.520849107512745 ], [ 117.668784199111187, -34.52054096062453 ], [ 117.669130741247045, -34.520277542704804 ], [ 117.669532259842683, -34.520076947991512 ], [ 117.670010833611059, -34.519975126565292 ], [ 117.670664444075769, -34.519962521643492 ], [ 117.672659770195907, -34.520149944180631 ], [ 117.673217069972026, -34.520354286230109 ], [ 117.673536356651695, -34.52076735074219 ], [ 117.673549138660761, -34.521001746380797 ], [ 117.673420795450312, -34.521300045647031 ], [ 117.673107310282248, -34.5216083831099 ], [ 117.672716760614833, -34.521817947034826 ], [ 117.670009044442565, -34.522473102886892 ], [ 117.669126690446987, -34.522495975670061 ], [ 117.66862436548432, -34.52235443962936 ] ] ] } },
{ "type": "Feature", "properties": { "CODE": "P_ns", "JNCODE": "si5011; P_ns", "fme_featur": "geology_surface_si5011" }, "geometry": { "type": "Polygon", "coordinates": [ [ [ 117.663537268635864, -34.52111967037446 ], [ 117.662991167263215, -34.520951295020971 ], [ 117.662487862076873, -34.520683487810778 ], [ 117.661939839620501, -34.520271633857057 ], [ 117.661620896794872, -34.519894608517632 ], [ 117.661586858065633, -34.519723452078921 ], [ 117.661650871572476, -34.519551764534164 ], [ 117.661972504541708, -34.518891712422423 ], [ 117.662263875303026, -34.518538433423558 ], [ 117.662588855263095, -34.518302204624959 ], [ 117.663034101333054, -34.518119429847999 ], [ 117.663534675722602, -34.518044568180436 ], [ 117.664318934767707, -34.518022269593288 ], [ 117.665420136655982, -34.518124490940991 ], [ 117.665781089370171, -34.518302882829673 ], [ 117.666143120317003, -34.518616536798262 ], [ 117.666429538195075, -34.51901176363878 ], [ 117.66652035791887, -34.519471182778503 ], [ 117.666414355673695, -34.519841496458326 ], [ 117.666079778045727, -34.520240110493589 ], [ 117.665419571998186, -34.520793802848665 ], [ 117.664866443345829, -34.52111244257609 ], [ 117.664322343989866, -34.521196564434575 ], [ 117.663537268635864, -34.52111967037446 ] ] ] } },
{ "type": "Feature", "properties": { "CODE": "P_ng", "JNCODE": "si5011; P_ng", "fme_featur": "geology_surface_si5011" }, "geometry": { "type": "Polygon", "coordinates": [ [ [ 117.714628945880108, -34.512598087814219 ], [ 117.714544992555375, -34.511696787685928 ], [ 117.714606735587438, -34.51127258459703 ], [ 117.714745039968619, -34.510884005183094 ], [ 117.715519115315004, -34.509680091124764 ], [ 117.71561491925759, -34.509418010410037 ], [ 117.715601173956045, -34.509084428044154 ], [ 117.715226136545795, -34.507265004979438 ], [ 117.715372781975546, -34.506578784486322 ], [ 117.715545449367667, -34.506388396966791 ], [ 117.715751565324737, -34.506287992441365 ], [ 117.71692575109924, -34.506019587893917 ], [ 117.717468767730296, -34.505827023783141 ], [ 117.718737105310296, -34.505107152956128 ], [ 117.719379152705542, -34.505031230697099 ], [ 117.720011702052787, -34.505117683584906 ], [ 117.720394574604725, -34.505304802801234 ], [ 117.721184052117522, -34.505904345409135 ], [ 117.721503128319299, -34.506272195991578 ], [ 117.721548487004469, -34.506479340164269 ], [ 117.721542023928663, -34.506993399501994 ], [ 117.721699655008223, -34.507587650742373 ], [ 117.722033599417514, -34.508415325494759 ], [ 117.722475237344696, -34.509098075751055 ], [ 117.722608679763042, -34.509412913376437 ], [ 117.722667972232657, -34.509971673065117 ], [ 117.722585729695041, -34.510540287841984 ], [ 117.722338917336515, -34.510974607112281 ], [ 117.721862406252185, -34.511302068514688 ], [ 117.720025986690146, -34.511844963040772 ], [ 117.719472431336371, -34.512082690166871 ], [ 117.718163825200065, -34.513199593194614 ], [ 117.717253775324309, -34.513791104054441 ], [ 117.714897093979516, -34.513381077085313 ], [ 117.714628945880108, -34.512598087814219 ] ] ] } },
{ "type": "Feature", "properties": { "CODE": "P_ng", "JNCODE": "si5011; P_ng", "fme_featur": "geology_surface_si5011" }, "geometry": { "type": "Polygon", "coordinates": [ [ [ 117.709139995274498, -34.506371638590757 ], [ 117.708800560952639, -34.506166196132789 ], [ 117.708492967308047, -34.505861370882627 ], [ 117.708238542911388, -34.505402931858669 ], [ 117.708190776972771, -34.504907222773525 ], [ 117.708339307313565, -34.50443742945923 ], [ 117.708609180284498, -34.5041472907673 ], [ 117.70889108909013, -34.503992350565674 ], [ 117.709184576755305, -34.5039185038572 ], [ 117.709751829278758, -34.504014406960032 ], [ 117.71093388979132, -34.504674860666178 ], [ 117.71202744679438, -34.505173495952967 ], [ 117.712345329534514, -34.505406108886874 ], [ 117.71257660926895, -34.505702351594572 ], [ 117.71261066905349, -34.505864475542076 ], [ 117.712546617031194, -34.506018153826766 ], [ 117.712005274562827, -34.506409080672626 ], [ 117.711245149679485, -34.506693063979768 ], [ 117.710548004659628, -34.506697120682382 ], [ 117.709139995274498, -34.506371638590757 ] ] ] } },
{ "type": "Feature", "properties": { "CODE": "P_ng", "JNCODE": "si5011; P_ng", "fme_featur": "geology_surface_si5011" }, "geometry": { "type": "Polygon", "coordinates": [ [ [ 117.713636315442045, -34.503504810537407 ], [ 117.712599381897263, -34.503258361136496 ], [ 117.712325690063921, -34.503097634506567 ], [ 117.712138755010741, -34.502891311949348 ], [ 117.712005822656437, -34.502630566821075 ], [ 117.712025690414123, -34.502405002831935 ], [ 117.712327760657331, -34.502060560737746 ], [ 117.712805409172148, -34.501868398436358 ], [ 117.714176141503444, -34.50166199910862 ], [ 117.716048216327621, -34.50148871891129 ], [ 117.717627121504151, -34.501425347522478 ], [ 117.718771343015803, -34.50148174681307 ], [ 117.719208115034021, -34.501605427409139 ], [ 117.719472394725287, -34.501937534581209 ], [ 117.719464679075926, -34.502307314876177 ], [ 117.719239503702482, -34.502723465142921 ], [ 117.718797019797961, -34.503204019148541 ], [ 117.718406672184898, -34.503413727321508 ], [ 117.717852085085809, -34.5035252022424 ], [ 117.716839780767017, -34.503612307368563 ], [ 117.714879134573096, -34.503623795600156 ], [ 117.713636315442045, -34.503504810537407 ] ] ] } },
{ "type": "Feature", "properties": { "CODE": "P_ng", "JNCODE": "si5011; P_ng", "fme_featur": "geology_surface_si5011" }, "geometry": { "type": "Polygon", "coordinates": [ [ [ 117.295916515844283, -34.537407279954706 ], [ 117.298006731065612, -34.536807003683435 ], [ 117.299183532477713, -34.536768054049418 ], [ 117.300960019299865, -34.536817797542803 ], [ 117.302060992790459, -34.536905260202438 ], [ 117.302682640630181, -34.537038992290086 ], [ 117.303763395901839, -34.537559357657905 ], [ 117.304189714265306, -34.537919019781455 ], [ 117.304354196344548, -34.538198170490055 ], [ 117.304442625326246, -34.538540637146127 ], [ 117.304454934819887, -34.538928383911788 ], [ 117.304379930539071, -34.53928027599104 ], [ 117.304141588830859, -34.539668647226939 ], [ 117.303761113302627, -34.539931118507447 ], [ 117.303151615154491, -34.540149066953624 ], [ 117.301877533291588, -34.540422765495101 ], [ 117.301442167042609, -34.540577148284903 ], [ 117.300561342027237, -34.541111386003514 ], [ 117.29729974599789, -34.543319780922744 ], [ 117.296516343697434, -34.543682408718773 ], [ 117.295851860218818, -34.543774201172518 ], [ 117.294794173351377, -34.543623451837952 ], [ 117.293725211688837, -34.543364503529361 ], [ 117.29266630264091, -34.542862033648831 ], [ 117.291978040725013, -34.54238572308963 ], [ 117.291627472846073, -34.541863512209041 ], [ 117.291472760855726, -34.541250652143532 ], [ 117.291269087736993, -34.539095816492107 ], [ 117.293261141335307, -34.538450765072476 ], [ 117.295916515844283, -34.537407279954706 ] ] ] } },
{ "type": "Feature", "properties": { "CODE": "P_ns", "JNCODE": "si5011; P_ns", "fme_featur": "geology_surface_si5011" }, "geometry": { "type": "Polygon", "coordinates": [ [ [ 117.251803914265011, -34.432715020816282 ], [ 117.249178456627163, -34.431908755748779 ], [ 117.247032626760088, -34.431335940830465 ], [ 117.241748768177615, -34.429542848429627 ], [ 117.239875240376321, -34.429005441930727 ], [ 117.239559180118135, -34.428852751015896 ], [ 117.239351801856671, -34.428645737065231 ], [ 117.239209519946556, -34.428366449362848 ], [ 117.239219684066143, -34.42811391817645 ], [ 117.239317326543301, -34.428005508016277 ], [ 117.239491306916278, -34.427951057883682 ], [ 117.240220340648207, -34.427895518548972 ], [ 117.242125066071765, -34.427936853832904 ], [ 117.243670928473449, -34.428078075826427 ], [ 117.249073251609232, -34.429465022979514 ], [ 117.251742301685354, -34.430316292357723 ], [ 117.25286457280437, -34.430728816776075 ], [ 117.253496756587253, -34.431034128641798 ], [ 117.253922342935041, -34.431402994113469 ], [ 117.254348479408804, -34.431952221965901 ], [ 117.254458521163613, -34.432348796113772 ], [ 117.254426470478563, -34.432547264318906 ], [ 117.25428552481371, -34.432727922482364 ], [ 117.253839934434524, -34.432945286200145 ], [ 117.253295813705748, -34.432973469152607 ], [ 117.251803914265011, -34.432715020816282 ] ] ] } },
{ "type": "Feature", "properties": { "CODE": "P_gm", "JNCODE": "si5011; P_gm", "fme_featur": "geology_surface_si5011" }, "geometry": { "type": "Polygon", "coordinates": [ [ [ 117.908055503905899, -35.105753695420496 ], [ 117.90769074665684, -35.105512970881307 ], [ 117.907302549937384, -35.105137167167072 ], [ 117.906899889859957, -35.104445878857646 ], [ 117.906830267243336, -35.104103757457956 ], [ 117.90686008507403, -35.103824010474654 ], [ 117.906989042743874, -35.103579589394805 ], [ 117.907173754445552, -35.103415903088148 ], [ 117.907392178176522, -35.103324099387372 ], [ 117.907764796915131, -35.103285242193216 ], [ 117.909192745463656, -35.103427828635041 ], [ 117.910084314415002, -35.103682628860334 ], [ 117.910426626549224, -35.103878430349816 ], [ 117.910604572472224, -35.104093499393883 ], [ 117.910729668949472, -35.104489303148782 ], [ 117.910689695190626, -35.104841262420273 ], [ 117.910462706371973, -35.105149541885105 ], [ 117.910027760110538, -35.105504466687229 ], [ 117.909700621210959, -35.105687259954784 ], [ 117.909251893415103, -35.105789812315699 ], [ 117.908626920358316, -35.105830565889967 ], [ 117.908055503905899, -35.105753695420496 ] ] ] } },
{ "type": "Feature", "properties": { "CODE": "P_gm", "JNCODE": "si5011; P_gm", "fme_featur": "geology_surface_si5011" }, "geometry": { "type": "Polygon", "coordinates": [ [ [ 117.904556643075168, -35.102894444728769 ], [ 117.904114215373113, -35.102573136498464 ], [ 117.903800656506206, -35.101998392561818 ], [ 117.903753687577833, -35.101719218604657 ], [ 117.903783614772053, -35.101448488288412 ], [ 117.904087713704072, -35.101166696736456 ], [ 117.904481369790219, -35.101046540635338 ], [ 117.904919804769222, -35.101007201191351 ], [ 117.906116922381301, -35.101115479419178 ], [ 117.906843194799592, -35.101308420863681 ], [ 117.907097422536864, -35.101477840112125 ], [ 117.907264483450135, -35.101702012600079 ], [ 117.907310964759702, -35.101936104236785 ], [ 117.907193481008278, -35.10222552435237 ], [ 117.906976757813993, -35.102470602322654 ], [ 117.906628180975872, -35.102698632245051 ], [ 117.906180064102045, -35.102855270035882 ], [ 117.905544639038681, -35.102941170219069 ], [ 117.904556643075168, -35.102894444728769 ] ] ] } },
{ "type": "Feature", "properties": { "CODE": "P_gp", "JNCODE": "si5011; P_gp", "fme_featur": "geology_surface_si5011" }, "geometry": { "type": "Polygon", "coordinates": [ [ [ 117.896411024093112, -35.091467393685463 ], [ 117.895890053734504, -35.089974433907038 ], [ 117.895744888362728, -35.089741066211225 ], [ 117.895664159611584, -35.089380985315728 ], [ 117.895734437908516, -35.088785348642297 ], [ 117.89586005399066, -35.088234387701412 ], [ 117.896085474978548, -35.087781875330002 ], [ 117.896324328718052, -35.087554686578649 ], [ 117.896728506052256, -35.087398410297908 ], [ 117.897177742755161, -35.087350002486126 ], [ 117.897661367854084, -35.087436592429832 ], [ 117.897993502716517, -35.087713658030644 ], [ 117.89821012018102, -35.088460458893493 ], [ 117.898466465505308, -35.088828253819251 ], [ 117.900363210654987, -35.090725772794691 ], [ 117.901812817384368, -35.091860149024718 ], [ 117.901957805205612, -35.092075476688656 ], [ 117.901981531657242, -35.092237604786511 ], [ 117.901842797596217, -35.092590296744021 ], [ 117.901582700259382, -35.092880772600893 ], [ 117.901157558169217, -35.093127390104719 ], [ 117.900741598542652, -35.093211633318951 ], [ 117.898643496886706, -35.092965711385986 ], [ 117.898060022739628, -35.092780679142706 ], [ 117.896990328472825, -35.09227463280471 ], [ 117.896679229083674, -35.091916256865133 ], [ 117.896411024093112, -35.091467393685463 ] ] ] } },
{ "type": "Feature", "properties": { "CODE": "P_gp", "JNCODE": "si5011; P_gp", "fme_featur": "geology_surface_si5011" }, "geometry": { "type": "Polygon", "coordinates": [ [ [ 117.968582909916904, -35.107945165265136 ], [ 117.968513789430688, -35.108594930053357 ], [ 117.968069400734691, -35.109987073054668 ], [ 117.968287585383464, -35.111734596778959 ], [ 117.968456006974051, -35.112057857358039 ], [ 117.969779070067602, -35.112588289440673 ], [ 117.970067018309308, -35.11281140617487 ], [ 117.97026772463191, -35.113080304733863 ], [ 117.970404843542525, -35.113539065480047 ], [ 117.970388885409633, -35.11404413576517 ], [ 117.97025201650878, -35.114532140256635 ], [ 117.970015004235918, -35.114903727247018 ], [ 117.969634385377418, -35.115195311186973 ], [ 117.968584436852424, -35.115492244384399 ], [ 117.967973491825191, -35.115794680292893 ], [ 117.966106637551363, -35.117540806014624 ], [ 117.965226131177516, -35.118251133804442 ], [ 117.963984879544711, -35.119081543693532 ], [ 117.962338443015085, -35.119987293389869 ], [ 117.960307480088218, -35.120860000854307 ], [ 117.959192534674045, -35.12123851971451 ], [ 117.958032734881016, -35.121536231459615 ], [ 117.956893713422474, -35.121734582965608 ], [ 117.955796894899905, -35.121788321676675 ], [ 117.956733452334547, -35.120230037065973 ], [ 117.956998925637194, -35.119470527150995 ], [ 117.95710064218035, -35.118784444507959 ], [ 117.95705633427427, -35.117810976049888 ], [ 117.956860306228634, -35.11700100833739 ], [ 117.956557084485851, -35.11640829032234 ], [ 117.956179376199188, -35.116014529570577 ], [ 117.955748703735765, -35.115783488368415 ], [ 117.955308534525173, -35.115678756241238 ], [ 117.954749140083763, -35.115701197470443 ], [ 117.954399382279931, -35.115821170900105 ], [ 117.953953917199016, -35.116203385037231 ], [ 117.953092795940179, -35.117643837139404 ], [ 117.952777415831648, -35.117889771380213 ], [ 117.952405699794994, -35.118009911719341 ], [ 117.951769477535521, -35.118032942987504 ], [ 117.951219571339905, -35.117929057757344 ], [ 117.950557423451343, -35.117609646087558 ], [ 117.950135951137739, -35.117225226435693 ], [ 117.950107305870262, -35.116648372928218 ], [ 117.950558609420412, -35.114877532702323 ], [ 117.950646470442507, -35.113939091483857 ], [ 117.950521585240196, -35.113579396917842 ], [ 117.949865739186478, -35.112854173253332 ], [ 117.949597487885313, -35.112432483034283 ], [ 117.949401756686314, -35.111640533233235 ], [ 117.949396736821924, -35.111207763597463 ], [ 117.949514605512803, -35.110963385319586 ], [ 117.949862257637022, -35.110663105430618 ], [ 117.951465706896684, -35.109839013399728 ], [ 117.952107593900038, -35.109365097046641 ], [ 117.952204242528794, -35.109184000813883 ], [ 117.952244563571398, -35.108877111037707 ], [ 117.952166253124147, -35.107804720413078 ], [ 117.952040951852481, -35.107408962878097 ], [ 117.951806565888518, -35.107068162872238 ], [ 117.951154638067464, -35.106676538102882 ], [ 117.950075982858991, -35.106387440374064 ], [ 117.947493107964419, -35.106010913828946 ], [ 117.947063451311934, -35.105860984594827 ], [ 117.946917799448897, -35.10560063336019 ], [ 117.946911125323382, -35.105023606180922 ], [ 117.946994097893722, -35.104608182258879 ], [ 117.947197960706589, -35.104209847486651 ], [ 117.947709116072559, -35.103818127332822 ], [ 117.948419624894541, -35.103587149158493 ], [ 117.949296262846289, -35.103490119033545 ], [ 117.951731410646445, -35.103434958346391 ], [ 117.952355709541976, -35.103339886914704 ], [ 117.952847515685093, -35.103173718836167 ], [ 117.953348716003561, -35.102872221968624 ], [ 117.953652121535214, -35.102545228569575 ], [ 117.954369515526807, -35.101024750137924 ], [ 117.954769438246458, -35.100507639944411 ], [ 117.955063331164865, -35.100306954022166 ], [ 117.955533172360958, -35.100140948192802 ], [ 117.956542042314481, -35.100096924858093 ], [ 117.957081074565949, -35.100218906722674 ], [ 117.957224851289538, -35.100316957070618 ], [ 117.957292466666956, -35.100469709833703 ], [ 117.957265879168204, -35.10101093147189 ], [ 117.956941383476234, -35.102347988667923 ], [ 117.957011950861812, -35.102753190281689 ], [ 117.957179465732423, -35.103004339806134 ], [ 117.957474415785526, -35.102893808329952 ], [ 117.9582675897652, -35.102229310559032 ], [ 117.958518968906731, -35.102146171536816 ], [ 117.9588705630037, -35.102188475402421 ], [ 117.959179964082892, -35.102375381808322 ], [ 117.959336302571373, -35.102608583032946 ], [ 117.959416479504213, -35.102896487951881 ], [ 117.959470294973016, -35.103743646495452 ], [ 117.959604060813732, -35.103922924818157 ], [ 117.960810876338428, -35.103913365983658 ], [ 117.961470727324439, -35.104043387212741 ], [ 117.962353817136815, -35.10449623953258 ], [ 117.963406470925321, -35.105371529799328 ], [ 117.96380419507669, -35.105602806405543 ], [ 117.964431362698051, -35.105751104871558 ], [ 117.966342387153176, -35.105907206269251 ], [ 117.968171085690997, -35.106523794033201 ], [ 117.968487990625164, -35.10734179527303 ], [ 117.968582909916904, -35.107945165265136 ] ] ] } },
{ "type": "Feature", "properties": { "CODE": "P_gp", "JNCODE": "si5011; P_gp", "fme_featur": "geology_surface_si5011" }, "geometry": { "type": "Polygon", "coordinates": [ [ [ 117.938409762443655, -35.098507393074392 ], [ 117.937486362089871, -35.099308022600056 ], [ 117.937218291047358, -35.099851108112681 ], [ 117.937182767254384, -35.100581750028759 ], [ 117.937363665198959, -35.101049229195148 ], [ 117.937862511918482, -35.101496215011082 ], [ 117.938269567853581, -35.101592250945281 ], [ 117.93851030556678, -35.101536286257144 ], [ 117.939011756983007, -35.101252880065388 ], [ 117.939446759910027, -35.100915885487424 ], [ 117.94036736287859, -35.099871807240284 ], [ 117.940812909075987, -35.099498658495058 ], [ 117.941434807953314, -35.099196273832213 ], [ 117.941971635285796, -35.099128985838433 ], [ 117.942401351181402, -35.099287950061814 ], [ 117.94266879456724, -35.099646545894821 ], [ 117.942953648195711, -35.100564051936054 ], [ 117.943131085398633, -35.101680764030206 ], [ 117.943036813390179, -35.102069222917237 ], [ 117.942712047606932, -35.102450457431701 ], [ 117.940371319385633, -35.104037572759516 ], [ 117.939925953939138, -35.104428752165013 ], [ 117.93966719874831, -35.104827500480852 ], [ 117.939072243968027, -35.107483070479823 ], [ 117.939113433426044, -35.108204100789685 ], [ 117.939400141888854, -35.109283903205913 ], [ 117.939482946619847, -35.109806239629478 ], [ 117.939434088780445, -35.110329596392312 ], [ 117.939229552587705, -35.110673822176167 ], [ 117.938925438674133, -35.110946684055477 ], [ 117.938554766454473, -35.111156942497779 ], [ 117.937767564973313, -35.111406490374065 ], [ 117.937119383685825, -35.111339368246689 ], [ 117.935422876294325, -35.110757358803099 ], [ 117.935039369654689, -35.11080540200571 ], [ 117.934735138084278, -35.111069237519857 ], [ 117.934683469354411, -35.111349158799783 ], [ 117.93491042980763, -35.112005639721737 ], [ 117.934743214890375, -35.112737295341752 ], [ 117.934789987490021, -35.112989406839397 ], [ 117.935122866389619, -35.113311446340603 ], [ 117.93663794932273, -35.114336687548168 ], [ 117.936860599282696, -35.114614489526524 ], [ 117.936829229733675, -35.114749984874841 ], [ 117.936601488402701, -35.114986183190808 ], [ 117.935980999235454, -35.115423785388749 ], [ 117.935500159977892, -35.115598817775442 ], [ 117.935049970425567, -35.11557524091571 ], [ 117.934377753733315, -35.115327952613903 ], [ 117.933857717502221, -35.114953252116536 ], [ 117.933500834703537, -35.114451056850633 ], [ 117.932928901577682, -35.113373436481716 ], [ 117.932140105622082, -35.112522902638048 ], [ 117.92982086648955, -35.111215235458765 ], [ 117.929048928831733, -35.110878513182513 ], [ 117.928344670327022, -35.11070357133331 ], [ 117.925368080435234, -35.110446807778423 ], [ 117.924586825257364, -35.110254397992499 ], [ 117.924353663934326, -35.110012720508379 ], [ 117.923980495172955, -35.109032725793988 ], [ 117.923656207381271, -35.10849418440251 ], [ 117.923312319473141, -35.108163179614799 ], [ 117.921917391025659, -35.107064719769141 ], [ 117.92156213863764, -35.106697728725976 ], [ 117.921449378673486, -35.106428079347218 ], [ 117.921513989843419, -35.106319385589529 ], [ 117.921655908723963, -35.106255188487097 ], [ 117.92214962550301, -35.106251433820333 ], [ 117.922765146381153, -35.106345935753211 ], [ 117.923755632748666, -35.106608898586884 ], [ 117.926093630822066, -35.107655051806461 ], [ 117.927083734757943, -35.107881922585463 ], [ 117.928072719603549, -35.108009608146467 ], [ 117.929093394519867, -35.108028840217393 ], [ 117.929630188625779, -35.107952589821373 ], [ 117.930044244542103, -35.107696941281915 ], [ 117.930216102662158, -35.107371015102323 ], [ 117.930181651114495, -35.107236026323363 ], [ 117.930036971806246, -35.107056798875817 ], [ 117.92899827760418, -35.106415548167888 ], [ 117.928654888746067, -35.106129639102171 ], [ 117.928509396679843, -35.105878280946833 ], [ 117.928338282178899, -35.105302511124151 ], [ 117.928113642612686, -35.1048443702472 ], [ 117.927612579982437, -35.104198989821533 ], [ 117.927147195342627, -35.103796790205926 ], [ 117.926353702795765, -35.103487265223166 ], [ 117.922450325179256, -35.102750593935717 ], [ 117.922008134118187, -35.102456400428615 ], [ 117.921463351994859, -35.1018203432237 ], [ 117.921205239495862, -35.101308341968405 ], [ 117.921112807292985, -35.100894267219154 ], [ 117.921107228967742, -35.100398380452638 ], [ 117.92124528339987, -35.099991571228863 ], [ 117.921702599994731, -35.099681520864941 ], [ 117.922697775336786, -35.099394427123769 ], [ 117.923079915548897, -35.099229214035638 ], [ 117.923405981569374, -35.098956224130987 ], [ 117.92355539944154, -35.098585393317485 ], [ 117.923502874935281, -35.097819357343646 ], [ 117.923007578531781, -35.096705033938633 ], [ 117.922825654665928, -35.096138354217068 ], [ 117.922742666050084, -35.094615129783669 ], [ 117.922542059122208, -35.094337132440351 ], [ 117.922168169334171, -35.094258824690698 ], [ 117.921697377796036, -35.094343556715977 ], [ 117.92073527088769, -35.094639407801957 ], [ 117.919989619264015, -35.094672118823048 ], [ 117.919494352413963, -35.094531605445773 ], [ 117.919107369738441, -35.094264032541616 ], [ 117.918906978213911, -35.094004061240284 ], [ 117.918815881568577, -35.093707193749452 ], [ 117.9188351913633, -35.093472607861692 ], [ 117.919091383910541, -35.092839482628008 ], [ 117.919087438214248, -35.092487853166375 ], [ 117.918127777059368, -35.091043401592785 ], [ 117.918024605824996, -35.090647438731416 ], [ 117.918107611456207, -35.090223015412398 ], [ 117.918400650167385, -35.089941271896492 ], [ 117.918826936226196, -35.089802788589118 ], [ 117.919375603048607, -35.089816663389001 ], [ 117.919881709068619, -35.089948078440337 ], [ 117.921017629818977, -35.090480469779088 ], [ 117.921726568560757, -35.091088232238064 ], [ 117.922854290095415, -35.091864124816034 ], [ 117.923253868859533, -35.092275860403674 ], [ 117.92352689875969, -35.093139403743642 ], [ 117.92369449500822, -35.093408634100697 ], [ 117.924048884016486, -35.093703491428421 ], [ 117.92485446411311, -35.09412114339932 ], [ 117.925220543222636, -35.094479026329687 ], [ 117.925345388651195, -35.094847766395119 ], [ 117.925320628152463, -35.095569307200087 ], [ 117.92551150013162, -35.095955576865862 ], [ 117.926021527600014, -35.096429577878382 ], [ 117.926694991964453, -35.096803141697094 ], [ 117.927332897182112, -35.096942534464745 ], [ 117.927902633441406, -35.09687505706669 ], [ 117.928273372156767, -35.096673847401135 ], [ 117.92927321637957, -35.095836633774354 ], [ 117.929677266493854, -35.095671232092357 ], [ 117.931808736484143, -35.09594340969484 ], [ 117.932510102366834, -35.095874898983929 ], [ 117.932739446766675, -35.095782965877248 ], [ 117.932836328656492, -35.095619916465665 ], [ 117.932745487880482, -35.09535010863879 ], [ 117.932333542533854, -35.094821280539662 ], [ 117.932219122602234, -35.094407383294374 ], [ 117.932254689316608, -35.093676741445776 ], [ 117.932541223430349, -35.092826949841132 ], [ 117.932481550814032, -35.092403614708275 ], [ 117.932315056974005, -35.092233574050454 ], [ 117.932050350845216, -35.092109372660104 ], [ 117.930950525549974, -35.091865349190478 ], [ 117.930520460518963, -35.091670278778047 ], [ 117.93019845406269, -35.091330107461161 ], [ 117.930096657592927, -35.091060381406479 ], [ 117.930093893425848, -35.090816946312913 ], [ 117.93017837223455, -35.090527757438799 ], [ 117.930405451531257, -35.090237474333172 ], [ 117.931546975811827, -35.089327019416238 ], [ 117.93177435463096, -35.08906378215746 ], [ 117.932213521832878, -35.088131665643708 ], [ 117.932755285083843, -35.086576591951662 ], [ 117.932916429186662, -35.086277794403408 ], [ 117.933340410870557, -35.085940906158115 ], [ 117.933504633583794, -35.085912591259742 ], [ 117.933713758611717, -35.085974099422614 ], [ 117.933990854901722, -35.086224438651882 ], [ 117.93413673854667, -35.086511855760598 ], [ 117.934810892768198, -35.089833896265809 ], [ 117.934980165312197, -35.090247368345395 ], [ 117.935246310832852, -35.090497788830532 ], [ 117.935720669914673, -35.090728568226048 ], [ 117.938061995732809, -35.09113427060781 ], [ 117.938392420739547, -35.091248933335997 ], [ 117.938680002137602, -35.091454095768796 ], [ 117.938925567394335, -35.091821886916691 ], [ 117.939158499982327, -35.093001295439549 ], [ 117.939339908402033, -35.093513852756395 ], [ 117.94025546902796, -35.094904373327473 ], [ 117.940303592799708, -35.095273692389206 ], [ 117.940265199171876, -35.09575188502123 ], [ 117.93987979794494, -35.096584426647645 ], [ 117.938409762443655, -35.098507393074392 ] ] ] } },
{ "type": "Feature", "properties": { "CODE": "P_gp", "JNCODE": "si5011; P_gp", "fme_featur": "geology_surface_si5011" }, "geometry": { "type": "Polygon", "coordinates": [ [ [ 117.976061032021278, -35.101988170420455 ], [ 117.975693613694517, -35.102460003888581 ], [ 117.975301134853439, -35.102670549433789 ], [ 117.974621265019252, -35.102703067687429 ], [ 117.973760070649249, -35.102250129155614 ], [ 117.97285478856945, -35.101779504505302 ], [ 117.971947964342448, -35.102102367865825 ], [ 117.970689852942044, -35.102410004070968 ], [ 117.969038147954748, -35.101909257703568 ], [ 117.969066685157259, -35.101539338760787 ], [ 117.969162326663024, -35.101277085559033 ], [ 117.969498467441881, -35.100940774421787 ], [ 117.970131665551492, -35.10067422039247 ], [ 117.971411586787966, -35.100357398494218 ], [ 117.971607344723637, -35.10021156017924 ], [ 117.971582622232944, -35.09997732022272 ], [ 117.971035232012468, -35.099152155583312 ], [ 117.970640474898744, -35.098244614673753 ], [ 117.970692082459351, -35.097044959903904 ], [ 117.970775140613497, -35.096647553246108 ], [ 117.970893566399496, -35.09645725096992 ], [ 117.971133089190332, -35.096302046061751 ], [ 117.971505106380533, -35.096217913902237 ], [ 117.972537783451145, -35.096335870465289 ], [ 117.973980642672572, -35.096811197755542 ], [ 117.974565596165633, -35.097104053139077 ], [ 117.974853072385372, -35.097291095790865 ], [ 117.975775946305248, -35.098320609205722 ], [ 117.976466422731065, -35.099180667194069 ], [ 117.976898246598665, -35.099510811647647 ], [ 117.976319389589435, -35.100651597187756 ], [ 117.976061032021278, -35.101988170420455 ] ] ] } },
{ "type": "Feature", "properties": { "CODE": "P_gp", "JNCODE": "si5011; P_gp", "fme_featur": "geology_surface_si5011" }, "geometry": { "type": "Polygon", "coordinates": [ [ [ 117.966399781180897, -35.097755514705639 ], [ 117.965790659949235, -35.098202194633146 ], [ 117.965254285861903, -35.098305651751225 ], [ 117.964825701231604, -35.098245945286315 ], [ 117.964561034027824, -35.098130832121356 ], [ 117.964213418624112, -35.097493400238243 ], [ 117.96369283359337, -35.097073746938136 ], [ 117.962931230438514, -35.096683056434273 ], [ 117.962226815145868, -35.096490278192093 ], [ 117.961743921197069, -35.096476076055914 ], [ 117.961284237438178, -35.096569890335921 ], [ 117.960957039866329, -35.096734787756468 ], [ 117.960031875382299, -35.09736428089932 ], [ 117.959594547514129, -35.097493979241527 ], [ 117.959298035476195, -35.097469275183641 ], [ 117.959132321056842, -35.097371400784986 ], [ 117.958964495461558, -35.097093205548902 ], [ 117.958688229914557, -35.095986315862881 ], [ 117.958773245493205, -35.095751205030879 ], [ 117.95907618099362, -35.095388134317162 ], [ 117.959501155481291, -35.095141316372995 ], [ 117.959970957881012, -35.0949752938252 ], [ 117.960945264648984, -35.094796255001157 ], [ 117.964769695132048, -35.094423241817751 ], [ 117.965660159312947, -35.094578456295984 ], [ 117.966410466262943, -35.094942169295578 ], [ 117.967020194140559, -35.095478319273937 ], [ 117.967378685751072, -35.096106639562855 ], [ 117.966885988714466, -35.097120458038532 ], [ 117.966399781180897, -35.097755514705639 ] ] ] } },
{ "type": "Feature", "properties": { "CODE": "P_gp", "JNCODE": "si5011; P_gp", "fme_featur": "geology_surface_si5011" }, "geometry": { "type": "Polygon", "coordinates": [ [ [ 117.951665866979951, -35.093075088982175 ], [ 117.95123449138876, -35.092771900293613 ], [ 117.950726750767018, -35.092505376377403 ], [ 117.950165211737271, -35.0923294407132 ], [ 117.949671060156035, -35.092288227832348 ], [ 117.949277202117315, -35.092381480951666 ], [ 117.948319294033155, -35.093029175586139 ], [ 117.948996174876996, -35.090850810919569 ], [ 117.94930603091295, -35.090136051495811 ], [ 117.949533145037719, -35.089854749703036 ], [ 117.949794524115987, -35.08969039857589 ], [ 117.95013352283658, -35.089597573745685 ], [ 117.950473776137173, -35.089612940744566 ], [ 117.950881728410238, -35.089790079785722 ], [ 117.951236616270251, -35.090120920756988 ], [ 117.952330783240185, -35.091762420787703 ], [ 117.95292663927755, -35.093002068265896 ], [ 117.953031555447424, -35.093533239323449 ], [ 117.952971402226595, -35.094020623422765 ], [ 117.952309443298631, -35.093701217100978 ], [ 117.951665866979951, -35.093075088982175 ] ] ] } },
{ "type": "Feature", "properties": { "CODE": "P_gp", "JNCODE": "si5011; P_gp", "fme_featur": "geology_surface_si5011" }, "geometry": { "type": "Polygon", "coordinates": [ [ [ 117.940670228628321, -35.090897657891261 ], [ 117.940208480221031, -35.090811070464092 ], [ 117.939645319526377, -35.090490828042924 ], [ 117.93922466041009, -35.09016046228944 ], [ 117.93914498114944, -35.089908606468015 ], [ 117.939293588063137, -35.089474644435093 ], [ 117.939639223990781, -35.089003087894191 ], [ 117.940096719349526, -35.088720017919989 ], [ 117.940720507234772, -35.088588943375434 ], [ 117.941379375965738, -35.08864694803848 ], [ 117.941864606357029, -35.088868602109997 ], [ 117.942119902561728, -35.089128108594466 ], [ 117.942222150661394, -35.089433888395071 ], [ 117.942195465352853, -35.089975109225087 ], [ 117.942060538334928, -35.090643407516637 ], [ 117.941218178988464, -35.090848321061138 ], [ 117.940670228628321, -35.090897657891261 ] ] ] } },
{ "type": "Feature", "properties": { "CODE": "P_gp", "JNCODE": "si5011; P_gp", "fme_featur": "geology_surface_si5011" }, "geometry": { "type": "Polygon", "coordinates": [ [ [ 117.90498700853297, -35.085245126230205 ], [ 117.904641086691583, -35.085707570902159 ], [ 117.904205619029042, -35.08600837763435 ], [ 117.903516869838612, -35.086220901071506 ], [ 117.902443212741787, -35.086346116604624 ], [ 117.901324188664745, -35.086336405916782 ], [ 117.900664271671758, -35.086179004686329 ], [ 117.90048708520213, -35.086027032814144 ], [ 117.900441624326959, -35.085883099491092 ], [ 117.900600606416006, -35.085376970546804 ], [ 117.901010180742105, -35.084715691714479 ], [ 117.902048480964083, -35.083373465905446 ], [ 117.902414458176807, -35.082739557396408 ], [ 117.905171595708595, -35.08408056440917 ], [ 117.905114051338316, -35.084829399213952 ], [ 117.90498700853297, -35.085245126230205 ] ] ] } },
{ "type": "Feature", "properties": { "CODE": "P_gp", "JNCODE": "si5011; P_gp", "fme_featur": "geology_surface_si5011" }, "geometry": { "type": "Polygon", "coordinates": [ [ [ 117.919149962536849, -35.084372157439979 ], [ 117.918628222767694, -35.084799906364736 ], [ 117.918016404525503, -35.085020945928235 ], [ 117.917380121669765, -35.085016744529582 ], [ 117.916774626118325, -35.084822951700168 ], [ 117.916254663967777, -35.084430137268434 ], [ 117.915786828489459, -35.083793469967233 ], [ 117.916111951705119, -35.083439354110872 ], [ 117.916546957814163, -35.083102440727259 ], [ 117.917005208818836, -35.0828825700099 ], [ 117.917377123874672, -35.082789587683195 ], [ 117.918221788149708, -35.082792211483927 ], [ 117.919531069210194, -35.083142966952728 ], [ 117.919397079578246, -35.083910421138583 ], [ 117.919149962536849, -35.084372157439979 ] ] ] } },
{ "type": "Feature", "properties": { "CODE": "P_gp", "JNCODE": "si5011; P_gp", "fme_featur": "geology_surface_si5011" }, "geometry": { "type": "Polygon", "coordinates": [ [ [ 117.877350325540021, -35.066413423312781 ], [ 117.876841055044665, -35.065966257110873 ], [ 117.876268016696301, -35.065708906048606 ], [ 117.875620529742093, -35.06566849732863 ], [ 117.875934118301672, -35.065251451789486 ], [ 117.876260018791299, -35.064960554255791 ], [ 117.876575914841197, -35.064759897988978 ], [ 117.877023787555771, -35.064594354603962 ], [ 117.87780189382309, -35.064543640810726 ], [ 117.878241694021654, -35.064648660843531 ], [ 117.878594636374544, -35.064835461321259 ], [ 117.878871397539726, -35.065076914684155 ], [ 117.879094393058949, -35.06541794388437 ], [ 117.879334932262594, -35.066372000038449 ], [ 117.879158270629944, -35.067283995526928 ], [ 117.878964452089477, -35.067619028475264 ], [ 117.878714833163883, -35.067864295630123 ], [ 117.87778467132587, -35.067032452186481 ], [ 117.877350325540021, -35.066413423312781 ] ] ] } },
{ "type": "Feature", "properties": { "CODE": "P_gp", "JNCODE": "si5011; P_gp", "fme_featur": "geology_surface_si5011" }, "geometry": { "type": "Polygon", "coordinates": [ [ [ 117.915523479103413, -35.036636772737005 ], [ 117.914628508549313, -35.036012333134579 ], [ 117.915226598860485, -35.035575007441416 ], [ 117.916186126497578, -35.035107899157481 ], [ 117.919220430442905, -35.033912740266281 ], [ 117.920072622246622, -35.03365380537555 ], [ 117.921338925964548, -35.033175312959628 ], [ 117.921926504081526, -35.032783119256479 ], [ 117.921959768953656, -35.033792769452766 ], [ 117.920126373795128, -35.034537062893939 ], [ 117.915523479103413, -35.036636772737005 ] ] ] } },
{ "type": "Feature", "properties": { "CODE": "P_gp", "JNCODE": "si5011; P_gp", "fme_featur": "geology_surface_si5011" }, "geometry": { "type": "Polygon", "coordinates": [ [ [ 117.912480446220627, -35.033116016752338 ], [ 117.91196614637461, -35.033201036338014 ], [ 117.911385073851278, -35.03319638531778 ], [ 117.910967627044428, -35.033118367148731 ], [ 117.910647936337043, -35.032958460891507 ], [ 117.91038145547688, -35.032653882535143 ], [ 117.910245916370798, -35.032294219322843 ], [ 117.910492333730119, -35.031778401366651 ], [ 117.910828340613122, -35.031433233480193 ], [ 117.911373913690724, -35.031203711839261 ], [ 117.912009178505016, -35.031153853702186 ], [ 117.912515109770041, -35.03130333899076 ], [ 117.912924294327055, -35.031624873110239 ], [ 117.913191683738077, -35.032010592046774 ], [ 117.913374091245942, -35.032640409066417 ], [ 117.912906148795742, -35.032950508622271 ], [ 117.912480446220627, -35.033116016752338 ] ] ] } },
{ "type": "Feature", "properties": { "CODE": "P_gp", "JNCODE": "si5011; P_gp", "fme_featur": "geology_surface_si5011" }, "geometry": { "type": "Polygon", "coordinates": [ [ [ 117.854042643858463, -35.024037436975064 ], [ 117.853351276992356, -35.023961147142714 ], [ 117.852123399615238, -35.023942724275877 ], [ 117.850940299586341, -35.024014145634901 ], [ 117.850674347369264, -35.02373648127319 ], [ 117.85049589518357, -35.023440168960533 ], [ 117.850429700550393, -35.022340550858551 ], [ 117.850454925424003, -35.021600974592175 ], [ 117.850579446149069, -35.020923821794234 ], [ 117.850782554341691, -35.02042645927262 ], [ 117.851041582040665, -35.020036909088475 ], [ 117.851454516251096, -35.019691363971376 ], [ 117.851956436944349, -35.019471431759619 ], [ 117.852634558234342, -35.019331413290509 ], [ 117.853336096091709, -35.019335499490445 ], [ 117.853907519298147, -35.019475753242254 ], [ 117.854326440900479, -35.019707248624016 ], [ 117.854669957446688, -35.020065512534032 ], [ 117.8548717451405, -35.020496910416817 ], [ 117.854974798674505, -35.020919986494988 ], [ 117.855117611899686, -35.023056024238706 ], [ 117.854438917397317, -35.024196954530872 ], [ 117.854042643858463, -35.024037436975064 ] ] ] } },
{ "type": "Feature", "properties": { "CODE": "P_gp", "JNCODE": "si5011; P_gp", "fme_featur": "geology_surface_si5011" }, "geometry": { "type": "Polygon", "coordinates": [ [ [ 117.841552582684088, -35.018209495170368 ], [ 117.841259065163172, -35.018445974235568 ], [ 117.840914253812329, -35.019025457033067 ], [ 117.840760559604576, -35.020072502982387 ], [ 117.840568351458856, -35.020569773693204 ], [ 117.840189169681807, -35.021005219168835 ], [ 117.839568763264651, -35.021433315478596 ], [ 117.839055191188621, -35.0215901577266 ], [ 117.838407698700621, -35.021513479100406 ], [ 117.837725210812906, -35.021229645794733 ], [ 117.837260647218528, -35.020818066187012 ], [ 117.837136499501398, -35.02046725654111 ], [ 117.837287093612275, -35.0201866881523 ], [ 117.837657810031146, -35.019994771202541 ], [ 117.8386631097042, -35.019690264438715 ], [ 117.839153552896008, -35.019416361778525 ], [ 117.839576296796793, -35.018953566840722 ], [ 117.839951784344407, -35.018157465523409 ], [ 117.840054375347364, -35.017471457251652 ], [ 117.839950112283631, -35.016922136886862 ], [ 117.839662116361879, -35.016626566026446 ], [ 117.838702818637728, -35.016065122926243 ], [ 117.838513743015326, -35.015795916858536 ], [ 117.838434080576675, -35.015507920482293 ], [ 117.838471292534379, -35.014858433178716 ], [ 117.838641213720578, -35.014325250991028 ], [ 117.838888861154388, -35.013890719284845 ], [ 117.839322077490593, -35.01338276718721 ], [ 117.840092271917996, -35.013675002324433 ], [ 117.840379520886714, -35.013898440846823 ], [ 117.84093395065868, -35.014525796556619 ], [ 117.84126467349536, -35.014712863339717 ], [ 117.843668688520395, -35.01507489318557 ], [ 117.844350773939937, -35.015322628037744 ], [ 117.84468234205562, -35.015590833249405 ], [ 117.844795276207364, -35.015914662086374 ], [ 117.844799912757608, -35.016365483811498 ], [ 117.844717149556857, -35.016843965100044 ], [ 117.844545408976103, -35.017196826421838 ], [ 117.844349615453481, -35.017342462033518 ], [ 117.842549197884495, -35.018130443580127 ], [ 117.841814697326868, -35.018117506501362 ], [ 117.841552582684088, -35.018209495170368 ] ] ] } },
{ "type": "Feature", "properties": { "CODE": "P_gp", "JNCODE": "si5011; P_gp", "fme_featur": "geology_surface_si5011" }, "geometry": { "type": "Polygon", "coordinates": [ [ [ 117.900072431856913, -35.033271813114958 ], [ 117.899766193561362, -35.033337203477849 ], [ 117.899360508229904, -35.033331194149405 ], [ 117.896698099827219, -35.032467231861084 ], [ 117.891818665127659, -35.031358032058506 ], [ 117.891146780233754, -35.031065406761449 ], [ 117.890471868368039, -35.030493272241713 ], [ 117.889384753305166, -35.029310998211727 ], [ 117.88883847449388, -35.028467400580695 ], [ 117.889287296900406, -35.02841000998324 ], [ 117.88969012454217, -35.028154580408909 ], [ 117.890099903201119, -35.027529400451954 ], [ 117.890452915242491, -35.026724295130123 ], [ 117.890621542247658, -35.026100882713123 ], [ 117.890701404753003, -35.025378934270641 ], [ 117.890570284197537, -35.023396149934982 ], [ 117.890771296271893, -35.022727414202066 ], [ 117.891291035107812, -35.022137490885591 ], [ 117.892856872577326, -35.020980817177566 ], [ 117.893377958558816, -35.02051711351649 ], [ 117.89385254900759, -35.019810290179223 ], [ 117.894473794830176, -35.018480208690896 ], [ 117.894932241080127, -35.018305505172876 ], [ 117.895743069939869, -35.018281489129407 ], [ 117.896840034262993, -35.018363557880264 ], [ 117.897850800471886, -35.018581509939878 ], [ 117.898555879467139, -35.018909921656224 ], [ 117.899086789769171, -35.01934782405079 ], [ 117.899432077094772, -35.01985021913837 ], [ 117.900148834254836, -35.021242544108283 ], [ 117.900548443123881, -35.02169944767779 ], [ 117.900967701957654, -35.021948812400602 ], [ 117.902189343753633, -35.022399604577878 ], [ 117.902762551721153, -35.022692903487702 ], [ 117.903391954397762, -35.023112019620704 ], [ 117.904023150134577, -35.023693425415168 ], [ 117.904644784873526, -35.024401137337939 ], [ 117.905346932762782, -35.025450891881803 ], [ 117.905861669902464, -35.026402854071144 ], [ 117.90616696647065, -35.0272481739024 ], [ 117.906217776322663, -35.027878985337061 ], [ 117.906018371409729, -35.028682988401002 ], [ 117.905610997074874, -35.029515594414562 ], [ 117.905049161316086, -35.030259181107596 ], [ 117.904386973681966, -35.030850224033266 ], [ 117.903559063453798, -35.031325276422827 ], [ 117.903231209907929, -35.031417887462169 ], [ 117.902125184918901, -35.031525302655787 ], [ 117.901622736074614, -35.031691343400887 ], [ 117.901351171639547, -35.031918786260711 ], [ 117.901254397933869, -35.032090828295324 ], [ 117.901095713748759, -35.032614993419834 ], [ 117.900497666697973, -35.033061266756121 ], [ 117.900072431856913, -35.033271813114958 ] ] ] } },
{ "type": "Feature", "properties": { "CODE": "P_gp", "JNCODE": "si5011; P_gp", "fme_featur": "geology_surface_si5011" }, "geometry": { "type": "Polygon", "coordinates": [ [ [ 117.887486531920644, -35.022048152354131 ], [ 117.887132976853025, -35.021789243402978 ], [ 117.886899305274142, -35.021466338037634 ], [ 117.886719365744526, -35.021043852168901 ], [ 117.886535924303146, -35.020296778149657 ], [ 117.886310036606687, -35.017647417791622 ], [ 117.886371416612405, -35.017241202526762 ], [ 117.886457926437743, -35.017132366129474 ], [ 117.886621640278065, -35.017068050891226 ], [ 117.887202599884773, -35.017072822252231 ], [ 117.887872406352102, -35.017185145381795 ], [ 117.889016896841611, -35.01760958493054 ], [ 117.889392358970156, -35.017868328113067 ], [ 117.889702553005364, -35.018172633813414 ], [ 117.889925656753476, -35.018531679591135 ], [ 117.890050709639041, -35.018945546308871 ], [ 117.890044439713577, -35.019378410139502 ], [ 117.889906551816139, -35.019803222126171 ], [ 117.8889172595605, -35.021568794809575 ], [ 117.888569848122444, -35.021877918321508 ], [ 117.888199148154769, -35.022060972797213 ], [ 117.88779420084974, -35.022118038195231 ], [ 117.887486531920644, -35.022048152354131 ] ] ] } },
{ "type": "Feature", "properties": { "CODE": "P_gp", "JNCODE": "si5011; P_gp", "fme_featur": "geology_surface_si5011" }, "geometry": { "type": "Polygon", "coordinates": [ [ [ 117.876595290430714, -35.02860154909726 ], [ 117.875001683017246, -35.028216301319439 ], [ 117.872284785154122, -35.027343175164077 ], [ 117.871680777082631, -35.027239311029206 ], [ 117.87102359123007, -35.02728911532099 ], [ 117.870549970617006, -35.02707610502847 ], [ 117.869726077250306, -35.026910689097789 ], [ 117.868958232601543, -35.026862087776514 ], [ 117.868114805551514, -35.026922226875421 ], [ 117.867835252431021, -35.026401237814291 ], [ 117.867457245340574, -35.025898985973015 ], [ 117.866482600629894, -35.024950142133896 ], [ 117.865101389473182, -35.023905001641232 ], [ 117.863170103131409, -35.022665383645858 ], [ 117.862830489227719, -35.02163985434597 ], [ 117.862039528018485, -35.02042817254442 ], [ 117.861982266657449, -35.020194135718434 ], [ 117.862001821135067, -35.019968570314539 ], [ 117.862131071108379, -35.019751242726336 ], [ 117.862370015736531, -35.019542152616282 ], [ 117.863929243294152, -35.018764612587347 ], [ 117.864548835854819, -35.018273278980651 ], [ 117.864699141883477, -35.017974645114926 ], [ 117.864916576210788, -35.016764809385634 ], [ 117.865129122497606, -35.016132100016968 ], [ 117.865409607519751, -35.015706298278005 ], [ 117.866158400399485, -35.014997625551686 ], [ 117.866396084778017, -35.014671314686822 ], [ 117.866652451823427, -35.014038289730166 ], [ 117.866712309790785, -35.013478804206294 ], [ 117.866565749851219, -35.013092116879918 ], [ 117.865856473786522, -35.012348762412955 ], [ 117.865288348114291, -35.011478158404088 ], [ 117.864032589829861, -35.008790999763015 ], [ 117.863608201355333, -35.008036585752976 ], [ 117.862897007898312, -35.007103867852514 ], [ 117.862353800665289, -35.006512601192441 ], [ 117.864017341359755, -35.005256413846432 ], [ 117.865549335300031, -35.004001141928789 ], [ 117.866887520849602, -35.005154795366195 ], [ 117.86765343783361, -35.006078081713689 ], [ 117.868201347826258, -35.00711112743987 ], [ 117.868712015365247, -35.008766614929563 ], [ 117.869070892717204, -35.009539513861952 ], [ 117.869650193945731, -35.010428054295396 ], [ 117.870538078050544, -35.011476685983361 ], [ 117.872840916262817, -35.013660310011844 ], [ 117.879366518446474, -35.01918574164462 ], [ 117.881548180933592, -35.021270884839424 ], [ 117.881981343364302, -35.021799742939663 ], [ 117.882195884954172, -35.022384291145627 ], [ 117.882281422712367, -35.023204219896733 ], [ 117.882202456390544, -35.024016327463706 ], [ 117.881988280040204, -35.024486770276461 ], [ 117.881803691467553, -35.02465041842899 ], [ 117.881399984648795, -35.024824675065965 ], [ 117.879989240532652, -35.025132475837744 ], [ 117.87941063761842, -35.025353079257272 ], [ 117.878768292969326, -35.025763499356266 ], [ 117.87844390458234, -35.026180631815677 ], [ 117.878416809318466, -35.026721850213654 ], [ 117.878603955611609, -35.027820573755264 ], [ 117.878861755683531, -35.028350711920666 ], [ 117.87933946040171, -35.028942375312518 ], [ 117.87816573611029, -35.02886972198479 ], [ 117.876595290430714, -35.02860154909726 ] ] ] } },
{ "type": "Feature", "properties": { "CODE": "P_gp", "JNCODE": "si5011; P_gp", "fme_featur": "geology_surface_si5011" }, "geometry": { "type": "Polygon", "coordinates": [ [ [ 117.903241896617558, -35.017441427483099 ], [ 117.901309509673467, -35.016139307480742 ], [ 117.897927910420975, -35.013603535412777 ], [ 117.897616915869989, -35.013227120214324 ], [ 117.897459252682197, -35.012840553408196 ], [ 117.897444649223715, -35.0125070308532 ], [ 117.897627406069248, -35.012181065822475 ], [ 117.898083740637674, -35.011817008274505 ], [ 117.898650054465094, -35.011488202924106 ], [ 117.899032135427063, -35.011350117661323 ], [ 117.89943741600888, -35.011329080824126 ], [ 117.899986544292076, -35.011433214630514 ], [ 117.900471304146066, -35.011664062092379 ], [ 117.901697836159286, -35.0125746938552 ], [ 117.903374064133388, -35.014509908400299 ], [ 117.904264899935086, -35.015783692790237 ], [ 117.904455777228762, -35.01619705384369 ], [ 117.904516929051965, -35.016773688015874 ], [ 117.904454150059465, -35.017044666783747 ], [ 117.904303197175068, -35.017271217416038 ], [ 117.903823354121229, -35.017491200672318 ], [ 117.903450824471648, -35.017502991530165 ], [ 117.903241896617558, -35.017441427483099 ] ] ] } },
{ "type": "Feature", "properties": { "CODE": "P_gp", "JNCODE": "si5011; P_gp", "fme_featur": "geology_surface_si5011" }, "geometry": { "type": "Polygon", "coordinates": [ [ [ 117.90897870669049, -35.012890080629695 ], [ 117.909269729299353, -35.013437939542406 ], [ 117.909484640496274, -35.014040470241397 ], [ 117.909566845650573, -35.014535790776279 ], [ 117.9095622757835, -35.015112914827029 ], [ 117.909292603629552, -35.016494540719926 ], [ 117.909099822819257, -35.016901751128167 ], [ 117.908588013984115, -35.017203145803016 ], [ 117.908104395200098, -35.017080527184149 ], [ 117.907705266096244, -35.016668729861202 ], [ 117.905918426029814, -35.013661375843519 ], [ 117.904614560690945, -35.0117053876304 ], [ 117.904323277537785, -35.011130467936241 ], [ 117.904119271606802, -35.010518829183141 ], [ 117.90407007901824, -35.01003227548955 ], [ 117.904153382610502, -35.009634905187717 ], [ 117.90435851984698, -35.009353848604661 ], [ 117.904663573186753, -35.009189268507967 ], [ 117.905156013055816, -35.009122477774206 ], [ 117.905583793986025, -35.009155354935174 ], [ 117.906199660685104, -35.00934913313661 ], [ 117.906783550017565, -35.009624300437444 ], [ 117.907622179328456, -35.011132894136189 ], [ 117.90897870669049, -35.012890080629695 ] ] ] } },
{ "type": "Feature", "properties": { "CODE": "P_ng", "JNCODE": "si5011; P_ng", "fme_featur": "geology_surface_si5011" }, "geometry": { "type": "Polygon", "coordinates": [ [ [ 117.915301808199771, -34.836349803911929 ], [ 117.914099293323574, -34.836394915703693 ], [ 117.913026809357632, -34.836330832262242 ], [ 117.912942197333109, -34.83560106729329 ], [ 117.913079679509707, -34.835176222973722 ], [ 117.913502774722687, -34.834866458636306 ], [ 117.914320735308777, -34.834661932896964 ], [ 117.914845831795745, -34.834676019442547 ], [ 117.915361689680864, -34.834843467069597 ], [ 117.916055112791923, -34.835244024764442 ], [ 117.916970051575845, -34.835895392629986 ], [ 117.916142149198805, -34.836190183886018 ], [ 117.915301808199771, -34.836349803911929 ] ] ] } },
{ "type": "Feature", "properties": { "CODE": "P_gp", "JNCODE": "si5011; P_gp", "fme_featur": "geology_surface_si5011" }, "geometry": { "type": "Polygon", "coordinates": [ [ [ 117.99680958647761, -35.022678177135319 ], [ 117.996214899019378, -35.022448620237341 ], [ 117.995729158993456, -35.02216406484029 ], [ 117.99535258484687, -35.021842544336387 ], [ 117.995107751169826, -35.021537976277649 ], [ 117.99498260412318, -35.021160290890037 ], [ 117.995012534303626, -35.020916588045715 ], [ 117.995195464563466, -35.020635562783504 ], [ 117.995499606693429, -35.020407644621535 ], [ 117.995914000497351, -35.020232922605267 ], [ 117.996416945366335, -35.020129607675187 ], [ 117.996975891427994, -35.020125016966468 ], [ 117.99751412251625, -35.020219780311542 ], [ 117.99797640348234, -35.020378284455717 ], [ 117.998849132452008, -35.020939171397174 ], [ 117.999049480415394, -35.021189996445742 ], [ 117.999129051399834, -35.021423781725083 ], [ 117.999110422309727, -35.021694443230423 ], [ 117.998971343189112, -35.021975113274856 ], [ 117.99864703949001, -35.022347476962373 ], [ 117.99832119835996, -35.022593615319899 ], [ 117.997917977296481, -35.022786287546566 ], [ 117.997469052139678, -35.022826046198922 ], [ 117.99680958647761, -35.022678177135319 ] ] ] } },
{ "type": "Feature", "properties": { "CODE": "P_gp", "JNCODE": "si5011; P_gp", "fme_featur": "geology_surface_si5011" }, "geometry": { "type": "Polygon", "coordinates": [ [ [ 118.005462788451823, -35.020388622990048 ], [ 118.004993726548392, -35.020572847134936 ], [ 118.004468209462502, -35.020622282780764 ], [ 118.004072886213763, -35.020562435789714 ], [ 118.00372019041636, -35.02040304865443 ], [ 118.003443112407382, -35.020152865880924 ], [ 118.003241652448452, -35.019811887972295 ], [ 118.003895705475344, -35.019517937165666 ], [ 118.004596128583387, -35.019430988527816 ], [ 118.005288018420885, -35.019542479111607 ], [ 118.005894772806869, -35.019862060917688 ], [ 118.005788267859671, -35.020115417822076 ], [ 118.005462788451823, -35.020388622990048 ] ] ] } },
{ "type": "Feature", "properties": { "CODE": "P_ng", "JNCODE": "si5011; P_ng", "fme_featur": "geology_surface_si5011" }, "geometry": { "type": "Polygon", "coordinates": [ [ [ 118.090837154900456, -34.948589030853498 ], [ 118.089986167865177, -34.948831111327635 ], [ 118.089377624955745, -34.949188232013142 ], [ 118.088934757555677, -34.949652067866261 ], [ 118.088623882156156, -34.950159803912747 ], [ 118.087893937573426, -34.952104988625194 ], [ 118.087414746773234, -34.953137212085352 ], [ 118.086614885159108, -34.953108303062109 ], [ 118.085901557604245, -34.952997462554436 ], [ 118.085461042444805, -34.952812044357046 ], [ 118.085085400034814, -34.952562926314229 ], [ 118.082779966985981, -34.950473533673687 ], [ 118.08151376807956, -34.949123254148809 ], [ 118.080956564200349, -34.948388823509916 ], [ 118.080776396169654, -34.948011714370331 ], [ 118.080728455450043, -34.947696547231892 ], [ 118.080768349746563, -34.947398632465173 ], [ 118.080896669827709, -34.947163049557275 ], [ 118.081632487246111, -34.946489244011168 ], [ 118.082924347532028, -34.945630138640908 ], [ 118.084696979056645, -34.945524152219072 ], [ 118.085923915343429, -34.945558274204572 ], [ 118.090027610722089, -34.946170737983898 ], [ 118.091330726331108, -34.946168053740578 ], [ 118.094340411599944, -34.946032771709199 ], [ 118.096204228850183, -34.946196304270487 ], [ 118.097127112246554, -34.946422412487124 ], [ 118.097811032710325, -34.94679494481138 ], [ 118.098343708440353, -34.947322129023725 ], [ 118.098659320804941, -34.947995545499602 ], [ 118.098586040356679, -34.948248682760308 ], [ 118.098370171172689, -34.948485075597297 ], [ 118.098054429529782, -34.948623184600841 ], [ 118.097595617483819, -34.948708484086389 ], [ 118.09678556785974, -34.948733835408973 ], [ 118.09331170423981, -34.948557764821018 ], [ 118.091591978629253, -34.948528147747339 ], [ 118.090837154900456, -34.948589030853498 ] ] ] } },
{ "type": "Feature", "properties": { "CODE": "P_ng", "JNCODE": "si5011; P_ng", "fme_featur": "geology_surface_si5011" }, "geometry": { "type": "Polygon", "coordinates": [ [ [ 117.996454259210765, -34.977109322187964 ], [ 117.996383730014301, -34.976713152778075 ], [ 117.996433803526457, -34.976325010640629 ], [ 117.996671730398845, -34.976070581721011 ], [ 117.997270257415963, -34.975741055114497 ], [ 117.997892437027346, -34.975555603280661 ], [ 117.998417561936932, -34.975497184434026 ], [ 117.998900403708362, -34.975565349238238 ], [ 117.999263630732614, -34.97570663259534 ], [ 117.999584248841614, -34.975947452664116 ], [ 117.99979642603698, -34.976279334850219 ], [ 117.999810338647492, -34.976522679346942 ], [ 117.999693242403708, -34.976803170551278 ], [ 117.999413259734737, -34.977202223495397 ], [ 117.999109614105521, -34.977457198489994 ], [ 117.99850998790555, -34.977696573145586 ], [ 117.997035013675486, -34.978024289025981 ], [ 117.996701255579353, -34.977603230110375 ], [ 117.996454259210765, -34.977109322187964 ] ] ] } },
{ "type": "Feature", "properties": { "CODE": "P_ng", "JNCODE": "si5011; P_ng", "fme_featur": "geology_surface_si5011" }, "geometry": { "type": "Polygon", "coordinates": [ [ [ 118.039261181022454, -34.971475545846666 ], [ 118.038638561643083, -34.971616127652787 ], [ 118.038003394434412, -34.971630575939287 ], [ 118.037027316264442, -34.971539729204501 ], [ 118.036532040765437, -34.971354601565274 ], [ 118.036286984630351, -34.971032082099754 ], [ 118.03607620573483, -34.969951843679461 ], [ 118.035328860737678, -34.968885197614703 ], [ 118.035211392954054, -34.968255010555204 ], [ 118.035560463747018, -34.967269183401015 ], [ 118.035978192079895, -34.966517210975589 ], [ 118.036313744025719, -34.966198753524019 ], [ 118.037151624778971, -34.965758785172198 ], [ 118.038024252052054, -34.966337432858758 ], [ 118.038420928286413, -34.966523397988659 ], [ 118.040935993034154, -34.967051900478005 ], [ 118.041618129514063, -34.967289509577668 ], [ 118.042070380226534, -34.967538104742204 ], [ 118.042258857758782, -34.967716826657785 ], [ 118.042404896254453, -34.968004116257546 ], [ 118.042564415607274, -34.9693552925579 ], [ 118.040425295321697, -34.970843405978044 ], [ 118.039261181022454, -34.971475545846666 ] ] ] } },
{ "type": "Feature", "properties": { "CODE": "P_ng", "JNCODE": "si5011; P_ng", "fme_featur": "geology_surface_si5011" }, "geometry": { "type": "Polygon", "coordinates": [ [ [ 118.033718688104926, -34.956680895366574 ], [ 118.034255897353574, -34.957596055378346 ], [ 118.033938491127529, -34.959357072005332 ], [ 118.033683014621289, -34.959945351332422 ], [ 118.033252647507879, -34.960562169182715 ], [ 118.033135913761015, -34.960860723056705 ], [ 118.033037712750868, -34.961763257598314 ], [ 118.032896202623562, -34.964451524065396 ], [ 118.032731489865157, -34.965291504707061 ], [ 118.029899768548418, -34.97096018602673 ], [ 118.02924133137607, -34.971741229182022 ], [ 118.028534447418181, -34.972152982966392 ], [ 118.028054195386488, -34.972292304677495 ], [ 118.027485189568154, -34.972342205739636 ], [ 118.027177260227589, -34.972245624193739 ], [ 118.026954369016664, -34.97194093209351 ], [ 118.026905942338004, -34.971571645357557 ], [ 118.026966034339154, -34.971120287985457 ], [ 118.02760351399786, -34.969536922670727 ], [ 118.027714085878031, -34.968742492167372 ], [ 118.027631561290832, -34.968274307265105 ], [ 118.027452490242169, -34.967969244966831 ], [ 118.027142664211269, -34.96771939036887 ], [ 118.026757746797202, -34.967596407742221 ], [ 118.026321553460249, -34.967753383928759 ], [ 118.024931630511702, -34.968729941142321 ], [ 118.024124266584536, -34.968989228641085 ], [ 118.023587578396899, -34.968993753764124 ], [ 118.023027863475704, -34.968908300606493 ], [ 118.021564087128937, -34.968352553196226 ], [ 118.021191581946667, -34.968346669377212 ], [ 118.02090781735717, -34.968430208319582 ], [ 118.020647187886382, -34.96861273907929 ], [ 118.020453839486663, -34.968920941808825 ], [ 118.020184604435059, -34.970176565981731 ], [ 118.019990580137247, -34.970430671675075 ], [ 118.018673747381399, -34.9711270171736 ], [ 118.017604801653334, -34.971496659665334 ], [ 118.015966458600147, -34.972772757474921 ], [ 118.015051938947508, -34.973231255420963 ], [ 118.014298487545332, -34.973426908404718 ], [ 118.013696603560405, -34.973477019603436 ], [ 118.011634138606013, -34.973232727426698 ], [ 118.010856555992092, -34.973248220242269 ], [ 118.010168703850994, -34.973434284554997 ], [ 118.009146046044478, -34.974010858853376 ], [ 118.008545148791271, -34.974142089342081 ], [ 118.007656585241207, -34.97404126252097 ], [ 118.00647937110945, -34.97362722714837 ], [ 118.005833114744036, -34.973632582199492 ], [ 118.005179650168031, -34.973944571506848 ], [ 118.003760246718315, -34.975227710521359 ], [ 118.003259564359283, -34.975493341485745 ], [ 118.002701252451601, -34.975525004310789 ], [ 118.001933610520325, -34.975459205061981 ], [ 118.001592617010374, -34.975344797326073 ], [ 118.001239244150014, -34.9751132696694 ], [ 118.000940093176126, -34.974836208979909 ], [ 118.000750480619445, -34.974558244775551 ], [ 118.000451322583601, -34.973379482365715 ], [ 117.999533201047669, -34.972647648930874 ], [ 117.999344145997526, -34.972414762799851 ], [ 117.999116648087707, -34.971722325208475 ], [ 117.99907207372776, -34.970757871867853 ], [ 117.999294314946923, -34.9701158353568 ], [ 117.999714363472876, -34.969526272135091 ], [ 118.000245469385689, -34.969062030890662 ], [ 118.000962548331287, -34.968578220490059 ], [ 118.006271696902886, -34.965603813289235 ], [ 118.007086729480761, -34.965074070244683 ], [ 118.007627171696029, -34.964483481397103 ], [ 118.008259658986802, -34.963360122246087 ], [ 118.009450900992334, -34.962250150577127 ], [ 118.009795169435208, -34.961742335712543 ], [ 118.009737976484246, -34.961544436952543 ], [ 118.009285079876022, -34.961232606202188 ], [ 118.009030092740616, -34.960982248635815 ], [ 118.008849338366403, -34.960532899518313 ], [ 118.008930210811343, -34.959982189662355 ], [ 118.009411868770499, -34.959067468504379 ], [ 118.009558666255614, -34.958534244230009 ], [ 118.009593515112002, -34.957803575995712 ], [ 118.009358340149959, -34.957381730813644 ], [ 118.00896033517688, -34.95707845924089 ], [ 118.008443415700114, -34.956902412076815 ], [ 118.006285354459266, -34.956866209891331 ], [ 118.005440565113631, -34.956746968166108 ], [ 118.004625550962558, -34.956374997512789 ], [ 118.004389525474394, -34.955881013168757 ], [ 118.004326960233044, -34.955241321582257 ], [ 118.00474937733766, -34.953957409673365 ], [ 118.004817560511825, -34.953262534277471 ], [ 118.004679549715334, -34.95272265410533 ], [ 118.004129989250288, -34.951663188899587 ], [ 118.004080909345532, -34.951230777014992 ], [ 118.004284130617478, -34.950832347336117 ], [ 118.004975166770294, -34.950024115485334 ], [ 118.00571466396849, -34.948701507411464 ], [ 118.006235094531235, -34.94827339642147 ], [ 118.00659490563433, -34.948144176613361 ], [ 118.007141308141328, -34.948049476875205 ], [ 118.00814882669269, -34.948050135694338 ], [ 118.008929044460416, -34.948269083239431 ], [ 118.009205007250728, -34.948447131328429 ], [ 118.009438496882282, -34.948733736156839 ], [ 118.009565028455398, -34.949228621303284 ], [ 118.009505516964467, -34.949734069706302 ], [ 118.009366036519921, -34.949969671707734 ], [ 118.008490764211189, -34.950932747564188 ], [ 118.008373952820023, -34.951231279409463 ], [ 118.008282795648697, -34.951836177178244 ], [ 118.008268623182801, -34.952467486857934 ], [ 118.008362633110423, -34.952989694030343 ], [ 118.008586839104765, -34.953411632680513 ], [ 118.008997101465255, -34.953823008305598 ], [ 118.010144286649847, -34.954489749370964 ], [ 118.011199895335423, -34.95483262905725 ], [ 118.012636469416663, -34.954982966261376 ], [ 118.015496011875214, -34.955067294865529 ], [ 118.016385046001275, -34.955222164490195 ], [ 118.017100203503006, -34.955486688011284 ], [ 118.017674338949647, -34.955860593184454 ], [ 118.018118849980283, -34.956379854495431 ], [ 118.018590847176938, -34.957349734157717 ], [ 118.018958921940552, -34.958771334172759 ], [ 118.019258630907075, -34.959093431509956 ], [ 118.019710547141955, -34.959324080095961 ], [ 118.020170400367761, -34.959311201107937 ], [ 118.020473690308421, -34.959038142826081 ], [ 118.020675508306994, -34.958531494435555 ], [ 118.02097554326815, -34.957113302153445 ], [ 118.021179255069413, -34.956759926088225 ], [ 118.021374139404244, -34.956577947105338 ], [ 118.021765695984698, -34.956358245326129 ], [ 118.022267545334003, -34.95620073306555 ], [ 118.023962950290638, -34.956024144652481 ], [ 118.024432276555189, -34.955893948714447 ], [ 118.024724364291643, -34.955602940375115 ], [ 118.025346385951465, -34.954542700639237 ], [ 118.025595673166023, -34.954333204620532 ], [ 118.02597648148884, -34.954131614157006 ], [ 118.026785044063473, -34.95398050904285 ], [ 118.027684135997831, -34.954063074785424 ], [ 118.028629398502545, -34.95433459996017 ], [ 118.031126985079524, -34.955251189737432 ], [ 118.032876106514038, -34.955867517140547 ], [ 118.033718688104926, -34.956680895366574 ] ] ] } },
{ "type": "Feature", "properties": { "CODE": "P_gp", "JNCODE": "si5011; P_gp", "fme_featur": "geology_surface_si5011" }, "geometry": { "type": "Polygon", "coordinates": [ [ [ 118.000501244547891, -34.960367518155039 ], [ 118.000213869504208, -34.960153476697897 ], [ 118.000024075364948, -34.959857477835264 ], [ 117.999963730805106, -34.959398106384221 ], [ 118.000068646295077, -34.959018527369999 ], [ 118.000274206238473, -34.958809442874696 ], [ 118.000557740870121, -34.958707919981123 ], [ 118.000973789363229, -34.958695474587358 ], [ 118.001347457430498, -34.958800598546098 ], [ 118.001568682315551, -34.958979114834911 ], [ 118.001714124826563, -34.959230391997004 ], [ 118.001728258410026, -34.95949176914003 ], [ 118.001643497961425, -34.959726910879745 ], [ 118.001428084564708, -34.96002624914555 ], [ 118.001091871460631, -34.960299531787832 ], [ 118.000753792551521, -34.960419539471438 ], [ 118.000501244547891, -34.960367518155039 ] ] ] } },
{ "type": "Feature", "properties": { "CODE": "P_ng", "JNCODE": "si5011; P_ng", "fme_featur": "geology_surface_si5011" }, "geometry": { "type": "Polygon", "coordinates": [ [ [ 118.116183787414784, -34.942542828795325 ], [ 118.116497763280805, -34.942278452191957 ], [ 118.116756014691717, -34.941942451639065 ], [ 118.11704344237981, -34.941335674211537 ], [ 118.117103632739372, -34.940929358629795 ], [ 118.116921973121336, -34.940453131527121 ], [ 118.116532047302485, -34.939960784695835 ], [ 118.11884948117104, -34.939668953678932 ], [ 118.121572606856816, -34.939418418161978 ], [ 118.123837599619662, -34.939298298094847 ], [ 118.125907113829669, -34.939297167889883 ], [ 118.124846225718272, -34.940190655284844 ], [ 118.124195706618167, -34.94066555765194 ], [ 118.123163325789093, -34.941243174196046 ], [ 118.121508073237734, -34.94191670376744 ], [ 118.120616644469223, -34.942393811191444 ], [ 118.119509656581826, -34.94312537303707 ], [ 118.118210828120738, -34.944246419064626 ], [ 118.117547698676645, -34.944604182206113 ], [ 118.117024458473409, -34.944780316803168 ], [ 118.116358141910482, -34.944903662641899 ], [ 118.115503364813961, -34.944857414064025 ], [ 118.114788244248928, -34.944611505298369 ], [ 118.113948540248785, -34.94406015912287 ], [ 118.114720074625296, -34.943620268302297 ], [ 118.116183787414784, -34.942542828795325 ] ] ] } },
{ "type": "Feature", "properties": { "CODE": "P_gp", "JNCODE": "si5011; P_gp", "fme_featur": "geology_surface_si5011" }, "geometry": { "type": "Polygon", "coordinates": [ [ [ 117.995897184817252, -34.954616425296059 ], [ 117.995336830574502, -34.954467729144937 ], [ 117.994917751280823, -34.954227702801937 ], [ 117.994607094419891, -34.953896616754612 ], [ 117.994471218324222, -34.95352803074524 ], [ 117.994432267308625, -34.953023395397189 ], [ 117.994491437783438, -34.952481888447011 ], [ 117.995030147988288, -34.951747095925711 ], [ 117.995388466577566, -34.95149168274969 ], [ 117.996088104305244, -34.951386759554566 ], [ 117.996395484051831, -34.951447357626606 ], [ 117.996637924658572, -34.951571607082265 ], [ 117.99708271782832, -34.952127012971367 ], [ 117.997399712539362, -34.952981028938673 ], [ 117.997498570083422, -34.953908971932016 ], [ 117.997437998592574, -34.954333270098523 ], [ 117.997320159341953, -34.9545506466566 ], [ 117.996499817251987, -34.954638533453462 ], [ 117.995897184817252, -34.954616425296059 ] ] ] } },
{ "type": "Feature", "properties": { "CODE": "P_gp", "JNCODE": "si5011; P_gp", "fme_featur": "geology_surface_si5011" }, "geometry": { "type": "Polygon", "coordinates": [ [ [ 118.200857534774272, -34.972996556710179 ], [ 118.201996087767967, -34.9729492237907 ], [ 118.203050050051402, -34.973110104640043 ], [ 118.203700216628803, -34.973374164734423 ], [ 118.204970872984788, -34.974118971806753 ], [ 118.206708427997071, -34.974579605439494 ], [ 118.20759034916658, -34.974958559091753 ], [ 118.20843138011837, -34.975536282469939 ], [ 118.209718500970524, -34.976650562966512 ], [ 118.210969080437138, -34.977512723917116 ], [ 118.211203346945382, -34.977798924033067 ], [ 118.211328745665327, -34.978131293777778 ], [ 118.21134872769538, -34.978744235258532 ], [ 118.211283073764548, -34.97949328271222 ], [ 118.211027888623207, -34.980018801360771 ], [ 118.210026580548984, -34.981209982639569 ], [ 118.209597579743246, -34.981836415046025 ], [ 118.209417330674142, -34.982243965610884 ], [ 118.209335267656513, -34.982623487573669 ], [ 118.209378073067882, -34.983299319145573 ], [ 118.209594686574505, -34.98387423453358 ], [ 118.209918059442515, -34.984258733337875 ], [ 118.211358434646002, -34.98535343225825 ], [ 118.212081626692282, -34.986103622312541 ], [ 118.212777287502661, -34.987214753400764 ], [ 118.212992871726428, -34.987717538197572 ], [ 118.213029592712189, -34.987978657370746 ], [ 118.212967189875783, -34.988204699938308 ], [ 118.212718423815048, -34.988423587574154 ], [ 118.211530737661789, -34.98886825105091 ], [ 118.211117909407065, -34.989106806206493 ], [ 118.208795764404172, -34.991384142035656 ], [ 118.207966659912657, -34.992375222307736 ], [ 118.207331854072777, -34.993914386997659 ], [ 118.206803904490371, -34.994523759778403 ], [ 118.206186714680726, -34.995025815965391 ], [ 118.205122978097378, -34.995712638411668 ], [ 118.203945048369704, -34.996833388783756 ], [ 118.202294527444167, -34.997859625459064 ], [ 118.201885054762286, -34.998332552130584 ], [ 118.201726777449622, -34.998748890184025 ], [ 118.201445441935803, -35.00049190956625 ], [ 118.201385616982549, -35.001646646529771 ], [ 118.201469034690732, -35.002105675339635 ], [ 118.201660042236924, -35.002428387605029 ], [ 118.201993751547604, -35.002767719927981 ], [ 118.203743127099386, -35.00399469449804 ], [ 118.204398960855229, -35.00462837746197 ], [ 118.204759495138333, -35.005301055282345 ], [ 118.205166394577034, -35.006892979440863 ], [ 118.205413404736703, -35.007296279861023 ], [ 118.206272334147542, -35.00832467123432 ], [ 118.206375054260249, -35.008603169185655 ], [ 118.206367273913372, -35.008819648276535 ], [ 118.205807858093124, -35.011025291803897 ], [ 118.205572344488701, -35.011406334512337 ], [ 118.205246785118732, -35.011625969789115 ], [ 118.20466892892054, -35.011830075378398 ], [ 118.203925116019889, -35.011927623828591 ], [ 118.20289494403788, -35.011928822264153 ], [ 118.202611227141972, -35.012012784716291 ], [ 118.202460192118181, -35.012176582600418 ], [ 118.202207361661465, -35.012873376338668 ], [ 118.201624562275384, -35.015737453957399 ], [ 118.201328408147745, -35.016470741573031 ], [ 118.20099713203895, -35.017051091557867 ], [ 118.200406138088951, -35.01785942836684 ], [ 118.199003489976761, -35.019379089793311 ], [ 118.19792851092744, -35.020823367033735 ], [ 118.197020957894239, -35.021724979441686 ], [ 118.1960358818515, -35.022573248878565 ], [ 118.195622840549149, -35.022811754362429 ], [ 118.195132031387516, -35.022978890569256 ], [ 118.192880291671784, -35.023406800394589 ], [ 118.191800016989319, -35.023742017817412 ], [ 118.19095132200745, -35.024174137092579 ], [ 118.189748266036631, -35.025114662693554 ], [ 118.189356198559182, -35.025289824261051 ], [ 118.188961257302481, -35.025266644545376 ], [ 118.188586017028527, -35.025089986042872 ], [ 118.188098311759688, -35.024716059372416 ], [ 118.187796793545857, -35.024331291524781 ], [ 118.187576956582973, -35.023530953467372 ], [ 118.187493859543522, -35.022332540164349 ], [ 118.187617287497787, -35.021772294221059 ], [ 118.187767326560419, -35.021536390388746 ], [ 118.187973073639512, -35.0213630582058 ], [ 118.188311112605774, -35.02124253071262 ], [ 118.188662589135518, -35.021293188756005 ], [ 118.189639926639003, -35.022176268501717 ], [ 118.190258351346642, -35.022494806632515 ], [ 118.19081766951048, -35.02251636926529 ], [ 118.191035287036044, -35.022406032628489 ], [ 118.191110302252497, -35.022288078719995 ], [ 118.191061626771173, -35.021954937196156 ], [ 118.190276053397852, -35.020691285059684 ], [ 118.190140102000228, -35.02038604930064 ], [ 118.190103174700496, -35.020106892470068 ], [ 118.190262855961763, -35.019780723606772 ], [ 118.191193819932991, -35.018978115309203 ], [ 118.191593019048796, -35.018541392419557 ], [ 118.192000424901821, -35.017915236017991 ], [ 118.192158131620516, -35.01745383291275 ], [ 118.192215377198096, -35.016867182175723 ], [ 118.192117632908733, -35.01617385305731 ], [ 118.191820023104839, -35.015302151855714 ], [ 118.191655096027063, -35.01451029767987 ], [ 118.191531024125169, -35.014268063720607 ], [ 118.191320594907182, -35.014116844875971 ], [ 118.190936403902725, -35.014075531974648 ], [ 118.189077031435929, -35.014337216864583 ], [ 118.187334799248802, -35.014363291760546 ], [ 118.185348360866328, -35.014175325020751 ], [ 118.18378631311775, -35.013775801245735 ], [ 118.183327107820887, -35.013852413750115 ], [ 118.182236995964431, -35.014259775616907 ], [ 118.181503699686758, -35.014330034317133 ], [ 118.180636440465477, -35.014230273484308 ], [ 118.178756753705812, -35.013842791228875 ], [ 118.178175321147265, -35.013803353482643 ], [ 118.177858179054198, -35.013851515778676 ], [ 118.177662223442312, -35.013943585138456 ], [ 118.177532921599649, -35.014098124816911 ], [ 118.177581149020085, -35.014404226846047 ], [ 118.177781242418149, -35.014600653897176 ], [ 118.178444174533226, -35.0149729223102 ], [ 118.178743543890747, -35.01521346745924 ], [ 118.179078766902052, -35.015661048996954 ], [ 118.179340131804977, -35.016307716034227 ], [ 118.179457226164203, -35.016829550058389 ], [ 118.179417146036783, -35.017091425591715 ], [ 118.179201208859794, -35.017318943021834 ], [ 118.178874001058901, -35.017430323196848 ], [ 118.178345784370123, -35.01728216846616 ], [ 118.176732769875073, -35.01638712728483 ], [ 118.175653796761836, -35.016045931130165 ], [ 118.175221899159467, -35.015734527700808 ], [ 118.173850812826274, -35.014124779563318 ], [ 118.172509417790181, -35.013055734444968 ], [ 118.172295680653477, -35.012670078059571 ], [ 118.172299562539607, -35.012174118056443 ], [ 118.172406826787579, -35.012010779962267 ], [ 118.172580739318946, -35.011909915257206 ], [ 118.173150297307856, -35.011886377372164 ], [ 118.173822341401703, -35.012132348754768 ], [ 118.174882691871019, -35.012708178307051 ], [ 118.175508592968498, -35.012792285061053 ], [ 118.176120439252188, -35.012660122345892 ], [ 118.176555405048489, -35.012421470281282 ], [ 118.176781003742903, -35.012103696075904 ], [ 118.176766429649163, -35.011851367875217 ], [ 118.176443355089404, -35.01148481255639 ], [ 118.175471446890199, -35.010962240530517 ], [ 118.174685446583794, -35.010410810960664 ], [ 118.174130470676161, -35.009920258759891 ], [ 118.17365117467088, -35.009356837878215 ], [ 118.173259030902187, -35.008756505400633 ], [ 118.172740054988708, -35.007715574994826 ], [ 118.171534346879554, -35.004625446176206 ], [ 118.171672417441997, -35.004317542703546 ], [ 118.172063525366198, -35.004079330117442 ], [ 118.17462990131132, -35.003459412686468 ], [ 118.174759836969287, -35.003349953737413 ], [ 118.174877268693976, -35.003132414288871 ], [ 118.174871468414764, -35.002726715176152 ], [ 118.174659423897083, -35.002458263980046 ], [ 118.174405100109652, -35.002298422898384 ], [ 118.173314078956125, -35.001867151906715 ], [ 118.173059759566627, -35.001707307902393 ], [ 118.172958576324007, -35.001527950004785 ], [ 118.172829561888662, -35.000934088676487 ], [ 118.172649755010369, -35.000620238328622 ], [ 118.172438880816657, -35.000432922835465 ], [ 118.171688571417135, -35.000070479568905 ], [ 118.17140049206732, -34.999847840293477 ], [ 118.171199037341154, -34.999552230161214 ], [ 118.170645225610571, -34.998367355834674 ], [ 118.169895633123531, -34.997283550451627 ], [ 118.169216028165877, -34.996496620307788 ], [ 118.167460145964014, -34.99476426114618 ], [ 118.16843341124769, -34.994628661531465 ], [ 118.17009906259122, -34.994639667599934 ], [ 118.171868744062053, -34.994261924191029 ], [ 118.172689259501027, -34.994172849082837 ], [ 118.175291541870607, -34.994553437310195 ], [ 118.177182758527493, -34.995013001612193 ], [ 118.178180245766654, -34.99503939129454 ], [ 118.178813996695936, -34.994916020193934 ], [ 118.179476085067137, -34.994476782802359 ], [ 118.180026281018627, -34.993876327374714 ], [ 118.180217656387399, -34.993468711272271 ], [ 118.180252806008468, -34.992864244497426 ], [ 118.180089853171552, -34.992198586098283 ], [ 118.179610583650572, -34.990868758724403 ], [ 118.178519143340353, -34.989635041559993 ], [ 118.178148326699912, -34.988989431373746 ], [ 118.177949822539816, -34.988134761635877 ], [ 118.177998525734338, -34.987710499381379 ], [ 118.178137707916505, -34.987483728693071 ], [ 118.178420592311525, -34.987345731030466 ], [ 118.178715981314568, -34.987315812921743 ], [ 118.179572904282324, -34.987478808859606 ], [ 118.180664151799917, -34.987937074356203 ], [ 118.182630178693358, -34.989036020332605 ], [ 118.183191862709577, -34.989237933418927 ], [ 118.183586240066674, -34.989234088955897 ], [ 118.183956889949201, -34.989104239523051 ], [ 118.184304200374285, -34.988875431940066 ], [ 118.184627261044312, -34.988484557738424 ], [ 118.184731093391036, -34.988086805559917 ], [ 118.184693552681338, -34.987762567336993 ], [ 118.184502516873792, -34.987430810057866 ], [ 118.184191760660354, -34.987154321094458 ], [ 118.183331070275344, -34.986729907435652 ], [ 118.181152087865499, -34.9860568336832 ], [ 118.180876153494438, -34.985915249219616 ], [ 118.1806650407853, -34.985709916111254 ], [ 118.180123052974892, -34.984588085525395 ], [ 118.179576295607021, -34.983132676679588 ], [ 118.17909790005119, -34.982623365817339 ], [ 118.177902077216572, -34.981742309617388 ], [ 118.177433492417094, -34.981151745404617 ], [ 118.177028443789169, -34.98040727748787 ], [ 118.176789255747465, -34.979769402318155 ], [ 118.176589501038066, -34.978824572701022 ], [ 118.17674787124399, -34.978408264311085 ], [ 118.177136907556729, -34.978034803629946 ], [ 118.177724005294237, -34.977722538378153 ], [ 118.178465479056655, -34.977480906541722 ], [ 118.179175768484143, -34.977356791674637 ], [ 118.179865700800832, -34.977341072269283 ], [ 118.180811054247442, -34.977566319076395 ], [ 118.182687776834996, -34.978566952041078 ], [ 118.183756884270153, -34.979016390263972 ], [ 118.184459080728971, -34.979090693108652 ], [ 118.185649640631823, -34.978844635517675 ], [ 118.186221174657248, -34.978974304914779 ], [ 118.186453800164173, -34.979152367972318 ], [ 118.186599318191057, -34.979367349153293 ], [ 118.187592767384132, -34.982161860757195 ], [ 118.188674189396465, -34.984216123850032 ], [ 118.189097620463414, -34.984707900913705 ], [ 118.189618472079317, -34.985117570692559 ], [ 118.190136849669514, -34.98535594337465 ], [ 118.190597325304836, -34.985378478690656 ], [ 118.19092412881551, -34.985249038186751 ], [ 118.191336084380509, -34.984947442209794 ], [ 118.191540428086697, -34.984683949857221 ], [ 118.191645920938356, -34.984403393903996 ], [ 118.191551979021554, -34.982456688769076 ], [ 118.19136117344253, -34.981385562702741 ], [ 118.190914403174929, -34.980794837415864 ], [ 118.188916527781615, -34.979002041515066 ], [ 118.188126323936771, -34.978144163864656 ], [ 118.187935297932739, -34.977812411302317 ], [ 118.187831900248085, -34.977479801139928 ], [ 118.187645340930175, -34.975939752248792 ], [ 118.1875299526845, -34.975535124513989 ], [ 118.187183771277162, -34.975078652624134 ], [ 118.185606611798576, -34.973579238924046 ], [ 118.185371016409846, -34.9731938161773 ], [ 118.185400237390709, -34.972941060103139 ], [ 118.185606130837826, -34.972785763999021 ], [ 118.185955708320506, -34.972719232373912 ], [ 118.187939971684614, -34.972826070635158 ], [ 118.188522289389795, -34.972946607396395 ], [ 118.189534503495921, -34.973252283485628 ], [ 118.190984967793014, -34.973562669916362 ], [ 118.191601589713869, -34.973782040169318 ], [ 118.192232956832171, -34.974262749809448 ], [ 118.19350002970485, -34.975521670711181 ], [ 118.195609076032397, -34.978178909712341 ], [ 118.196371810934096, -34.978649286378563 ], [ 118.196844908862701, -34.978788892315855 ], [ 118.197360772384542, -34.978855940301564 ], [ 118.198214356275187, -34.978793418491186 ], [ 118.198835682024836, -34.978579898815944 ], [ 118.19942112047157, -34.978159344326379 ], [ 118.199634928619716, -34.977796560300717 ], [ 118.199632298860848, -34.977616250453238 ], [ 118.199463660683762, -34.977320362440025 ], [ 118.199008268330616, -34.976892054406605 ], [ 118.198022139163399, -34.976126344391673 ], [ 118.197788053978044, -34.975849133235229 ], [ 118.197640807231863, -34.975516964281326 ], [ 118.197655756550844, -34.975038926566889 ], [ 118.198458710300031, -34.973759635135323 ], [ 118.200246025255495, -34.973128838222244 ], [ 118.200857534774272, -34.972996556710179 ] ] ] } },
{ "type": "Feature", "properties": { "CODE": "P_gp", "JNCODE": "si5011; P_gp", "fme_featur": "geology_surface_si5011" }, "geometry": { "type": "Polygon", "coordinates": [ [ [ 118.215269589701379, -34.99794681524039 ], [ 118.215563400578048, -34.997808622087305 ], [ 118.215935769119525, -34.997795875731001 ], [ 118.216409409428834, -34.997962448268567 ], [ 118.216719779643469, -34.998202789597052 ], [ 118.216954794431174, -34.998534053056424 ], [ 118.217170435774747, -34.999036828380817 ], [ 118.217351602904841, -35.000171120795478 ], [ 118.217443917637297, -35.001964525744377 ], [ 118.217247896514195, -35.002787014759498 ], [ 118.217013660774782, -35.003249217176453 ], [ 118.216669054345488, -35.003658425156907 ], [ 118.216223832030764, -35.00393338941543 ], [ 118.21575442557787, -35.004055309804819 ], [ 118.215227300530003, -35.003979438110129 ], [ 118.214938425817124, -35.003711827986841 ], [ 118.214835017105798, -35.003388260515059 ], [ 118.214755550121225, -35.002460331827415 ], [ 118.214429949145313, -35.001931602458782 ], [ 118.214130927085023, -35.001718192197899 ], [ 118.213137658226387, -35.001241219786898 ], [ 118.212506226198698, -35.000778658524311 ], [ 118.210847695463386, -34.999027932743921 ], [ 118.209148330058383, -34.997475958407847 ], [ 118.208812492514781, -34.996992398702325 ], [ 118.208752542542456, -34.996641342303782 ], [ 118.208781565066388, -34.996379567414486 ], [ 118.20888727762123, -34.99611702876593 ], [ 118.209145441063939, -34.995789854231909 ], [ 118.209437928578851, -34.995561521471707 ], [ 118.209721050997103, -34.99544148240593 ], [ 118.210914817838216, -34.995402529268169 ], [ 118.212012641178845, -34.995544857455428 ], [ 118.213024818358448, -34.995823282833719 ], [ 118.213643128724712, -34.996141705335646 ], [ 118.21417752659643, -34.996713432954046 ], [ 118.214840708191062, -34.997842907489662 ], [ 118.215095094039967, -34.998002662631819 ], [ 118.215269589701379, -34.99794681524039 ] ] ] } },
{ "type": "Feature", "properties": { "CODE": "P_gp", "JNCODE": "si5011; P_gp", "fme_featur": "geology_surface_si5011" }, "geometry": { "type": "Polygon", "coordinates": [ [ [ 118.213372278021552, -34.925028910375673 ], [ 118.212094142968127, -34.925961387398388 ], [ 118.211283764067772, -34.926690817718296 ], [ 118.210821674878304, -34.927281519237823 ], [ 118.21057692294184, -34.927761851358341 ], [ 118.2104844950521, -34.928177547408652 ], [ 118.210432102949042, -34.92982815267851 ], [ 118.210228789640524, -34.930894166138387 ], [ 118.209891457332702, -34.931781177050425 ], [ 118.208933858659435, -34.933675230880944 ], [ 118.208765313387786, -34.934127750240656 ], [ 118.20870544824956, -34.934525086989645 ], [ 118.208741597746283, -34.9347501483592 ], [ 118.208877466529501, -34.935055368979754 ], [ 118.209489115202331, -34.935698493199908 ], [ 118.209690674834164, -34.936003058747779 ], [ 118.209838953520133, -34.93640733981708 ], [ 118.210280400815392, -34.938134175105986 ], [ 118.210585536926047, -34.938780346657694 ], [ 118.210920341654926, -34.939209817573932 ], [ 118.211651142286044, -34.939761573810131 ], [ 118.213731914437304, -34.940525264760957 ], [ 118.214184782628962, -34.94079124365949 ], [ 118.214407205807021, -34.941023457654374 ], [ 118.214622537410804, -34.941517230085637 ], [ 118.214685789094247, -34.942093674402997 ], [ 118.214604582638088, -34.942527294033958 ], [ 118.214357417642816, -34.942845354162301 ], [ 118.214030287680842, -34.942938792447961 ], [ 118.212640871498863, -34.943024806066468 ], [ 118.211264389499718, -34.943245927243957 ], [ 118.210793330481422, -34.943232590111414 ], [ 118.210518552998096, -34.943163194211088 ], [ 118.210253664788453, -34.943021564520372 ], [ 118.209920171810069, -34.942682247380368 ], [ 118.209110826644888, -34.941256630308857 ], [ 118.208776287175581, -34.940845185556967 ], [ 118.207715724057039, -34.940206522758892 ], [ 118.206880086044663, -34.939971373597245 ], [ 118.206442551048028, -34.940002770475765 ], [ 118.205132845721252, -34.94029529335247 ], [ 118.204291274297873, -34.940402825076973 ], [ 118.203491386300485, -34.940365668566542 ], [ 118.201943722537195, -34.940110487231529 ], [ 118.201200420213397, -34.940198991466531 ], [ 118.200667237409903, -34.940429683931349 ], [ 118.200212398160971, -34.940776818976367 ], [ 118.199867959007449, -34.941185979764072 ], [ 118.199450946863536, -34.94187537836445 ], [ 118.199256892030903, -34.942084681811266 ], [ 118.19901759802319, -34.942195246250598 ], [ 118.198776466265116, -34.942179592558382 ], [ 118.198366907924964, -34.941877061153605 ], [ 118.197512664529057, -34.940361638875615 ], [ 118.196845282442794, -34.939646868537949 ], [ 118.196258084397996, -34.93917475966856 ], [ 118.195462616464539, -34.938686663991987 ], [ 118.19449368795793, -34.938317487884312 ], [ 118.193078749716364, -34.937393640235378 ], [ 118.192048323129015, -34.936556171623202 ], [ 118.191614183149255, -34.936064503784934 ], [ 118.190921212258061, -34.935088461516642 ], [ 118.190785148731109, -34.934765188294321 ], [ 118.190802354419532, -34.933682996021105 ], [ 118.190989374393851, -34.932986864068752 ], [ 118.191462846889536, -34.932414158813394 ], [ 118.192877498967206, -34.931056763316001 ], [ 118.193124061473043, -34.930693667410722 ], [ 118.193214490925754, -34.930133733557412 ], [ 118.193155839391949, -34.929863803602863 ], [ 118.193009612634484, -34.929594733628633 ], [ 118.192754961655055, -34.929398862950343 ], [ 118.192424988182353, -34.9292938997337 ], [ 118.188629028479397, -34.928754018608316 ], [ 118.187541651104397, -34.928512179998826 ], [ 118.186584732760423, -34.928205939319326 ], [ 118.185184375399842, -34.927516291946084 ], [ 118.184157392261881, -34.926904141404904 ], [ 118.183525794959181, -34.926378299764508 ], [ 118.183078743080273, -34.925742455173214 ], [ 118.18296371359834, -34.925355849211627 ], [ 118.182947590885391, -34.924995330785045 ], [ 118.183041319957766, -34.924660793375786 ], [ 118.183201243791615, -34.924361678800395 ], [ 118.183707562195536, -34.923788683079081 ], [ 118.184800429227664, -34.922894375844244 ], [ 118.185491513207339, -34.922229402004298 ], [ 118.185857062171792, -34.921765973499106 ], [ 118.185949219479738, -34.921323246528694 ], [ 118.190221104092643, -34.92148886233602 ], [ 118.197478403165945, -34.922183986757375 ], [ 118.198387310254219, -34.922202075865009 ], [ 118.19881184201418, -34.922035584109963 ], [ 118.199124289791868, -34.921689859706873 ], [ 118.199164531906916, -34.921446006992525 ], [ 118.199056838807039, -34.920815888756252 ], [ 118.199204570654672, -34.920435722064425 ], [ 118.199604051402815, -34.920053069891864 ], [ 118.200438858186047, -34.919494795600599 ], [ 118.201350232037697, -34.919684159045637 ], [ 118.203049801998006, -34.920623130869544 ], [ 118.204061285849988, -34.920919684859122 ], [ 118.204827620549096, -34.920921104970319 ], [ 118.206772004301342, -34.920631302467591 ], [ 118.208676556749737, -34.92061237108522 ], [ 118.21183152480765, -34.923736844567443 ], [ 118.213372278021552, -34.925028910375673 ] ] ] } },
{ "type": "Feature", "properties": { "CODE": "P_gp", "JNCODE": "si5011; P_gp", "fme_featur": "geology_surface_si5011" }, "geometry": { "type": "Polygon", "coordinates": [ [ [ 118.41191394595802, -34.893336313392282 ], [ 118.413974469531453, -34.894159922765965 ], [ 118.414447108559884, -34.894280655995587 ], [ 118.414852400481152, -34.894302988362519 ], [ 118.415440910901566, -34.894160886149294 ], [ 118.416164537791303, -34.893602441326763 ], [ 118.416893728024348, -34.893368526437669 ], [ 118.418019583616584, -34.893292279269417 ], [ 118.420407081562729, -34.89339964923078 ], [ 118.420887250438, -34.893321903400313 ], [ 118.421125160693691, -34.893156822324627 ], [ 118.421262736667856, -34.892884714545204 ], [ 118.421234332659182, -34.892506348051405 ], [ 118.421045768617901, -34.891724105644464 ], [ 118.424311765382683, -34.892010473916166 ], [ 118.426160874178578, -34.893260134510015 ], [ 118.426527230178309, -34.893562400249053 ], [ 118.426762762277718, -34.893893250594722 ], [ 118.426822145220257, -34.89416305220324 ], [ 118.426793970216124, -34.895065045405119 ], [ 118.426890855846452, -34.895604905320042 ], [ 118.427038863809045, -34.895936782515989 ], [ 118.427756278851717, -34.896920184669483 ], [ 118.427932105601315, -34.897594365326746 ], [ 118.42791630782537, -34.897946199060989 ], [ 118.427749665554742, -34.89843505430656 ], [ 118.427557393503236, -34.89870781156565 ], [ 118.427320260865656, -34.898917979093355 ], [ 118.426678589051818, -34.899150929219552 ], [ 118.424492233426975, -34.899293792650788 ], [ 118.419224184416834, -34.900338241119464 ], [ 118.416239826649417, -34.901175537221064 ], [ 118.413927958151177, -34.901662306006735 ], [ 118.413632207460637, -34.901647713455908 ], [ 118.413477779605785, -34.901577376696288 ], [ 118.412599290423458, -34.90076707778789 ], [ 118.412134471841824, -34.900465914322574 ], [ 118.411738857816019, -34.90037132775327 ], [ 118.41115954210953, -34.900414122738042 ], [ 118.410680555038809, -34.900563950034517 ], [ 118.410355989734953, -34.900784116519937 ], [ 118.409453323674299, -34.902399550645079 ], [ 118.409076807948594, -34.902782615773582 ], [ 118.408761478418825, -34.902903487982357 ], [ 118.40795296636297, -34.90298499123594 ], [ 118.407343724901352, -34.903199431107083 ], [ 118.406181943212275, -34.903744861980961 ], [ 118.404425403601905, -34.904071741051268 ], [ 118.403980591524146, -34.904302297053619 ], [ 118.403842326323272, -34.904538327111794 ], [ 118.403903638519566, -34.904925334359724 ], [ 118.404867750846464, -34.906266687935819 ], [ 118.405218195441833, -34.906920850375961 ], [ 118.405438403937552, -34.907639634500349 ], [ 118.405737645867703, -34.909141950893776 ], [ 118.405931828554174, -34.909617585784524 ], [ 118.406312513272411, -34.910118111836972 ], [ 118.407424090998092, -34.911115104151705 ], [ 118.407660523824859, -34.911500080300854 ], [ 118.407711224361847, -34.911905241112464 ], [ 118.407544282128882, -34.912385056259609 ], [ 118.407138420692121, -34.912975837781865 ], [ 118.404623027713768, -34.915673863579649 ], [ 118.403900974039132, -34.91634042239501 ], [ 118.403479211876146, -34.916642843616167 ], [ 118.403087978136625, -34.916809661477025 ], [ 118.402618751724106, -34.91689622884801 ], [ 118.401164224054128, -34.916976127872225 ], [ 118.399314470556604, -34.916988428925869 ], [ 118.39797787904422, -34.916922665399873 ], [ 118.397483089351709, -34.916793107939888 ], [ 118.396773332165608, -34.916251254726255 ], [ 118.396104002555745, -34.915510566683437 ], [ 118.395854377063387, -34.91499046975175 ], [ 118.395549228510845, -34.913776728738881 ], [ 118.395279707611451, -34.913374075214158 ], [ 118.394892857170163, -34.91315310086474 ], [ 118.394564540209899, -34.913156869508583 ], [ 118.394205830604932, -34.913305252280956 ], [ 118.393584949593162, -34.914132889381811 ], [ 118.39331530991673, -34.914370414379682 ], [ 118.39309779954813, -34.914454058201699 ], [ 118.392736492623101, -34.914449183563768 ], [ 118.391088947582574, -34.914116408162869 ], [ 118.390637352616835, -34.913950261294687 ], [ 118.390492191491632, -34.913780606313189 ], [ 118.390455558538946, -34.913555609366014 ], [ 118.390621690879399, -34.913021725940609 ], [ 118.391052146105423, -34.912583999628993 ], [ 118.392190289101507, -34.911921765937393 ], [ 118.392611004666549, -34.911556278962316 ], [ 118.392792022234843, -34.911256654844095 ], [ 118.392916949817234, -34.910876523630577 ], [ 118.392923324686151, -34.91060595113013 ], [ 118.392798072594772, -34.910318854150326 ], [ 118.392408503000112, -34.909935603010169 ], [ 118.390991464853883, -34.908987050994071 ], [ 118.390733381766978, -34.90861130564646 ], [ 118.390109007994582, -34.907283985125702 ], [ 118.389762630104329, -34.906864164253911 ], [ 118.38926320517993, -34.9064551088196 ], [ 118.388003257072057, -34.905730140741355 ], [ 118.385696791883078, -34.904602330717374 ], [ 118.384296311823491, -34.903978109002097 ], [ 118.38276544756431, -34.903409454527683 ], [ 118.381060880945057, -34.902923904709823 ], [ 118.379227284304193, -34.902575045340271 ], [ 118.376309789864237, -34.90220237182708 ], [ 118.374896249284077, -34.902101155704578 ], [ 118.373879645398318, -34.902175769895692 ], [ 118.372952980779999, -34.902393626483537 ], [ 118.372301676042042, -34.902716567091105 ], [ 118.371209510396568, -34.90351334724236 ], [ 118.370654876962675, -34.903726988063255 ], [ 118.370160805337903, -34.903633376189561 ], [ 118.369085591111826, -34.902815959087619 ], [ 118.36870020490089, -34.902676033214455 ], [ 118.368283487649663, -34.902626625786766 ], [ 118.367693632275731, -34.902696382638844 ], [ 118.366517652273359, -34.903061263158953 ], [ 118.365906653090931, -34.903176332610542 ], [ 118.363597889324296, -34.903211277761095 ], [ 118.362844181938556, -34.903300883013173 ], [ 118.362245309169424, -34.903487931711858 ], [ 118.361400255181252, -34.904011353530201 ], [ 118.361117229114924, -34.904104690920001 ], [ 118.359690793547927, -34.903886225345737 ], [ 118.358518276920037, -34.903800155112997 ], [ 118.358035011327459, -34.903697356246276 ], [ 118.357549817878919, -34.903477359825246 ], [ 118.356219932330291, -34.902473321129165 ], [ 118.355446242374271, -34.902013084286267 ], [ 118.352932991784897, -34.900923017877602 ], [ 118.350250063835119, -34.899492148509374 ], [ 118.349082808891282, -34.899054275693452 ], [ 118.348336084246611, -34.898900261693143 ], [ 118.347700551660907, -34.898853210737997 ], [ 118.347055696807573, -34.898905443743892 ], [ 118.346610597393834, -34.899126777872034 ], [ 118.346429434803952, -34.899426337018646 ], [ 118.345980392523444, -34.900747752839187 ], [ 118.345755307101768, -34.901038780715353 ], [ 118.345516777584905, -34.901176672744796 ], [ 118.345265687380817, -34.901215519403195 ], [ 118.344968768775814, -34.90112863862165 ], [ 118.34319219355433, -34.900237598147193 ], [ 118.342708525807836, -34.900107692029039 ], [ 118.342204441628624, -34.900068176740298 ], [ 118.341669730116578, -34.900164248422641 ], [ 118.341311122349865, -34.900321491328953 ], [ 118.340780804096639, -34.90068801253117 ], [ 118.339853514646364, -34.901545812198513 ], [ 118.339604177219243, -34.901692828627866 ], [ 118.339363732118642, -34.901713512329323 ], [ 118.339154212060023, -34.901616637286672 ], [ 118.338842404446453, -34.901286453804133 ], [ 118.337876192615852, -34.899746216438842 ], [ 118.337509393300948, -34.899398601197539 ], [ 118.336879105490596, -34.89899978314125 ], [ 118.335875181829053, -34.898505885204472 ], [ 118.334939403015596, -34.898164514879497 ], [ 118.333940165508409, -34.897959084913758 ], [ 118.332011433068473, -34.897799904620939 ], [ 118.331758599378759, -34.897730541497481 ], [ 118.331526195275032, -34.897570786556201 ], [ 118.331366022076182, -34.897139737507892 ], [ 118.331310033420635, -34.896382944069202 ], [ 118.331472592279667, -34.895605722919186 ], [ 118.332114863828764, -34.894038787289254 ], [ 118.332097809038927, -34.893660270702959 ], [ 118.331888026815761, -34.893545352037464 ], [ 118.331637679857891, -34.893629245984854 ], [ 118.331236913519703, -34.893886105370939 ], [ 118.330720148384856, -34.894414736128688 ], [ 118.330412433394713, -34.895013210517043 ], [ 118.329796075029918, -34.896832322817993 ], [ 118.329550801069715, -34.897231743270993 ], [ 118.32921726140053, -34.897587044895495 ], [ 118.328404440422233, -34.898082836588067 ], [ 118.324622462553691, -34.899738115466569 ], [ 118.32320042701916, -34.900465930272063 ], [ 118.322757276338223, -34.900813391097763 ], [ 118.322478405995255, -34.901168079467332 ], [ 118.322025500536526, -34.902273050968873 ], [ 118.321834020451291, -34.902617770401292 ], [ 118.321564638614973, -34.902882185972089 ], [ 118.321238951982721, -34.903048028864902 ], [ 118.320868048623723, -34.903124194858592 ], [ 118.319632221349778, -34.9031827047787 ], [ 118.317766743140808, -34.903563617933465 ], [ 118.316433714180405, -34.903704300203543 ], [ 118.31360338261392, -34.903293106311715 ], [ 118.310232291540203, -34.902599141079222 ], [ 118.308796198749846, -34.902452314105716 ], [ 118.307679454257865, -34.902428268927885 ], [ 118.306706538438561, -34.90250185151281 ], [ 118.306009048743363, -34.902689684708378 ], [ 118.305542927128258, -34.902974213043422 ], [ 118.304777814586799, -34.903730822277403 ], [ 118.303853925544587, -34.904137476352844 ], [ 118.302483330996395, -34.903980855411739 ], [ 118.30065895666408, -34.90350447262211 ], [ 118.300341182016822, -34.903480822981962 ], [ 118.300134401115116, -34.903555169632376 ], [ 118.299962580394848, -34.903764393617955 ], [ 118.29990075823801, -34.904008507897181 ], [ 118.299938560779452, -34.904323690698483 ], [ 118.300108818896405, -34.904709590666855 ], [ 118.300610219685865, -34.905272282166038 ], [ 118.302017806202045, -34.906384305422534 ], [ 118.302718064478597, -34.907062074974334 ], [ 118.303044685199694, -34.907644662972139 ], [ 118.303042858452201, -34.908221755655916 ], [ 118.302918656544932, -34.908673925755636 ], [ 118.302242727232283, -34.909537764132153 ], [ 118.302110991916507, -34.910206416484577 ], [ 118.301949679910976, -34.910388480259726 ], [ 118.301255526838645, -34.910792653429944 ], [ 118.300342485618032, -34.911199165275484 ], [ 118.298827650416399, -34.911621121114472 ], [ 118.297352604115758, -34.911790163874151 ], [ 118.295317414906307, -34.911838926437184 ], [ 118.294137849523253, -34.912004780065054 ], [ 118.293906889554705, -34.911935105469709 ], [ 118.293186750651898, -34.911383731703225 ], [ 118.292546338735491, -34.911029874542635 ], [ 118.292051029948396, -34.910854806663842 ], [ 118.291491753445143, -34.910788617957238 ], [ 118.29109932043059, -34.910891972818042 ], [ 118.290209101283835, -34.91136128401007 ], [ 118.289827466945042, -34.911455503362106 ], [ 118.289455366010571, -34.9114594525686 ], [ 118.288225959154914, -34.911238056192119 ], [ 118.287120461774435, -34.911240754404282 ], [ 118.282732838821943, -34.912053577891399 ], [ 118.281323551322089, -34.912230749006092 ], [ 118.280360594126265, -34.912249916260826 ], [ 118.27994331156988, -34.91216414454194 ], [ 118.278840633423656, -34.911643763933277 ], [ 118.277585588961188, -34.911179075949974 ], [ 118.271792562021147, -34.909589770839304 ], [ 118.270692051732496, -34.909204544471336 ], [ 118.26936948202291, -34.90861424126652 ], [ 118.268545503034616, -34.908415459159926 ], [ 118.267558617884688, -34.908299522095753 ], [ 118.266792688788939, -34.908316525940556 ], [ 118.265919535236094, -34.90847891101614 ], [ 118.264612494073177, -34.908898276791753 ], [ 118.264098959317266, -34.908957720882491 ], [ 118.26206936542539, -34.908654211729868 ], [ 118.261270323345443, -34.908653491067362 ], [ 118.260615343400303, -34.908768489374687 ], [ 118.259733293421931, -34.909066174723741 ], [ 118.257756480982621, -34.910069485139985 ], [ 118.257302877239496, -34.9104709194322 ], [ 118.25542072997527, -34.912663432934593 ], [ 118.255089823282475, -34.913216877252843 ], [ 118.254975608607865, -34.913623813743634 ], [ 118.255186306524038, -34.916678337857142 ], [ 118.255098507649251, -34.917382556216431 ], [ 118.254862381841249, -34.91769156671203 ], [ 118.254632945924101, -34.917720986494814 ], [ 118.254380110569244, -34.9176514624791 ], [ 118.253728452832163, -34.917270465317372 ], [ 118.253262729367819, -34.916878530078577 ], [ 118.252394500036758, -34.915931699727118 ], [ 118.252051374496034, -34.915682765004526 ], [ 118.251556665677825, -34.915543592553377 ], [ 118.250735391493208, -34.915524998668047 ], [ 118.250014261484949, -34.915613570877653 ], [ 118.249382738213384, -34.915836469803743 ], [ 118.24798804185636, -34.916986922246515 ], [ 118.246891317970352, -34.91757525846743 ], [ 118.245113795692248, -34.918026294169906 ], [ 118.24362742327709, -34.918185785964823 ], [ 118.243342439263927, -34.91816165206366 ], [ 118.24308906754149, -34.91805604264276 ], [ 118.242833657652994, -34.917815201138488 ], [ 118.242665402810587, -34.917546417257803 ], [ 118.242367921558539, -34.916692860685238 ], [ 118.241864012710735, -34.914488888485984 ], [ 118.241582655324706, -34.9139778042533 ], [ 118.241293750135142, -34.913692217249519 ], [ 118.240685689639406, -34.913292669821537 ], [ 118.239573779238967, -34.912871209709088 ], [ 118.238178947724123, -34.912560824561673 ], [ 118.237314196027754, -34.912560616253487 ], [ 118.236505647216163, -34.911928650959617 ], [ 118.23591059381036, -34.911664199414176 ], [ 118.234516875174648, -34.911425895225094 ], [ 118.232939132277224, -34.911324694988856 ], [ 118.232098167141018, -34.911450443925368 ], [ 118.231531751992435, -34.911636522774899 ], [ 118.230093629139986, -34.912823279929093 ], [ 118.229529485343932, -34.913162612986348 ], [ 118.229159652898318, -34.913319641053924 ], [ 118.228449862612464, -34.913435021134859 ], [ 118.227420124327679, -34.913382309240703 ], [ 118.226960850936905, -34.913413998182122 ], [ 118.226350229030444, -34.91357344889532 ], [ 118.224880195475038, -34.914093220107524 ], [ 118.223332969643124, -34.913838301384843 ], [ 118.222434565097302, -34.913784224943576 ], [ 118.22157113292235, -34.913874059977992 ], [ 118.219682758027844, -34.91423567016335 ], [ 118.218413959361229, -34.914302500527917 ], [ 118.215148015074078, -34.91403764862558 ], [ 118.212291818055917, -34.914093228626541 ], [ 118.211533843382938, -34.913911434220665 ], [ 118.210407944248828, -34.913273440210233 ], [ 118.209409298608819, -34.912354645971462 ], [ 118.208629829206629, -34.911451697095856 ], [ 118.208394049563509, -34.911048282598131 ], [ 118.20812081604862, -34.910329649259197 ], [ 118.207643079695487, -34.909847486551463 ], [ 118.206449226687198, -34.909047825973637 ], [ 118.204488784860345, -34.908219686526927 ], [ 118.203979039619384, -34.90779192747285 ], [ 118.20378720091702, -34.907397084980694 ], [ 118.203793407303451, -34.907072415568422 ], [ 118.203899293056082, -34.906827910661626 ], [ 118.20497537193198, -34.905563898045713 ], [ 118.205178164603922, -34.905210228444929 ], [ 118.205194650528242, -34.904840372520979 ], [ 118.204944934451561, -34.904229700275707 ], [ 118.204874531939595, -34.903905790255784 ], [ 118.204912774334133, -34.903526701686047 ], [ 118.205092885406899, -34.903119155695869 ], [ 118.205555413177336, -34.902564537935184 ], [ 118.206225328990229, -34.901971792636104 ], [ 118.207134797131602, -34.901295512479614 ], [ 118.207862178852352, -34.900891542178954 ], [ 118.211178681140723, -34.900164234788605 ], [ 118.212118716975169, -34.900082727735381 ], [ 118.212448860901176, -34.900205670968553 ], [ 118.21254999811552, -34.900384999678387 ], [ 118.212552516054458, -34.900556295399475 ], [ 118.212393538495434, -34.900909540023342 ], [ 118.212189859736384, -34.901200112108057 ], [ 118.211014002753998, -34.902365996308966 ], [ 118.209931313471998, -34.903170266299632 ], [ 118.209749242943616, -34.903442585433758 ], [ 118.209732380860899, -34.903785394928093 ], [ 118.209943480726238, -34.90399969858899 ], [ 118.210361582378781, -34.904148822177937 ], [ 118.210986421133569, -34.904214732432251 ], [ 118.213773034807318, -34.903916425901969 ], [ 118.214579797333371, -34.90370097725868 ], [ 118.215143409941007, -34.903325650959381 ], [ 118.21708754228797, -34.901565938588064 ], [ 118.217445339199486, -34.901336932837268 ], [ 118.217837693684373, -34.901224799185925 ], [ 118.218308645906333, -34.901247129563494 ], [ 118.21914391823509, -34.901482209000065 ], [ 118.223074669878287, -34.903065750428965 ], [ 118.22394200069472, -34.903246372600094 ], [ 118.225169528307944, -34.903360239672814 ], [ 118.227051379867206, -34.903314202652936 ], [ 118.228165719613827, -34.903176709993126 ], [ 118.228994723978047, -34.902987991876103 ], [ 118.229440845038468, -34.902812159067892 ], [ 118.229852655809765, -34.902537486363528 ], [ 118.230111124910849, -34.902255347640718 ], [ 118.230323533678146, -34.901820388002427 ], [ 118.231111707024823, -34.901830439936568 ], [ 118.233342348729124, -34.901690603441935 ], [ 118.234241300441127, -34.901789679383278 ], [ 118.235409775102482, -34.902345868816056 ], [ 118.237059632323991, -34.902888130755919 ], [ 118.238051288933931, -34.903328874992887 ], [ 118.238748433607924, -34.903835731353219 ], [ 118.239074458822088, -34.904409486052529 ], [ 118.239363593914803, -34.904713110541003 ], [ 118.23983944831447, -34.905059913693343 ], [ 118.240290572445673, -34.905217613535179 ], [ 118.241012845027711, -34.905210239739418 ], [ 118.243481457961778, -34.904878432176673 ], [ 118.246470384913948, -34.904937979895941 ], [ 118.247618220814786, -34.904845049548229 ], [ 118.248174289918225, -34.904704086839807 ], [ 118.248706286328925, -34.90441909954982 ], [ 118.248996706271399, -34.90408249201959 ], [ 118.249154985103573, -34.903693141115617 ], [ 118.249104658366562, -34.903260850129854 ], [ 118.248585848260774, -34.902247278588746 ], [ 118.248467547650591, -34.901662399223696 ], [ 118.248511482608194, -34.900949617274918 ], [ 118.248975817712477, -34.898366028531484 ], [ 118.248806220046276, -34.898007097449714 ], [ 118.248706125446233, -34.897178575897918 ], [ 118.248824606473519, -34.896329774706665 ], [ 118.249266163908132, -34.895135012584952 ], [ 118.249692515980442, -34.894382230850674 ], [ 118.250250163812353, -34.893628097093504 ], [ 118.250916810001229, -34.892845788476208 ], [ 118.252080607413177, -34.891652597507495 ], [ 118.254219378706367, -34.889809142297743 ], [ 118.255540241225631, -34.888875786527798 ], [ 118.256451211450923, -34.888334378952308 ], [ 118.257384738694824, -34.887837815547556 ], [ 118.258841226118321, -34.887191560520854 ], [ 118.261192645092905, -34.886391736327163 ], [ 118.262468321936311, -34.886089954401193 ], [ 118.263975127598428, -34.885875924442288 ], [ 118.265528314671357, -34.88583271303694 ], [ 118.267226083552373, -34.885941260885446 ], [ 118.270516942410723, -34.886465951930056 ], [ 118.274803389317711, -34.887683428648216 ], [ 118.278821222696095, -34.888506838645611 ], [ 118.281815715322566, -34.888962204655037 ], [ 118.282603621330253, -34.888962909804029 ], [ 118.283433329020937, -34.888836933005308 ], [ 118.284075491368171, -34.888613747016592 ], [ 118.284487886892606, -34.888392985997228 ], [ 118.284888496925873, -34.888118247275209 ], [ 118.285416745758127, -34.887607720244418 ], [ 118.285995337900616, -34.886817136977129 ], [ 118.287199600389044, -34.884748555494163 ], [ 118.288901146652805, -34.88229598379889 ], [ 118.289609824607481, -34.881431869503068 ], [ 118.290816936927428, -34.880255887472131 ], [ 118.291875795005964, -34.879397058000997 ], [ 118.293230004695047, -34.878535077742313 ], [ 118.29580249216464, -34.87721827845764 ], [ 118.296411144671296, -34.876959318173888 ], [ 118.296923603630674, -34.876845650250736 ], [ 118.299263809154667, -34.876766560318558 ], [ 118.301233913420944, -34.876808606048037 ], [ 118.30252733421176, -34.876957057029692 ], [ 118.303241817959716, -34.877165802943594 ], [ 118.303815372231725, -34.877457207482294 ], [ 118.304313777519823, -34.877839583664262 ], [ 118.306480958664977, -34.879962310952756 ], [ 118.30730150400727, -34.880647782958825 ], [ 118.308118919970227, -34.88113491330477 ], [ 118.3088012048471, -34.881380039498843 ], [ 118.309185394209734, -34.881457053544487 ], [ 118.309802473234328, -34.881729926677849 ], [ 118.310636784657532, -34.881901269862269 ], [ 118.311556758425667, -34.881954464727933 ], [ 118.313153013890016, -34.881874113702509 ], [ 118.315586316775963, -34.882136340183777 ], [ 118.316181684444203, -34.882418432348508 ], [ 118.316959579106523, -34.88316741695462 ], [ 118.316710099579439, -34.883990646995272 ], [ 118.316066598399573, -34.885494401957587 ], [ 118.315985973544144, -34.885928080420776 ], [ 118.31602900201591, -34.886567806039139 ], [ 118.31621699372235, -34.887377280707 ], [ 118.316524620633587, -34.888140375294064 ], [ 118.317664058896341, -34.889597762710189 ], [ 118.317974441924662, -34.889846867141699 ], [ 118.31875587409651, -34.890126927868529 ], [ 118.319886132748366, -34.890322045031702 ], [ 118.322412105775371, -34.890204420715442 ], [ 118.324021905482553, -34.890277062914762 ], [ 118.325769084899193, -34.890726889368516 ], [ 118.327052108900631, -34.890893222833817 ], [ 118.328079715902916, -34.8908278981135 ], [ 118.328733141729202, -34.890631404536663 ], [ 118.329047678044944, -34.89045664713943 ], [ 118.329120926597511, -34.89024846070415 ], [ 118.328993749848522, -34.889826063653921 ], [ 118.328699555634827, -34.889225157113962 ], [ 118.3283640689924, -34.888777986001756 ], [ 118.327154685286445, -34.887745252534501 ], [ 118.325351927792724, -34.886556676155443 ], [ 118.324897425898683, -34.886191943531912 ], [ 118.324574215141567, -34.885825778493228 ], [ 118.324146756909087, -34.885100077328715 ], [ 118.322603018727321, -34.882997942106982 ], [ 118.322147682343186, -34.882579107032285 ], [ 118.320952581728562, -34.881744522708786 ], [ 118.321474789927308, -34.880873235768874 ], [ 118.321893074762855, -34.880345714480967 ], [ 118.322475740261766, -34.879834437118703 ], [ 118.322931455846131, -34.879595042117842 ], [ 118.324327696991432, -34.879327369077991 ], [ 118.326189188608026, -34.87941527639618 ], [ 118.327205714190384, -34.879350081500668 ], [ 118.328470804616117, -34.879092809656335 ], [ 118.330093408951683, -34.87861521084168 ], [ 118.331181409872798, -34.878233613678638 ], [ 118.331669181918642, -34.877948751333413 ], [ 118.332226980465236, -34.877257364852206 ], [ 118.332895642085461, -34.875978670026967 ], [ 118.333196700454891, -34.875650764854477 ], [ 118.333499794904341, -34.875449071455961 ], [ 118.334262477811578, -34.875251350720134 ], [ 118.335834214002816, -34.875017687365954 ], [ 118.338544773087847, -34.874843604001562 ], [ 118.339661289846575, -34.87487638904571 ], [ 118.340638380413367, -34.875082020038661 ], [ 118.341277387992633, -34.875354491096651 ], [ 118.342956851910301, -34.876363860319948 ], [ 118.343640660985074, -34.876698941061626 ], [ 118.344697000392117, -34.877065964668112 ], [ 118.345806723243967, -34.877351237166906 ], [ 118.34701255467111, -34.877491166438517 ], [ 118.348775562768552, -34.877579819159934 ], [ 118.350733860436819, -34.877567092220715 ], [ 118.353335658068445, -34.877429953754856 ], [ 118.35384034654183, -34.877514501559347 ], [ 118.354039472896943, -34.877647534905236 ], [ 118.354196321079456, -34.877871206342405 ], [ 118.354419107991006, -34.878779415388358 ], [ 118.35449805762228, -34.879590042503374 ], [ 118.354351563863872, -34.880664666926428 ], [ 118.354379655763722, -34.881043057010849 ], [ 118.354715691964415, -34.881517199620902 ], [ 118.355013732650917, -34.881676178952034 ], [ 118.35529935435423, -34.881745128627465 ], [ 118.355638491677823, -34.881741346913877 ], [ 118.355998175905782, -34.881656184418198 ], [ 118.357863673389446, -34.880652535757882 ], [ 118.358592482636581, -34.880391923806862 ], [ 118.360226161093536, -34.879931834097491 ], [ 118.362778523434201, -34.87878517202838 ], [ 118.363912655264301, -34.878556050775607 ], [ 118.365040312959252, -34.878597493584621 ], [ 118.365326229686644, -34.878684449891381 ], [ 118.365580819825951, -34.878861924718649 ], [ 118.365770967182712, -34.879112256871053 ], [ 118.365829990253417, -34.879373078800626 ], [ 118.365674099624442, -34.879870750255613 ], [ 118.365157793894852, -34.880408536584603 ], [ 118.364865105177557, -34.880574124362603 ], [ 118.36447306352801, -34.88068672635454 ], [ 118.361646064924727, -34.881106145747054 ], [ 118.360534513894606, -34.88138007716357 ], [ 118.360165678727554, -34.881573556196898 ], [ 118.359853472005909, -34.881883618141103 ], [ 118.359759468002338, -34.88215517167459 ], [ 118.35987287754925, -34.882397354714428 ], [ 118.360484383280195, -34.882985616209382 ], [ 118.361293266159137, -34.883598714348928 ], [ 118.361756172581167, -34.883800914001789 ], [ 118.362260014929873, -34.883831335305096 ], [ 118.362750238231058, -34.883699606152035 ], [ 118.363269706697849, -34.883351145649868 ], [ 118.363938011258156, -34.88273952796709 ], [ 118.364914023228465, -34.881547381493654 ], [ 118.365325263925541, -34.881272261359335 ], [ 118.365857883482974, -34.881058893129719 ], [ 118.366784778806903, -34.880868140173689 ], [ 118.368020372094776, -34.880818174015552 ], [ 118.369730410344317, -34.88100630152573 ], [ 118.370719628334669, -34.881274669015184 ], [ 118.371306924933563, -34.881718880838037 ], [ 118.371486455935198, -34.881987356844647 ], [ 118.371534409639395, -34.882239283822948 ], [ 118.371418713914025, -34.882520107375704 ], [ 118.371021572719457, -34.882984439907922 ], [ 118.370299966618148, -34.883677847263726 ], [ 118.369727172564026, -34.88410808883706 ], [ 118.36958839107939, -34.884317037093389 ], [ 118.369553306562878, -34.884840401870036 ], [ 118.369834127041955, -34.88593727648324 ], [ 118.369874579608634, -34.886396672909711 ], [ 118.369748830078322, -34.886731708407076 ], [ 118.369120688575023, -34.887784724007318 ], [ 118.369038547268076, -34.888110250826955 ], [ 118.369096541088084, -34.888307965225088 ], [ 118.369462820946666, -34.88861942370476 ], [ 118.369924727326392, -34.888758485803969 ], [ 118.370438344954707, -34.888716628924584 ], [ 118.37165996464995, -34.888477431140977 ], [ 118.372219141143333, -34.888543253083945 ], [ 118.37279345828199, -34.888861369171195 ], [ 118.373548684958095, -34.889529089594419 ], [ 118.376153578733138, -34.890870162198041 ], [ 118.376766877900749, -34.89089928333911 ], [ 118.376951521493694, -34.890816041365952 ], [ 118.377144698448504, -34.890588435284506 ], [ 118.377194287798488, -34.890281305708342 ], [ 118.377167140028206, -34.889966028917136 ], [ 118.376726870143756, -34.888501294772965 ], [ 118.376685926901857, -34.888014856705546 ], [ 118.376812251397695, -34.887715874700284 ], [ 118.37709084037057, -34.887361067332158 ], [ 118.377404054055418, -34.88711406737643 ], [ 118.37789216319652, -34.886856067390951 ], [ 118.378566407511968, -34.886604971210971 ], [ 118.379351407816841, -34.88643376479348 ], [ 118.383194274799138, -34.88590319286309 ], [ 118.384644953032094, -34.885625191727314 ], [ 118.386358792646604, -34.885380238879627 ], [ 118.386891835244583, -34.885193824150363 ], [ 118.388096951296461, -34.884630049605484 ], [ 118.388728445987653, -34.884442502549497 ], [ 118.391132991294896, -34.884279756301346 ], [ 118.391418497349107, -34.884339605193418 ], [ 118.391685163740078, -34.884580002829203 ], [ 118.391822374129958, -34.884930082492097 ], [ 118.391891214127043, -34.885767845851483 ], [ 118.391960656930451, -34.885992467706622 ], [ 118.392318655254329, -34.88645723490044 ], [ 118.392739561792595, -34.886758979881293 ], [ 118.393089654786635, -34.886754967855211 ], [ 118.394320893976541, -34.886443299564952 ], [ 118.395151446603919, -34.886379669041666 ], [ 118.395972887253762, -34.886424337635155 ], [ 118.397377219853098, -34.886642634306362 ], [ 118.399465453483856, -34.886537458725812 ], [ 118.400202280275565, -34.886754389621167 ], [ 118.40101951961249, -34.887195805875365 ], [ 118.401429826490201, -34.887515675789899 ], [ 118.401577411242329, -34.887829557419352 ], [ 118.401812913008982, -34.888809658229462 ], [ 118.402147871784393, -34.8892025278262 ], [ 118.402787795170724, -34.889510727074992 ], [ 118.40447169845109, -34.890077363529286 ], [ 118.406551615939918, -34.891405809819425 ], [ 118.408571353967332, -34.892410317401634 ], [ 118.410159965165505, -34.893158310871684 ], [ 118.41191394595802, -34.893336313392282 ] ] ] } },
{ "type": "Feature", "properties": { "CODE": "P_ng", "JNCODE": "si5011; P_ng", "fme_featur": "geology_surface_si5011" }, "geometry": { "type": "Polygon", "coordinates": [ [ [ 118.296446343162444, -34.87014222401227 ], [ 118.297124503686192, -34.870829286140143 ], [ 118.297788761367897, -34.871327139365469 ], [ 118.29874894320433, -34.871857895170777 ], [ 118.301096958363715, -34.872977925087319 ], [ 118.301568756095719, -34.873063043020835 ], [ 118.301950910428431, -34.873013866903996 ], [ 118.302386195063733, -34.872864935430194 ], [ 118.303156317257205, -34.872441909166504 ], [ 118.303526959449144, -34.872356784265499 ], [ 118.304304190864343, -34.872384515385498 ], [ 118.304679247196219, -34.872578860895587 ], [ 118.305681712044048, -34.873704216983107 ], [ 118.306085215545011, -34.874313025781973 ], [ 118.306213532915123, -34.87481658849984 ], [ 118.306389362283483, -34.876248371709757 ], [ 118.30658389240395, -34.876787289488803 ], [ 118.308102597550473, -34.878033309497262 ], [ 118.308625763148754, -34.878595737279959 ], [ 118.308905402035947, -34.878980449069367 ], [ 118.308998638027433, -34.879340117132941 ], [ 118.309026017649614, -34.880376754208037 ], [ 118.309185394209734, -34.881457053544487 ], [ 118.3088012048471, -34.881380039498843 ], [ 118.308118919970227, -34.88113491330477 ], [ 118.30730150400727, -34.880647782958825 ], [ 118.306480958664977, -34.879962310952756 ], [ 118.304313777519823, -34.877839583664262 ], [ 118.303815372231725, -34.877457207482294 ], [ 118.303241817959716, -34.877165802943594 ], [ 118.30252733421176, -34.876957057029692 ], [ 118.301233913420944, -34.876808606048037 ], [ 118.299263809154667, -34.876766560318558 ], [ 118.296923603630674, -34.876845650250736 ], [ 118.296411144671296, -34.876959318173888 ], [ 118.29580249216464, -34.87721827845764 ], [ 118.293230004695047, -34.878535077742313 ], [ 118.291875795005964, -34.879397058000997 ], [ 118.290816936927428, -34.880255887472131 ], [ 118.289609824607481, -34.881431869503068 ], [ 118.288901146652805, -34.88229598379889 ], [ 118.287199600389044, -34.884748555494163 ], [ 118.285995337900616, -34.886817136977129 ], [ 118.285416745758127, -34.887607720244418 ], [ 118.284888496925873, -34.888118247275209 ], [ 118.284487886892606, -34.888392985997228 ], [ 118.284075491368171, -34.888613747016592 ], [ 118.283433329020937, -34.888836933005308 ], [ 118.282603621330253, -34.888962909804029 ], [ 118.281815715322566, -34.888962204655037 ], [ 118.278821222696095, -34.888506838645611 ], [ 118.274803389317711, -34.887683428648216 ], [ 118.270516942410723, -34.886465951930056 ], [ 118.267226083552373, -34.885941260885446 ], [ 118.265528314671357, -34.88583271303694 ], [ 118.263975127598428, -34.885875924442288 ], [ 118.262468321936311, -34.886089954401193 ], [ 118.261192645092905, -34.886391736327163 ], [ 118.258841226118321, -34.887191560520854 ], [ 118.257384738694824, -34.887837815547556 ], [ 118.256451211450923, -34.888334378952308 ], [ 118.255540241225631, -34.888875786527798 ], [ 118.254219378706367, -34.889809142297743 ], [ 118.252080607413177, -34.891652597507495 ], [ 118.250916810001229, -34.892845788476208 ], [ 118.250250163812353, -34.893628097093504 ], [ 118.249692515980442, -34.894382230850674 ], [ 118.249266163908132, -34.895135012584952 ], [ 118.248824606473519, -34.896329774706665 ], [ 118.248706125446233, -34.897178575897918 ], [ 118.248806220046276, -34.898007097449714 ], [ 118.248975817712477, -34.898366028531484 ], [ 118.246681280436249, -34.898615008558018 ], [ 118.245204706114095, -34.898675230435771 ], [ 118.243211242950565, -34.898569402734381 ], [ 118.242288803345602, -34.898362430696508 ], [ 118.24207885769242, -34.898229323702132 ], [ 118.24194456067319, -34.898032325326589 ], [ 118.241871441008001, -34.897537145431478 ], [ 118.242027706258497, -34.897012570909261 ], [ 118.242563693414567, -34.896267710002377 ], [ 118.242636623413389, -34.896023509216818 ], [ 118.242478136208675, -34.895673472076396 ], [ 118.242113784396921, -34.895460791671574 ], [ 118.241612341449255, -34.89559215137762 ], [ 118.240386846387864, -34.896335030306091 ], [ 118.239919170754163, -34.896529156484156 ], [ 118.239405691687608, -34.896588495076543 ], [ 118.238975824635759, -34.896385490200558 ], [ 118.238752239644114, -34.896072179106739 ], [ 118.238746283680669, -34.895675497870904 ], [ 118.239013341613926, -34.895239966256483 ], [ 118.239662423758944, -34.894737420098494 ], [ 118.239952712934198, -34.894391818118955 ], [ 118.240033339426532, -34.893931135517931 ], [ 118.239882964471335, -34.89339165779618 ], [ 118.239715448689338, -34.893167944938241 ], [ 118.239383534467507, -34.892927874603188 ], [ 118.237652132795944, -34.892043830750211 ], [ 118.236468256937172, -34.89118124361876 ], [ 118.235769075043848, -34.890530122595031 ], [ 118.234822850467225, -34.889457714208028 ], [ 118.23263681425469, -34.887433071028788 ], [ 118.231847339838964, -34.886593487433984 ], [ 118.231611791865276, -34.886208148296895 ], [ 118.231475118602432, -34.885848857640099 ], [ 118.231294057155154, -34.884714564210789 ], [ 118.23136512857883, -34.884344151901999 ], [ 118.231533993548041, -34.883927664355582 ], [ 118.232175633640537, -34.882929304327952 ], [ 118.233642213021852, -34.882950497029213 ], [ 118.235544797095514, -34.882859038531983 ], [ 118.236418152784182, -34.882723922038892 ], [ 118.236657494396241, -34.882631318530294 ], [ 118.236841052096295, -34.882467147092598 ], [ 118.23692384793992, -34.882150713701165 ], [ 118.236818629493072, -34.881700940087164 ], [ 118.235721770471528, -34.880062004852832 ], [ 118.235281746834332, -34.879173804984106 ], [ 118.235152773147334, -34.878598034492995 ], [ 118.235218966793099, -34.877903061276804 ], [ 118.236120642447389, -34.876739733956725 ], [ 118.236983397016118, -34.875901404186344 ], [ 118.23762248492946, -34.875471105748815 ], [ 118.238579353559999, -34.875073634369166 ], [ 118.239713545628788, -34.87482763455759 ], [ 118.24101453262756, -34.874760259461574 ], [ 118.242263532522472, -34.874873739457371 ], [ 118.243319561317463, -34.875250669979891 ], [ 118.243745931747739, -34.875228274879866 ], [ 118.244061004845008, -34.8750807808823 ], [ 118.244394423077935, -34.874698659276461 ], [ 118.244632984579212, -34.87383059608397 ], [ 118.244626869395844, -34.873424898783696 ], [ 118.244384373033782, -34.872579793684096 ], [ 118.244320439127151, -34.871967299612621 ], [ 118.244365624808495, -34.871335654833636 ], [ 118.24457910601663, -34.87098181087606 ], [ 118.245294008437497, -34.870505612019279 ], [ 118.247002702960657, -34.869911017243538 ], [ 118.251639140698614, -34.867591118610406 ], [ 118.252405517019938, -34.868349661877559 ], [ 118.252553871601918, -34.868753893379093 ], [ 118.252438878670588, -34.869106736501102 ], [ 118.251902877371563, -34.869833607623683 ], [ 118.251830405665174, -34.870104860353344 ], [ 118.251867048771132, -34.870356955772259 ], [ 118.252023609857176, -34.870580765638095 ], [ 118.252255240386944, -34.870704616382213 ], [ 118.25292333394944, -34.87075183437446 ], [ 118.253577341588965, -34.870591805680533 ], [ 118.254229429650607, -34.870305556974863 ], [ 118.257307920162418, -34.868425299345901 ], [ 118.2589907552466, -34.867578332072185 ], [ 118.260198045775908, -34.867114980556721 ], [ 118.262289259897742, -34.866507190206526 ], [ 118.262358472314588, -34.866740910373998 ], [ 118.262703900881348, -34.867152099615225 ], [ 118.264294484860343, -34.868145459597116 ], [ 118.265450047894817, -34.869305630497195 ], [ 118.265748431587184, -34.869500895480044 ], [ 118.266056096852651, -34.869587860654889 ], [ 118.26676655875805, -34.869544392688049 ], [ 118.268071725466257, -34.869043875953153 ], [ 118.268736349333238, -34.868865621648474 ], [ 118.271455614414393, -34.868548674773137 ], [ 118.271848152082782, -34.868463417295118 ], [ 118.272119393235826, -34.868316309748252 ], [ 118.272194157374628, -34.868198308253632 ], [ 118.272180996932107, -34.868054176180621 ], [ 118.271946429530004, -34.867741040237448 ], [ 118.269618315259422, -34.865745596051148 ], [ 118.270273357564477, -34.865657602306754 ], [ 118.271782267366945, -34.865605760814269 ], [ 118.272927892581336, -34.866116750121272 ], [ 118.273455567441133, -34.866282544807717 ], [ 118.274364413703751, -34.866336140196999 ], [ 118.275981181809414, -34.866183930449687 ], [ 118.276421217705675, -34.866341615044114 ], [ 118.276775700433575, -34.866626432485589 ], [ 118.277000598781854, -34.867020812262282 ], [ 118.277004501796455, -34.867273243258879 ], [ 118.276921176625905, -34.867544624117592 ], [ 118.276493116621012, -34.868162265374359 ], [ 118.275513171719965, -34.869173421160831 ], [ 118.275332645175226, -34.869526972359658 ], [ 118.275315640654213, -34.869842740669235 ], [ 118.275407884119062, -34.870148346083511 ], [ 118.275597463170385, -34.870380795351842 ], [ 118.275894899001585, -34.870512927047379 ], [ 118.276353491497346, -34.870454012309992 ], [ 118.277676722408131, -34.869709748316239 ], [ 118.27889919950654, -34.869525574773959 ], [ 118.279563522582407, -34.869329230945688 ], [ 118.280051288096161, -34.869035557199666 ], [ 118.280601465975494, -34.868533836583993 ], [ 118.281045329404606, -34.868231604469905 ], [ 118.282097681786141, -34.867661466935061 ], [ 118.282815133233115, -34.867365359921678 ], [ 118.283207932553879, -34.86729809686468 ], [ 118.283558519166419, -34.867330463535758 ], [ 118.284790062072858, -34.867732230540788 ], [ 118.285133219744026, -34.867990092288458 ], [ 118.285334741127599, -34.868285517872131 ], [ 118.285416782621439, -34.868636307442863 ], [ 118.285380465440284, -34.869114584145287 ], [ 118.285296745387839, -34.869358924024482 ], [ 118.28508330464102, -34.869703820349386 ], [ 118.284058152399297, -34.870616336393908 ], [ 118.283877099240357, -34.870933838021017 ], [ 118.283815671168526, -34.87120499199542 ], [ 118.283897289035025, -34.871528736418888 ], [ 118.284108912861512, -34.871769956086432 ], [ 118.284373830395737, -34.871920443938237 ], [ 118.284801851161063, -34.872006089730725 ], [ 118.285522697986011, -34.87192633488791 ], [ 118.287293795525102, -34.871141163115396 ], [ 118.287882100968275, -34.870981646176091 ], [ 118.288406459365859, -34.870931006163246 ], [ 118.288735185443016, -34.870963589351234 ], [ 118.289076257848436, -34.871086209102238 ], [ 118.289962205152847, -34.87177110831751 ], [ 118.290579713956888, -34.872080143815253 ], [ 118.291084031883415, -34.872146923759978 ], [ 118.291312621490789, -34.872072361306699 ], [ 118.291496468047555, -34.871935155924369 ], [ 118.291591533874168, -34.871717742011207 ], [ 118.291598101439575, -34.871438150427274 ], [ 118.291391051545645, -34.870791137927668 ], [ 118.290920349732005, -34.870074790084544 ], [ 118.289694852422244, -34.868663136061791 ], [ 118.289435244388457, -34.868151929820328 ], [ 118.289251222893711, -34.86757680355332 ], [ 118.289154006522864, -34.866955672331486 ], [ 118.289222693647801, -34.866450000831307 ], [ 118.28955234641424, -34.865842376367354 ], [ 118.289984097410397, -34.865468105731708 ], [ 118.290397207938184, -34.865301418812045 ], [ 118.291018984223939, -34.86518661605303 ], [ 118.291600531134122, -34.865297658538097 ], [ 118.292672523993076, -34.865989579371373 ], [ 118.293870080404076, -34.867013777234838 ], [ 118.294845169511831, -34.868500190816484 ], [ 118.296446343162444, -34.87014222401227 ] ] ] } },
{ "type": "Feature", "properties": { "CODE": "P_gp", "JNCODE": "si5011; P_gp", "fme_featur": "geology_surface_si5011" }, "geometry": { "type": "Polygon", "coordinates": [ [ [ 118.312651668333743, -34.879246624834799 ], [ 118.312112037110225, -34.879027030810384 ], [ 118.311690453764044, -34.878661891875382 ], [ 118.311154323152323, -34.877973382190959 ], [ 118.31063750451996, -34.877122359338323 ], [ 118.310555346810816, -34.876771589831854 ], [ 118.310615831492271, -34.876446332886999 ], [ 118.310894530533744, -34.876082655800687 ], [ 118.311219132005547, -34.875853735020804 ], [ 118.311841241329489, -34.875756855336903 ], [ 118.31211544054284, -34.87579898011716 ], [ 118.312369051065431, -34.875922477746911 ], [ 118.313181674564305, -34.876797348660439 ], [ 118.313597335491181, -34.877478134453526 ], [ 118.313717633548265, -34.878162110985933 ], [ 118.313584168587994, -34.878713577777461 ], [ 118.313413149412924, -34.878967895930941 ], [ 118.313164690398636, -34.87916894964355 ], [ 118.312837931217288, -34.879262646966282 ], [ 118.312651668333743, -34.879246624834799 ] ] ] } },
{ "type": "Feature", "properties": { "CODE": "P_gp", "JNCODE": "si5011; P_gp", "fme_featur": "geology_surface_si5011" }, "geometry": { "type": "Polygon", "coordinates": [ [ [ 118.184738382619358, -34.93837695600665 ], [ 118.184646202412821, -34.938819681353841 ], [ 118.184412341910004, -34.93930887245746 ], [ 118.184057010114401, -34.939727112309278 ], [ 118.183634429737126, -34.940037804071437 ], [ 118.183188006731797, -34.940213473670227 ], [ 118.182696234640133, -34.94028138082323 ], [ 118.181938594579393, -34.940135468478026 ], [ 118.181110871376305, -34.939683659379305 ], [ 118.179681491294872, -34.938507322566949 ], [ 118.178978077418421, -34.937558363298265 ], [ 118.178598103702399, -34.937021038163806 ], [ 118.178227793495537, -34.936393449270966 ], [ 118.177504194491306, -34.935561895961563 ], [ 118.176817445573235, -34.9350095043349 ], [ 118.176155818909663, -34.934682287441106 ], [ 118.175396954775223, -34.934446176548356 ], [ 118.174475036970222, -34.934292789309055 ], [ 118.171175818122578, -34.934045117939171 ], [ 118.169040335135804, -34.933245150090869 ], [ 118.167988049628391, -34.9323896502721 ], [ 118.166544716113435, -34.930978849130334 ], [ 118.165847896173815, -34.930480592010724 ], [ 118.165065802235659, -34.930145452745663 ], [ 118.163382870255532, -34.929593515732257 ], [ 118.162060957082701, -34.929020068647894 ], [ 118.160785389692606, -34.928626502234088 ], [ 118.162019766571817, -34.926098985335379 ], [ 118.163816405509934, -34.924630066237029 ], [ 118.16421938495813, -34.924481934885115 ], [ 118.164725084765919, -34.924630375438788 ], [ 118.166272253048916, -34.925652477529255 ], [ 118.167463291066852, -34.926263204621208 ], [ 118.168035581603505, -34.926474109568737 ], [ 118.169354166959494, -34.926813084522813 ], [ 118.169923778130979, -34.926834651410054 ], [ 118.170360492908372, -34.926749293151417 ], [ 118.172025331108941, -34.926029926133616 ], [ 118.172820581045443, -34.92575174502138 ], [ 118.173268618372703, -34.925693317764804 ], [ 118.173576147827134, -34.925762482715662 ], [ 118.173887273516769, -34.926084085174971 ], [ 118.1739589890433, -34.926507186232342 ], [ 118.173898446280035, -34.926868446960462 ], [ 118.173474316199375, -34.927837351842484 ], [ 118.173371266849685, -34.928289191744653 ], [ 118.17338606499456, -34.928559555561016 ], [ 118.174271271081849, -34.930751123532481 ], [ 118.174619093733313, -34.932109310754548 ], [ 118.174888001219031, -34.932539520846376 ], [ 118.175187053490802, -34.932780084133569 ], [ 118.1757163905135, -34.933045468808274 ], [ 118.178237157820604, -34.933985852478791 ], [ 118.179260316834672, -34.934327582785734 ], [ 118.181557810739136, -34.934963490072036 ], [ 118.182383288408161, -34.935262031966197 ], [ 118.182924258927216, -34.935572355833841 ], [ 118.183644673375468, -34.936178485593267 ], [ 118.184423597261002, -34.937045529583003 ], [ 118.184571365943455, -34.93742279709015 ], [ 118.184721340275473, -34.937953329577276 ], [ 118.184738382619358, -34.93837695600665 ] ] ] } },
{ "type": "Feature", "properties": { "CODE": "P_gp", "JNCODE": "si5011; P_gp", "fme_featur": "geology_surface_si5011" }, "geometry": { "type": "Polygon", "coordinates": [ [ [ 118.450276858997398, -34.905534856014775 ], [ 118.451393319256795, -34.904917415500989 ], [ 118.45199198437119, -34.904729932077942 ], [ 118.453094477192366, -34.904563471768206 ], [ 118.454167475766965, -34.904586702484238 ], [ 118.455171479509914, -34.904421401947296 ], [ 118.455475959042602, -34.904309556568222 ], [ 118.456484053269051, -34.903756483729637 ], [ 118.456930460414227, -34.903624900422507 ], [ 118.457400821569848, -34.903610243611844 ], [ 118.458039142224834, -34.903809967482736 ], [ 118.459300607053223, -34.904588283040745 ], [ 118.461563380457221, -34.906283251464728 ], [ 118.462291990278644, -34.906635147976168 ], [ 118.463746188038712, -34.907167649432907 ], [ 118.464375849045524, -34.907493675414948 ], [ 118.466762064921312, -34.90934935399892 ], [ 118.467669342853796, -34.90989742459697 ], [ 118.468374999834353, -34.910186445095796 ], [ 118.470740317903775, -34.910861128385143 ], [ 118.47351058743277, -34.912143979244469 ], [ 118.474654503674358, -34.912454696581442 ], [ 118.476631260945368, -34.91281840008908 ], [ 118.477567917107123, -34.913167674446342 ], [ 118.478033523695828, -34.913495622934782 ], [ 118.478968143997292, -34.914340819904346 ], [ 118.479907152829284, -34.915429401955286 ], [ 118.482183530644065, -34.917232006507483 ], [ 118.484360603527023, -34.918377574617551 ], [ 118.486332448415467, -34.919065771754227 ], [ 118.486972906099027, -34.919373512537 ], [ 118.487375033531308, -34.919819415433643 ], [ 118.487675205911685, -34.920681324564796 ], [ 118.487716663084186, -34.921158691561722 ], [ 118.487629183598614, -34.922376990511765 ], [ 118.487668321224902, -34.92333226029276 ], [ 118.487608510245337, -34.923657586673627 ], [ 118.487426840753784, -34.923903256571613 ], [ 118.487048975068774, -34.924196410400832 ], [ 118.486037111634118, -34.924542402444366 ], [ 118.485342969989276, -34.924902534910785 ], [ 118.483255241946253, -34.926298551165438 ], [ 118.481659662031703, -34.92767049754891 ], [ 118.480295506093256, -34.929129768544698 ], [ 118.480018854468383, -34.929574948017859 ], [ 118.479907843083268, -34.930099257561004 ], [ 118.480059529799306, -34.930620366559261 ], [ 118.48058791418606, -34.931389346508077 ], [ 118.480638015959372, -34.931740379263019 ], [ 118.480590414226455, -34.932137685364424 ], [ 118.480296235865538, -34.932826524419063 ], [ 118.479925818976611, -34.934147446332105 ], [ 118.479630980786652, -34.93480022578445 ], [ 118.479213622774012, -34.935337282158983 ], [ 118.478878976373011, -34.935602835289686 ], [ 118.47852065500804, -34.93576949424363 ], [ 118.477778071802987, -34.93587771221587 ], [ 118.476955304935046, -34.935788537724967 ], [ 118.474015002396371, -34.934841455091636 ], [ 118.472320717290884, -34.934384128337427 ], [ 118.46848742244822, -34.933700193007532 ], [ 118.46633184308223, -34.933158192469385 ], [ 118.464840272456627, -34.933013891167384 ], [ 118.46422456144812, -34.932868033629497 ], [ 118.463936596770779, -34.932682157465607 ], [ 118.463754891503996, -34.932314669807539 ], [ 118.463830877882955, -34.930429301055973 ], [ 118.463765738790016, -34.929844011935636 ], [ 118.46367288797687, -34.929547585410177 ], [ 118.463427758616945, -34.929307092505638 ], [ 118.462145737811767, -34.928628257338254 ], [ 118.46153365457802, -34.92806758155367 ], [ 118.460166028254349, -34.926262688109006 ], [ 118.459496464932926, -34.924927270179573 ], [ 118.459305768043734, -34.924668081427313 ], [ 118.459128411593497, -34.924543980195516 ], [ 118.458776093834999, -34.924430996248695 ], [ 118.45713257625755, -34.924351538099216 ], [ 118.455595645905902, -34.924108482847679 ], [ 118.452465196240638, -34.924136933421593 ], [ 118.451840214805998, -34.924081288074781 ], [ 118.451433024190436, -34.923959921857445 ], [ 118.451232044491277, -34.923736909085129 ], [ 118.451138452462203, -34.92339539813436 ], [ 118.451079416196961, -34.920664087818267 ], [ 118.450968853883992, -34.919980150101779 ], [ 118.450771531356423, -34.91934233101172 ], [ 118.45049982230654, -34.918831631414207 ], [ 118.45016387812781, -34.918402846877662 ], [ 118.448146369876582, -34.91634408479031 ], [ 118.447356995606782, -34.915650198589439 ], [ 118.446804259222688, -34.915341201861786 ], [ 118.443781095370383, -34.914601738143077 ], [ 118.442458841466944, -34.914103498190144 ], [ 118.441409723752727, -34.913574953933121 ], [ 118.440037742003966, -34.912734646996171 ], [ 118.438629968831933, -34.911723432772305 ], [ 118.437884806161364, -34.911046992638731 ], [ 118.437603361986007, -34.910599493489237 ], [ 118.437541572709236, -34.910194478080093 ], [ 118.437730221367843, -34.909714366922032 ], [ 118.43807333008651, -34.90930456023942 ], [ 118.439376683402287, -34.908098938556556 ], [ 118.440696768753853, -34.907226718513961 ], [ 118.443215955386677, -34.906078767725681 ], [ 118.443637829784748, -34.905794242316986 ], [ 118.443787555363372, -34.905594098564869 ], [ 118.443814543899819, -34.905260164221851 ], [ 118.443600795627219, -34.904929090007002 ], [ 118.44204865845245, -34.903793395713343 ], [ 118.441646694509544, -34.903338318939184 ], [ 118.441554586191828, -34.903077930460732 ], [ 118.441581583333274, -34.902743996278495 ], [ 118.441751775036465, -34.90246246282598 ], [ 118.441989825378457, -34.902306356235364 ], [ 118.442470022398794, -34.902228524453953 ], [ 118.443171113164198, -34.902265283367306 ], [ 118.443961636058646, -34.902409174669494 ], [ 118.444622275524225, -34.902635754192836 ], [ 118.445662224910436, -34.903272581191807 ], [ 118.446540267399428, -34.904037558623273 ], [ 118.447581831377619, -34.904764515231527 ], [ 118.448587893898448, -34.905338603961454 ], [ 118.449083954237338, -34.905540070749772 ], [ 118.449523243846954, -34.905624997180226 ], [ 118.450276858997398, -34.905534856014775 ] ] ] } },
{ "type": "Feature", "properties": { "CODE": "P_ng", "JNCODE": "si5011; P_ng", "fme_featur": "geology_surface_si5011" }, "geometry": { "type": "Polygon", "coordinates": [ [ [ 118.304912164017367, -34.821513936275124 ], [ 118.305014108776263, -34.821738264863072 ], [ 118.304973935140112, -34.821964117969088 ], [ 118.304683456756337, -34.822264790883537 ], [ 118.304002397256482, -34.822759005108658 ], [ 118.302842575375664, -34.8234026141836 ], [ 118.298845091191936, -34.824383117736701 ], [ 118.295047043769927, -34.824838387903064 ], [ 118.293329832809945, -34.82550587367453 ], [ 118.292767811120314, -34.82592662496868 ], [ 118.292283299669663, -34.826409668568708 ], [ 118.291347526797594, -34.828105765558 ], [ 118.290855016127182, -34.828778243235845 ], [ 118.290272780999658, -34.829307400410805 ], [ 118.28975206135955, -34.829574412674283 ], [ 118.289238196183746, -34.829579860142928 ], [ 118.288086267634625, -34.829339590715264 ], [ 118.287645287246988, -34.829109820283946 ], [ 118.287190990868055, -34.828726901854168 ], [ 118.286800614479304, -34.828235102691188 ], [ 118.286327121651098, -34.827320386782993 ], [ 118.285811171120329, -34.825783951207143 ], [ 118.285238749452844, -34.82483420844153 ], [ 118.285744038281578, -34.824278837576969 ], [ 118.286020858192458, -34.823798015394125 ], [ 118.286293049071659, -34.823019683582565 ], [ 118.286736081383921, -34.821274734957328 ], [ 118.286706365062287, -34.820770102310618 ], [ 118.286217081633467, -34.818836640260258 ], [ 118.286175597159911, -34.81827803017687 ], [ 118.286234881549319, -34.817871642238757 ], [ 118.286404323529993, -34.817518190998264 ], [ 118.286769973433636, -34.817126596749461 ], [ 118.287344021868179, -34.816777880994962 ], [ 118.287855282263322, -34.816610165535231 ], [ 118.288793995073206, -34.816510055825319 ], [ 118.290205292685272, -34.816567232457977 ], [ 118.291016198618934, -34.816684866818562 ], [ 118.291741764937356, -34.816938655526656 ], [ 118.29280275054893, -34.817666772074759 ], [ 118.29498621003566, -34.819555133297094 ], [ 118.297240922963638, -34.821100051751252 ], [ 118.297781547819113, -34.821409876946277 ], [ 118.298265534911792, -34.821594067603264 ], [ 118.299131444310149, -34.821729093831749 ], [ 118.299929496411352, -34.821720568703114 ], [ 118.30169526657204, -34.821368062442659 ], [ 118.302845983249185, -34.820841781418096 ], [ 118.304182255769788, -34.820989767171888 ], [ 118.304634594746389, -34.82124640673392 ], [ 118.304912164017367, -34.821513936275124 ] ] ] } },
{ "type": "Feature", "properties": { "CODE": "P_gp", "JNCODE": "si5011; P_gp", "fme_featur": "geology_surface_si5011" }, "geometry": { "type": "Polygon", "coordinates": [ [ [ 118.15431847184982, -34.806769274574854 ], [ 118.154233790790471, -34.806968453768455 ], [ 118.153727705142515, -34.80752329563736 ], [ 118.152300759615954, -34.808681987256591 ], [ 118.152032250375939, -34.809027179052251 ], [ 118.152003095848272, -34.809288950553864 ], [ 118.152090908353998, -34.810099656709461 ], [ 118.151558769175807, -34.811141658801333 ], [ 118.15151201454394, -34.81171017749103 ], [ 118.151605111786736, -34.812115065046605 ], [ 118.151873115748018, -34.812518296749033 ], [ 118.152258985653361, -34.812749087116238 ], [ 118.152730678529082, -34.81286184112183 ], [ 118.153924239479707, -34.812994800393902 ], [ 118.154319665607915, -34.813126305646875 ], [ 118.154432503784051, -34.813377713202193 ], [ 118.154347322805663, -34.814325314358058 ], [ 118.154571619863177, -34.814728954437562 ], [ 118.155112693787103, -34.815111552801802 ], [ 118.156508609564213, -34.815639316070232 ], [ 118.157601345690779, -34.816377340716485 ], [ 118.1580223168055, -34.816770085543112 ], [ 118.158135676162246, -34.817057552659378 ], [ 118.15816157855491, -34.81734585222371 ], [ 118.158091109739914, -34.817779342214031 ], [ 118.157931162863193, -34.818069410745991 ], [ 118.15770461158823, -34.81828797635454 ], [ 118.157379415494077, -34.818489445879528 ], [ 118.155691444621681, -34.818974379629701 ], [ 118.15503650454545, -34.819052735915683 ], [ 118.154216444120962, -34.819051501719009 ], [ 118.153559239284277, -34.81896756430757 ], [ 118.153042398534765, -34.818756054118573 ], [ 118.15168919113097, -34.817371225399981 ], [ 118.151292368612673, -34.817140537241578 ], [ 118.150897554624095, -34.817054101960466 ], [ 118.150548099889448, -34.817084458423871 ], [ 118.15009107696747, -34.817242069845435 ], [ 118.148205005050698, -34.818423087373937 ], [ 118.147094649230439, -34.818776210479463 ], [ 118.146603563301127, -34.818843959306072 ], [ 118.146034450679892, -34.818804236254557 ], [ 118.145419486969132, -34.818611651884758 ], [ 118.144989878065687, -34.818381251763043 ], [ 118.144625242224834, -34.818105153421811 ], [ 118.144346820666556, -34.817738072241617 ], [ 118.144129632182739, -34.817054816668765 ], [ 118.14413657531891, -34.816766204726029 ], [ 118.144555573572219, -34.816230255818006 ], [ 118.145971325910679, -34.815035691121309 ], [ 118.146660602791854, -34.814280778991375 ], [ 118.14696825518196, -34.813601597830299 ], [ 118.146984495818231, -34.813195675920362 ], [ 118.146915032243029, -34.812916801097039 ], [ 118.146681344659925, -34.812621439886009 ], [ 118.146121083999347, -34.812428342864834 ], [ 118.143089910230941, -34.812231431120232 ], [ 118.142300967976951, -34.812103584247495 ], [ 118.141904942793815, -34.811926959813583 ], [ 118.141628793206266, -34.811722158072264 ], [ 118.141472145604212, -34.811462132068193 ], [ 118.14151251425163, -34.811218291813972 ], [ 118.141652633656022, -34.811072703655441 ], [ 118.141957097309657, -34.810952624282592 ], [ 118.143048746908178, -34.810834168635346 ], [ 118.145234780397885, -34.810795578287461 ], [ 118.147575975317935, -34.810908775831798 ], [ 118.147957449312912, -34.81082402351921 ], [ 118.148380271286541, -34.810567555118567 ], [ 118.148682095251772, -34.810258125103864 ], [ 118.148809642151122, -34.809995425378155 ], [ 118.148859292950377, -34.809634273074145 ], [ 118.148830798262907, -34.809156636439226 ], [ 118.148424391712268, -34.808231712707837 ], [ 118.147556020459291, -34.807103751945846 ], [ 118.147514854018951, -34.806499994919427 ], [ 118.147610356751315, -34.806291701072183 ], [ 118.147707733988057, -34.806218645879873 ], [ 118.148089811556545, -34.806178973086077 ], [ 118.150572853011695, -34.8062817587737 ], [ 118.153433954542976, -34.806056295406748 ], [ 118.153707600223697, -34.80608075241458 ], [ 118.153971572097163, -34.806195471420452 ], [ 118.15430439803103, -34.806543980933434 ], [ 118.15431847184982, -34.806769274574854 ] ] ] } },
{ "type": "Feature", "properties": { "CODE": "P_gp", "JNCODE": "si5011; P_gp", "fme_featur": "geology_surface_si5011" }, "geometry": { "type": "Polygon", "coordinates": [ [ [ 118.137095542497846, -34.812008070098912 ], [ 118.135983902191413, -34.811468410947946 ], [ 118.135475114583429, -34.811040339322332 ], [ 118.135340226655288, -34.810771085016782 ], [ 118.135314653687317, -34.810500810594071 ], [ 118.135376902894805, -34.810256767996634 ], [ 118.135527344618822, -34.810066004949732 ], [ 118.135809703834255, -34.8099281129779 ], [ 118.136115162242035, -34.809880175692022 ], [ 118.137165435867686, -34.809933484131442 ], [ 118.137956085719424, -34.810187588069205 ], [ 118.138519661558888, -34.810624153745316 ], [ 118.138687477850482, -34.810902113368378 ], [ 118.138734924938163, -34.811172182234685 ], [ 118.138651566261132, -34.81147052655394 ], [ 118.13846932688871, -34.811733727678565 ], [ 118.138231312473522, -34.811916296449922 ], [ 118.137894168801779, -34.812045689298721 ], [ 118.137468331996999, -34.812085739450339 ], [ 118.137095542497846, -34.812008070098912 ] ] ] } },
{ "type": "Feature", "properties": { "CODE": "P_gp", "JNCODE": "si5011; P_gp", "fme_featur": "geology_surface_si5011" }, "geometry": { "type": "Polygon", "coordinates": [ [ [ 118.160742862228105, -34.811956097200309 ], [ 118.158529145021532, -34.811580444717109 ], [ 118.155463047714221, -34.811230883506646 ], [ 118.155220542907387, -34.81108891296045 ], [ 118.155064357645671, -34.810864968786341 ], [ 118.155027034104307, -34.810540708236964 ], [ 118.155119376514634, -34.810107011768714 ], [ 118.155332464823488, -34.80970823707851 ], [ 118.156247261196796, -34.808671600239158 ], [ 118.157396212605946, -34.807181875450532 ], [ 118.157709803711867, -34.806935430982996 ], [ 118.158024906441469, -34.806797176312479 ], [ 118.158571321680967, -34.80678295774338 ], [ 118.158758407760118, -34.80687134706109 ], [ 118.158958570947718, -34.807112901896787 ], [ 118.159368750387571, -34.808299248767817 ], [ 118.159570434519196, -34.808648992926095 ], [ 118.160003316325643, -34.80911375478302 ], [ 118.160810771532695, -34.809782334766915 ], [ 118.162574328052386, -34.810802460342671 ], [ 118.162895010478167, -34.811060890860965 ], [ 118.162875554523936, -34.811232401144558 ], [ 118.162703691901996, -34.811450453276436 ], [ 118.162097228534819, -34.811862015342555 ], [ 118.161574035715233, -34.811975216155879 ], [ 118.160742862228105, -34.811956097200309 ] ] ] } },
{ "type": "Feature", "properties": { "CODE": "P_gp", "JNCODE": "si5011; P_gp", "fme_featur": "geology_surface_si5011" }, "geometry": { "type": "Polygon", "coordinates": [ [ [ 118.138566788659944, -34.808486660203663 ], [ 118.138202218242256, -34.808210540904 ], [ 118.138001987956329, -34.807959934887563 ], [ 118.137921380500046, -34.807663124363913 ], [ 118.137938780670353, -34.807338345929665 ], [ 118.138044495871995, -34.807075861239433 ], [ 118.138292436202661, -34.80682106314665 ], [ 118.138618131236953, -34.806655708025119 ], [ 118.139238585991222, -34.806460541377206 ], [ 118.139904995747102, -34.80642724893363 ], [ 118.140783812226076, -34.806734611505703 ], [ 118.141202666125139, -34.80698316270891 ], [ 118.141490599765433, -34.807250974890543 ], [ 118.14158190182691, -34.807529648409059 ], [ 118.141486879761331, -34.807774001536053 ], [ 118.141163796519436, -34.808128698874718 ], [ 118.140731523588912, -34.808493436174146 ], [ 118.140058264385345, -34.808824361743838 ], [ 118.139347614346292, -34.808822001073949 ], [ 118.138566788659944, -34.808486660203663 ] ] ] } },
{ "type": "Feature", "properties": { "CODE": "P_gp", "JNCODE": "si5011; P_gp", "fme_featur": "geology_surface_si5011" }, "geometry": { "type": "Polygon", "coordinates": [ [ [ 118.147066751686523, -34.804141740808191 ], [ 118.146637963863142, -34.803965440116556 ], [ 118.146515855489895, -34.803831334214159 ], [ 118.146379820843904, -34.803480948998882 ], [ 118.146383260834824, -34.8029398906016 ], [ 118.146605306751866, -34.802396772509759 ], [ 118.147069938134877, -34.802004658246453 ], [ 118.148104059890699, -34.801688324398377 ], [ 118.14878085613104, -34.80161881733288 ], [ 118.14985464312349, -34.801798034645252 ], [ 118.150163068407764, -34.801966444711283 ], [ 118.150318722047473, -34.802154332438597 ], [ 118.150412553038237, -34.8026133173286 ], [ 118.150298958687841, -34.803092297279854 ], [ 118.149846519612339, -34.803574479462391 ], [ 118.14925110268112, -34.803994890761963 ], [ 118.148761357161632, -34.804152805849874 ], [ 118.147887665719551, -34.804215153444481 ], [ 118.147066751686523, -34.804141740808191 ] ] ] } },
{ "type": "Feature", "properties": { "CODE": "P_ng", "JNCODE": "si5011; P_ng", "fme_featur": "geology_surface_si5011" }, "geometry": { "type": "Polygon", "coordinates": [ [ [ 118.35011209304912, -34.85626738361389 ], [ 118.350291679370656, -34.855877667943616 ], [ 118.350740548972411, -34.855232491160628 ], [ 118.351246304775188, -34.854721932322292 ], [ 118.352863408495324, -34.854613783890791 ], [ 118.354526912632224, -34.854667399107171 ], [ 118.356028888318733, -34.854876078121059 ], [ 118.357631964629888, -34.855245911621651 ], [ 118.358721190283049, -34.855630483414174 ], [ 118.359671515272467, -34.856214967441602 ], [ 118.360194732990749, -34.856768155262777 ], [ 118.360309145405537, -34.857073445393603 ], [ 118.360302958524869, -34.85736205109977 ], [ 118.36007863122974, -34.857689164052992 ], [ 118.359482304251713, -34.858011419587875 ], [ 118.358665012736424, -34.858200889991082 ], [ 118.357856876079808, -34.858282051498222 ], [ 118.356467902479963, -34.858297554627676 ], [ 118.354585293071395, -34.858228374464012 ], [ 118.351463877275862, -34.857992604822812 ], [ 118.35044380868915, -34.857823602700904 ], [ 118.350109553351928, -34.856781368250552 ], [ 118.35011209304912, -34.85626738361389 ] ] ] } },
{ "type": "Feature", "properties": { "CODE": "P_ng", "JNCODE": "si5011; P_ng", "fme_featur": "geology_surface_si5011" }, "geometry": { "type": "Polygon", "coordinates": [ [ [ 118.176879897152745, -34.833478038559328 ], [ 118.177065475757729, -34.831149850677669 ], [ 118.177854776060499, -34.831286482766622 ], [ 118.179298576179164, -34.831308561813607 ], [ 118.180707772646301, -34.831204721296544 ], [ 118.182355707433572, -34.830972305878554 ], [ 118.182370787973852, -34.832027150535303 ], [ 118.180737628017511, -34.832529933512745 ], [ 118.176879897152745, -34.833478038559328 ] ] ] } },
{ "type": "Feature", "properties": { "CODE": "P_ng", "JNCODE": "si5011; P_ng", "fme_featur": "geology_surface_si5011" }, "geometry": { "type": "Polygon", "coordinates": [ [ [ 117.961806836889821, -34.835684389073215 ], [ 117.961398770035927, -34.835390046032053 ], [ 117.960922056162531, -34.834834743858799 ], [ 117.960498139570731, -34.834116712434884 ], [ 117.959914546699068, -34.832831853029141 ], [ 117.959540930335194, -34.831734696512562 ], [ 117.959445397907729, -34.831041121852806 ], [ 117.959514409863147, -34.83039133552009 ], [ 117.959760257065469, -34.829902464574317 ], [ 117.960107756523414, -34.829692325661682 ], [ 117.960413819345362, -34.829680892431249 ], [ 117.960776230542152, -34.829813289411071 ], [ 117.961206241227927, -34.830116478917283 ], [ 117.961648971832474, -34.830572859531181 ], [ 117.962171082465474, -34.831272076289906 ], [ 117.962527920102318, -34.831864391560444 ], [ 117.962741454540662, -34.832358650238803 ], [ 117.962980536031296, -34.83316830976667 ], [ 117.96310521639451, -34.834483840044321 ], [ 117.963022669829101, -34.834908303917992 ], [ 117.962830559593627, -34.835315600527267 ], [ 117.962517319151004, -34.835651717453693 ], [ 117.962223533890068, -34.835780283155756 ], [ 117.961806836889821, -34.835684389073215 ] ] ] } },
{ "type": "Feature", "properties": { "CODE": "P_ng", "JNCODE": "si5011; P_ng", "fme_featur": "geology_surface_si5011" }, "geometry": { "type": "Polygon", "coordinates": [ [ [ 117.959366371385585, -34.806307380169642 ], [ 117.959089742022698, -34.806021007657087 ], [ 117.95903122020313, -34.805687829298925 ], [ 117.959139870391169, -34.804686054072192 ], [ 117.959353166985181, -34.804224490990308 ], [ 117.959776556778124, -34.803968668306894 ], [ 117.960300415645122, -34.80389239712207 ], [ 117.960913710868255, -34.803986745950873 ], [ 117.961365238560774, -34.804271732800458 ], [ 117.961521207286907, -34.804522984523487 ], [ 117.961514883565741, -34.804919795062084 ], [ 117.961380943814973, -34.805624201551566 ], [ 117.961155676938674, -34.805995689728725 ], [ 117.96084096797216, -34.806196555366448 ], [ 117.960252656801885, -34.806372527730396 ], [ 117.959695360641248, -34.806394958819091 ], [ 117.959366371385585, -34.806307380169642 ] ] ] } },
{ "type": "Feature", "properties": { "CODE": "P_gp", "JNCODE": "si5011; P_gp", "fme_featur": "geology_surface_si5011" }, "geometry": { "type": "Polygon", "coordinates": [ [ [ 117.928820398603534, -34.79748196479013 ], [ 117.928446136730557, -34.797250370121262 ], [ 117.928169946831716, -34.796990974368683 ], [ 117.928003263768318, -34.796748777647736 ], [ 117.927923518740457, -34.796460831202012 ], [ 117.927942045323434, -34.796163118102534 ], [ 117.928069974720742, -34.795873588086572 ], [ 117.928263989451452, -34.795628640540144 ], [ 117.928535221534645, -34.795446224881452 ], [ 117.929603641626599, -34.795194600775304 ], [ 117.930707682295804, -34.795195180111548 ], [ 117.931880448333459, -34.795474760335949 ], [ 117.932166458300031, -34.79563488187739 ], [ 117.932355011440805, -34.795876905312106 ], [ 117.932457240746473, -34.796218780436568 ], [ 117.932463230495088, -34.796750756670342 ], [ 117.932357277454571, -34.797049140111696 ], [ 117.932086759206157, -34.797294680014311 ], [ 117.931487313221169, -34.797452564141295 ], [ 117.930843129757037, -34.797520614281446 ], [ 117.929640988152528, -34.797547837821469 ], [ 117.928820398603534, -34.79748196479013 ] ] ] } },
{ "type": "Feature", "properties": { "CODE": "P_gp", "JNCODE": "si5011; P_gp", "fme_featur": "geology_surface_si5011" }, "geometry": { "type": "Polygon", "coordinates": [ [ [ 118.111104497136651, -34.784881161494503 ], [ 118.110446151517436, -34.784688791960008 ], [ 118.110013312067409, -34.784196795985174 ], [ 118.109895818659609, -34.783584700068509 ], [ 118.110032019837462, -34.782330071617501 ], [ 118.110157596366662, -34.781914136546021 ], [ 118.11040361773496, -34.781515136958667 ], [ 118.111377191957189, -34.780766843628562 ], [ 118.113893964934519, -34.779373228570165 ], [ 118.114869301697894, -34.778760149014488 ], [ 118.116502316160336, -34.77748277774937 ], [ 118.117078293594062, -34.777243046990584 ], [ 118.118037079348483, -34.777026849616796 ], [ 118.11865943453715, -34.776985063143371 ], [ 118.119272444974825, -34.777060582587097 ], [ 118.120303122401978, -34.777312598983222 ], [ 118.120863574140202, -34.7775418858755 ], [ 118.121503813339501, -34.778013898467158 ], [ 118.121904271028555, -34.778533203635781 ], [ 118.121985156293519, -34.778857075923526 ], [ 118.121825396988868, -34.779165131877164 ], [ 118.121104976391791, -34.780037416751995 ], [ 118.120032584184472, -34.781553154987492 ], [ 118.119612375614267, -34.781998861737918 ], [ 118.119309444801004, -34.78222707681055 ], [ 118.115543373679969, -34.784182306387855 ], [ 118.114107908268394, -34.78471844957955 ], [ 118.113202936644825, -34.78488002156638 ], [ 118.112023184762961, -34.78492687452416 ], [ 118.111104497136651, -34.784881161494503 ] ] ] } },
{ "type": "Feature", "properties": { "CODE": "P_gp", "JNCODE": "si5011; P_gp", "fme_featur": "geology_surface_si5011" }, "geometry": { "type": "Polygon", "coordinates": [ [ [ 118.143280203083862, -34.788009692016814 ], [ 118.141923091618423, -34.787878158543357 ], [ 118.140411000775018, -34.787603788076417 ], [ 118.139675699281483, -34.787385247343487 ], [ 118.13897107919081, -34.787013123778706 ], [ 118.138218540645596, -34.786334861669715 ], [ 118.137815961882325, -34.785671357925011 ], [ 118.137712780021133, -34.785320654213351 ], [ 118.13767331012356, -34.784834097846229 ], [ 118.137733306585545, -34.784427765924974 ], [ 118.137871407557427, -34.784137926582851 ], [ 118.138216889543031, -34.783828113670587 ], [ 118.138836556175747, -34.783587871776497 ], [ 118.139436843383123, -34.783528150887534 ], [ 118.14005016648025, -34.783621596237822 ], [ 118.14208275295158, -34.78439604867296 ], [ 118.144453522817045, -34.785122201608822 ], [ 118.145244702401868, -34.785430359118585 ], [ 118.146467323800337, -34.786113167436987 ], [ 118.146854426909329, -34.786443154058766 ], [ 118.147011041626811, -34.78670317477863 ], [ 118.147037017634361, -34.787000495015633 ], [ 118.146889014822136, -34.78736257463563 ], [ 118.14653312240587, -34.787708578377739 ], [ 118.146185909960778, -34.787892191155592 ], [ 118.145116673240409, -34.788028495645406 ], [ 118.143280203083862, -34.788009692016814 ] ] ] } },
{ "type": "Feature", "properties": { "CODE": "P_gp", "JNCODE": "si5011; P_gp", "fme_featur": "geology_surface_si5011" }, "geometry": { "type": "Polygon", "coordinates": [ [ [ 118.161693882479867, -34.783894852810043 ], [ 118.162434189385607, -34.783689408365809 ], [ 118.162904209717539, -34.783693935659791 ], [ 118.163376635429699, -34.783869763208386 ], [ 118.164423517929393, -34.78448193274005 ], [ 118.16506063017674, -34.784710280625411 ], [ 118.165892925792193, -34.784828550368907 ], [ 118.166220508952634, -34.784807377794905 ], [ 118.166579606073924, -34.784695731258481 ], [ 118.16676309453949, -34.78453166458452 ], [ 118.166835907161712, -34.784269470562315 ], [ 118.166718122335126, -34.783666453671501 ], [ 118.166538073801746, -34.783298478100669 ], [ 118.165742653504608, -34.782692935639901 ], [ 118.164388799755869, -34.782011577246365 ], [ 118.164134299617984, -34.781788583848702 ], [ 118.164055527131012, -34.781627029225419 ], [ 118.16411906532926, -34.781482147785901 ], [ 118.164369003375441, -34.781380568896324 ], [ 118.1656256599437, -34.781368541143927 ], [ 118.166173301054243, -34.781453466571492 ], [ 118.16740378098217, -34.781910560801364 ], [ 118.16849996467154, -34.782143504126545 ], [ 118.172361973915329, -34.782430982745282 ], [ 118.173435938925024, -34.782637044072416 ], [ 118.173865435696399, -34.782867347200522 ], [ 118.174222274645814, -34.78336886266117 ], [ 118.174597203704991, -34.784375159754738 ], [ 118.174661430056162, -34.785050822005417 ], [ 118.174430602019072, -34.785729331564362 ], [ 118.173754146257281, -34.786583463788659 ], [ 118.172555674547965, -34.787622964412456 ], [ 118.172219450585288, -34.787806545030037 ], [ 118.171881694584584, -34.787881934363753 ], [ 118.170755571781527, -34.787856703779745 ], [ 118.168389212287337, -34.787464657152519 ], [ 118.167623218833853, -34.787399871383897 ], [ 118.166892170098279, -34.787488036440251 ], [ 118.164473575287573, -34.788043209824025 ], [ 118.163577958607505, -34.78808784397453 ], [ 118.16241664448583, -34.787891547672778 ], [ 118.161100570225642, -34.787570477252075 ], [ 118.160474374313324, -34.787342004761534 ], [ 118.159406762522963, -34.786811153042471 ], [ 118.158858713516651, -34.786699150078128 ], [ 118.158192977113856, -34.786768606797075 ], [ 118.156516958497747, -34.787280485347701 ], [ 118.155806998844, -34.787314280837613 ], [ 118.155400766697682, -34.787182881228524 ], [ 118.155200034960814, -34.786896239007511 ], [ 118.1552183710713, -34.786643585795048 ], [ 118.155504629091439, -34.786009670474684 ], [ 118.155586646122288, -34.785621155876683 ], [ 118.15554757422673, -34.785170671084728 ], [ 118.15539005592008, -34.784847550301379 ], [ 118.155025034425762, -34.784535415714821 ], [ 118.151892426279602, -34.782473130559154 ], [ 118.151581565169295, -34.782124404219772 ], [ 118.15151123817769, -34.781782418840599 ], [ 118.151800391633955, -34.781355878115676 ], [ 118.152416487568416, -34.780863121847467 ], [ 118.153553700616612, -34.780121962586911 ], [ 118.154161863502424, -34.779845683757365 ], [ 118.154762613014213, -34.779821951719825 ], [ 118.155497758241111, -34.780031386173526 ], [ 118.156998953235515, -34.780314691056475 ], [ 118.159007356938787, -34.78091776499835 ], [ 118.159668427385625, -34.781299204532075 ], [ 118.159846421819012, -34.781522936469074 ], [ 118.159927205500182, -34.781828748584694 ], [ 118.159875849305649, -34.782063682970993 ], [ 118.159578710148494, -34.782697712150657 ], [ 118.159660377457371, -34.783066635763248 ], [ 118.159971780534363, -34.783451404309957 ], [ 118.160435923047388, -34.783816681653342 ], [ 118.160743416850082, -34.783921954940766 ], [ 118.161203016253907, -34.783962656616737 ], [ 118.161693882479867, -34.783894852810043 ] ] ] } },
{ "type": "Feature", "properties": { "CODE": "P_ng", "JNCODE": "si5011; P_ng", "fme_featur": "geology_surface_si5011" }, "geometry": { "type": "Polygon", "coordinates": [ [ [ 118.052249471956458, -34.763384101270844 ], [ 118.05117534413894, -34.763122862158347 ], [ 118.049866651600283, -34.762457859673063 ], [ 118.049204968057381, -34.761976631462701 ], [ 118.048847602799441, -34.761366536679589 ], [ 118.048745284553149, -34.761051813837511 ], [ 118.048702588852336, -34.760267679598265 ], [ 118.048881244968427, -34.759707070225147 ], [ 118.049330398474041, -34.758936732529925 ], [ 118.050097276735542, -34.758235791508653 ], [ 118.050433091223113, -34.758007463174849 ], [ 118.051346087357942, -34.757629875272123 ], [ 118.052037722013139, -34.757028761752935 ], [ 118.052491523149882, -34.756628080246465 ], [ 118.052581949097217, -34.756005107179789 ], [ 118.052366260697852, -34.755366745521329 ], [ 118.05160721580242, -34.75495850901801 ], [ 118.049895592482386, -34.754387156738723 ], [ 118.048240892349526, -34.753995635586591 ], [ 118.04808271187774, -34.753582202574407 ], [ 118.048083838525542, -34.752806707168617 ], [ 118.048077344993388, -34.752292778293537 ], [ 118.048440101751027, -34.751604342375316 ], [ 118.049317870871448, -34.751037710352627 ], [ 118.050694735977132, -34.75106190688907 ], [ 118.052720343576752, -34.75141412019417 ], [ 118.05436729631424, -34.752058131572625 ], [ 118.056098682134575, -34.75246693911371 ], [ 118.056866466685619, -34.752703743843377 ], [ 118.057622986529154, -34.752913589723107 ], [ 118.058435166142388, -34.753204102441707 ], [ 118.059924764811072, -34.753497732128295 ], [ 118.060619328021943, -34.753987633633514 ], [ 118.061096451714178, -34.75456058144934 ], [ 118.061191805693056, -34.755181941391022 ], [ 118.061032784277472, -34.755562052089026 ], [ 118.060558104317394, -34.756035084994103 ], [ 118.059599973659061, -34.756295909942295 ], [ 118.058618154796591, -34.757269296855597 ], [ 118.057647927691306, -34.758296678776937 ], [ 118.057080980143539, -34.759248414379591 ], [ 118.056860174453362, -34.7599266255163 ], [ 118.056406134216687, -34.761165929988003 ], [ 118.056213844859968, -34.761510253971771 ], [ 118.05532933567693, -34.762410632247743 ], [ 118.053972834260733, -34.763143763180139 ], [ 118.052249471956458, -34.763384101270844 ] ] ] } },
{ "type": "Feature", "properties": { "CODE": "P_ng", "JNCODE": "si5011; P_ng", "fme_featur": "geology_surface_si5011" }, "geometry": { "type": "Polygon", "coordinates": [ [ [ 118.046598164779539, -34.751088168189597 ], [ 118.046103405856073, -34.75083993572801 ], [ 118.04607006578523, -34.75079513573629 ], [ 118.045945924482297, -34.750480597260761 ], [ 118.045932158689098, -34.75025528345315 ], [ 118.045920552839164, -34.750201279446493 ], [ 118.045931249263433, -34.750183153007463 ], [ 118.045913959662641, -34.749678333688898 ], [ 118.046191949860585, -34.749198029678361 ], [ 118.046646306715544, -34.748842451243931 ], [ 118.047541813966419, -34.748816716451202 ], [ 118.047981832799579, -34.749056397045479 ], [ 118.04834721157539, -34.749440995115549 ], [ 118.04880237728959, -34.750014181615654 ], [ 118.048871567674482, -34.750302138601796 ], [ 118.048722852050062, -34.750637058793039 ], [ 118.04835611357305, -34.751009925137673 ], [ 118.047670414293663, -34.751214206765667 ], [ 118.047036713761685, -34.751210640026244 ], [ 118.046598164779539, -34.751088168189597 ] ] ] } },
{ "type": "Feature", "properties": { "CODE": "P_gp", "JNCODE": "si5011; P_gp", "fme_featur": "geology_surface_si5011" }, "geometry": { "type": "Polygon", "coordinates": [ [ [ 117.967406397960104, -34.695222014338889 ], [ 117.966351538653001, -34.696519877613433 ], [ 117.966178124441583, -34.696629461939025 ], [ 117.965711102513609, -34.696840565003363 ], [ 117.965591224624774, -34.696859549843467 ], [ 117.96462023604343, -34.696921344670166 ], [ 117.962926421971062, -34.696790462069821 ], [ 117.961691023306372, -34.696646921514073 ], [ 117.961439618957797, -34.696621852992024 ], [ 117.961148999869224, -34.696038011834567 ], [ 117.9608607820213, -34.695661552166023 ], [ 117.960292999319904, -34.695657010366325 ], [ 117.960226541624309, -34.694629545337129 ], [ 117.960397855888573, -34.693392805158389 ], [ 117.96089394902593, -34.691919050449997 ], [ 117.961873676189512, -34.690730035668089 ], [ 117.963294719652083, -34.68994331074763 ], [ 117.965163083757801, -34.689134992690192 ], [ 117.965391168676433, -34.689033994189472 ], [ 117.966818427173564, -34.689726040668823 ], [ 117.967131629112444, -34.690372811640593 ], [ 117.967067800876748, -34.691455411509253 ], [ 117.967933340255144, -34.692656877181214 ], [ 117.968555797667364, -34.693607780211956 ], [ 117.968900622463238, -34.694155102827843 ], [ 117.968216232582449, -34.694449100411973 ], [ 117.967406397960104, -34.695222014338889 ] ] ] } },
{ "type": "Feature", "properties": { "CODE": "P_ng", "JNCODE": "si5011; P_ng", "fme_featur": "geology_surface_si5011" }, "geometry": { "type": "Polygon", "coordinates": [ [ [ 118.08056894215504, -34.705299285228847 ], [ 118.080758413747859, -34.70559517595629 ], [ 118.080849743532269, -34.705900954332563 ], [ 118.080705324929767, -34.707390091309769 ], [ 118.080105483833904, -34.709965342748077 ], [ 118.079923856289042, -34.710273541167389 ], [ 118.079470906280946, -34.710710385866506 ], [ 118.07891851386492, -34.711057936539262 ], [ 118.078168880594944, -34.711353126583752 ], [ 118.077265095461769, -34.711550484848445 ], [ 118.076490459930568, -34.711602418458398 ], [ 118.074675989685332, -34.711465143233042 ], [ 118.071162984148401, -34.710864868995955 ], [ 118.069371186104064, -34.710790436344524 ], [ 118.068050509219304, -34.710838090535503 ], [ 118.061059648939505, -34.710664725235105 ], [ 118.061232019364212, -34.709626231668842 ], [ 118.061588959297325, -34.708504973737135 ], [ 118.06209773686318, -34.708157881204706 ], [ 118.063199739708082, -34.707237519791519 ], [ 118.063894570876272, -34.706924865427951 ], [ 118.067260363264623, -34.706282250949876 ], [ 118.068722785443768, -34.706224345418562 ], [ 118.071159339108789, -34.706347225833731 ], [ 118.07163844859393, -34.706243822269414 ], [ 118.072028468848814, -34.70600594095167 ], [ 118.072330445984392, -34.705714729393939 ], [ 118.072479920956766, -34.705451911515141 ], [ 118.072509183199827, -34.705181134364167 ], [ 118.072418350245073, -34.70491141430071 ], [ 118.072096617754937, -34.704517483580879 ], [ 118.071049443980584, -34.703751203487755 ], [ 118.070342008901221, -34.703081120735739 ], [ 118.069922042470594, -34.701840418225544 ], [ 118.071858363853195, -34.702129989260669 ], [ 118.073907600269052, -34.702707088517322 ], [ 118.074980307787555, -34.702914044954746 ], [ 118.076259168100094, -34.703019980600452 ], [ 118.078388307395954, -34.703019189855375 ], [ 118.078812300491677, -34.703718787149867 ], [ 118.08056894215504, -34.705299285228847 ] ] ] } },
{ "type": "Feature", "properties": { "CODE": "P_gp", "JNCODE": "si5011; P_gp", "fme_featur": "geology_surface_si5011" }, "geometry": { "type": "Polygon", "coordinates": [ [ [ 118.086567467075952, -34.696417991350529 ], [ 118.086005774798124, -34.696044271256781 ], [ 118.085110355544018, -34.695195602788736 ], [ 118.084411448031474, -34.694345178854689 ], [ 118.083921138138706, -34.693583068633032 ], [ 118.083649511998885, -34.692846063778731 ], [ 118.08357484906098, -34.692143376286388 ], [ 118.08367495980535, -34.691448151921811 ], [ 118.083922029332754, -34.6911393654633 ], [ 118.084335656822603, -34.691045512452526 ], [ 118.084827341347449, -34.691077205780132 ], [ 118.085407765670894, -34.69121631467663 ], [ 118.085891008616883, -34.691437442708143 ], [ 118.0863215593685, -34.691803315700263 ], [ 118.087008015413744, -34.692536614918026 ], [ 118.087496459716334, -34.693154452144555 ], [ 118.087920122042007, -34.693826969567844 ], [ 118.088201761329415, -34.694491736422002 ], [ 118.088340429757707, -34.695076623657883 ], [ 118.08834833884697, -34.695680713232633 ], [ 118.088244958066952, -34.696123485009863 ], [ 118.088018543499302, -34.696341922402553 ], [ 118.087681428232017, -34.696444122445179 ], [ 118.08698335759324, -34.696495438036784 ], [ 118.086567467075952, -34.696417991350529 ] ] ] } },
{ "type": "Feature", "properties": { "CODE": "P_ns", "JNCODE": "si5011; P_ns", "fme_featur": "geology_surface_si5011" }, "geometry": { "type": "Polygon", "coordinates": [ [ [ 118.074109047544482, -34.663362617925408 ], [ 118.073578998433319, -34.663727982056059 ], [ 118.073364705678273, -34.664036459876066 ], [ 118.073242361557519, -34.664704822920122 ], [ 118.073361021784194, -34.665443203004223 ], [ 118.073652541690876, -34.666044799932521 ], [ 118.074218396531194, -34.666761204747488 ], [ 118.074259515151169, -34.667410093177565 ], [ 118.074112205872154, -34.667835207708706 ], [ 118.073949676652148, -34.667926813417395 ], [ 118.073666291003278, -34.667956361844126 ], [ 118.072966006712889, -34.667818249792859 ], [ 118.072088331218808, -34.667465276967768 ], [ 118.071230283304743, -34.666940795122123 ], [ 118.070468488605925, -34.666262166486192 ], [ 118.069748038660947, -34.665402822510224 ], [ 118.069014606580552, -34.66438127499611 ], [ 118.06883421801011, -34.663931987627031 ], [ 118.0688510635228, -34.66354409248811 ], [ 118.069119263537615, -34.662333411336128 ], [ 118.069156194496145, -34.661810079156034 ], [ 118.069043973138179, -34.660719959615257 ], [ 118.068764257742217, -34.659333734392106 ], [ 118.069071176681234, -34.659439252055506 ], [ 118.069649268976406, -34.659416146589308 ], [ 118.073559497746587, -34.658831715920414 ], [ 118.075235579218386, -34.66101718615586 ], [ 118.075952476808439, -34.662444624222196 ], [ 118.075268389666746, -34.662712163897503 ], [ 118.074109047544482, -34.663362617925408 ] ] ] } },
{ "type": "Feature", "properties": { "CODE": "P_ns", "JNCODE": "si5011; P_ns", "fme_featur": "geology_surface_si5011" }, "geometry": { "type": "Polygon", "coordinates": [ [ [ 117.810432378016358, -34.796262933325501 ], [ 117.811194957432392, -34.795996347508428 ], [ 117.812688637066699, -34.795598633213181 ], [ 117.813997459497998, -34.795301328856652 ], [ 117.814663684441442, -34.795242766596573 ], [ 117.815451119621343, -34.795282580295968 ], [ 117.816152267035832, -34.795440194079568 ], [ 117.81666911044482, -34.795752336857156 ], [ 117.816825427831461, -34.796084932467757 ], [ 117.813613795810497, -34.796304828512888 ], [ 117.810432378016358, -34.796262933325501 ] ] ] } },
{ "type": "Feature", "properties": { "CODE": "P_gp", "JNCODE": "si5011; P_gp", "fme_featur": "geology_surface_si5011" }, "geometry": { "type": "Polygon", "coordinates": [ [ [ 117.905322702401776, -34.771905437374471 ], [ 117.904339361807303, -34.771921763412806 ], [ 117.90295014612532, -34.771796814396069 ], [ 117.902603748277684, -34.771096026963157 ], [ 117.9026224605241, -34.770807331824663 ], [ 117.902751620196156, -34.770626026381208 ], [ 117.903055217004152, -34.770407357442949 ], [ 117.903479794014672, -34.770259929096561 ], [ 117.904756468054032, -34.770088134966223 ], [ 117.905226322985683, -34.770084642244726 ], [ 117.905697064434449, -34.770162297589373 ], [ 117.906487446831946, -34.770490058284686 ], [ 117.906708746407688, -34.770740897064499 ], [ 117.906787898054105, -34.770983776903741 ], [ 117.906684545664774, -34.771525589691315 ], [ 117.906064463695387, -34.771782693014181 ], [ 117.905322702401776, -34.771905437374471 ] ] ] } },
{ "type": "Feature", "properties": { "CODE": "P_gp", "JNCODE": "si5011; P_gp", "fme_featur": "geology_surface_si5011" }, "geometry": { "type": "Polygon", "coordinates": [ [ [ 117.953703178787379, -34.753113586646307 ], [ 117.953661427203642, -34.75138257885154 ], [ 117.954229176671902, -34.751351079048547 ], [ 117.954601742065108, -34.751447350029139 ], [ 117.954932894727619, -34.75174232673232 ], [ 117.955089987234842, -34.752101789417175 ], [ 117.955107451966796, -34.752669746564493 ], [ 117.954971247625721, -34.75317578734257 ], [ 117.954671277318226, -34.753692129358846 ], [ 117.954195679717245, -34.754137708087235 ], [ 117.953827909912789, -34.753509373825381 ], [ 117.953703178787379, -34.753113586646307 ] ] ] } },
{ "type": "Feature", "properties": { "CODE": "P_gp", "JNCODE": "si5011; P_gp", "fme_featur": "geology_surface_si5011" }, "geometry": { "type": "Polygon", "coordinates": [ [ [ 117.80641238841136, -34.729127451309338 ], [ 117.805852928736684, -34.728878662992607 ], [ 117.805555942745272, -34.72866420668435 ], [ 117.805334972615228, -34.728404159439691 ], [ 117.805156728531628, -34.728044636531699 ], [ 117.805109719620319, -34.72770228107246 ], [ 117.80518319758653, -34.727395199338616 ], [ 117.805366064770368, -34.727105429435426 ], [ 117.805712839869798, -34.726823592756134 ], [ 117.806050091707917, -34.726686098621215 ], [ 117.806519099970032, -34.726619871533373 ], [ 117.807655891931205, -34.726711532453493 ], [ 117.808061213183876, -34.726835089814074 ], [ 117.808478422835805, -34.727057759735509 ], [ 117.80901875829727, -34.727586206491885 ], [ 117.809086835598066, -34.727847262646364 ], [ 117.808969421741423, -34.728127585823074 ], [ 117.808655768751109, -34.728445281903817 ], [ 117.808124206056604, -34.728818528211029 ], [ 117.807580401228478, -34.729056590467948 ], [ 117.807188183037113, -34.729158382984451 ], [ 117.806784341139107, -34.7291881110106 ], [ 117.80641238841136, -34.729127451309338 ] ] ] } },
{ "type": "Feature", "properties": { "CODE": "P_gp", "JNCODE": "si5011; P_gp", "fme_featur": "geology_surface_si5011" }, "geometry": { "type": "Polygon", "coordinates": [ [ [ 117.858720241251504, -34.703809475891326 ], [ 117.858541822792503, -34.703450032240809 ], [ 117.858533998262274, -34.702692615388983 ], [ 117.858743416574285, -34.70182545732748 ], [ 117.859021693105376, -34.701282444349289 ], [ 117.859529241304458, -34.700737813697991 ], [ 117.860093424637853, -34.700391166776441 ], [ 117.860627557521724, -34.70030623775677 ], [ 117.861153574169691, -34.700491889521096 ], [ 117.861473836163725, -34.700841309237695 ], [ 117.861597952174847, -34.701228185235678 ], [ 117.861419637000893, -34.701932812759367 ], [ 117.861108619895688, -34.702476062433263 ], [ 117.860363765950297, -34.703301918505559 ], [ 117.8595947289718, -34.703902502599597 ], [ 117.859355552369365, -34.704003382402 ], [ 117.859115443025658, -34.7040140930973 ], [ 117.858720241251504, -34.703809475891326 ] ] ] } },
{ "type": "Feature", "properties": { "CODE": "P_gp", "JNCODE": "si5011; P_gp", "fme_featur": "geology_surface_si5011" }, "geometry": { "type": "Polygon", "coordinates": [ [ [ 117.875852300468566, -34.670647297193696 ], [ 117.875323781234513, -34.671246252122124 ], [ 117.875250323926409, -34.67152632378852 ], [ 117.875350636783338, -34.671723989700112 ], [ 117.875614376043188, -34.671893429055132 ], [ 117.876150587985776, -34.67202483951133 ], [ 117.877538098670584, -34.672150122132962 ], [ 117.877941823853376, -34.67213819752692 ], [ 117.879201470854113, -34.671524942809221 ], [ 117.880925909677103, -34.670484492260655 ], [ 117.882794088184923, -34.670651328441906 ], [ 117.886736484271196, -34.670857170441245 ], [ 117.887698732157816, -34.671021500353348 ], [ 117.890249191429987, -34.671706269079316 ], [ 117.890871770257348, -34.671746808396648 ], [ 117.891263707335369, -34.671653767968614 ], [ 117.891719001203185, -34.671361876930959 ], [ 117.892074713540481, -34.670944467412291 ], [ 117.892310080367039, -34.670500885215148 ], [ 117.892435727029792, -34.670004000602873 ], [ 117.892340971497873, -34.66931034344821 ], [ 117.891835941373827, -34.668015512799784 ], [ 117.891664026834661, -34.667250278915475 ], [ 117.891583283200575, -34.665826096850431 ], [ 117.89164538113053, -34.665510028446512 ], [ 117.891762527249426, -34.665238645085658 ], [ 117.891989383260125, -34.665020564230865 ], [ 117.892325658681713, -34.664828734754558 ], [ 117.894446921131475, -34.664181961199453 ], [ 117.89628227883982, -34.663338867128672 ], [ 117.896728442838224, -34.66321835804294 ], [ 117.897415756952952, -34.663195265458604 ], [ 117.898158802361692, -34.663279968995489 ], [ 117.898979700009576, -34.663499357125652 ], [ 117.899703263093613, -34.663800615955665 ], [ 117.900570358215731, -34.664254108473635 ], [ 117.902086510548543, -34.665180723357707 ], [ 117.905385936594826, -34.667500823535384 ], [ 117.904859319132115, -34.668253188941321 ], [ 117.904438005809283, -34.668653087005346 ], [ 117.903027955948687, -34.669466100999472 ], [ 117.902584213451689, -34.669812053645593 ], [ 117.902294139455321, -34.670238025154994 ], [ 117.901965978701341, -34.671178277157871 ], [ 117.901655241610655, -34.671712610392809 ], [ 117.901126611094341, -34.672284623914223 ], [ 117.900023233160468, -34.673203546335024 ], [ 117.899592809925764, -34.673774828074983 ], [ 117.899530346855997, -34.674054832488451 ], [ 117.899555002677886, -34.67431615891384 ], [ 117.900001620991546, -34.675241667638012 ], [ 117.900119838114975, -34.676079424788149 ], [ 117.900063033619091, -34.676882404107673 ], [ 117.899666904088036, -34.678607675832048 ], [ 117.899661645541457, -34.679130731001052 ], [ 117.899751793329528, -34.679391573735536 ], [ 117.899993873387785, -34.679570136933336 ], [ 117.90039821529362, -34.679612238257988 ], [ 117.901041221986034, -34.679517311328532 ], [ 117.901453840632911, -34.679315874896503 ], [ 117.903311820722394, -34.677516650293157 ], [ 117.90484150259033, -34.675647694803487 ], [ 117.905641379224292, -34.676931260091187 ], [ 117.9059618307748, -34.67728957953917 ], [ 117.907874068125196, -34.678474681414968 ], [ 117.908862212851261, -34.678999350684563 ], [ 117.909902676007249, -34.679316218428347 ], [ 117.910853161414678, -34.67939027680503 ], [ 117.911670495112801, -34.679266938494351 ], [ 117.912528617148794, -34.678881781514384 ], [ 117.912644591791121, -34.679503121482384 ], [ 117.91244967121844, -34.680640787129541 ], [ 117.912453726783582, -34.681010474646762 ], [ 117.912577057839897, -34.681307129080139 ], [ 117.912894389202194, -34.68137689277453 ], [ 117.913350152831157, -34.681130005579739 ], [ 117.913781210783128, -34.680621794181164 ], [ 117.914806050012174, -34.678522044455192 ], [ 117.914781245638864, -34.678251705297548 ], [ 117.91648285376013, -34.678139730084844 ], [ 117.917985205762292, -34.677776741741795 ], [ 117.919053648812664, -34.67766048015816 ], [ 117.920879091867889, -34.677890175138927 ], [ 117.922173921822775, -34.678502593493839 ], [ 117.922761306526056, -34.679300705800237 ], [ 117.922916706051609, -34.680516891878945 ], [ 117.922455445215249, -34.682233708606212 ], [ 117.922404253979849, -34.683523598154203 ], [ 117.922710374848748, -34.684549275471113 ], [ 117.923121756915648, -34.685222472328547 ], [ 117.924519370432435, -34.686230854998804 ], [ 117.924926362850783, -34.6865073091504 ], [ 117.925388338528336, -34.686819414389447 ], [ 117.926347358310579, -34.687650755134207 ], [ 117.926522716786494, -34.687712544526704 ], [ 117.927496851801394, -34.687939589515281 ], [ 117.928567625026091, -34.688021610646715 ], [ 117.929309307793687, -34.687961852464035 ], [ 117.930114669793227, -34.687739289101124 ], [ 117.930830984148258, -34.687364103382805 ], [ 117.931556490655325, -34.68683554600878 ], [ 117.932052352784979, -34.686272670861761 ], [ 117.933252984061156, -34.686254465497797 ], [ 117.934221142512001, -34.685949471104777 ], [ 117.934663213796895, -34.685459137621251 ], [ 117.935731322721622, -34.685306661948438 ], [ 117.936850348697476, -34.684829156236354 ], [ 117.93789468196276, -34.684505512307446 ], [ 117.938769041592863, -34.68459797291802 ], [ 117.9393419441151, -34.685062467665325 ], [ 117.940127040916366, -34.685949144413335 ], [ 117.940774941631531, -34.687251678796819 ], [ 117.941422965134677, -34.688563225815102 ], [ 117.941953471448514, -34.68913624477338 ], [ 117.943148132726733, -34.689550826239802 ], [ 117.94513082173286, -34.690139636330997 ], [ 117.94600945377158, -34.690601727256883 ], [ 117.946895797230212, -34.691740061515183 ], [ 117.947487006733184, -34.692844614080748 ], [ 117.948922112184505, -34.694231153712515 ], [ 117.950078983951755, -34.695150937681731 ], [ 117.950807850206701, -34.695875666634628 ], [ 117.951284089339083, -34.696467101659564 ], [ 117.95132829471234, -34.697467693577451 ], [ 117.951228203328469, -34.698262010489458 ], [ 117.949202842390463, -34.698737694003356 ], [ 117.944147231370579, -34.699660680936567 ], [ 117.9437230879699, -34.699808245814467 ], [ 117.943430771971734, -34.700026928267313 ], [ 117.943270079040005, -34.700298695909545 ], [ 117.943272637330267, -34.70052411243185 ], [ 117.943439062263323, -34.700757277767451 ], [ 117.943735680846402, -34.700917294966601 ], [ 117.945025807302798, -34.701069610252276 ], [ 117.94618266781616, -34.701024562840068 ], [ 117.949005497401629, -34.700578790652933 ], [ 117.952556394462917, -34.700785537378437 ], [ 117.953518694164899, -34.700913272577154 ], [ 117.954001759771472, -34.701143944997092 ], [ 117.954575690450724, -34.701680496660721 ], [ 117.956327352399825, -34.703984242933579 ], [ 117.957211801405819, -34.704933146036986 ], [ 117.955292491369903, -34.705146592592087 ], [ 117.953690729625194, -34.705438680827996 ], [ 117.953115684586649, -34.705758790709488 ], [ 117.951990310196678, -34.706651297497814 ], [ 117.951545238502618, -34.706880210074999 ], [ 117.949792632260156, -34.707353774070747 ], [ 117.947890540466915, -34.708126051489742 ], [ 117.94663932160006, -34.708523529162136 ], [ 117.944461539531943, -34.709063441651018 ], [ 117.942086372289438, -34.709532702271439 ], [ 117.941301241860728, -34.709628945023034 ], [ 117.938408779140744, -34.709741431906615 ], [ 117.934967828341669, -34.709632624263385 ], [ 117.929645721233129, -34.709258546385037 ], [ 117.92556718806172, -34.708766585435534 ], [ 117.920829282732697, -34.707891721706979 ], [ 117.919383833473532, -34.707523903820444 ], [ 117.918682053419914, -34.707258673289111 ], [ 117.91849474369846, -34.707106788533494 ], [ 117.918416619765551, -34.706954080515104 ], [ 117.918419820747459, -34.705267789989541 ], [ 117.91821581923196, -34.70459301730731 ], [ 117.917673658341286, -34.70394784386135 ], [ 117.917211315706524, -34.703608661118921 ], [ 117.91679404154462, -34.703395382102208 ], [ 117.916191858974329, -34.703246614433162 ], [ 117.913009262168558, -34.702774541968409 ], [ 117.90824428982377, -34.702377313367414 ], [ 117.906931873598211, -34.702179686671172 ], [ 117.906241095057197, -34.701914301659308 ], [ 117.905373670716486, -34.701469875607785 ], [ 117.902066067892605, -34.699528593873787 ], [ 117.901277264068227, -34.699281940902566 ], [ 117.899603950033622, -34.69902378094325 ], [ 117.899230803162681, -34.698846185253885 ], [ 117.898416962765339, -34.698302120995763 ], [ 117.898393373697104, -34.698139979972638 ], [ 117.898248816466364, -34.697897573222967 ], [ 117.898039632724846, -34.697736800051196 ], [ 117.897655869708544, -34.697586330157804 ], [ 117.897338974740606, -34.697561611633937 ], [ 117.896008516828516, -34.697706664117618 ], [ 117.89542970225051, -34.697692883718418 ], [ 117.8932059192107, -34.697005838971741 ], [ 117.891958930235333, -34.696789535228724 ], [ 117.891424468165795, -34.696838533623669 ], [ 117.890445294935077, -34.697161305228441 ], [ 117.889326696562094, -34.697719541756953 ], [ 117.887779605472261, -34.698028400428974 ], [ 117.886949495814576, -34.697998375261115 ], [ 117.884630873667035, -34.697627476614464 ], [ 117.884547927306357, -34.697014888068857 ], [ 117.884119547541232, -34.695746527703179 ], [ 117.883622333833713, -34.695191048224196 ], [ 117.882764387108239, -34.694593092693928 ], [ 117.882272356798637, -34.694524515802478 ], [ 117.88163035827661, -34.694727547457902 ], [ 117.881055196698085, -34.69505633776776 ], [ 117.880093028796907, -34.695956024493746 ], [ 117.879853900617391, -34.696056943945898 ], [ 117.879547932944817, -34.6960321001526 ], [ 117.879097944171463, -34.695809909272768 ], [ 117.877316992285316, -34.694650466465092 ], [ 117.876339959730089, -34.694143497714727 ], [ 117.874904050013527, -34.693603746189851 ], [ 117.871804641177405, -34.692679118096123 ], [ 117.870500540995096, -34.692210511348101 ], [ 117.869030443437794, -34.691526653569227 ], [ 117.86673476713257, -34.690190372065686 ], [ 117.865452284937376, -34.689694504209974 ], [ 117.864478943892337, -34.689530079166147 ], [ 117.863146583337922, -34.689485417585644 ], [ 117.857810049850116, -34.689676394667678 ], [ 117.856325137677686, -34.689659784784048 ], [ 117.854914601071926, -34.689444249067499 ], [ 117.853491211437657, -34.689039418462471 ], [ 117.852766940845953, -34.688674768985535 ], [ 117.851371337855113, -34.687782771179556 ], [ 117.849336738055257, -34.686318088266837 ], [ 117.848828619382004, -34.685735487030897 ], [ 117.848337556587282, -34.684683851813496 ], [ 117.84804960832227, -34.684280065562454 ], [ 117.847719103047311, -34.683984785312894 ], [ 117.846873911139497, -34.683530765349701 ], [ 117.845996991542577, -34.682103062769166 ], [ 117.845556523015247, -34.681727381547866 ], [ 117.845161827279696, -34.681558785315517 ], [ 117.8444288481776, -34.681401549485877 ], [ 117.84347866196677, -34.681354023364385 ], [ 117.837651029703068, -34.68151144144926 ], [ 117.837238513392535, -34.681739715075636 ], [ 117.836937236376968, -34.682174627674378 ], [ 117.836725911368603, -34.682870431596271 ], [ 117.836678499539644, -34.68358314513582 ], [ 117.836028453297502, -34.684074554560922 ], [ 117.834105589909257, -34.685007521306147 ], [ 117.832281739165339, -34.686020939921832 ], [ 117.831683973590927, -34.686286530038309 ], [ 117.831085122771356, -34.686443913796879 ], [ 117.828470161858363, -34.685857539927589 ], [ 117.826918475295344, -34.685705761366577 ], [ 117.826438440690495, -34.685736070085142 ], [ 117.82529494591958, -34.686014345876828 ], [ 117.824128538828163, -34.686184555001269 ], [ 117.819982479357861, -34.686419924239019 ], [ 117.814622405014617, -34.686428815899554 ], [ 117.812132296989716, -34.686319188044621 ], [ 117.810274888907671, -34.686160216601813 ], [ 117.808503325653206, -34.685847348335507 ], [ 117.807331543443951, -34.685467359559858 ], [ 117.806684350115759, -34.685147011587738 ], [ 117.804268186350356, -34.683648023614346 ], [ 117.803346818886723, -34.683194202569581 ], [ 117.80229482134844, -34.682777304787209 ], [ 117.801146070212397, -34.68251433302099 ], [ 117.800263725439208, -34.682709499121287 ], [ 117.799070019282979, -34.682311538859842 ], [ 117.797820622099934, -34.681796702502083 ], [ 117.796130564171079, -34.68086090479818 ], [ 117.794712737684151, -34.679851167719413 ], [ 117.793972805259486, -34.678954228849143 ], [ 117.793532326805703, -34.6785513047666 ], [ 117.791916813426752, -34.677407556868971 ], [ 117.791303944147316, -34.677240202375451 ], [ 117.78921738744765, -34.677064360131816 ], [ 117.788615098885373, -34.676860853071858 ], [ 117.788460580623578, -34.676681500304632 ], [ 117.788293268392323, -34.676303842459191 ], [ 117.78817890858943, -34.675754507193751 ], [ 117.788175491462042, -34.675393824487259 ], [ 117.788387377478415, -34.674716132699075 ], [ 117.788807577158479, -34.674136286496122 ], [ 117.790139925237881, -34.674208816061075 ], [ 117.79220235026996, -34.674150341830746 ], [ 117.79332551834807, -34.674034825835527 ], [ 117.794698597539593, -34.673800441467513 ], [ 117.796038321351062, -34.673503136185204 ], [ 117.797126657941376, -34.673171389909946 ], [ 117.8010620495577, -34.671522421181635 ], [ 117.802206040353468, -34.671307493036238 ], [ 117.803177923052942, -34.671355199109549 ], [ 117.804042407679972, -34.671583958125645 ], [ 117.804985215742889, -34.672010581244308 ], [ 117.806225777625727, -34.672750844395743 ], [ 117.807006818089747, -34.673376908819144 ], [ 117.807283090837885, -34.673726766202286 ], [ 117.807483576945344, -34.674140248230266 ], [ 117.807971641520695, -34.676066781692022 ], [ 117.808217811088113, -34.676687364335656 ], [ 117.808593648927712, -34.677171822256454 ], [ 117.809176612637529, -34.677627851314803 ], [ 117.810557346507764, -34.678177768628181 ], [ 117.81270118703155, -34.678623390912094 ], [ 117.815760241969883, -34.678891519226951 ], [ 117.818838482480487, -34.678888913981517 ], [ 117.820288236044831, -34.678680779079606 ], [ 117.82331522004948, -34.677911910728582 ], [ 117.824304640366279, -34.677517467324002 ], [ 117.825933551858682, -34.676667805024906 ], [ 117.826822381820193, -34.676039565542801 ], [ 117.827558393451909, -34.675412357215357 ], [ 117.828377221289912, -34.674333702199249 ], [ 117.828850272302276, -34.673609079319426 ], [ 117.829812602718107, -34.671600626776495 ], [ 117.830440247355739, -34.669964168158614 ], [ 117.83108800156198, -34.66706510531327 ], [ 117.83131006985522, -34.666351200887981 ], [ 117.833193190498491, -34.662578005710074 ], [ 117.833591550715056, -34.662034226375773 ], [ 117.834122756823959, -34.661678906586772 ], [ 117.834689138057286, -34.661566818978137 ], [ 117.835355723616573, -34.66165242946682 ], [ 117.836013390111304, -34.661936484703865 ], [ 117.837034722472339, -34.662569726478118 ], [ 117.837373748800829, -34.662639539137857 ], [ 117.838735775043915, -34.662422771640081 ], [ 117.839550331475706, -34.662029408290508 ], [ 117.839941919987467, -34.661900464673231 ], [ 117.841064209829895, -34.661721393096222 ], [ 117.841326299317345, -34.661737619927706 ], [ 117.842039553790244, -34.662120452430969 ], [ 117.844677761840856, -34.663986879384055 ], [ 117.845259268990731, -34.664289447080456 ], [ 117.846793065235886, -34.663791853198724 ], [ 117.84731331180933, -34.663436552489053 ], [ 117.848751650996036, -34.664283218258177 ], [ 117.849236152363787, -34.664703670789272 ], [ 117.849557512559571, -34.665179363836941 ], [ 117.84992925202792, -34.666312988419548 ], [ 117.850183944386913, -34.666671915816153 ], [ 117.850600405571697, -34.666840344784127 ], [ 117.851122959801359, -34.666710451430731 ], [ 117.851859627066958, -34.666173268665446 ], [ 117.852399383957831, -34.665592370529133 ], [ 117.853444474168157, -34.663204416559857 ], [ 117.85418617865345, -34.662099076590991 ], [ 117.854791925280466, -34.66157181096419 ], [ 117.856225357597353, -34.660876415727735 ], [ 117.856668878490098, -34.660494561428166 ], [ 117.856774292040129, -34.660133117199869 ], [ 117.856713882768304, -34.659565433679582 ], [ 117.856478876006122, -34.658998976730913 ], [ 117.856203190950012, -34.658721367808553 ], [ 117.857059511875363, -34.658156260617176 ], [ 117.857745313607055, -34.657989121156895 ], [ 117.858357237097081, -34.658065972903799 ], [ 117.859277963086825, -34.65845626115356 ], [ 117.863144154494307, -34.660845663705324 ], [ 117.864865305691424, -34.661590942819927 ], [ 117.867071629311056, -34.662810679134402 ], [ 117.869130498175466, -34.663490371789827 ], [ 117.869964123708897, -34.663890216608856 ], [ 117.870888930069398, -34.664659124641922 ], [ 117.871850838344329, -34.665842568157906 ], [ 117.872884155387652, -34.6665475614641 ], [ 117.87391436508895, -34.666954988498631 ], [ 117.875466437919002, -34.667169291305704 ], [ 117.875849736077853, -34.667292783916288 ], [ 117.876709818143041, -34.668125234553138 ], [ 117.877685140712273, -34.669533972823402 ], [ 117.876957057327488, -34.669836792122361 ], [ 117.875852300468566, -34.670647297193696 ] ] ] } },
{ "type": "Feature", "properties": { "CODE": "P_gp", "JNCODE": "si5011; P_gp", "fme_featur": "geology_surface_si5011" }, "geometry": { "type": "Polygon", "coordinates": [ [ [ 117.899948661307178, -34.65621504480675 ], [ 117.899324052585143, -34.655976179578609 ], [ 117.898774370196676, -34.655601495443818 ], [ 117.897265941292559, -34.654359164759221 ], [ 117.896595085715916, -34.653877151450764 ], [ 117.893897178270933, -34.652625484003444 ], [ 117.893456849806242, -34.652268008697085 ], [ 117.89323504259194, -34.651935983811448 ], [ 117.893033705934243, -34.651477562602132 ], [ 117.892952975443762, -34.6510723632409 ], [ 117.892948430809355, -34.650648570745048 ], [ 117.893020554375397, -34.650251269449015 ], [ 117.893180739778629, -34.649925463625316 ], [ 117.893806228250241, -34.649235544846682 ], [ 117.894403041090683, -34.64892457121092 ], [ 117.895100664594139, -34.648856329103637 ], [ 117.896587369868016, -34.649106915965405 ], [ 117.897814066422782, -34.649530733140757 ], [ 117.898176464803782, -34.649744485830702 ], [ 117.899299618031492, -34.650683051735896 ], [ 117.901045033598919, -34.651644062817937 ], [ 117.901594601805613, -34.652009720364234 ], [ 117.90259691808096, -34.652867990423665 ], [ 117.903193961865099, -34.653584973834676 ], [ 117.903384643504339, -34.654061491670049 ], [ 117.90334667131647, -34.654584791233546 ], [ 117.902992160079293, -34.655101417927497 ], [ 117.902278238405287, -34.65568382674531 ], [ 117.90149639430345, -34.65604129477898 ], [ 117.900505363621448, -34.656228969481781 ], [ 117.899948661307178, -34.65621504480675 ] ] ] } },
{ "type": "Feature", "properties": { "CODE": "P_gp", "JNCODE": "si5011; P_gp", "fme_featur": "geology_surface_si5011" }, "geometry": { "type": "Polygon", "coordinates": [ [ [ 117.971175173113195, -34.677644084762782 ], [ 117.970924170500794, -34.678583900213546 ], [ 117.97078533213768, -34.678846512396966 ], [ 117.970591182984521, -34.679046442671414 ], [ 117.970212113878787, -34.679301949501259 ], [ 117.969246810340792, -34.680770457775331 ], [ 117.968092347927623, -34.681933867469823 ], [ 117.967170648386784, -34.682464197492067 ], [ 117.966494957357313, -34.682559732087711 ], [ 117.965216418813455, -34.682443619635109 ], [ 117.964570229187004, -34.682259368703519 ], [ 117.964548189803878, -34.682241508203788 ], [ 117.963986293238136, -34.681795080677524 ], [ 117.963541751917035, -34.681113268768726 ], [ 117.963213731571415, -34.680123940560726 ], [ 117.963307425232543, -34.678788615326248 ], [ 117.963512663439118, -34.677659809809363 ], [ 117.964472912270139, -34.675749529701967 ], [ 117.965116994105543, -34.674815632341065 ], [ 117.965677412560993, -34.674198005852936 ], [ 117.966220811765169, -34.673995315328796 ], [ 117.967424605431646, -34.674265308725715 ], [ 117.968422718151601, -34.674681203903432 ], [ 117.969504791549753, -34.674807864123743 ], [ 117.971864980992095, -34.675023522866859 ], [ 117.972138782990754, -34.675102496651085 ], [ 117.971879833506662, -34.676294866584719 ], [ 117.971175173113195, -34.677644084762782 ] ] ] } },
{ "type": "Feature", "properties": { "CODE": "P_ns", "JNCODE": "si5011; P_ns", "fme_featur": "geology_surface_si5011" }, "geometry": { "type": "Polygon", "coordinates": [ [ [ 117.938492297697707, -34.631018007032488 ], [ 117.938659784654575, -34.631359385291155 ], [ 117.938740715445974, -34.63176455243795 ], [ 117.938701144148382, -34.632125559252003 ], [ 117.938530668365786, -34.63248757346404 ], [ 117.938283119281991, -34.632787057521952 ], [ 117.937742148095495, -34.633187990649809 ], [ 117.937176920011822, -34.633372686473422 ], [ 117.933753372824128, -34.633561262228639 ], [ 117.933007739757073, -34.632250405005891 ], [ 117.932672203901291, -34.631513531359928 ], [ 117.932613119836574, -34.631108192863074 ], [ 117.932762609336621, -34.630818487658338 ], [ 117.933455802851839, -34.630371323638563 ], [ 117.934412508301904, -34.630075435705315 ], [ 117.935218918681855, -34.629997114346729 ], [ 117.937378977158417, -34.629998567092969 ], [ 117.938193504725788, -34.630641568412337 ], [ 117.938492297697707, -34.631018007032488 ] ] ] } },
{ "type": "Feature", "properties": { "CODE": "P_gp", "JNCODE": "si5011; P_gp", "fme_featur": "geology_surface_si5011" }, "geometry": { "type": "Polygon", "coordinates": [ [ [ 117.848655593786404, -34.659143859658727 ], [ 117.848778912143061, -34.658394540743018 ], [ 117.849000806453361, -34.657680605629004 ], [ 117.849151278556945, -34.657454117794877 ], [ 117.849400603549938, -34.657290064317941 ], [ 117.850326021769391, -34.657076208958429 ], [ 117.850248117927251, -34.657996547100531 ], [ 117.849983596815221, -34.658809975103004 ], [ 117.849543274351902, -34.659507398867085 ], [ 117.848820228956797, -34.660305983254808 ], [ 117.848661569096308, -34.659729961745654 ], [ 117.848655593786404, -34.659143859658727 ] ] ] } },
{ "type": "Feature", "properties": { "CODE": "P_ng", "JNCODE": "si5011; P_ng", "fme_featur": "geology_surface_si5011" }, "geometry": { "type": "Polygon", "coordinates": [ [ [ 117.816831280519281, -34.630080942638877 ], [ 117.818333036043185, -34.630810324181347 ], [ 117.819298596731954, -34.631371954490135 ], [ 117.819913930341215, -34.631818702382368 ], [ 117.820409892993439, -34.632329373720886 ], [ 117.82070976486672, -34.632868415616194 ], [ 117.820802988650357, -34.633471971207072 ], [ 117.820713687851935, -34.634374337662798 ], [ 117.820607969772226, -34.634717719888741 ], [ 117.820446816110618, -34.634971298416069 ], [ 117.820056564346999, -34.635226417410522 ], [ 117.819403242524189, -34.635357055787495 ], [ 117.818257488950977, -34.635337695424141 ], [ 117.816553853537485, -34.635168760616232 ], [ 117.815689363329724, -34.634904015874504 ], [ 117.813518304809392, -34.633791309540854 ], [ 117.814261083541197, -34.632767357017038 ], [ 117.816831280519281, -34.630080942638877 ] ] ] } },
{ "type": "Feature", "properties": { "CODE": "P_ng", "JNCODE": "si5011; P_ng", "fme_featur": "geology_surface_si5011" }, "geometry": { "type": "Polygon", "coordinates": [ [ [ 117.743067565167721, -34.60506851524211 ], [ 117.742654595821548, -34.605233349268964 ], [ 117.739368721536337, -34.607345425602738 ], [ 117.737611048280101, -34.608384088946032 ], [ 117.735830325178057, -34.609287599772571 ], [ 117.734189043430575, -34.609928730747832 ], [ 117.732458742688735, -34.610371983584393 ], [ 117.731248926930476, -34.610469418594157 ], [ 117.730899132537814, -34.610381337130768 ], [ 117.73054799604175, -34.610139960807892 ], [ 117.730239776197607, -34.609817166750915 ], [ 117.730051369667777, -34.609475619465464 ], [ 117.730004429674153, -34.609097154431467 ], [ 117.730197504422605, -34.608726270840876 ], [ 117.731821716902473, -34.607381910450933 ], [ 117.732102422817164, -34.607055586963838 ], [ 117.73208922163326, -34.606794151087335 ], [ 117.731724818012026, -34.606282324660093 ], [ 117.731590705351309, -34.605913400620317 ], [ 117.731642307744266, -34.605579433926877 ], [ 117.731835129965305, -34.60518149585706 ], [ 117.732504314045556, -34.60438391681835 ], [ 117.733588210554089, -34.603619912409336 ], [ 117.734139866411297, -34.603102581711781 ], [ 117.734537173332754, -34.602396804732422 ], [ 117.73500389841756, -34.600906062471758 ], [ 117.73528385516795, -34.600498576145434 ], [ 117.735608383332661, -34.60019903369485 ], [ 117.736336234405471, -34.599879021574345 ], [ 117.739570296078426, -34.599327413841984 ], [ 117.740190355378203, -34.599152316406084 ], [ 117.740603139785122, -34.59896945631791 ], [ 117.741241959593395, -34.598451564535964 ], [ 117.742956709590572, -34.596294906987218 ], [ 117.743422630328311, -34.595958411790853 ], [ 117.744215036073783, -34.595547781889437 ], [ 117.744835137731926, -34.595381678506406 ], [ 117.746610371523985, -34.595127349810042 ], [ 117.747393625915379, -34.59491514626211 ], [ 117.747936739706773, -34.594677356549489 ], [ 117.74978139113604, -34.593656046098872 ], [ 117.750835278773096, -34.593225730949641 ], [ 117.751935208960759, -34.593065656065029 ], [ 117.752469588765734, -34.593071379806624 ], [ 117.752775552914045, -34.593141634861787 ], [ 117.753225956323845, -34.593508583943979 ], [ 117.753789885161652, -34.594370807137395 ], [ 117.754136391143589, -34.595306513541907 ], [ 117.754275394272184, -34.596207430568484 ], [ 117.75427663539385, -34.597551069157987 ], [ 117.75412382408831, -34.598742357786193 ], [ 117.753850891394961, -34.599916352713613 ], [ 117.753489163150476, -34.600919557901413 ], [ 117.752994122205337, -34.601653052095585 ], [ 117.752712865826055, -34.601907284630634 ], [ 117.752257042588951, -34.602153575161942 ], [ 117.751441017745137, -34.602366011893956 ], [ 117.749218528808456, -34.602623158733536 ], [ 117.748425030047798, -34.602916596836351 ], [ 117.748100780758037, -34.603243224567841 ], [ 117.74785658568635, -34.603984177500024 ], [ 117.747630964775666, -34.604364305913336 ], [ 117.747090129625875, -34.604863595241895 ], [ 117.743590473284115, -34.605002205162819 ], [ 117.743067565167721, -34.60506851524211 ] ] ] } },
{ "type": "Feature", "properties": { "CODE": "P_ng", "JNCODE": "si5011; P_ng", "fme_featur": "geology_surface_si5011" }, "geometry": { "type": "Polygon", "coordinates": [ [ [ 117.81045111768951, -34.577514203075154 ], [ 117.808649441183675, -34.578355785964973 ], [ 117.808230452449607, -34.577871603000723 ], [ 117.807593431415199, -34.577388861398958 ], [ 117.806837194987551, -34.576979046510509 ], [ 117.806016599866609, -34.576677864882058 ], [ 117.80361265534674, -34.576116580327884 ], [ 117.799420355245971, -34.575512867861306 ], [ 117.798313169258762, -34.57487985373993 ], [ 117.797643350942224, -34.574379238363633 ], [ 117.797279038929588, -34.573903677310589 ], [ 117.797121771077329, -34.573417745380738 ], [ 117.797084419476107, -34.572931030164376 ], [ 117.79715633900021, -34.57247065459763 ], [ 117.797465156401287, -34.571702127492188 ], [ 117.797896636368407, -34.571221366249453 ], [ 117.798243574901647, -34.571020707072243 ], [ 117.798580559134606, -34.570919307444285 ], [ 117.799125611056866, -34.570915740276924 ], [ 117.799966977307193, -34.571117637604225 ], [ 117.801247505213041, -34.57164128649778 ], [ 117.803679095128629, -34.572824662364525 ], [ 117.805900058521573, -34.573639652011202 ], [ 117.807223221170702, -34.574054742891093 ], [ 117.810096592789463, -34.574684984033077 ], [ 117.81065449500511, -34.57487967038265 ], [ 117.811311827811735, -34.575208959489352 ], [ 117.811483990761573, -34.577218772353568 ], [ 117.81045111768951, -34.577514203075154 ] ] ] } },
{ "type": "Feature", "properties": { "CODE": "P_ng", "JNCODE": "si5011; P_ng", "fme_featur": "geology_surface_si5011" }, "geometry": { "type": "Polygon", "coordinates": [ [ [ 117.734954964752035, -34.566864187817686 ], [ 117.734988508821303, -34.568198622769181 ], [ 117.734867535999683, -34.56931756020284 ], [ 117.734676949530396, -34.569958972237202 ], [ 117.734300564801515, -34.570547394897162 ], [ 117.733738457768325, -34.571091843856479 ], [ 117.733034151656327, -34.571583037399542 ], [ 117.732501807248639, -34.571793642875207 ], [ 117.731881538125393, -34.571923612952055 ], [ 117.729126017015673, -34.572228673984341 ], [ 117.728756392735505, -34.572348112940396 ], [ 117.728431474162548, -34.572593533399356 ], [ 117.728292035920035, -34.572855882069412 ], [ 117.728284279874828, -34.573216640900036 ], [ 117.729230830202795, -34.575492495771101 ], [ 117.729503344772482, -34.576735324884538 ], [ 117.7295440866245, -34.577654897669291 ], [ 117.729437350129274, -34.577917051993765 ], [ 117.729199944514406, -34.578198022583273 ], [ 117.728408727527196, -34.578734797696221 ], [ 117.727723536892981, -34.578928258959174 ], [ 117.727079753535008, -34.578868971156624 ], [ 117.726357223484854, -34.578530596601603 ], [ 117.725083795949843, -34.577528173842914 ], [ 117.723994872287022, -34.576425447213019 ], [ 117.723630966438805, -34.575949661191864 ], [ 117.723376317352887, -34.575500279993172 ], [ 117.723230923028453, -34.575077304331728 ], [ 117.723195484488315, -34.57476189079695 ], [ 117.723633157098476, -34.573686176747849 ], [ 117.723790585110166, -34.572981853631639 ], [ 117.723666255605778, -34.571215098387867 ], [ 117.723761397626163, -34.570871857130911 ], [ 117.723976295517019, -34.570509869918659 ], [ 117.724288910732156, -34.570102213434375 ], [ 117.72465665412885, -34.569766371450264 ], [ 117.725415656962269, -34.569292936486022 ], [ 117.727120364691672, -34.568507261259818 ], [ 117.727619057076453, -34.568188665936255 ], [ 117.72862347702609, -34.567109553937485 ], [ 117.728773648304838, -34.566829104994014 ], [ 117.728771366876984, -34.5665676017558 ], [ 117.72862737748089, -34.566306944426785 ], [ 117.728451473584343, -34.566136655600573 ], [ 117.7280461868543, -34.565913627841596 ], [ 117.727674546469459, -34.565798612050912 ], [ 117.726801717699871, -34.565713633638708 ], [ 117.724949407526765, -34.565814826281311 ], [ 117.724381952806525, -34.565746052293996 ], [ 117.724064508069148, -34.565594632547167 ], [ 117.723800942008381, -34.565370749888714 ], [ 117.723700884502662, -34.565145897404285 ], [ 117.723699165916031, -34.564947515360259 ], [ 117.723858219032351, -34.56443255606424 ], [ 117.724147995854949, -34.563907803318529 ], [ 117.72442898001519, -34.563626583465528 ], [ 117.724776380695261, -34.563462200456904 ], [ 117.726376208748817, -34.563164121081044 ], [ 117.72745430872709, -34.563040469643141 ], [ 117.728740373838875, -34.563014763532053 ], [ 117.729918539075882, -34.563115938658413 ], [ 117.731065900118296, -34.563433714693225 ], [ 117.731985154046725, -34.563843026100578 ], [ 117.73379304684785, -34.564896275285086 ], [ 117.734562498591103, -34.565622091085892 ], [ 117.734839215440147, -34.566098370077711 ], [ 117.734954964752035, -34.566864187817686 ] ] ] } },
{ "type": "Feature", "properties": { "CODE": "P_gp", "JNCODE": "si5011; P_gp", "fme_featur": "geology_surface_si5011" }, "geometry": { "type": "Polygon", "coordinates": [ [ [ 118.015091253307659, -34.684157527026471 ], [ 118.015128951635106, -34.684562996374751 ], [ 118.015024091022667, -34.684915548613318 ], [ 118.014809415864718, -34.685214910750304 ], [ 118.014214350181192, -34.685652699744416 ], [ 118.013681803415508, -34.685846495893465 ], [ 118.013082553067221, -34.685941652749818 ], [ 118.009315298669122, -34.685855683772019 ], [ 118.008595425834955, -34.685906730440458 ], [ 118.007844116942422, -34.686066241778477 ], [ 118.007062024036259, -34.686388316312247 ], [ 118.006075692724437, -34.686973577028709 ], [ 118.004895807132542, -34.687803896095772 ], [ 118.003621246830747, -34.688932558155827 ], [ 118.002385098392352, -34.6896280552658 ], [ 118.001624890936597, -34.689958932605684 ], [ 118.00105910375234, -34.690116877508004 ], [ 117.998889411740052, -34.690351098760729 ], [ 117.998321559391059, -34.69033771704656 ], [ 117.997544895455192, -34.690208815684251 ], [ 117.997139487401199, -34.690085889648181 ], [ 117.996842592195634, -34.689907970187967 ], [ 117.995694260843919, -34.688826250060721 ], [ 117.994749044021844, -34.687382164025081 ], [ 117.994432298250089, -34.686455954291397 ], [ 117.994263201616789, -34.685095702611861 ], [ 117.994462938787706, -34.684453835653464 ], [ 117.995010881491297, -34.683718951782417 ], [ 117.997064778698004, -34.683855462641652 ], [ 117.997633776478906, -34.683968032929457 ], [ 117.997941891650257, -34.684172911209345 ], [ 117.998935095804285, -34.685066516983447 ], [ 117.999275206032181, -34.685208007588898 ], [ 117.999613691664223, -34.685214249234406 ], [ 117.99993941883676, -34.685067298455571 ], [ 118.000241253609033, -34.684749211893845 ], [ 118.000400644992951, -34.684387206785956 ], [ 118.000831352758539, -34.682985970135363 ], [ 118.001089950610918, -34.682704306199554 ], [ 118.001458565520437, -34.682493877168802 ], [ 118.002513519467783, -34.682169594444382 ], [ 118.005238668239926, -34.681849573560456 ], [ 118.007559069952109, -34.681460699169484 ], [ 118.007920353521286, -34.681547886175245 ], [ 118.008997231598855, -34.682134125452649 ], [ 118.012284388230114, -34.682251146551437 ], [ 118.014005512314554, -34.682850023345715 ], [ 118.014390067993972, -34.683054223742275 ], [ 118.014967334588732, -34.683842949779354 ], [ 118.015091253307659, -34.684157527026471 ] ] ] } },
{ "type": "Feature", "properties": { "CODE": "P_ng", "JNCODE": "si5011; P_ng", "fme_featur": "geology_surface_si5011" }, "geometry": { "type": "Polygon", "coordinates": [ [ [ 118.023957123579976, -34.685192501836497 ], [ 118.023706775401507, -34.684365004288956 ], [ 118.023608244945109, -34.683455074492386 ], [ 118.023764201751575, -34.68282254651173 ], [ 118.024269211528505, -34.682169050553718 ], [ 118.025069358216967, -34.681549140232228 ], [ 118.025384554300814, -34.681438280059574 ], [ 118.025624568989457, -34.681427243167157 ], [ 118.026599103133407, -34.681671525754709 ], [ 118.027292306354454, -34.682116554852094 ], [ 118.027502696971396, -34.68235825108718 ], [ 118.027659516738069, -34.682681555228683 ], [ 118.027767779691459, -34.683492208030835 ], [ 118.027580555197915, -34.684242230572274 ], [ 118.027227705033013, -34.684840353157433 ], [ 118.026645739188766, -34.685449422353507 ], [ 118.025382208382311, -34.686560181764129 ], [ 118.024444394901366, -34.685756502922899 ], [ 118.023957123579976, -34.685192501836497 ] ] ] } },
{ "type": "Feature", "properties": { "CODE": "P_ng", "JNCODE": "si5011; P_ng", "fme_featur": "geology_surface_si5011" }, "geometry": { "type": "Polygon", "coordinates": [ [ [ 118.011941415781607, -34.678286331388186 ], [ 118.011328500813747, -34.679048881736726 ], [ 118.011057938670916, -34.679240492208578 ], [ 118.010710315712444, -34.679378636615013 ], [ 118.010153890427659, -34.6794012842849 ], [ 118.009638168173339, -34.679180121909603 ], [ 118.008812248564283, -34.67858279343325 ], [ 118.007576828055036, -34.677519938963449 ], [ 118.006759453267492, -34.676724142109677 ], [ 118.006028753182662, -34.67587351960983 ], [ 118.005694788548908, -34.675335229800048 ], [ 118.005379169461619, -34.674508229879365 ], [ 118.005000165144565, -34.672951339495157 ], [ 118.004762398768037, -34.671339178694488 ], [ 118.004807819983426, -34.670581339587713 ], [ 118.005147901218649, -34.669821071050627 ], [ 118.006514142827157, -34.669981129039826 ], [ 118.008451601038729, -34.670443040166298 ], [ 118.00891313555546, -34.67070072663423 ], [ 118.009883150351726, -34.671486228234031 ], [ 118.010492047080959, -34.672193559127713 ], [ 118.011049343972061, -34.673144785361281 ], [ 118.012194690804279, -34.675777385313808 ], [ 118.012377217060163, -34.676425123835955 ], [ 118.012141988140002, -34.67772558597882 ], [ 118.011941415781607, -34.678286331388186 ] ] ] } },
{ "type": "Feature", "properties": { "CODE": "P_ng", "JNCODE": "si5011; P_ng", "fme_featur": "geology_surface_si5011" }, "geometry": { "type": "Polygon", "coordinates": [ [ [ 118.008330066437921, -34.643292492399503 ], [ 118.008640783930318, -34.6437227613754 ], [ 118.008765270542014, -34.644091447960925 ], [ 118.008771058566538, -34.644569326056789 ], [ 118.008644942765173, -34.644967138027042 ], [ 118.008386375719198, -34.645239800666744 ], [ 118.007930660218079, -34.645450970243452 ], [ 118.006145533590825, -34.645808376834367 ], [ 118.005482732341989, -34.646039280824667 ], [ 118.00426883115442, -34.646716577486345 ], [ 118.002114165979719, -34.648104960281543 ], [ 117.999013290278569, -34.64703027329837 ], [ 117.997081185964589, -34.6460541648676 ], [ 117.993746235562355, -34.645468200226119 ], [ 117.992509513952612, -34.645153643224447 ], [ 117.99210390442353, -34.644994629210309 ], [ 117.991740863260247, -34.644745092751805 ], [ 117.991574313119656, -34.64450297503079 ], [ 117.99157152210077, -34.644268543036837 ], [ 117.991829497924357, -34.643941815428811 ], [ 117.992500868550962, -34.643512530916354 ], [ 117.99499690755782, -34.642383038842766 ], [ 117.997249728623373, -34.641904744346817 ], [ 117.998371808996822, -34.641760300607586 ], [ 117.999299133558168, -34.641752704961625 ], [ 117.999857043392538, -34.641874376537544 ], [ 118.001227043293341, -34.642386149727002 ], [ 118.001718850626304, -34.642454250545384 ], [ 118.002449154846957, -34.642394144283209 ], [ 118.004321286217817, -34.642018040655245 ], [ 118.005989056632046, -34.641887066370785 ], [ 118.007525901929071, -34.642658898671563 ], [ 118.008330066437921, -34.643292492399503 ] ] ] } },
{ "type": "Feature", "properties": { "CODE": "P_ns", "JNCODE": "si5011; P_ns", "fme_featur": "geology_surface_si5011" }, "geometry": { "type": "Polygon", "coordinates": [ [ [ 118.04763478985798, -34.607991441300008 ], [ 118.047149493659447, -34.608428447009558 ], [ 118.046261377404932, -34.608923011052433 ], [ 118.045891842977667, -34.609025372035525 ], [ 118.045379521873869, -34.609047798167701 ], [ 118.043359678662767, -34.608875722282065 ], [ 118.041417755831048, -34.608829192569445 ], [ 118.039782305436873, -34.608870195115685 ], [ 118.038812972686827, -34.608977645399314 ], [ 118.037281832877724, -34.609513688296538 ], [ 118.035286664773182, -34.61045042062895 ], [ 118.034681663284417, -34.610915445598089 ], [ 118.034341632907712, -34.611639728540837 ], [ 118.033879956782002, -34.612229779147377 ], [ 118.033199823077624, -34.612794625974715 ], [ 118.032323151226663, -34.613343097412447 ], [ 118.031541721059739, -34.613656302471874 ], [ 118.028194594463471, -34.614649432076099 ], [ 118.0185147318101, -34.616903855122068 ], [ 118.015200726580758, -34.617057725834641 ], [ 118.013651138422347, -34.616998472333165 ], [ 118.01208922263352, -34.616822073805714 ], [ 118.00935596420824, -34.616294652669886 ], [ 118.008206328628333, -34.615934441852332 ], [ 118.007130977110023, -34.615402274036867 ], [ 118.00552091116343, -34.614847452763009 ], [ 118.004908753597448, -34.614735269423321 ], [ 118.004495623599198, -34.614846882229237 ], [ 118.004195137837357, -34.61525514449508 ], [ 118.00400718631316, -34.6159510403985 ], [ 118.003829545230872, -34.617503515070332 ], [ 118.003766711571316, -34.617720452479276 ], [ 118.003584013899598, -34.61794739358222 ], [ 118.00288968123462, -34.618259699593693 ], [ 118.002203214949844, -34.618319446635311 ], [ 118.001251848014448, -34.618119856505714 ], [ 118.00100984584499, -34.617950509851013 ], [ 118.000853689932356, -34.617663230648041 ], [ 118.000534758677546, -34.615627887698388 ], [ 118.00069724697444, -34.614625610002427 ], [ 118.000660393666564, -34.613372476641842 ], [ 118.00074417865379, -34.613083228574951 ], [ 118.000883466647892, -34.612874682793283 ], [ 118.001284170404446, -34.612636938890923 ], [ 118.001817691931137, -34.612560418456482 ], [ 118.005145501639888, -34.612659289572001 ], [ 118.006300762086312, -34.612586642655657 ], [ 118.008596880376828, -34.612152874564927 ], [ 118.009118067021475, -34.611959196532425 ], [ 118.009670767515686, -34.611666062777843 ], [ 118.010503406300458, -34.611073029977462 ], [ 118.011377687127663, -34.610317331009853 ], [ 118.013005913967774, -34.608779861149323 ], [ 118.013295318674423, -34.608362651882857 ], [ 118.013225505256344, -34.608002530975732 ], [ 118.013014144057166, -34.607661620466743 ], [ 118.011617919643825, -34.60674440129673 ], [ 118.011242664805565, -34.60637779387315 ], [ 118.011130116630312, -34.606090165959607 ], [ 118.01110371586006, -34.605711648750137 ], [ 118.011249825956327, -34.605169386277417 ], [ 118.011519386058339, -34.604914660959182 ], [ 118.012007696959998, -34.604712225873755 ], [ 118.014087116445751, -34.604415416287637 ], [ 118.014652628555623, -34.604284469149349 ], [ 118.014626714427038, -34.604843771060459 ], [ 118.014729026089029, -34.605185585978717 ], [ 118.01496066142856, -34.605400079686895 ], [ 118.015277890985516, -34.605478597858095 ], [ 118.015801326068782, -34.605474240798436 ], [ 118.016301413154835, -34.605343830713799 ], [ 118.01774318000713, -34.604628445513057 ], [ 118.021373254288903, -34.604498916945715 ], [ 118.022440372221936, -34.604363733487013 ], [ 118.023046724009333, -34.604006967422798 ], [ 118.024297383573497, -34.602833214415504 ], [ 118.025075860992033, -34.602285625343178 ], [ 118.025900939590443, -34.601981112420042 ], [ 118.026718547907805, -34.601956199765567 ], [ 118.028830546784462, -34.602542581798325 ], [ 118.02924736409966, -34.60273745146079 ], [ 118.029534219404326, -34.603005556497031 ], [ 118.029670416107095, -34.603437247582718 ], [ 118.029655173638176, -34.603969409233265 ], [ 118.029539674035433, -34.604331084266654 ], [ 118.028973515301587, -34.605291716376477 ], [ 118.028870695500075, -34.605797563906393 ], [ 118.02888705049692, -34.60623928377877 ], [ 118.029035823280864, -34.606806131845886 ], [ 118.029324806551074, -34.607245551704608 ], [ 118.029732747502123, -34.607602809279228 ], [ 118.030215023350479, -34.607797122695168 ], [ 118.031556802633105, -34.607821854603145 ], [ 118.032939076099353, -34.607593738900114 ], [ 118.0367222848202, -34.606614811203031 ], [ 118.037895533614105, -34.606244135713666 ], [ 118.039034709242301, -34.60576552925469 ], [ 118.040503602252286, -34.605491503044597 ], [ 118.042278156807598, -34.605241900771546 ], [ 118.043488135342457, -34.605195487760504 ], [ 118.044831002310517, -34.605310239600904 ], [ 118.045596371002034, -34.605465997327698 ], [ 118.046955129285095, -34.605977358983296 ], [ 118.047981658222241, -34.606085772742496 ], [ 118.047792589410221, -34.607530194411169 ], [ 118.04763478985798, -34.607991441300008 ] ] ] } },
{ "type": "Feature", "properties": { "CODE": "P_ng", "JNCODE": "si5011; P_ng", "fme_featur": "geology_surface_si5011" }, "geometry": { "type": "Polygon", "coordinates": [ [ [ 118.147960593525596, -34.642003836254965 ], [ 118.148126316752737, -34.641362045721372 ], [ 118.148489145988407, -34.640772502644779 ], [ 118.149125191627107, -34.640216453456254 ], [ 118.149849868905193, -34.639758755895699 ], [ 118.150360594848735, -34.639609661745659 ], [ 118.150916449199286, -34.639568347486659 ], [ 118.153382601263218, -34.639599150688113 ], [ 118.155118610234027, -34.63969092644021 ], [ 118.155905550026517, -34.639791677403146 ], [ 118.156376884753527, -34.639949520461975 ], [ 118.157432031390883, -34.640507601120348 ], [ 118.158016724577777, -34.640970950539717 ], [ 118.15823966922899, -34.641311491189292 ], [ 118.158201298487796, -34.641690582945166 ], [ 118.157840039055856, -34.642388347056396 ], [ 118.153184671664263, -34.642639860438138 ], [ 118.147960593525596, -34.642003836254965 ] ] ] } },
{ "type": "Feature", "properties": { "CODE": "P_ns", "JNCODE": "si5011; P_ns", "fme_featur": "geology_surface_si5011" }, "geometry": { "type": "Polygon", "coordinates": [ [ [ 118.063670745427231, -34.65614103506536 ], [ 118.061145730581657, -34.654954706185698 ], [ 118.05924822385758, -34.654195709526803 ], [ 118.056754231239836, -34.652864740048187 ], [ 118.05542566156177, -34.652217976755033 ], [ 118.050801239897183, -34.650670853647867 ], [ 118.049965660399636, -34.650173076372234 ], [ 118.048949842776821, -34.649225972759623 ], [ 118.048228969258346, -34.648303377379122 ], [ 118.04774938567715, -34.647477896043718 ], [ 118.046825614512713, -34.645168350762589 ], [ 118.046233113851443, -34.644037239322579 ], [ 118.046115521829066, -34.643361940604478 ], [ 118.046223184070897, -34.642378116443325 ], [ 118.046539936952513, -34.641536776783326 ], [ 118.046743818422911, -34.641264503746775 ], [ 118.047489315253486, -34.640680986277339 ], [ 118.04792035975639, -34.640253463339555 ], [ 118.048263331370151, -34.639763573942396 ], [ 118.048785171470414, -34.638749133943286 ], [ 118.049074949164222, -34.638367908992514 ], [ 118.049399382189847, -34.63813968161061 ], [ 118.049812335479899, -34.638009883198151 ], [ 118.050379605284803, -34.638004998463153 ], [ 118.050806763527817, -34.638136580048396 ], [ 118.051082788854089, -34.638395706962029 ], [ 118.051294726661013, -34.63876359496718 ], [ 118.051498830114369, -34.639375020873963 ], [ 118.051581910085631, -34.639906333131876 ], [ 118.05155430420939, -34.640312355720923 ], [ 118.051416921411786, -34.640665220235931 ], [ 118.050666229963028, -34.641699677876211 ], [ 118.049891086770558, -34.642526940486391 ], [ 118.048603965121814, -34.643421723974349 ], [ 118.048377924671144, -34.643667138238207 ], [ 118.048250411667908, -34.643938757432565 ], [ 118.048257107086869, -34.644470728344459 ], [ 118.048649397586502, -34.64529695893696 ], [ 118.048923161249007, -34.646241434305956 ], [ 118.049112381494268, -34.646537381550033 ], [ 118.049432411801106, -34.646823185299418 ], [ 118.051454913201383, -34.647996061797272 ], [ 118.052047033013537, -34.648225407351752 ], [ 118.052801786006327, -34.648372189081684 ], [ 118.053762584061943, -34.648417993978114 ], [ 118.054536764573569, -34.64837523121524 ], [ 118.058480129017809, -34.647854122607825 ], [ 118.060410446715835, -34.647774228647037 ], [ 118.061535469316013, -34.647863631050249 ], [ 118.062508555235027, -34.648017468981479 ], [ 118.066011737671403, -34.648915685193828 ], [ 118.066681892306008, -34.649270520584679 ], [ 118.067760365572099, -34.649982473321963 ], [ 118.068025919247333, -34.650268704409925 ], [ 118.068149983762865, -34.650583226688831 ], [ 118.068152297029968, -34.650763554459587 ], [ 118.06805664563619, -34.650962775213664 ], [ 118.067228889617851, -34.651934885320813 ], [ 118.066843610165208, -34.652524388153722 ], [ 118.066718339961668, -34.652967336818072 ], [ 118.066842634935242, -34.653299893084522 ], [ 118.06762355767826, -34.653779996965959 ], [ 118.068379543184378, -34.654016844533913 ], [ 118.068815985830483, -34.654013019313105 ], [ 118.070209472438947, -34.653757325912984 ], [ 118.071463195846974, -34.653665158066332 ], [ 118.072958700927202, -34.653706110732507 ], [ 118.073713886082544, -34.653879810379266 ], [ 118.074021837483187, -34.65406646322581 ], [ 118.074256553902956, -34.654497230103374 ], [ 118.074294406438753, -34.654893661720919 ], [ 118.074203767947466, -34.655480590622709 ], [ 118.073941804028777, -34.656321515535758 ], [ 118.066215806596816, -34.65718285709562 ], [ 118.063670745427231, -34.65614103506536 ] ] ] } },
{ "type": "Feature", "properties": { "CODE": "P_ns", "JNCODE": "si5011; P_ns", "fme_featur": "geology_surface_si5011" }, "geometry": { "type": "Polygon", "coordinates": [ [ [ 118.108591106883495, -34.617930989310686 ], [ 118.107941048700155, -34.618261522145886 ], [ 118.106920051756774, -34.618586400875479 ], [ 118.105723588567315, -34.618840722581055 ], [ 118.104459768326848, -34.61895136398639 ], [ 118.103564134894555, -34.618860278790471 ], [ 118.103124898671666, -34.618638816620134 ], [ 118.102563906963169, -34.618283192272862 ], [ 118.101290799704799, -34.617690526517016 ], [ 118.100907058868387, -34.617540694460132 ], [ 118.100491672073076, -34.617472303422147 ], [ 118.099750528367679, -34.617515057341613 ], [ 118.099097703047619, -34.617638167751899 ], [ 118.097308979868487, -34.61847485685459 ], [ 118.096330376112519, -34.618709091792432 ], [ 118.095175250973028, -34.618791607823866 ], [ 118.094727498222667, -34.618750540026959 ], [ 118.094419516205647, -34.618554920470359 ], [ 118.09431591495138, -34.618141048627699 ], [ 118.094451896576373, -34.617697975002791 ], [ 118.094740326259924, -34.617235498287712 ], [ 118.095095255244473, -34.616853580700365 ], [ 118.095624914831291, -34.61648812765268 ], [ 118.096405763588379, -34.616147467109279 ], [ 118.097122593849235, -34.615915586462712 ], [ 118.098853197112462, -34.615638503868404 ], [ 118.10030332874291, -34.615598379880439 ], [ 118.101973006753568, -34.615664464511006 ], [ 118.104746096679591, -34.615864816731282 ], [ 118.106799764004847, -34.616098687734357 ], [ 118.10783846605969, -34.616287641699692 ], [ 118.108419120307317, -34.61648074979751 ], [ 118.108782136193668, -34.616711903201193 ], [ 118.108993908374472, -34.617052639502198 ], [ 118.108967186775146, -34.617503752736113 ], [ 118.108591106883495, -34.617930989310686 ] ] ] } },
{ "type": "Feature", "properties": { "CODE": "P_ns", "JNCODE": "si5011; P_ns", "fme_featur": "geology_surface_si5011" }, "geometry": { "type": "Polygon", "coordinates": [ [ [ 118.059794640431846, -34.603648200754208 ], [ 118.058591334564269, -34.604217731115334 ], [ 118.058243074197051, -34.604274857270489 ], [ 118.057881736008326, -34.604160763734072 ], [ 118.057057607936741, -34.603671945520958 ], [ 118.056050510847712, -34.603374072621982 ], [ 118.055719952867037, -34.603106408959789 ], [ 118.055585562374489, -34.602828029805679 ], [ 118.055680507036271, -34.602574718773177 ], [ 118.056026707670327, -34.60235530309776 ], [ 118.056624505277767, -34.602196830154661 ], [ 118.057256041944271, -34.602119219279125 ], [ 118.059175315020696, -34.60211159000805 ], [ 118.060966716972601, -34.602339497018129 ], [ 118.061131650270511, -34.603302932739091 ], [ 118.059794640431846, -34.603648200754208 ] ] ] } },
{ "type": "Feature", "properties": { "CODE": "P_ns", "JNCODE": "si5011; P_ns", "fme_featur": "geology_surface_si5011" }, "geometry": { "type": "Polygon", "coordinates": [ [ [ 117.99206594518796, -34.579464520080606 ], [ 117.991830692287877, -34.578934394859623 ], [ 117.991758856953766, -34.578393923689873 ], [ 117.991822123391472, -34.578213057908222 ], [ 117.991961913549915, -34.57804960531606 ], [ 117.99233148926271, -34.577956425113463 ], [ 117.9930314295068, -34.578140101279814 ], [ 117.993854830271928, -34.578620348242673 ], [ 117.994580986030527, -34.579173522676086 ], [ 117.992654234866535, -34.580343459409221 ], [ 117.99206594518796, -34.579464520080606 ] ] ] } },
{ "type": "Feature", "properties": { "CODE": "P_ns", "JNCODE": "si5011; P_ns", "fme_featur": "geology_surface_si5011" }, "geometry": { "type": "Polygon", "coordinates": [ [ [ 118.063982011478188, -34.571112696853646 ], [ 118.065088915115908, -34.571571953712542 ], [ 118.066707456263686, -34.571972624837223 ], [ 118.06739959429197, -34.572390397050079 ], [ 118.067720432245906, -34.572757308862663 ], [ 118.067899105464676, -34.573089393686104 ], [ 118.068276469214496, -34.574465770628834 ], [ 118.068578402341444, -34.575058283158192 ], [ 118.069850008716784, -34.576453874342825 ], [ 118.071683378137621, -34.579143040142661 ], [ 118.072191899481012, -34.579688641107786 ], [ 118.07266540636266, -34.580054197644806 ], [ 118.07319238135635, -34.580338124636604 ], [ 118.073695933559051, -34.580496010431034 ], [ 118.07637236272106, -34.580905273863983 ], [ 118.077552980364274, -34.581147345033081 ], [ 118.078680844446183, -34.581525133335646 ], [ 118.079372421566433, -34.581888735658815 ], [ 118.080181887869585, -34.582936619539034 ], [ 118.080462133366311, -34.583529292697634 ], [ 118.080445114562849, -34.583899160240712 ], [ 118.080120690866835, -34.584948060249168 ], [ 118.080071781003355, -34.585381332319471 ], [ 118.080173283171462, -34.585641940896934 ], [ 118.080815761193932, -34.586420773102176 ], [ 118.080907415699599, -34.586762625527996 ], [ 118.080769656336258, -34.587070439989134 ], [ 118.080436004631252, -34.58740704129962 ], [ 118.079893805564652, -34.587637277674624 ], [ 118.077609202021932, -34.588036208123619 ], [ 118.076925026439426, -34.588249650124197 ], [ 118.076482562167897, -34.588605235973539 ], [ 118.075225789907805, -34.590077148399281 ], [ 118.074933856444375, -34.590269087532945 ], [ 118.073990774680695, -34.590701213280148 ], [ 118.07351244485983, -34.590813632131621 ], [ 118.073011032870966, -34.590827059788587 ], [ 118.070499111990401, -34.590515475451731 ], [ 118.069779183539836, -34.590494736680085 ], [ 118.069234739036474, -34.590553613490705 ], [ 118.068518850927987, -34.590848443928422 ], [ 118.066409971284216, -34.592210498135074 ], [ 118.06524979687039, -34.592725611303024 ], [ 118.064726449984846, -34.592730179028401 ], [ 118.064189900205548, -34.592554509878489 ], [ 118.06353089133421, -34.592181520964637 ], [ 118.063002034549314, -34.591753289709018 ], [ 118.062789826170444, -34.591358368536419 ], [ 118.062308376110494, -34.58951397460951 ], [ 118.062037189211097, -34.588767882963445 ], [ 118.06170391881011, -34.58828383818998 ], [ 118.061264150309171, -34.587999103645743 ], [ 118.056609883069626, -34.587263986972154 ], [ 118.05361935380138, -34.587894017133529 ], [ 118.052693326110898, -34.587956114146166 ], [ 118.051940486648576, -34.587917518716743 ], [ 118.050509083989553, -34.587677359318739 ], [ 118.047958396142917, -34.58686967940362 ], [ 118.047204549777092, -34.586749905637639 ], [ 118.046746990604873, -34.58678088385242 ], [ 118.046192892102013, -34.586938933263134 ], [ 118.044306709161958, -34.587820770929987 ], [ 118.04144138813561, -34.58888227285847 ], [ 118.040846915464755, -34.589302150752133 ], [ 118.040307849706693, -34.589793693573739 ], [ 118.039471022862386, -34.590891944536892 ], [ 118.038900127872381, -34.591455892458519 ], [ 118.038187373224261, -34.592012027258782 ], [ 118.037699650603557, -34.592250631340669 ], [ 118.037229920974767, -34.592182484958045 ], [ 118.036439187423397, -34.591729310429869 ], [ 118.036075133557631, -34.591389736337966 ], [ 118.035365820238724, -34.590466952204615 ], [ 118.03490365086941, -34.590128206906556 ], [ 118.03392972460901, -34.589847902135652 ], [ 118.032587118925662, -34.589733025288879 ], [ 118.031443998068553, -34.589877955904356 ], [ 118.029836390607272, -34.590378480330997 ], [ 118.029118802063991, -34.590546849821877 ], [ 118.025545196551647, -34.590784339230424 ], [ 118.022106931584034, -34.591390309464096 ], [ 118.019518947758897, -34.591980064423126 ], [ 118.018291075779516, -34.592332983648141 ], [ 118.017846245295772, -34.59251704572128 ], [ 118.017153716028332, -34.592955662236939 ], [ 118.016466840942357, -34.592068649720225 ], [ 118.016331720559052, -34.591718091191439 ], [ 118.016294948418803, -34.591384748496971 ], [ 118.017262462325448, -34.591142230589782 ], [ 118.018042639837361, -34.590738952424275 ], [ 118.01850552497892, -34.590248142655469 ], [ 118.018856404344135, -34.589514792807094 ], [ 118.018960258328036, -34.589090101259167 ], [ 118.018879426034232, -34.588721057029474 ], [ 118.017835989198403, -34.587205799970015 ], [ 118.017431958505583, -34.586262326982045 ], [ 118.017233871389053, -34.585217942905864 ], [ 118.017276515005648, -34.584243692217179 ], [ 118.017589179677572, -34.583059786487503 ], [ 118.017876276475732, -34.582462233909382 ], [ 118.019465640736414, -34.580474123672118 ], [ 118.02048817892269, -34.579392489019568 ], [ 118.021383955993102, -34.578645556240986 ], [ 118.022238319801602, -34.578079314884619 ], [ 118.024263145582097, -34.576944162001254 ], [ 118.025695007020104, -34.576355013641248 ], [ 118.027878373104073, -34.574821696554316 ], [ 118.028895942646713, -34.57423599933496 ], [ 118.032086948833808, -34.573090881309192 ], [ 118.034641888362756, -34.572528197051767 ], [ 118.035630258161007, -34.572231253215705 ], [ 118.036682120654973, -34.571780463862396 ], [ 118.038545219592706, -34.570817783004742 ], [ 118.039810337840933, -34.569986415250298 ], [ 118.041310735630773, -34.568792325663672 ], [ 118.042150699102095, -34.567964560200849 ], [ 118.043287168596024, -34.566439903920759 ], [ 118.04374022418034, -34.566057293772403 ], [ 118.044400142561628, -34.565654877099206 ], [ 118.045007587188749, -34.56541522199511 ], [ 118.045605257357821, -34.565265823093469 ], [ 118.047411754373044, -34.565024896761599 ], [ 118.050319766448382, -34.564828576017412 ], [ 118.051627702419168, -34.564817314863951 ], [ 118.052249766794347, -34.564875076842597 ], [ 118.052709816991538, -34.565051461001573 ], [ 118.053897541086471, -34.565879843233354 ], [ 118.054501344054358, -34.56621729494691 ], [ 118.055114343127244, -34.566419401079919 ], [ 118.057005802593963, -34.566862930906112 ], [ 118.057641296656939, -34.567118934614676 ], [ 118.059047209573976, -34.56795439245311 ], [ 118.06040231384948, -34.569078835981159 ], [ 118.06121452649559, -34.569513635834646 ], [ 118.062533084416216, -34.570331776878106 ], [ 118.063982011478188, -34.571112696853646 ] ] ] } },
{ "type": "Feature", "properties": { "CODE": "P_ns", "JNCODE": "si5011; P_ns", "fme_featur": "geology_surface_si5011" }, "geometry": { "type": "Polygon", "coordinates": [ [ [ 118.01204888584131, -34.56404271540822 ], [ 118.010821268266426, -34.563484779357736 ], [ 118.010392155467102, -34.563154681283301 ], [ 118.010071930499123, -34.562814663120825 ], [ 118.00993721427399, -34.562491144611968 ], [ 118.009943535509251, -34.562112353625707 ], [ 118.010060265924267, -34.561849877759641 ], [ 118.010318903094714, -34.561604262562078 ], [ 118.010796176340392, -34.561410942180345 ], [ 118.011503857428494, -34.561341957220215 ], [ 118.012572082969683, -34.561342118742992 ], [ 118.013564998784332, -34.561424054501224 ], [ 118.014013505518605, -34.561555593515216 ], [ 118.014397713326559, -34.561777841036026 ], [ 118.014860298808983, -34.562170769822707 ], [ 118.01508178947617, -34.562457490868859 ], [ 118.015161919239986, -34.562772439898289 ], [ 118.015111805090186, -34.563133559915826 ], [ 118.014930130732651, -34.56343265074009 ], [ 118.014595205753452, -34.563678909667985 ], [ 118.014161417270714, -34.563862866026597 ], [ 118.013432793587953, -34.564004181074139 ], [ 118.012431351747907, -34.564120702094485 ], [ 118.01204888584131, -34.56404271540822 ] ] ] } },
{ "type": "Feature", "properties": { "CODE": "P_ns", "JNCODE": "si5011; P_ns", "fme_featur": "geology_surface_si5011" }, "geometry": { "type": "Polygon", "coordinates": [ [ [ 118.065893527582801, -34.56030204065739 ], [ 118.064987890612315, -34.560228787148382 ], [ 118.064343137333282, -34.560099147355828 ], [ 118.063925767898226, -34.55985029462866 ], [ 118.063680599798857, -34.559428606905236 ], [ 118.0635753952226, -34.558870436225 ], [ 118.063816191320427, -34.558092829785622 ], [ 118.064252695685369, -34.557277446670518 ], [ 118.0647059492549, -34.556921810423646 ], [ 118.065249374258215, -34.556799841737323 ], [ 118.06596832146947, -34.556766513530377 ], [ 118.066971776545017, -34.55682087019224 ], [ 118.067551002609605, -34.556942051873925 ], [ 118.068121637040335, -34.557243656670359 ], [ 118.069089349812288, -34.557911500869594 ], [ 118.069574423877611, -34.558340093429166 ], [ 118.069830054877286, -34.558725607306414 ], [ 118.069856239262492, -34.559068044017174 ], [ 118.069707121289866, -34.559339876712095 ], [ 118.069114500656454, -34.559877102577644 ], [ 118.06863853038044, -34.560160813626808 ], [ 118.068236543010897, -34.560263524833822 ], [ 118.067583305552887, -34.560323344621558 ], [ 118.065893527582801, -34.56030204065739 ] ] ] } },
{ "type": "Feature", "properties": { "CODE": "P_ns", "JNCODE": "si5011; P_ns", "fme_featur": "geology_surface_si5011" }, "geometry": { "type": "Polygon", "coordinates": [ [ [ 118.125530659378441, -34.512776535645799 ], [ 118.126706375120122, -34.51433474732179 ], [ 118.126907298412803, -34.51469359508144 ], [ 118.126932968878492, -34.514981919266127 ], [ 118.126882511817186, -34.515279963325661 ], [ 118.126298094189409, -34.516376474949617 ], [ 118.125327051427149, -34.516268197343457 ], [ 118.124649512296287, -34.51611212219489 ], [ 118.123466668671085, -34.515645078360535 ], [ 118.122545384671881, -34.515184636899278 ], [ 118.119983122002196, -34.513395632374525 ], [ 118.119055853877015, -34.51248434164809 ], [ 118.118391346115828, -34.511669831034993 ], [ 118.119615459143589, -34.510342055438763 ], [ 118.120670573764343, -34.509412590300009 ], [ 118.121373700778477, -34.509857014888929 ], [ 118.122239007944287, -34.510209770009432 ], [ 118.123244589097183, -34.510462036133845 ], [ 118.1246522164883, -34.510638452597028 ], [ 118.125127139050392, -34.511932604677234 ], [ 118.125530659378441, -34.512776535645799 ] ] ] } },
{ "type": "Feature", "properties": { "CODE": "P_ns", "JNCODE": "si5011; P_ns", "fme_featur": "geology_surface_si5011" }, "geometry": { "type": "Polygon", "coordinates": [ [ [ 118.065640966587537, -34.506279970615196 ], [ 118.065968983086648, -34.506376302506474 ], [ 118.066276479951767, -34.50657200632272 ], [ 118.066585127003378, -34.506857875392249 ], [ 118.066740944937834, -34.507118025482583 ], [ 118.066692574607643, -34.507596381092114 ], [ 118.066355058144637, -34.508465018158148 ], [ 118.066054443567182, -34.508810311034196 ], [ 118.06551546143524, -34.509256876265432 ], [ 118.064230067742088, -34.510115736577724 ], [ 118.063525963720238, -34.510428467476807 ], [ 118.062547713559965, -34.510599297588932 ], [ 118.060730516757417, -34.510759372637786 ], [ 118.059608372219458, -34.510751076513593 ], [ 118.058025441895694, -34.510485251250351 ], [ 118.056854608245175, -34.510071558844153 ], [ 118.056381687154186, -34.509714944924539 ], [ 118.056136596664786, -34.509284218612585 ], [ 118.056118310166582, -34.508698231612946 ], [ 118.056297985145946, -34.507398141079882 ], [ 118.06037356079554, -34.506659457928997 ], [ 118.065640966587537, -34.506279970615196 ] ] ] } },
{ "type": "Feature", "properties": { "CODE": "P_ns", "JNCODE": "si5011; P_ns", "fme_featur": "geology_surface_si5011" }, "geometry": { "type": "Polygon", "coordinates": [ [ [ 118.049423407771428, -34.508187819196571 ], [ 118.049100373917085, -34.508488175493362 ], [ 118.048699285208869, -34.508644919057588 ], [ 118.047306668219832, -34.508783113286228 ], [ 118.044179486307627, -34.508719707710327 ], [ 118.044520139845375, -34.50721085109366 ], [ 118.044756275152935, -34.506929285223165 ], [ 118.045113908319621, -34.506781943988372 ], [ 118.046440356031297, -34.506581218427058 ], [ 118.047660924949724, -34.506624862575059 ], [ 118.048589333499692, -34.50682430235787 ], [ 118.049652180360965, -34.507320161618743 ], [ 118.049571714264388, -34.507852892916752 ], [ 118.049423407771428, -34.508187819196571 ] ] ] } },
{ "type": "Feature", "properties": { "CODE": "P_ns", "JNCODE": "si5011; P_ns", "fme_featur": "geology_surface_si5011" }, "geometry": { "type": "Polygon", "coordinates": [ [ [ 117.982133170748355, -34.538622898295436 ], [ 117.980144761792388, -34.538187992315819 ], [ 117.979860086135346, -34.538073047504739 ], [ 117.979585251162959, -34.53786784655189 ], [ 117.979198816206761, -34.537438098579088 ], [ 117.978930658847986, -34.53687213637054 ], [ 117.978902428132272, -34.536322285713538 ], [ 117.97910406793315, -34.535860768699727 ], [ 117.979427989016187, -34.535605676736964 ], [ 117.979873347384626, -34.535484874391422 ], [ 117.980734121919099, -34.535477964364354 ], [ 117.981726599305546, -34.535551148422776 ], [ 117.983015387067866, -34.53580229253334 ], [ 117.983431976589131, -34.536015361949651 ], [ 117.983926961785912, -34.536408151289194 ], [ 117.984236506713557, -34.536784398052106 ], [ 117.984338710408991, -34.537135262570807 ], [ 117.984301281915762, -34.537658587904197 ], [ 117.984088240138973, -34.538075116799689 ], [ 117.983753958363408, -34.53837539269459 ], [ 117.983353024015472, -34.538567992677081 ], [ 117.982776475296745, -34.538653793093815 ], [ 117.982133170748355, -34.538622898295436 ] ] ] } },
{ "type": "Feature", "properties": { "CODE": "P_ns", "JNCODE": "si5011; P_ns", "fme_featur": "geology_surface_si5011" }, "geometry": { "type": "Polygon", "coordinates": [ [ [ 118.194966775803138, -34.689361659540275 ], [ 118.194680388958659, -34.689184123323187 ], [ 118.194458328702481, -34.688924801059351 ], [ 118.194321259815808, -34.688502335692654 ], [ 118.19431569110958, -34.688114650292825 ], [ 118.194397960654413, -34.68776217284023 ], [ 118.194536747262717, -34.687544399495259 ], [ 118.194774026883849, -34.687343694828051 ], [ 118.195164373605834, -34.687159523066079 ], [ 118.19606849737896, -34.687024411905924 ], [ 118.197183635614621, -34.687139703105679 ], [ 118.197502375757082, -34.687289863982159 ], [ 118.197822545721266, -34.687539199218683 ], [ 118.198177671276085, -34.687941482388162 ], [ 118.198335029495297, -34.688255537293053 ], [ 118.198360498036905, -34.688507768559205 ], [ 118.198244070031038, -34.688761395109417 ], [ 118.19802849545863, -34.688952875862974 ], [ 118.197681288303301, -34.689100563987743 ], [ 118.19705093368556, -34.689296118815804 ], [ 118.196441109084986, -34.689401296800618 ], [ 118.195513574094306, -34.689428434153498 ], [ 118.194966775803138, -34.689361659540275 ] ] ] } },
{ "type": "Feature", "properties": { "CODE": "P_gp", "JNCODE": "si5011; P_gp", "fme_featur": "geology_surface_si5011" }, "geometry": { "type": "Polygon", "coordinates": [ [ [ 118.432982223885091, -34.712222866849004 ], [ 118.432254850323147, -34.711834678605626 ], [ 118.431975705672585, -34.711477285365639 ], [ 118.431912302149726, -34.710332887778002 ], [ 118.431804571633606, -34.709784124676702 ], [ 118.433348389122102, -34.709396278359193 ], [ 118.43450230170248, -34.709193341898846 ], [ 118.435986203830495, -34.70913077521827 ], [ 118.43639121511363, -34.70918911859544 ], [ 118.43675396300651, -34.70932911088407 ], [ 118.436954207510411, -34.709543153918744 ], [ 118.437036239130592, -34.709866793523538 ], [ 118.436987424603643, -34.710200993420003 ], [ 118.436829596220889, -34.710545495969562 ], [ 118.436058225264532, -34.711402177008516 ], [ 118.434818801289182, -34.712345518823618 ], [ 118.433628515849975, -34.71234149882595 ], [ 118.432982223885091, -34.712222866849004 ] ] ] } },
{ "type": "Feature", "properties": { "CODE": "P_ns", "JNCODE": "si5011; P_ns", "fme_featur": "geology_surface_si5011" }, "geometry": { "type": "Polygon", "coordinates": [ [ [ 118.304101865535387, -34.595357062535669 ], [ 118.303598098499492, -34.595218170716549 ], [ 118.303473523595542, -34.594921933834819 ], [ 118.303608070919253, -34.59446061878986 ], [ 118.303928660115687, -34.59404240154948 ], [ 118.304425232242053, -34.593721491466574 ], [ 118.305660610658421, -34.593230365934112 ], [ 118.30606272103222, -34.59314490743602 ], [ 118.306523011656751, -34.593293271980087 ], [ 118.306788335097991, -34.593524877913204 ], [ 118.306922691940542, -34.593748868947152 ], [ 118.306970961155912, -34.594045919633906 ], [ 118.306802596490613, -34.594435462770448 ], [ 118.306480891126995, -34.594781561713589 ], [ 118.305994941185091, -34.595084331989035 ], [ 118.305409031795278, -34.595270946235956 ], [ 118.304788861375116, -34.595358734841106 ], [ 118.304101865535387, -34.595357062535669 ] ] ] } },
{ "type": "Feature", "properties": { "CODE": "P_ns", "JNCODE": "si5011; P_ns", "fme_featur": "geology_surface_si5011" }, "geometry": { "type": "Polygon", "coordinates": [ [ [ 118.279342578225467, -34.593509156219277 ], [ 118.27911114163625, -34.593349272353279 ], [ 118.278922071392444, -34.593107788801255 ], [ 118.278863967354056, -34.592873949556292 ], [ 118.278893081369901, -34.592639196130257 ], [ 118.279266918473098, -34.592130311689758 ], [ 118.280791804375326, -34.591311780183332 ], [ 118.281702728145305, -34.590986611564297 ], [ 118.282116172426157, -34.590928164498365 ], [ 118.282563707664593, -34.590959530092988 ], [ 118.282903886646224, -34.591100229706683 ], [ 118.283158375631189, -34.591341019137701 ], [ 118.283293498074443, -34.59161913244305 ], [ 118.283275714779435, -34.591880819351331 ], [ 118.283095924400612, -34.5922433996002 ], [ 118.282827251702614, -34.592498707258379 ], [ 118.282136023131656, -34.592929782810799 ], [ 118.281259448310422, -34.5933628009535 ], [ 118.280598282367777, -34.593622224701349 ], [ 118.280087394045523, -34.593726775319269 ], [ 118.279342578225467, -34.593509156219277 ] ] ] } },
{ "type": "Feature", "properties": { "CODE": "P_ns", "JNCODE": "si5011; P_ns", "fme_featur": "geology_surface_si5011" }, "geometry": { "type": "Polygon", "coordinates": [ [ [ 118.315946747083515, -34.589314603656852 ], [ 118.315583298347164, -34.589084075644244 ], [ 118.315394134481593, -34.58884265061895 ], [ 118.315314555385498, -34.588636112861629 ], [ 118.315322615028862, -34.588455681970366 ], [ 118.315460497721773, -34.588210731161709 ], [ 118.316030598825819, -34.587717654953579 ], [ 118.317045371841303, -34.587075502170357 ], [ 118.317534081022202, -34.586953002729459 ], [ 118.318058055422, -34.586992430013197 ], [ 118.318475580836321, -34.587195314859898 ], [ 118.318753527507184, -34.587534964790045 ], [ 118.318791217875145, -34.587850159350133 ], [ 118.318621923338625, -34.588176608043035 ], [ 118.318223553551846, -34.588496514292409 ], [ 118.317639996770751, -34.588827436356276 ], [ 118.316328588118552, -34.589328519387109 ], [ 118.315946747083515, -34.589314603656852 ] ] ] } },
{ "type": "Feature", "properties": { "CODE": "P_ng", "JNCODE": "si5011; P_ng", "fme_featur": "geology_surface_si5011" }, "geometry": { "type": "Polygon", "coordinates": [ [ [ 118.274140076432218, -34.570569576227669 ], [ 118.274425828724787, -34.570007521532752 ], [ 118.274549052366453, -34.569510284457962 ], [ 118.274562595205239, -34.56896910624998 ], [ 118.274460130863332, -34.567969258025947 ], [ 118.274450088046521, -34.567311101294699 ], [ 118.274234893208529, -34.566781328360996 ], [ 118.274438976269749, -34.5658684519397 ], [ 118.274670493315853, -34.565324997308146 ], [ 118.275142877554018, -34.564851164436647 ], [ 118.27572644493199, -34.564520444332494 ], [ 118.276356632416466, -34.564387614245987 ], [ 118.277772200362818, -34.564291648228945 ], [ 118.279712286935904, -34.56499270567172 ], [ 118.280174449774265, -34.565276412228982 ], [ 118.280297236785529, -34.565464487192067 ], [ 118.280158594109253, -34.565664321478287 ], [ 118.279833705639817, -34.565802987679646 ], [ 118.277985338989083, -34.566110907615496 ], [ 118.277486340413546, -34.566269425052283 ], [ 118.276882073270954, -34.566672508339558 ], [ 118.276388855811888, -34.567209686641618 ], [ 118.276285515289686, -34.567580475759705 ], [ 118.276620051207587, -34.568785292521561 ], [ 118.276697149767926, -34.570263319452543 ], [ 118.276538471619688, -34.571292948540673 ], [ 118.276157940676498, -34.57207241358914 ], [ 118.275858125702754, -34.572427221826587 ], [ 118.275556655590421, -34.572673839352746 ], [ 118.274700539897452, -34.573007405798748 ], [ 118.273536750121565, -34.573181866275092 ], [ 118.271500153385219, -34.573311308232192 ], [ 118.273669580156152, -34.571169627429228 ], [ 118.274140076432218, -34.570569576227669 ] ] ] } },
{ "type": "Feature", "properties": { "CODE": "P_ns", "JNCODE": "si5011; P_ns", "fme_featur": "geology_surface_si5011" }, "geometry": { "type": "Polygon", "coordinates": [ [ [ 117.930845685481188, -34.620354713968531 ], [ 117.930243680952515, -34.620169937267249 ], [ 117.929200169902956, -34.619519607308938 ], [ 117.928330683924756, -34.6188228560247 ], [ 117.927877478612814, -34.618285249125194 ], [ 117.927731374944088, -34.617898604189925 ], [ 117.927712341085154, -34.61716832441445 ], [ 117.927774369840819, -34.61686125468664 ], [ 117.927902540399202, -34.616616804934516 ], [ 117.928325188559427, -34.616370114405328 ], [ 117.929446658780776, -34.616190240630921 ], [ 117.93070081425499, -34.616171660879289 ], [ 117.93196738726175, -34.616288237139095 ], [ 117.932383249045117, -34.616411305458158 ], [ 117.932800423469374, -34.616651590894811 ], [ 117.934616087893758, -34.618071488721192 ], [ 117.934760403839903, -34.618295822399332 ], [ 117.934730412913495, -34.618539526853539 ], [ 117.934483395587421, -34.618884087448222 ], [ 117.933954613535434, -34.619393121615339 ], [ 117.933349475688004, -34.619902737772165 ], [ 117.932851484540038, -34.620240197596765 ], [ 117.932275727609166, -34.620452003686012 ], [ 117.931959622535445, -34.620472454383318 ], [ 117.930845685481188, -34.620354713968531 ] ] ] } },
{ "type": "Feature", "properties": { "CODE": "P_ns", "JNCODE": "si5011; P_ns", "fme_featur": "geology_surface_si5011" }, "geometry": { "type": "Polygon", "coordinates": [ [ [ 117.979523857010747, -34.593984941465365 ], [ 117.978046280781456, -34.59351886233604 ], [ 117.977618721846611, -34.593323901968787 ], [ 117.977409021875644, -34.593109160057452 ], [ 117.977330057949828, -34.592884353146012 ], [ 117.977338004452932, -34.592631797370387 ], [ 117.97745466721129, -34.592351318046738 ], [ 117.977767905028585, -34.592096316358003 ], [ 117.978333078212657, -34.5919384875776 ], [ 117.979639245310082, -34.591738639290703 ], [ 117.980827166307975, -34.591684008766478 ], [ 117.981471304009858, -34.591750970118213 ], [ 117.982039862842541, -34.591881659342 ], [ 117.982686551147964, -34.592165015450242 ], [ 117.983378025786934, -34.592547200432961 ], [ 117.98062056608444, -34.594517186953929 ], [ 117.979523857010747, -34.593984941465365 ] ] ] } },
{ "type": "Feature", "properties": { "CODE": "P_ns", "JNCODE": "si5011; P_ns", "fme_featur": "geology_surface_si5011" }, "geometry": { "type": "Polygon", "coordinates": [ [ [ 117.959179104171511, -34.558193322870054 ], [ 117.958925738787883, -34.557960854574574 ], [ 117.958725731047153, -34.55762877262579 ], [ 117.958632954302075, -34.557142548373598 ], [ 117.958627368386374, -34.556655639382548 ], [ 117.958699521398131, -34.55629436695159 ], [ 117.958805818084812, -34.556059073364246 ], [ 117.959021307153733, -34.555840957263783 ], [ 117.959356886440787, -34.555639932442936 ], [ 117.960062807526398, -34.55541795961733 ], [ 117.961095887548666, -34.555211442932425 ], [ 117.963305582471421, -34.554959568559667 ], [ 117.964581640309405, -34.555030651946723 ], [ 117.964953750345344, -34.555162975985226 ], [ 117.965196329141762, -34.555404534718349 ], [ 117.965232878266704, -34.555737898474291 ], [ 117.965073252680341, -34.556072813135714 ], [ 117.964706967724723, -34.556445431366512 ], [ 117.964252761466142, -34.556755619496322 ], [ 117.963003878402361, -34.557153235908729 ], [ 117.960477525070189, -34.558309361226556 ], [ 117.959693838350091, -34.558405700924801 ], [ 117.959179104171511, -34.558193322870054 ] ] ] } },
{ "type": "Feature", "properties": { "CODE": "P_ng", "JNCODE": "si5011; P_ng", "fme_featur": "geology_surface_si5011" }, "geometry": { "type": "Polygon", "coordinates": [ [ [ 117.818391702599158, -34.600113735654269 ], [ 117.817386075614451, -34.599876998476859 ], [ 117.810925397956694, -34.598278883972469 ], [ 117.810596771267626, -34.598127766413448 ], [ 117.810355031776751, -34.59794000008668 ], [ 117.810232805190722, -34.597706351153867 ], [ 117.810263241964861, -34.597471688426751 ], [ 117.810488907503924, -34.597127516479453 ], [ 117.811051029417982, -34.596618789298923 ], [ 117.811646822199663, -34.596209030461154 ], [ 117.812091792519055, -34.595989644648014 ], [ 117.816050717252011, -34.594917177672869 ], [ 117.817737586831001, -34.594572229372702 ], [ 117.819612201756016, -34.59446947518763 ], [ 117.821892303608706, -34.594571369106973 ], [ 117.822231484665735, -34.594686314316554 ], [ 117.822527672449624, -34.594864672359158 ], [ 117.823143461210719, -34.595383547065893 ], [ 117.823419179755192, -34.595697306595952 ], [ 117.82355341214722, -34.596039073602384 ], [ 117.82357984872705, -34.596507815947582 ], [ 117.823497063919106, -34.596959260007701 ], [ 117.823305589846456, -34.597447508221322 ], [ 117.822908351008323, -34.598081427276334 ], [ 117.822208176521528, -34.598960864741215 ], [ 117.821375621144583, -34.599687888432577 ], [ 117.820952643405391, -34.599925195381026 ], [ 117.820637292094077, -34.600017493789011 ], [ 117.819362495231346, -34.600134273500963 ], [ 117.818391702599158, -34.600113735654269 ] ] ] } },
{ "type": "Feature", "properties": { "CODE": "P_ns", "JNCODE": "si5011; P_ns", "fme_featur": "geology_surface_si5011" }, "geometry": { "type": "Polygon", "coordinates": [ [ [ 117.833918464595698, -34.52558513653203 ], [ 117.833671203464064, -34.525920483188003 ], [ 117.832514492897673, -34.526839171178842 ], [ 117.831587096513715, -34.527810393893951 ], [ 117.83120755189465, -34.527993333612585 ], [ 117.830879706061111, -34.527896368647824 ], [ 117.830657770015677, -34.527492077281025 ], [ 117.830530043894186, -34.526699379364366 ], [ 117.830460261605495, -34.525157809474337 ], [ 117.834162846757025, -34.524961239381824 ], [ 117.833918464595698, -34.52558513653203 ] ] ] } },
{ "type": "Feature", "properties": { "CODE": "P_ns", "JNCODE": "si5011; P_ns", "fme_featur": "geology_surface_si5011" }, "geometry": { "type": "Polygon", "coordinates": [ [ [ 118.161721414794343, -34.581123590387662 ], [ 118.160768002445863, -34.581556480365016 ], [ 118.159940635098366, -34.58164550380026 ], [ 118.159611468122534, -34.581495336250491 ], [ 118.159486169639777, -34.581108778562985 ], [ 118.159529780550557, -34.580323850270979 ], [ 118.159742045299211, -34.579122518724084 ], [ 118.160901298647929, -34.578597504940305 ], [ 118.161663104147706, -34.578500081951184 ], [ 118.162078591107132, -34.578586300398413 ], [ 118.162550215305401, -34.578789208886271 ], [ 118.163497868274121, -34.579510587269567 ], [ 118.162703125459217, -34.580374814491947 ], [ 118.161721414794343, -34.581123590387662 ] ] ] } },
{ "type": "Feature", "properties": { "CODE": "P_ng", "JNCODE": "si5011; P_ng", "fme_featur": "geology_surface_si5011" }, "geometry": { "type": "Polygon", "coordinates": [ [ [ 118.267721917578641, -34.548471881343879 ], [ 118.267465829323072, -34.548113847524881 ], [ 118.26742616756475, -34.547654376018279 ], [ 118.267509237076638, -34.547382994047517 ], [ 118.267700859060199, -34.54708343295458 ], [ 118.268292358664368, -34.546563302520369 ], [ 118.268876786847173, -34.546295727696673 ], [ 118.269421597207355, -34.546290064276626 ], [ 118.270916158877895, -34.546391740619441 ], [ 118.271408134008496, -34.546494826101494 ], [ 118.271628253031309, -34.546636810683715 ], [ 118.271806296743634, -34.546878423626907 ], [ 118.271908616148977, -34.547156894460407 ], [ 118.271913555140614, -34.547481466306579 ], [ 118.271831048691553, -34.547788914494078 ], [ 118.271671032100187, -34.548016014179531 ], [ 118.270808776736786, -34.548647187139949 ], [ 118.27007274623719, -34.548979469669717 ], [ 118.269017970519656, -34.549134715144106 ], [ 118.268360755214189, -34.548916111919574 ], [ 118.267721917578641, -34.548471881343879 ] ] ] } },
{ "type": "Feature", "properties": { "CODE": "P_ng", "JNCODE": "si5011; P_ng", "fme_featur": "geology_surface_si5011" }, "geometry": { "type": "Polygon", "coordinates": [ [ [ 118.236145844933361, -34.548209549382193 ], [ 118.234676535492454, -34.548341643054179 ], [ 118.234032170676159, -34.548248966888977 ], [ 118.233260894043298, -34.547679649231505 ], [ 118.2330719287053, -34.547429071765329 ], [ 118.23300242673038, -34.547150235474611 ], [ 118.233039495588002, -34.546708010338612 ], [ 118.233206788310412, -34.546228400426102 ], [ 118.233871049587563, -34.545455213239791 ], [ 118.234316863672319, -34.545387585460929 ], [ 118.234894896782691, -34.545417809800213 ], [ 118.235539906800355, -34.545555561965251 ], [ 118.236076756105376, -34.545748509941809 ], [ 118.23659301564139, -34.546022820302525 ], [ 118.237056131120568, -34.546387840495242 ], [ 118.237732957518901, -34.54720156031528 ], [ 118.236827660777152, -34.54788703657605 ], [ 118.236145844933361, -34.548209549382193 ] ] ] } },
{ "type": "Feature", "properties": { "CODE": "P_ns", "JNCODE": "si5011; P_ns", "fme_featur": "geology_surface_si5011" }, "geometry": { "type": "Polygon", "coordinates": [ [ [ 118.462625066481507, -34.440097686419563 ], [ 118.4614785809203, -34.439885967045043 ], [ 118.461037984194107, -34.439584648203329 ], [ 118.460770394964257, -34.439218140226259 ], [ 118.460521432906404, -34.438671064900412 ], [ 118.460393423315864, -34.43819468193351 ], [ 118.460409067526257, -34.437842823849714 ], [ 118.460576420821525, -34.437453084607917 ], [ 118.460873718589639, -34.437025723673322 ], [ 118.461184248800834, -34.436733462053446 ], [ 118.461550281092372, -34.436503656663135 ], [ 118.462330418814844, -34.436304966774664 ], [ 118.463463146311511, -34.436354533842078 ], [ 118.463736901664689, -34.436450445994502 ], [ 118.464089341302923, -34.436689690613001 ], [ 118.464699128432599, -34.437331625643942 ], [ 118.465004879844372, -34.438013269831288 ], [ 118.465027092307295, -34.438662242304133 ], [ 118.464911961411829, -34.438925120757034 ], [ 118.464613734167273, -34.439298399125121 ], [ 118.464012710723338, -34.4397835095575 ], [ 118.463407749932117, -34.440043234141569 ], [ 118.463038878682639, -34.440110769420023 ], [ 118.462625066481507, -34.440097686419563 ] ] ] } },
{ "type": "Feature", "properties": { "CODE": "P_ns", "JNCODE": "si5011; P_ns", "fme_featur": "geology_surface_si5011" }, "geometry": { "type": "Polygon", "coordinates": [ [ [ 118.134121330027682, -34.482686674540382 ], [ 118.13362842116851, -34.482474826593887 ], [ 118.132167465829795, -34.48154152605678 ], [ 118.131714833835701, -34.481085822550469 ], [ 118.131518532197276, -34.480258023448187 ], [ 118.131551127354911, -34.479446139745107 ], [ 118.131844789415851, -34.47861380306783 ], [ 118.132080304884241, -34.47831404143674 ], [ 118.132295992087975, -34.478158744327544 ], [ 118.132892753825999, -34.477999914699957 ], [ 118.133350531880538, -34.478031740337457 ], [ 118.13367850957394, -34.478127891505622 ], [ 118.134052113752077, -34.478376917169534 ], [ 118.135210244880398, -34.479466308219138 ], [ 118.136741420183682, -34.479957058570001 ], [ 118.137027080033704, -34.480143769940391 ], [ 118.137226370106191, -34.480385389846816 ], [ 118.13735176917551, -34.480799030959467 ], [ 118.137313233666944, -34.481169109918817 ], [ 118.137144282869997, -34.481558437658506 ], [ 118.136844670185184, -34.481948980813321 ], [ 118.136338663931966, -34.482377512978751 ], [ 118.135863117864801, -34.482643443722658 ], [ 118.13522314190584, -34.482829742210889 ], [ 118.134798490969445, -34.482833686536381 ], [ 118.134121330027682, -34.482686674540382 ] ] ] } },
{ "type": "Feature", "properties": { "CODE": "P_ns", "JNCODE": "si5011; P_ns", "fme_featur": "geology_surface_si5011" }, "geometry": { "type": "Polygon", "coordinates": [ [ [ 118.045794162965947, -34.47751384235734 ], [ 118.045378165059603, -34.477337048091172 ], [ 118.044521139474213, -34.476722156602953 ], [ 118.044209759227883, -34.476201792375917 ], [ 118.044150601568418, -34.475823555413768 ], [ 118.044232649595344, -34.475417058913656 ], [ 118.044457474205444, -34.475108536667229 ], [ 118.044749084866211, -34.474916672904008 ], [ 118.045129145419139, -34.474832264209752 ], [ 118.045629982895093, -34.474827980140347 ], [ 118.047418844157662, -34.475074174363876 ], [ 118.047988729886228, -34.475366872043615 ], [ 118.048529114358359, -34.475912314952062 ], [ 118.048553823065433, -34.47614656242591 ], [ 118.04831879976625, -34.476509285555515 ], [ 118.047607744296684, -34.47711956697195 ], [ 118.047078284675862, -34.477448740696353 ], [ 118.046622560640074, -34.477578891901508 ], [ 118.046165259390577, -34.477582807510124 ], [ 118.045794162965947, -34.47751384235734 ] ] ] } },
{ "type": "Feature", "properties": { "CODE": "Agp", "JNCODE": "si5011; Agp", "fme_featur": "geology_surface_si5011" }, "geometry": { "type": "Polygon", "coordinates": [ [ [ 117.531961962141366, -34.347235524161313 ], [ 117.531143787678644, -34.346806199534718 ], [ 117.530454955507224, -34.346195943669507 ], [ 117.528539598494888, -34.344184134348133 ], [ 117.528013662546527, -34.343537087890525 ], [ 117.527814856551188, -34.34304193997415 ], [ 117.527833097363668, -34.342482728262738 ], [ 117.528080722314641, -34.342093874641421 ], [ 117.528535702967957, -34.34183038146849 ], [ 117.529155004972893, -34.341764578647663 ], [ 117.530264505753379, -34.341849961420756 ], [ 117.531266370059996, -34.342107148425356 ], [ 117.53173534321364, -34.342339587785773 ], [ 117.532226917550247, -34.342707201184872 ], [ 117.533649133674402, -34.344098842802637 ], [ 117.534087566196234, -34.344656063802859 ], [ 117.534329444513233, -34.345078867084062 ], [ 117.534485033013226, -34.345610265786256 ], [ 117.534454933551061, -34.346007200948243 ], [ 117.534229586686635, -34.346477134318548 ], [ 117.533840977535789, -34.346920724434263 ], [ 117.533343067160246, -34.347274606840131 ], [ 117.532865699753572, -34.347439014231554 ], [ 117.531961962141366, -34.347235524161313 ] ] ] } },
{ "type": "Feature", "properties": { "CODE": "Agv", "JNCODE": "si5011; Agv", "fme_featur": "geology_surface_si5011" }, "geometry": { "type": "Polygon", "coordinates": [ [ [ 117.590749756537249, -34.343872723498826 ], [ 117.590390030734568, -34.343739185050005 ], [ 117.58961369771211, -34.343111649291927 ], [ 117.589141221193159, -34.342401482613866 ], [ 117.589008173658655, -34.342032374814082 ], [ 117.588961218838548, -34.34153659734978 ], [ 117.589097885231482, -34.340868589881403 ], [ 117.589248196346261, -34.340597319287191 ], [ 117.58950709627328, -34.340307489252851 ], [ 117.590210970124645, -34.339907295635143 ], [ 117.59099258239398, -34.339741197145543 ], [ 117.591395271681634, -34.339802380544356 ], [ 117.591689689539621, -34.339927213575379 ], [ 117.592312917802559, -34.340429221917084 ], [ 117.59259963922257, -34.341005002047922 ], [ 117.592857747534936, -34.342149069103236 ], [ 117.592709729586275, -34.342744989517954 ], [ 117.592267722303049, -34.343279204512342 ], [ 117.591640378010581, -34.343742167722162 ], [ 117.591293359121764, -34.34387009943547 ], [ 117.59102174765323, -34.343898465567108 ], [ 117.590749756537249, -34.343872723498826 ] ] ] } },
{ "type": "Feature", "properties": { "CODE": "Agp", "JNCODE": "si5011; Agp", "fme_featur": "geology_surface_si5011" }, "geometry": { "type": "Polygon", "coordinates": [ [ [ 117.518341692881265, -34.349566550775435 ], [ 117.517753557207058, -34.349406710564701 ], [ 117.517317422500483, -34.349210152247018 ], [ 117.516989796904809, -34.348977061109828 ], [ 117.516792480921325, -34.348716364273855 ], [ 117.516714158158962, -34.348355963947611 ], [ 117.516788496844001, -34.348067065435224 ], [ 117.516982600707991, -34.347804716020583 ], [ 117.517350444379318, -34.347505559158868 ], [ 117.517925586054815, -34.347322761992281 ], [ 117.520111151615339, -34.347340551655314 ], [ 117.520633372305753, -34.347392441691156 ], [ 117.520992894455603, -34.347508149853645 ], [ 117.521331732815796, -34.347795292190824 ], [ 117.521540547543381, -34.348155133688749 ], [ 117.521608353043774, -34.348569685269517 ], [ 117.521523381055061, -34.348894704982115 ], [ 117.521296782013081, -34.34917523639993 ], [ 117.52087441345904, -34.349447582187807 ], [ 117.520407993173308, -34.349629931087684 ], [ 117.519854030597642, -34.349722467275988 ], [ 117.518341692881265, -34.349566550775435 ] ] ] } },
{ "type": "Feature", "properties": { "CODE": "Agp", "JNCODE": "si5011; Agp", "fme_featur": "geology_surface_si5011" }, "geometry": { "type": "Polygon", "coordinates": [ [ [ 117.475898984381686, -34.327589926074538 ], [ 117.475518478059087, -34.327582385808228 ], [ 117.475267905153657, -34.327484156933153 ], [ 117.474777732790344, -34.327305691740293 ], [ 117.474560228833539, -34.3272884981236 ], [ 117.474136801470451, -34.327380321447357 ], [ 117.472446519878218, -34.328360832996516 ], [ 117.471503026872981, -34.32876127549909 ], [ 117.470753428522571, -34.328845324205176 ], [ 117.470361794841779, -34.328792719090025 ], [ 117.470034880600053, -34.328649681081302 ], [ 117.469827238962495, -34.32845207471096 ], [ 117.46971692799346, -34.328163911439887 ], [ 117.469425110803357, -34.326514676464704 ], [ 117.46941531796989, -34.324756139677632 ], [ 117.469477874904456, -34.324277928318423 ], [ 117.469595884716341, -34.323997907591945 ], [ 117.469996052555061, -34.323635639265966 ], [ 117.470516134963532, -34.323336037323791 ], [ 117.471210177276504, -34.323044782324239 ], [ 117.471991574975689, -34.322825333438516 ], [ 117.473229893240429, -34.322676261572283 ], [ 117.47380613012858, -34.322701088661965 ], [ 117.47429607064494, -34.322843485577799 ], [ 117.474525701639095, -34.32308609102482 ], [ 117.474603667148656, -34.32341946716123 ], [ 117.474551958817642, -34.3238886207075 ], [ 117.474242115763843, -34.324845763817322 ], [ 117.474255167200923, -34.325233501399794 ], [ 117.474365844919362, -34.325584787540848 ], [ 117.474683103295874, -34.325944291354709 ], [ 117.475969830351772, -34.326660763317093 ], [ 117.476221165840144, -34.326894262684064 ], [ 117.476341959658342, -34.327110232695283 ], [ 117.47623488918471, -34.327399235484961 ], [ 117.475898984381686, -34.327589926074538 ] ] ] } },
{ "type": "Feature", "properties": { "CODE": "Agp", "JNCODE": "si5011; Agp", "fme_featur": "geology_surface_si5011" }, "geometry": { "type": "Polygon", "coordinates": [ [ [ 117.442617749251227, -34.303491428070693 ], [ 117.441932366066752, -34.303349608476658 ], [ 117.441485871817406, -34.303170850858187 ], [ 117.441245428677007, -34.302910184228125 ], [ 117.441167708994826, -34.302594820962177 ], [ 117.441241891332453, -34.30223381872247 ], [ 117.441478510192127, -34.301764010627636 ], [ 117.442200682960603, -34.300634108753414 ], [ 117.442654909374994, -34.300217622937978 ], [ 117.443164317000864, -34.299963266667255 ], [ 117.443978129006041, -34.299734860645202 ], [ 117.444759859685192, -34.299605767871391 ], [ 117.445661596595897, -34.299566417419641 ], [ 117.446368306563883, -34.299635991608447 ], [ 117.446923362832507, -34.299796298824916 ], [ 117.447392061889104, -34.300065139438708 ], [ 117.447643430203769, -34.300334772536836 ], [ 117.447765356647309, -34.300785245798579 ], [ 117.4476813415354, -34.301335673772265 ], [ 117.447368307852798, -34.301733625801937 ], [ 117.446708150553391, -34.302250082124388 ], [ 117.445916866180028, -34.30263173663068 ], [ 117.443953405834463, -34.303297209135849 ], [ 117.443041566139385, -34.303489896065578 ], [ 117.442617749251227, -34.303491428070693 ] ] ] } },
{ "type": "Feature", "properties": { "CODE": "P_ns", "JNCODE": "si5011; P_ns", "fme_featur": "geology_surface_si5011" }, "geometry": { "type": "Polygon", "coordinates": [ [ [ 117.611682276395825, -34.5056720226736 ], [ 117.611393368177758, -34.506385889965337 ], [ 117.61149641137915, -34.507070741333287 ], [ 117.611946919717866, -34.507600546776132 ], [ 117.612822206243095, -34.50811920243261 ], [ 117.6130747330605, -34.508388474973664 ], [ 117.613296761470252, -34.50895549355014 ], [ 117.613366218238525, -34.509514259800106 ], [ 117.613304028523032, -34.509947435186696 ], [ 117.612851253531574, -34.510599002130306 ], [ 117.612699534947794, -34.51070797893609 ], [ 117.612112399887081, -34.510864227950655 ], [ 117.61139420921053, -34.510976040215816 ], [ 117.610717683381807, -34.510826118495991 ], [ 117.609481382782548, -34.510101836093426 ], [ 117.607991672132044, -34.508982011001741 ], [ 117.607980778717661, -34.508982065215378 ], [ 117.607936943118958, -34.508946211416259 ], [ 117.606928930834513, -34.508148622519577 ], [ 117.606511587982837, -34.5076817597351 ], [ 117.606170045087353, -34.507151393452695 ], [ 117.605726227893499, -34.506035363789302 ], [ 117.605624211633582, -34.505485771978123 ], [ 117.605608818113552, -34.50486360671286 ], [ 117.605723420933614, -34.50414159899514 ], [ 117.605851328717236, -34.503753190970606 ], [ 117.606313317348864, -34.50286713551656 ], [ 117.606367192748962, -34.502785706169561 ], [ 117.607257967118798, -34.502447616071656 ], [ 117.608464944909642, -34.502153035136082 ], [ 117.609706364273762, -34.502101756330681 ], [ 117.610916354398825, -34.502221963982336 ], [ 117.612105485582475, -34.50246851604777 ], [ 117.612443814433135, -34.502557000479783 ], [ 117.613231579482544, -34.503031002644931 ], [ 117.613606224179406, -34.503615291083548 ], [ 117.613653892470339, -34.504174167095982 ], [ 117.613277070535077, -34.504780264562662 ], [ 117.61192060374492, -34.505490469402567 ], [ 117.611682276395825, -34.5056720226736 ] ] ] } },
{ "type": "Feature", "properties": { "CODE": "P_ns", "JNCODE": "si5011; P_ns", "fme_featur": "geology_surface_si5011" }, "geometry": { "type": "Polygon", "coordinates": [ [ [ 117.609643601731207, -34.490486879913064 ], [ 117.609098395766509, -34.49039941863839 ], [ 117.608732768051581, -34.489544529258225 ], [ 117.608824560421127, -34.488687360496854 ], [ 117.60928833858668, -34.488062805842063 ], [ 117.609840153679258, -34.487564062326861 ], [ 117.610383896550402, -34.487453131372405 ], [ 117.611473023188339, -34.487456704420168 ], [ 117.612281432315982, -34.487795341177005 ], [ 117.612752104524176, -34.48811763050206 ], [ 117.613026747160475, -34.488440901541367 ], [ 117.613226212590121, -34.488908837427211 ], [ 117.612840740493382, -34.48981257248532 ], [ 117.612365956710164, -34.490419159483267 ], [ 117.611835130076301, -34.490809592976348 ], [ 117.610362933644879, -34.490555433093007 ], [ 117.609643601731207, -34.490486879913064 ] ] ] } },
{ "type": "Feature", "properties": { "CODE": "P_ns", "JNCODE": "si5011; P_ns", "fme_featur": "geology_surface_si5011" }, "geometry": { "type": "Polygon", "coordinates": [ [ [ 117.647925383186532, -34.488892103972873 ], [ 117.647031578111353, -34.488797641990971 ], [ 117.646223996290701, -34.488585483604844 ], [ 117.645524560757465, -34.48827355067499 ], [ 117.645162600210398, -34.487941796440126 ], [ 117.644928552671075, -34.487248646271688 ], [ 117.644990008242473, -34.486743314145706 ], [ 117.645279258252486, -34.486119545351883 ], [ 117.645797964458154, -34.485593761434693 ], [ 117.646210682857671, -34.485447291717577 ], [ 117.647005185359291, -34.485379961829864 ], [ 117.648867699317449, -34.485406158550418 ], [ 117.650251672230695, -34.485516036111562 ], [ 117.65073189477323, -34.485648749783358 ], [ 117.65225069909431, -34.48628994817085 ], [ 117.652546494861355, -34.486513818804426 ], [ 117.652723059510933, -34.486810469551585 ], [ 117.652836741825169, -34.487423085642675 ], [ 117.652753341280487, -34.487901484636311 ], [ 117.6525271675102, -34.488227340204212 ], [ 117.652169391469073, -34.48843666391852 ], [ 117.651354345355557, -34.488666460818216 ], [ 117.65035352255191, -34.488816079263316 ], [ 117.649090829582036, -34.488903954881877 ], [ 117.647925383186532, -34.488892103972873 ] ] ] } },
{ "type": "Feature", "properties": { "CODE": "P_ns", "JNCODE": "si5011; P_ns", "fme_featur": "geology_surface_si5011" }, "geometry": { "type": "Polygon", "coordinates": [ [ [ 117.642687560998212, -34.457753496222246 ], [ 117.641891400813705, -34.458993150655012 ], [ 117.641720178059529, -34.459381825250198 ], [ 117.641638050005369, -34.46003155507502 ], [ 117.641633441047546, -34.460852220616339 ], [ 117.641805028593012, -34.461933484102211 ], [ 117.64213848126488, -34.462824518254834 ], [ 117.642789059917263, -34.463894244763857 ], [ 117.643569960716547, -34.464918191311014 ], [ 117.642746027220085, -34.465382445989093 ], [ 117.642300806779161, -34.465538092746627 ], [ 117.641593727446917, -34.465622968387954 ], [ 117.640754684697939, -34.465537189198599 ], [ 117.639620025070741, -34.465236518717042 ], [ 117.637302793218666, -34.464058241605137 ], [ 117.635480204279872, -34.463490575990527 ], [ 117.63476992644992, -34.463151581014529 ], [ 117.634357338067019, -34.461864143323325 ], [ 117.634298946042023, -34.4613414000194 ], [ 117.63439160996721, -34.460637511997263 ], [ 117.634847399348558, -34.45900288019439 ], [ 117.634819414633199, -34.458182383530705 ], [ 117.634362009031605, -34.456723834510846 ], [ 117.63324245653375, -34.455521220298309 ], [ 117.632328551690648, -34.45415520699099 ], [ 117.632249833325602, -34.453821946184171 ], [ 117.63226970267587, -34.453569337954036 ], [ 117.63241959366276, -34.453234894710967 ], [ 117.632667798193069, -34.452945032815379 ], [ 117.633133789945347, -34.452663060802237 ], [ 117.633807430211576, -34.452488227343828 ], [ 117.634482227018708, -34.452466691085533 ], [ 117.635114503397787, -34.452580642789023 ], [ 117.6358576239966, -34.452955538256255 ], [ 117.637641238761262, -34.454154667258166 ], [ 117.638384658961925, -34.454565617745814 ], [ 117.642052317363365, -34.455835991272004 ], [ 117.642937436366523, -34.456264205553254 ], [ 117.642846576284995, -34.457193541637182 ], [ 117.642687560998212, -34.457753496222246 ] ] ] } },
{ "type": "Feature", "properties": { "CODE": "Agp", "JNCODE": "si5011; Agp", "fme_featur": "geology_surface_si5011" }, "geometry": { "type": "Polygon", "coordinates": [ [ [ 117.652595015190371, -34.40456652595099 ], [ 117.65215146369637, -34.404893543266617 ], [ 117.651098916205598, -34.405259874191913 ], [ 117.648894689983209, -34.405839726939227 ], [ 117.64773178703706, -34.406008215838277 ], [ 117.64577408547396, -34.406108746984984 ], [ 117.643804600636386, -34.406092073347658 ], [ 117.641583981354103, -34.405959449831748 ], [ 117.640930013733779, -34.405809569868026 ], [ 117.636553352048296, -34.404010761329637 ], [ 117.633767867551882, -34.402546250780908 ], [ 117.632357824641034, -34.40167878887506 ], [ 117.631417179891343, -34.401016305711998 ], [ 117.630157197664161, -34.399841426870573 ], [ 117.629453500558427, -34.398853054687457 ], [ 117.628867599753193, -34.397611564960343 ], [ 117.628419972258456, -34.395945509410979 ], [ 117.628270394982394, -34.394855082622172 ], [ 117.628184205844079, -34.393511822007106 ], [ 117.62818255281249, -34.39183445566718 ], [ 117.628297391132548, -34.389732637799177 ], [ 117.628538847043544, -34.387107116016921 ], [ 117.628938727232693, -34.383849507649813 ], [ 117.630911818174468, -34.384416512654305 ], [ 117.633475500520362, -34.385404282811017 ], [ 117.634753048316526, -34.386046969295904 ], [ 117.635146814401125, -34.386333506846015 ], [ 117.63542133964016, -34.386674771245552 ], [ 117.63551047201517, -34.386953870955772 ], [ 117.635513334084862, -34.387332618292696 ], [ 117.635113130193844, -34.389075198396121 ], [ 117.635042910261546, -34.389860141427945 ], [ 117.635167607721854, -34.390526836802756 ], [ 117.635632731489395, -34.391615616612292 ], [ 117.635691689911766, -34.392219525733232 ], [ 117.635512281181107, -34.392950927023875 ], [ 117.63465053826053, -34.395525569180684 ], [ 117.634535297248817, -34.396112345714094 ], [ 117.634517419306349, -34.396626472117525 ], [ 117.634662587742184, -34.397121716537953 ], [ 117.635058585916127, -34.39769682222245 ], [ 117.636439023955347, -34.398970223648902 ], [ 117.638321318554262, -34.400421354119878 ], [ 117.640125942381985, -34.401665444487016 ], [ 117.641261942709576, -34.402254691353193 ], [ 117.642473081870961, -34.402708261135558 ], [ 117.643126751879166, -34.402822062137744 ], [ 117.644193640175274, -34.402906630100375 ], [ 117.651703824395625, -34.403290704731283 ], [ 117.652672879530868, -34.403384737884622 ], [ 117.653196082248172, -34.403508199040168 ], [ 117.652799769586153, -34.404312926406952 ], [ 117.652595015190371, -34.40456652595099 ] ] ] } },
{ "type": "Feature", "properties": { "CODE": "Agp", "JNCODE": "si5011; Agp", "fme_featur": "geology_surface_si5011" }, "geometry": { "type": "Polygon", "coordinates": [ [ [ 117.675063075577611, -34.385650865796244 ], [ 117.675556246971254, -34.386108068381397 ], [ 117.675799533641282, -34.386602721726163 ], [ 117.675868566478087, -34.387071282770471 ], [ 117.675784590280628, -34.387450507660702 ], [ 117.675493867410211, -34.387821855859855 ], [ 117.674834678448107, -34.38836658031623 ], [ 117.67435772615255, -34.388576626582605 ], [ 117.674063668113263, -34.388533156240577 ], [ 117.673604495450959, -34.388247104999984 ], [ 117.672947364721111, -34.387691597196195 ], [ 117.672639619985631, -34.387296491882026 ], [ 117.672516289861392, -34.386837245475434 ], [ 117.672490496939716, -34.386332372275525 ], [ 117.672583777763833, -34.385754699594003 ], [ 117.672776683562518, -34.385392914117141 ], [ 117.674461788248948, -34.385275420240312 ], [ 117.675063075577611, -34.385650865796244 ] ] ] } },
{ "type": "Feature", "properties": { "CODE": "Agv", "JNCODE": "si5011; Agv", "fme_featur": "geology_surface_si5011" }, "geometry": { "type": "Polygon", "coordinates": [ [ [ 117.578195758155744, -34.33173095386099 ], [ 117.57853361065311, -34.331855613863496 ], [ 117.579120742936979, -34.331870875132211 ], [ 117.580423591082379, -34.331630231957618 ], [ 117.580750016575777, -34.331673775634066 ], [ 117.581088059056967, -34.331825482454029 ], [ 117.58194050513498, -34.332479767437221 ], [ 117.582553747079459, -34.333126166288238 ], [ 117.582938525262605, -34.333746594990131 ], [ 117.583139004116973, -34.334440046247373 ], [ 117.583230402455271, -34.335079907142614 ], [ 117.583199662075913, -34.335350601218451 ], [ 117.582973430635647, -34.335649280910943 ], [ 117.582605749303937, -34.335930596759496 ], [ 117.582150162310953, -34.336077055637745 ], [ 117.579912770830191, -34.3363852746687 ], [ 117.579022951157668, -34.336623960239038 ], [ 117.57772292789852, -34.337288433460103 ], [ 117.577409330856838, -34.3375334055523 ], [ 117.577183134762009, -34.337841092672761 ], [ 117.577130446071308, -34.33808483390829 ], [ 117.577263558838453, -34.338471991372522 ], [ 117.577878294033624, -34.339334843997335 ], [ 117.578940078929861, -34.340384963659297 ], [ 117.57981390509687, -34.340976033323258 ], [ 117.580348357785326, -34.341226012246494 ], [ 117.580990909321898, -34.341385293441427 ], [ 117.581414845328183, -34.341374262848916 ], [ 117.581566427264065, -34.341283360486557 ], [ 117.581652529476941, -34.341156696023454 ], [ 117.581649914484203, -34.340777942030492 ], [ 117.581484536422252, -34.340445052336719 ], [ 117.581177829070214, -34.340112833299315 ], [ 117.580489066744306, -34.339556969071396 ], [ 117.580368175532698, -34.339368158871153 ], [ 117.580382339713978, -34.338267865006351 ], [ 117.580478193707179, -34.337978826539008 ], [ 117.580694066134257, -34.337752346640627 ], [ 117.581225639173709, -34.337587495986853 ], [ 117.582062663804734, -34.337574501721974 ], [ 117.583324978044402, -34.337748859726339 ], [ 117.584250662306701, -34.337978920874718 ], [ 117.584774174800472, -34.338219914581579 ], [ 117.585091322204349, -34.338488947038478 ], [ 117.585300133487934, -34.338812606051512 ], [ 117.585323755808105, -34.339083040595135 ], [ 117.585120642949306, -34.339580015030073 ], [ 117.584819245375428, -34.340014330842408 ], [ 117.584549208172731, -34.340268131242823 ], [ 117.583975326207565, -34.340604544805991 ], [ 117.583640866675097, -34.340975887653073 ], [ 117.583384130046753, -34.341581333686655 ], [ 117.583374819471686, -34.341806834195658 ], [ 117.583473914850785, -34.341986726918826 ], [ 117.58370316038949, -34.342120907935154 ], [ 117.584084362548964, -34.342218290736206 ], [ 117.585575185062638, -34.342409571198495 ], [ 117.586511547376929, -34.342603490722894 ], [ 117.587067333836131, -34.342790210191865 ], [ 117.587830948199283, -34.343156294327635 ], [ 117.588759351097536, -34.343765073815888 ], [ 117.589317421315215, -34.344276428582134 ], [ 117.589658117995228, -34.344797846046816 ], [ 117.58988143464272, -34.345635466362843 ], [ 117.590013418052507, -34.34585126806487 ], [ 117.590242494855175, -34.345958382742658 ], [ 117.591080802704553, -34.346116666667022 ], [ 117.59158245046882, -34.34633068140954 ], [ 117.593440600937839, -34.347719514871294 ], [ 117.593800221379794, -34.347835008198018 ], [ 117.594006545571006, -34.347797934402656 ], [ 117.594179679363279, -34.347679857268886 ], [ 117.594384093789031, -34.347372245180914 ], [ 117.594510171700733, -34.346749375052781 ], [ 117.594368566495646, -34.345171871781858 ], [ 117.59438903822064, -34.344991407709493 ], [ 117.594474997435128, -34.344846698614745 ], [ 117.594735547496512, -34.344791323843509 ], [ 117.595148880820872, -34.344816370053834 ], [ 117.596520880923293, -34.345107294846905 ], [ 117.597294469679383, -34.345337997389585 ], [ 117.597709022151093, -34.345534375393079 ], [ 117.603093188880507, -34.348880788569062 ], [ 117.604948797956013, -34.349881674416018 ], [ 117.607687695592929, -34.351229860953389 ], [ 117.609675454452997, -34.352446455268321 ], [ 117.610570450366907, -34.35291094191701 ], [ 117.611202796546209, -34.353142260011985 ], [ 117.612368393785232, -34.353434036036269 ], [ 117.61672350099218, -34.354205775840775 ], [ 117.617943564341999, -34.354506242333194 ], [ 117.619219462242967, -34.355004814696031 ], [ 117.620617775226705, -34.35588151760534 ], [ 117.621184530014332, -34.356059007036954 ], [ 117.621575246012952, -34.355957823550547 ], [ 117.621899254485527, -34.355658577282547 ], [ 117.622231668412581, -34.355025613934565 ], [ 117.62245427733653, -34.354248916756269 ], [ 117.622599769531192, -34.353337338246362 ], [ 117.622959650968866, -34.349069895063842 ], [ 117.623243336277696, -34.347733755867338 ], [ 117.62315175269643, -34.34711196532723 ], [ 117.622986598874746, -34.346833241183539 ], [ 117.622745606517071, -34.346590975432527 ], [ 117.622068657586752, -34.346206633582852 ], [ 117.618451109959324, -34.345142774377443 ], [ 117.617774654958339, -34.344821533559703 ], [ 117.616746997150571, -34.344051147491619 ], [ 117.616570272491586, -34.34367327222855 ], [ 117.616533762462922, -34.343141380902658 ], [ 117.61667146640535, -34.342644685093362 ], [ 117.617038598983669, -34.342300142914446 ], [ 117.617808380155083, -34.342007677942526 ], [ 117.618525585021672, -34.34195896581722 ], [ 117.618874077231382, -34.342038368859527 ], [ 117.61938690638496, -34.342288285920475 ], [ 117.620709768377878, -34.343282609345053 ], [ 117.621255758389822, -34.343604496094436 ], [ 117.621702174129467, -34.343692412315541 ], [ 117.622005590369326, -34.343555597968894 ], [ 117.622123649997931, -34.343347579085581 ], [ 117.62216507295966, -34.343067803776101 ], [ 117.622084974092644, -34.34252711752417 ], [ 117.620924955376054, -34.340025939662965 ], [ 117.620680201817976, -34.339269649596567 ], [ 117.620632597591893, -34.338710760808084 ], [ 117.620760262939697, -34.338331348075435 ], [ 117.620965487932267, -34.338149942910761 ], [ 117.621149767370213, -34.338076862397763 ], [ 117.621671786628809, -34.338101267834773 ], [ 117.622293778747718, -34.338413746274384 ], [ 117.625837241336356, -34.341245444696888 ], [ 117.629028526203726, -34.343474627320042 ], [ 117.629597573215946, -34.34396770427648 ], [ 117.629850191176629, -34.344309097115485 ], [ 117.6299395952216, -34.344633292839049 ], [ 117.629854978734627, -34.344949365626249 ], [ 117.62968318216403, -34.345238832108976 ], [ 117.629359308556545, -34.345547116605225 ], [ 117.628666045947014, -34.345893370386342 ], [ 117.627070848001836, -34.346307370591781 ], [ 117.626702733261993, -34.3465166743377 ], [ 117.626573808347715, -34.346724753096595 ], [ 117.626521391905683, -34.346986549491305 ], [ 117.62654615539077, -34.347392242287086 ], [ 117.626645349180805, -34.347572098836316 ], [ 117.62709232846818, -34.347732137988196 ], [ 117.627603670842291, -34.347774608839039 ], [ 117.629798023378598, -34.347510830523206 ], [ 117.631668015464157, -34.347492178500389 ], [ 117.633300236733959, -34.347664110421483 ], [ 117.635423902747377, -34.348122053410172 ], [ 117.637222642482115, -34.34874397866669 ], [ 117.637986455931383, -34.3491007287885 ], [ 117.638969439770591, -34.34968178538977 ], [ 117.64018371311353, -34.350649407243658 ], [ 117.640622536288262, -34.351161148996873 ], [ 117.640854366888718, -34.351619863659472 ], [ 117.640890966306827, -34.352142727410019 ], [ 117.640816708022882, -34.352386607404569 ], [ 117.640601716684202, -34.352712387603468 ], [ 117.640180545490068, -34.353093354945642 ], [ 117.639097885257499, -34.353712249009426 ], [ 117.638513876663012, -34.354130133400517 ], [ 117.637942443643837, -34.354773404315161 ], [ 117.637772089967825, -34.355252256174786 ], [ 117.637828096571539, -34.355468400996806 ], [ 117.637971022991294, -34.355675074640686 ], [ 117.638211674963458, -34.355863202272928 ], [ 117.638691819225627, -34.356086152888665 ], [ 117.639236454250323, -34.356209564758608 ], [ 117.640683596274883, -34.356328254068956 ], [ 117.641250738283802, -34.356550739222257 ], [ 117.641447836872615, -34.356730070358601 ], [ 117.641602678736618, -34.357071950031319 ], [ 117.641627381140736, -34.357459602610383 ], [ 117.641532335094297, -34.357829846415029 ], [ 117.641155530924365, -34.358327820820101 ], [ 117.639783053781215, -34.359453256821787 ], [ 117.639286617746905, -34.359951850657765 ], [ 117.637415225508093, -34.362694119552749 ], [ 117.636250334235228, -34.363962725583868 ], [ 117.634045442699858, -34.365768784820091 ], [ 117.631362631683174, -34.367667452356969 ], [ 117.630963432655264, -34.368093365306073 ], [ 117.630792607837009, -34.368518100178946 ], [ 117.630730263071058, -34.368906203107336 ], [ 117.630752898844833, -34.370475249103372 ], [ 117.630948058112594, -34.371845005611043 ], [ 117.63107113866117, -34.372304297833949 ], [ 117.631347224689662, -34.372862000580575 ], [ 117.631840830131935, -34.373418579849627 ], [ 117.632660853403621, -34.373991506431452 ], [ 117.633577752606342, -34.374428653408337 ], [ 117.635530057626355, -34.375149002345076 ], [ 117.637245443952651, -34.37617717124597 ], [ 117.637888639747331, -34.376372219995858 ], [ 117.639575197321065, -34.376462617340913 ], [ 117.640468552777818, -34.376656344866369 ], [ 117.641167652437431, -34.377049483214989 ], [ 117.642262710802953, -34.378017702168549 ], [ 117.642862770964172, -34.378258041714624 ], [ 117.64342813614266, -34.378228016047323 ], [ 117.643666588590804, -34.378118544243911 ], [ 117.643849899485403, -34.377910162382953 ], [ 117.643977861522941, -34.377575817326111 ], [ 117.64406128201766, -34.377106434193408 ], [ 117.644239998291624, -34.374878008419088 ], [ 117.644325624714483, -34.374697194445467 ], [ 117.644455514155439, -34.374615347099102 ], [ 117.644782067951553, -34.374649699731883 ], [ 117.645055417705422, -34.374837640639321 ], [ 117.645242037590435, -34.375062110853193 ], [ 117.64592742460907, -34.376501400590513 ], [ 117.646302132296952, -34.377139711378156 ], [ 117.647135870753331, -34.378064175367129 ], [ 117.648099033688212, -34.378843657651032 ], [ 117.6489189411285, -34.379380401809591 ], [ 117.649759915638086, -34.379826847018791 ], [ 117.650130764570633, -34.379960149654707 ], [ 117.650413765111978, -34.379985700312297 ], [ 117.651901926824209, -34.381132104627191 ], [ 117.65285485198757, -34.381983748296548 ], [ 117.65347994648063, -34.382638736278921 ], [ 117.65406259453907, -34.383429219937547 ], [ 117.654559289255133, -34.384355432546513 ], [ 117.654881467224783, -34.385219450067858 ], [ 117.655701520895661, -34.388551768511689 ], [ 117.655900836059573, -34.389001606879255 ], [ 117.656219598142542, -34.389423749946232 ], [ 117.65746897416598, -34.390607436205464 ], [ 117.658738587401771, -34.391592601541454 ], [ 117.659218848832964, -34.391797431876398 ], [ 117.660831359076468, -34.392113386000432 ], [ 117.662404488858073, -34.3929525830629 ], [ 117.664924993302819, -34.393903850306486 ], [ 117.665918709606743, -34.394376406160319 ], [ 117.667695042962194, -34.3947635223997 ], [ 117.669873825408075, -34.395139391845113 ], [ 117.67012539683742, -34.395309358375265 ], [ 117.670257880321387, -34.395552121724116 ], [ 117.670282944654161, -34.395966817581332 ], [ 117.670187481235942, -34.396273956338312 ], [ 117.669874802452185, -34.396627375046165 ], [ 117.669311048243244, -34.396873949399087 ], [ 117.667551413435561, -34.397226251203264 ], [ 117.666735933459918, -34.397284806586207 ], [ 117.665060313125807, -34.397257854021987 ], [ 117.663764881731311, -34.397156671551862 ], [ 117.66077891894021, -34.396514512153132 ], [ 117.6601133350038, -34.396265597714525 ], [ 117.658539953141229, -34.395399318875263 ], [ 117.657098413667043, -34.394694637692098 ], [ 117.653537741480633, -34.391476201033583 ], [ 117.652695509870753, -34.390885500073487 ], [ 117.65150680343497, -34.390504055551595 ], [ 117.65088696951625, -34.390534408730367 ], [ 117.65001868467516, -34.390791532226331 ], [ 117.649594791261322, -34.390838874062055 ], [ 117.64872357720381, -34.390717242334361 ], [ 117.647938208083914, -34.390441841540351 ], [ 117.647184020315777, -34.389976889886981 ], [ 117.646253369919251, -34.389197230811455 ], [ 117.645376710027449, -34.38836317086583 ], [ 117.644827432185693, -34.387662651746886 ], [ 117.644605802091078, -34.387131749142334 ], [ 117.644624170216616, -34.386689763414076 ], [ 117.64477444989268, -34.386427445507174 ], [ 117.645282022449706, -34.385946808357289 ], [ 117.645508094100919, -34.385638999119919 ], [ 117.645625045031096, -34.385286674524266 ], [ 117.645610914298302, -34.384862896302607 ], [ 117.645511358125319, -34.384646986045702 ], [ 117.645280861201456, -34.384377657378892 ], [ 117.64330869236916, -34.382521284584129 ], [ 117.642203993933407, -34.381724471588221 ], [ 117.640128335960071, -34.380544950608893 ], [ 117.638001909575635, -34.379834602699283 ], [ 117.637336250560622, -34.379549490228939 ], [ 117.635086622901071, -34.378361770313184 ], [ 117.632345592880242, -34.376906003579684 ], [ 117.631702540784389, -34.376728961247274 ], [ 117.630689836017481, -34.376571857395184 ], [ 117.627403139087946, -34.376309187904127 ], [ 117.62606537021837, -34.376316038777567 ], [ 117.623945853757419, -34.376507226546295 ], [ 117.621858089268883, -34.376580980085564 ], [ 117.61933434202777, -34.376530650742005 ], [ 117.618104269724569, -34.376392578755045 ], [ 117.616021831270587, -34.375708679048287 ], [ 117.61319242968483, -34.37400943412861 ], [ 117.612592416820789, -34.373759929826306 ], [ 117.611578797898744, -34.373467399161875 ], [ 117.611023606491358, -34.373398026775128 ], [ 117.609055734387823, -34.373498017474411 ], [ 117.607576424237493, -34.373478315715296 ], [ 117.606052961605741, -34.373368632856895 ], [ 117.604974762902486, -34.373166548962772 ], [ 117.604734458162156, -34.373023445579513 ], [ 117.604591517822413, -34.372807715278228 ], [ 117.604299810834036, -34.371564645878472 ], [ 117.604156226695466, -34.371258736273482 ], [ 117.603849899024098, -34.37100773866991 ], [ 117.602900497312802, -34.370561509519696 ], [ 117.602231414168045, -34.369771202584687 ], [ 117.601076489119379, -34.36795520436165 ], [ 117.600412336191255, -34.366326170198079 ], [ 117.599058829945335, -34.362572211355577 ], [ 117.598916371341588, -34.362419598966127 ], [ 117.598599794413019, -34.362249801602815 ], [ 117.59785924567889, -34.362100111331188 ], [ 117.597359279598237, -34.362138625087923 ], [ 117.596816518707755, -34.362276545754682 ], [ 117.596296143682778, -34.362504537050512 ], [ 117.595830712686308, -34.362813422572572 ], [ 117.595452657245644, -34.363175990554318 ], [ 117.595183471912719, -34.363556064451345 ], [ 117.594969358503235, -34.364035070340293 ], [ 117.594789205031645, -34.364703293133729 ], [ 117.594791626585859, -34.365045973167923 ], [ 117.594979493883898, -34.36546891572732 ], [ 117.596185945669859, -34.366905957726743 ], [ 117.596571109623866, -34.367544373294358 ], [ 117.596829294673142, -34.368679407731385 ], [ 117.596787967945133, -34.368986227986511 ], [ 117.596648826955686, -34.36930254327671 ], [ 117.596314950742311, -34.369764098480665 ], [ 117.595936930502646, -34.37013568573861 ], [ 117.595482650926982, -34.370489606484654 ], [ 117.59509240902986, -34.370671868464619 ], [ 117.594744584062241, -34.370700613748838 ], [ 117.594298114983403, -34.370621618705627 ], [ 117.593600683484439, -34.370426602877231 ], [ 117.593098822631305, -34.370203580902363 ], [ 117.592069551368112, -34.369216562295399 ], [ 117.591313324707144, -34.368390543569582 ], [ 117.590510512136859, -34.367122852734681 ], [ 117.589270076515831, -34.365478499155984 ], [ 117.588970082357264, -34.364569103978383 ], [ 117.588606515193902, -34.362343354707839 ], [ 117.588286177660422, -34.361632455821031 ], [ 117.588001365876423, -34.361336223218458 ], [ 117.586591855685683, -34.360378036760963 ], [ 117.585716963658399, -34.359669786964155 ], [ 117.58555531786817, -34.358317827405884 ], [ 117.58521706494966, -34.356587946368379 ], [ 117.585017578765033, -34.356047806450427 ], [ 117.584775415116397, -34.355625106942412 ], [ 117.584194485257186, -34.354960531922274 ], [ 117.583494769447086, -34.354413757213472 ], [ 117.582719510866852, -34.353948502069869 ], [ 117.579021345513468, -34.352207494301794 ], [ 117.578026751014391, -34.351463680940746 ], [ 117.576898795070804, -34.350296630688376 ], [ 117.57625377623107, -34.349785628904456 ], [ 117.575620747432922, -34.349436895570314 ], [ 117.573560444691537, -34.3486619782662 ], [ 117.573047709549897, -34.348411868506737 ], [ 117.572042339839825, -34.347668055971958 ], [ 117.571626305267586, -34.347246141656967 ], [ 117.571417402437007, -34.346904423528294 ], [ 117.571382582660831, -34.34657992919707 ], [ 117.571511583391654, -34.346362889191667 ], [ 117.57236762360867, -34.34593503267498 ], [ 117.572605344079491, -34.345717483208674 ], [ 117.572646932815076, -34.345437723055745 ], [ 117.572498421951636, -34.344383282616043 ], [ 117.572550759976693, -34.34408543567659 ], [ 117.572809299164447, -34.343732514688554 ], [ 117.573835265359037, -34.342717666590154 ], [ 117.573974388549388, -34.342392357474793 ], [ 117.57391763303967, -34.342040911746423 ], [ 117.573676057364452, -34.341690332056807 ], [ 117.573326502582233, -34.341448476543555 ], [ 117.571986335325889, -34.341021868367854 ], [ 117.571626222377162, -34.340825148524956 ], [ 117.571198802248631, -34.340322120955413 ], [ 117.57066987813991, -34.339278469559517 ], [ 117.570440172343623, -34.339072120008765 ], [ 117.569873574830908, -34.338885374927663 ], [ 117.568382239290003, -34.338603722415961 ], [ 117.567771677633687, -34.338345025543532 ], [ 117.567464606465435, -34.33794964556904 ], [ 117.567362027932461, -34.337246696543026 ], [ 117.567489263777077, -34.336768139044779 ], [ 117.567910139961327, -34.336306256381654 ], [ 117.568710403051341, -34.335680282078293 ], [ 117.569306604098259, -34.335425000253672 ], [ 117.569915441254039, -34.335431186353034 ], [ 117.570906229920723, -34.335652027524709 ], [ 117.57308736606312, -34.336660902255765 ], [ 117.574056680567836, -34.336917891302356 ], [ 117.574469724179806, -34.336906935932426 ], [ 117.574762569501658, -34.336806360850346 ], [ 117.57549811351619, -34.336261810573696 ], [ 117.575821781434854, -34.335899558600666 ], [ 117.57591715546674, -34.335538379706186 ], [ 117.575827845646828, -34.335196105858493 ], [ 117.575552991828587, -34.334746485040185 ], [ 117.575191481969384, -34.334342361940436 ], [ 117.574393483863872, -34.33369679286011 ], [ 117.57265816737258, -34.332694874796374 ], [ 117.572165437147163, -34.332174118618724 ], [ 117.571955223944371, -34.331634004630359 ], [ 117.571898301159123, -34.331255503246851 ], [ 117.571993724451005, -34.329298093147166 ], [ 117.576164594968034, -34.33038778758003 ], [ 117.577047624024743, -34.33075337867831 ], [ 117.577735240174889, -34.331155958485603 ], [ 117.577988167038384, -34.331578623371293 ], [ 117.578195758155744, -34.33173095386099 ] ], [ [ 117.617908592015027, -34.367519676905559 ], [ 117.617319619416179, -34.367288175972604 ], [ 117.614021788715789, -34.366935018584641 ], [ 117.612714623974028, -34.366643968806102 ], [ 117.612016332063916, -34.366331825657632 ], [ 117.610889081836504, -34.365354473755694 ], [ 117.609949798428062, -34.364800029879596 ], [ 117.609012223772169, -34.364480043305846 ], [ 117.607051399510297, -34.364020837354502 ], [ 117.606297153230372, -34.363483483681236 ], [ 117.605432161033235, -34.36266710881582 ], [ 117.605102751135291, -34.362226845749674 ], [ 117.604485237198801, -34.361039493866464 ], [ 117.604416106951234, -34.360498742902749 ], [ 117.604557595248863, -34.359001021851817 ], [ 117.604572996900941, -34.358117161341276 ], [ 117.604482639158093, -34.357648660665433 ], [ 117.604284839501517, -34.357361054518037 ], [ 117.603836169301886, -34.356966467226059 ], [ 117.603388408079013, -34.356698128730095 ], [ 117.602963301122699, -34.356555931962305 ], [ 117.602484408104004, -34.356495162350534 ], [ 117.602050428975176, -34.356632570666569 ], [ 117.6015957964092, -34.356923388569548 ], [ 117.601196173392879, -34.357304116765043 ], [ 117.600991760469952, -34.357611739722515 ], [ 117.600673331274692, -34.358704506242653 ], [ 117.600592451286374, -34.359561633061745 ], [ 117.600917711936376, -34.36094884086237 ], [ 117.601536915063633, -34.362379694286439 ], [ 117.602632491565984, -34.363510599030747 ], [ 117.605829152632694, -34.366452788219696 ], [ 117.606923344358009, -34.367376241568934 ], [ 117.607753755709652, -34.367913212652752 ], [ 117.609694949540071, -34.368652068230091 ], [ 117.61208626234334, -34.369965806556422 ], [ 117.613068265494263, -34.370402782763783 ], [ 117.615127808913741, -34.370951576526259 ], [ 117.619583389129943, -34.371948156479455 ], [ 117.620934960308887, -34.372347124883561 ], [ 117.621990833287157, -34.372468017889652 ], [ 117.62521103908081, -34.372586882769284 ], [ 117.627713994538155, -34.372781489033621 ], [ 117.628181044192431, -34.37269792914045 ], [ 117.628515968055424, -34.372398609899761 ], [ 117.62859906612475, -34.371875129041548 ], [ 117.628447648654031, -34.370532198504343 ], [ 117.628168560520294, -34.369568686261502 ], [ 117.627826447960615, -34.368903096413483 ], [ 117.627233608127327, -34.368157627025219 ], [ 117.625744333847948, -34.366785468028326 ], [ 117.625502136276751, -34.366389905898622 ], [ 117.625146637997545, -34.365381685365328 ], [ 117.624367238464487, -34.364402681184345 ], [ 117.623589994994191, -34.363712242860821 ], [ 117.62316408503483, -34.363470920818926 ], [ 117.622607950460306, -34.363266332490959 ], [ 117.621497686772855, -34.363127683755216 ], [ 117.620878107615255, -34.363166900821206 ], [ 117.620422176905151, -34.363277430923858 ], [ 117.619957097323422, -34.363622478661348 ], [ 117.619614555243615, -34.364363704811211 ], [ 117.619595328463802, -34.364706493382947 ], [ 117.619750694805902, -34.365129561751552 ], [ 117.621046889133609, -34.366881538466977 ], [ 117.621344640791904, -34.367439154829007 ], [ 117.621490810898351, -34.368087722016732 ], [ 117.621373248623598, -34.368367882616162 ], [ 117.621232936688614, -34.3685128858097 ], [ 117.620929829062462, -34.368703805758074 ], [ 117.620679899018228, -34.368732127991265 ], [ 117.619688728222798, -34.368529732083871 ], [ 117.619066720294043, -34.36824429780637 ], [ 117.617908592015027, -34.367519676905559 ] ], [ [ 117.634757770565543, -34.354952286360621 ], [ 117.634925352948613, -34.354103706914501 ], [ 117.635157549101791, -34.351730716392353 ], [ 117.63514266328059, -34.351198719828112 ], [ 117.634922145595496, -34.350794044658748 ], [ 117.634441158302096, -34.350453846571398 ], [ 117.633906897091407, -34.350258213651927 ], [ 117.631261293571114, -34.349802937138342 ], [ 117.630271267111183, -34.34972687412921 ], [ 117.629303661595884, -34.349740869915877 ], [ 117.62876063091106, -34.349824823895574 ], [ 117.628359819618851, -34.350025282285699 ], [ 117.628253513743857, -34.350350483284565 ], [ 117.628475546247529, -34.350962581632707 ], [ 117.629353262519871, -34.352013202463894 ], [ 117.63027692334505, -34.353388235374332 ], [ 117.630955183556523, -34.353934851649562 ], [ 117.633216732389613, -34.35535706785295 ], [ 117.6336962500081, -34.355498877666847 ], [ 117.63406581201464, -34.355478927660208 ], [ 117.634510128914584, -34.355278225199257 ], [ 117.634757770565543, -34.354952286360621 ] ] ] } },
{ "type": "Feature", "properties": { "CODE": "Agp", "JNCODE": "si5011; Agp", "fme_featur": "geology_surface_si5011" }, "geometry": { "type": "Polygon", "coordinates": [ [ [ 117.534116645906423, -34.342383332666159 ], [ 117.533712097822956, -34.342024365827676 ], [ 117.533239810377424, -34.341268888568209 ], [ 117.532765535496495, -34.340197778328353 ], [ 117.532631426452042, -34.339621192049016 ], [ 117.532672005095023, -34.339161083358931 ], [ 117.532887325740816, -34.338826470166083 ], [ 117.533244772791988, -34.33861749361801 ], [ 117.533613946233672, -34.338543739104921 ], [ 117.533972761930045, -34.338551193155645 ], [ 117.534364649652304, -34.338630648054064 ], [ 117.534626423545902, -34.338764779535751 ], [ 117.535152093200594, -34.339366707763752 ], [ 117.535647334192177, -34.340311461209595 ], [ 117.535804585039415, -34.341104381315446 ], [ 117.535763105111428, -34.34142020239257 ], [ 117.535634649850763, -34.341736403958159 ], [ 117.535419160957161, -34.342043967725843 ], [ 117.535127223071413, -34.342297755620855 ], [ 117.534584769916208, -34.342480490676316 ], [ 117.534116645906423, -34.342383332666159 ] ] ] } },
{ "type": "Feature", "properties": { "CODE": "Agp", "JNCODE": "si5011; Agp", "fme_featur": "geology_surface_si5011" }, "geometry": { "type": "Polygon", "coordinates": [ [ [ 117.578925137491723, -34.319219164278536 ], [ 117.578162521445122, -34.318961236454179 ], [ 117.577703866563056, -34.3186477608049 ], [ 117.577450857351067, -34.318207058048877 ], [ 117.577368662724567, -34.317314635390446 ], [ 117.577527490778138, -34.315113424662542 ], [ 117.57721268307094, -34.313581799407174 ], [ 117.577129570509157, -34.312554105827125 ], [ 117.57727832804764, -34.312057398753694 ], [ 117.577461910449117, -34.311885185850258 ], [ 117.577721938256261, -34.311766721898742 ], [ 117.578145416878129, -34.311710614077427 ], [ 117.578656395144378, -34.311735256099809 ], [ 117.579004664223476, -34.311805756677764 ], [ 117.579277291813682, -34.311939742050853 ], [ 117.579583763654881, -34.312253932497924 ], [ 117.580013321374196, -34.313081581901081 ], [ 117.58037451322015, -34.313449620879297 ], [ 117.581750369520108, -34.314380995885401 ], [ 117.58285055742499, -34.314736496981375 ], [ 117.583406775252726, -34.315013415761932 ], [ 117.583833575121872, -34.315435241483385 ], [ 117.584153506411354, -34.316119105602965 ], [ 117.584277558690971, -34.316767830221508 ], [ 117.584238395709988, -34.317390278448435 ], [ 117.584025020228481, -34.317968466033747 ], [ 117.583680030178968, -34.3183759331855 ], [ 117.582922582334191, -34.318866527620784 ], [ 117.582337346472272, -34.31911280515056 ], [ 117.5809044565096, -34.319381139777462 ], [ 117.579937309267365, -34.319412777944457 ], [ 117.578925137491723, -34.319219164278536 ] ] ] } }
]
}
